WARNING: A terminally deprecated method in sun.misc.Unsafe has been called
WARNING: sun.misc.Unsafe::staticFieldBase has been called by com.google.inject.internal.aop.HiddenClassDefiner (file:/C:/Users/mraysmit/scoop/apps/maven/current/lib/guice-5.1.0-classes.jar)
WARNING: Please consider reporting this to the maintainers of class com.google.inject.internal.aop.HiddenClassDefiner
WARNING: sun.misc.Unsafe::staticFieldBase will be removed in a future release
[INFO] Scanning for projects...
[INFO] ------------------------------------------------------------------------
[INFO] Reactor Build Order:
[INFO] 
[INFO] Quorus File Transfer System                                        [pom]
[INFO] Quorus Core                                                        [jar]
[INFO] Quorus Workflow Engine                                             [jar]
[INFO] Quorus Agent                                                       [jar]
[INFO] 
[INFO] --------------------------< dev.mars:quorus >---------------------------
[INFO] Building Quorus File Transfer System 1.0-SNAPSHOT                  [1/4]
[INFO]   from pom.xml
[INFO] --------------------------------[ pom ]---------------------------------
[INFO] 
[INFO] --- jacoco:0.8.15:prepare-agent (prepare-agent) @ quorus ---
[INFO] argLine set to -javaagent:C:\\Users\\mraysmit\\.m2\\repository\\org\\jacoco\\org.jacoco.agent\\0.8.15\\org.jacoco.agent-0.8.15-runtime.jar=destfile=C:\\Users\\mraysmit\\dev\\idea-projects\\quorus\\target\\jacoco.exec,excludes=sun/**:jdk/**:java/**:com/sun/**:org/jcp/**
[INFO] 
[INFO] --- jacoco:0.8.15:report (report) @ quorus ---
[INFO] Skipping JaCoCo execution due to missing execution data file.
[INFO] 
[INFO] ------------------------< dev.mars:quorus-core >------------------------
[INFO] Building Quorus Core 1.0-SNAPSHOT                                  [2/4]
[INFO]   from quorus-core\pom.xml
[INFO] --------------------------------[ jar ]---------------------------------
[INFO] 
[INFO] --- jacoco:0.8.15:prepare-agent (prepare-agent) @ quorus-core ---
[INFO] argLine set to -javaagent:C:\\Users\\mraysmit\\.m2\\repository\\org\\jacoco\\org.jacoco.agent\\0.8.15\\org.jacoco.agent-0.8.15-runtime.jar=destfile=C:\\Users\\mraysmit\\dev\\idea-projects\\quorus\\quorus-core\\target\\jacoco.exec,excludes=sun/**:jdk/**:java/**:com/sun/**:org/jcp/**
[INFO] 
[INFO] --- resources:3.3.1:resources (default-resources) @ quorus-core ---
[INFO] Copying 1 resource from src\main\resources to target\classes
[INFO] 
[INFO] --- compiler:3.13.0:compile (default-compile) @ quorus-core ---
[INFO] Nothing to compile - all classes are up to date.
[INFO] 
[INFO] --- resources:3.3.1:testResources (default-testResources) @ quorus-core ---
[INFO] Copying 11 resources from src\test\resources to target\test-classes
[INFO] 
[INFO] --- compiler:3.13.0:testCompile (default-testCompile) @ quorus-core ---
[INFO] Nothing to compile - all classes are up to date.
[INFO] 
[INFO] --- surefire:3.2.2:test (default-test) @ quorus-core ---
[INFO] 
[INFO] --- jacoco:0.8.15:report (report) @ quorus-core ---
[INFO] Loading execution data file C:\Users\mraysmit\dev\idea-projects\quorus\quorus-core\target\jacoco.exec
[INFO] Analyzed bundle 'Quorus Core' with 124 classes
[INFO] 
[INFO] ----------------------< dev.mars:quorus-workflow >----------------------
[INFO] Building Quorus Workflow Engine 1.0-SNAPSHOT                       [3/4]
[INFO]   from quorus-workflow\pom.xml
[INFO] --------------------------------[ jar ]---------------------------------
[INFO] 
[INFO] --- jacoco:0.8.15:prepare-agent (prepare-agent) @ quorus-workflow ---
[INFO] argLine set to -javaagent:C:\\Users\\mraysmit\\.m2\\repository\\org\\jacoco\\org.jacoco.agent\\0.8.15\\org.jacoco.agent-0.8.15-runtime.jar=destfile=C:\\Users\\mraysmit\\dev\\idea-projects\\quorus\\quorus-workflow\\target\\jacoco.exec,excludes=sun/**:jdk/**:java/**:com/sun/**:org/jcp/**
[INFO] 
[INFO] --- resources:3.3.1:resources (default-resources) @ quorus-workflow ---
[INFO] Copying 1 resource from src\main\resources to target\classes
[INFO] 
[INFO] --- compiler:3.13.0:compile (default-compile) @ quorus-workflow ---
[INFO] Nothing to compile - all classes are up to date.
[INFO] 
[INFO] --- resources:3.3.1:testResources (default-testResources) @ quorus-workflow ---
[INFO] Copying 2 resources from src\test\resources to target\test-classes
[INFO] 
[INFO] --- compiler:3.13.0:testCompile (default-testCompile) @ quorus-workflow ---
[INFO] Nothing to compile - all classes are up to date.
[INFO] 
[INFO] --- surefire:3.2.2:test (default-test) @ quorus-workflow ---
[INFO] 
[INFO] --- jacoco:0.8.15:report (report) @ quorus-workflow ---
[INFO] Skipping JaCoCo execution due to missing execution data file.
[INFO] 
[INFO] -----------------------< dev.mars:quorus-agent >------------------------
[INFO] Building Quorus Agent 1.0-SNAPSHOT                                 [4/4]
[INFO]   from quorus-agent\pom.xml
[INFO] --------------------------------[ jar ]---------------------------------
[INFO] 
[INFO] --- jacoco:0.8.15:prepare-agent (prepare-agent) @ quorus-agent ---
[INFO] argLine set to -javaagent:C:\\Users\\mraysmit\\.m2\\repository\\org\\jacoco\\org.jacoco.agent\\0.8.15\\org.jacoco.agent-0.8.15-runtime.jar=destfile=C:\\Users\\mraysmit\\dev\\idea-projects\\quorus\\quorus-agent\\target\\jacoco.exec,excludes=sun/**:jdk/**:java/**:com/sun/**:org/jcp/**
[INFO] 
[INFO] --- resources:3.3.1:resources (default-resources) @ quorus-agent ---
[INFO] Copying 2 resources from src\main\resources to target\classes
[INFO] 
[INFO] --- compiler:3.13.0:compile (default-compile) @ quorus-agent ---
[INFO] Nothing to compile - all classes are up to date.
[INFO] 
[INFO] --- resources:3.3.1:testResources (default-testResources) @ quorus-agent ---
[INFO] Copying 2 resources from src\test\resources to target\test-classes
[INFO] 
[INFO] --- compiler:3.13.0:testCompile (default-testCompile) @ quorus-agent ---
[INFO] Nothing to compile - all classes are up to date.
[INFO] 
[INFO] --- surefire:3.2.2:test (default-test) @ quorus-agent ---
[INFO] Using auto detected provider org.apache.maven.surefire.junitplatform.JUnitPlatformProvider
[INFO] 
[INFO] -------------------------------------------------------
[INFO]  T E S T S
[INFO] -------------------------------------------------------
11:49:41,484 |-INFO in ch.qos.logback.classic.LoggerContext[default] - Found logback-core version 1.5.32
11:49:41,487 |-INFO in ch.qos.logback.classic.util.ContextInitializer@b8a7e43 - No custom configurators were discovered as a service.
11:49:41,488 |-INFO in ch.qos.logback.classic.util.ContextInitializer@b8a7e43 - Trying to configure with ch.qos.logback.classic.util.DefaultJoranConfigurator
11:49:41,491 |-INFO in ch.qos.logback.classic.util.ContextInitializer@b8a7e43 - Constructed configurator of type class ch.qos.logback.classic.util.DefaultJoranConfigurator
11:49:41,494 |-INFO in ch.qos.logback.classic.LoggerContext[default] - Found resource [logback-test.xml] at [file:/C:/Users/mraysmit/dev/idea-projects/quorus/quorus-agent/target/test-classes/logback-test.xml]
11:49:41,495 |-WARN in ch.qos.logback.classic.util.DefaultJoranConfigurator@35835fa - Resource [logback-test.xml] occurs multiple times on the classpath.
11:49:41,495 |-WARN in ch.qos.logback.classic.util.DefaultJoranConfigurator@35835fa - Resource [logback-test.xml] occurs at [file:/C:/Users/mraysmit/dev/idea-projects/quorus/quorus-core/target/test-classes/logback-test.xml]
11:49:41,495 |-WARN in ch.qos.logback.classic.util.DefaultJoranConfigurator@35835fa - Resource [logback-test.xml] occurs at [file:/C:/Users/mraysmit/dev/idea-projects/quorus/quorus-agent/target/test-classes/logback-test.xml]
11:49:41,660 |-INFO in ch.qos.logback.classic.model.processor.ConfigurationModelHandlerFull - Scan attribute not set or set to unrecognized value.
11:49:41,672 |-INFO in ch.qos.logback.core.model.processor.ModelInterpretationContext@56f71edb - value "../test-logs/quorus-test-2026-09-05_03-49-36.log" substituted for "../test-logs/quorus-test-${testRunTimestamp}.log"
11:49:41,675 |-INFO in ch.qos.logback.core.model.processor.AppenderModelHandler - Processing appender named [CONSOLE]
11:49:41,675 |-INFO in ch.qos.logback.core.model.processor.AppenderModelHandler - About to instantiate appender of type [ch.qos.logback.core.ConsoleAppender]
11:49:41,689 |-INFO in ch.qos.logback.core.model.processor.ImplicitModelHandler - Assuming default type [ch.qos.logback.classic.encoder.PatternLayoutEncoder] for [encoder] property
11:49:41,752 |-INFO in ch.qos.logback.core.ConsoleAppender[CONSOLE] - NOTE: Writing to the console can be slow. Try to avoid logging to the 
11:49:41,752 |-INFO in ch.qos.logback.core.ConsoleAppender[CONSOLE] - console in production environments, especially in high volume systems.
11:49:41,752 |-INFO in ch.qos.logback.core.ConsoleAppender[CONSOLE] - See also https://logback.qos.ch/codes.html#slowConsole
11:49:41,754 |-INFO in ch.qos.logback.core.model.processor.AppenderModelHandler - Processing appender named [FILE]
11:49:41,754 |-INFO in ch.qos.logback.core.model.processor.AppenderModelHandler - About to instantiate appender of type [ch.qos.logback.core.FileAppender]
11:49:41,757 |-INFO in ch.qos.logback.core.model.processor.ModelInterpretationContext@56f71edb - value "../test-logs/quorus-test-2026-09-05_03-49-36.log" substituted for "../test-logs/quorus-test-${testRunTimestamp}.log"
11:49:41,763 |-INFO in ch.qos.logback.core.model.processor.ImplicitModelHandler - Assuming default type [ch.qos.logback.classic.encoder.PatternLayoutEncoder] for [encoder] property
11:49:41,764 |-INFO in ch.qos.logback.core.FileAppender[FILE] - File property is set to [../test-logs/quorus-test-2026-09-05_03-49-36.log]
11:49:41,767 |-INFO in ch.qos.logback.classic.model.processor.LoggerModelHandler - Setting level of logger [dev.mars.quorus] to DEBUG
11:49:41,767 |-INFO in ch.qos.logback.classic.model.processor.LoggerModelHandler - Setting level of logger [org.apache] to WARN
11:49:41,768 |-INFO in ch.qos.logback.classic.model.processor.LoggerModelHandler - Setting level of logger [io.vertx] to WARN
11:49:41,768 |-INFO in ch.qos.logback.classic.model.processor.LoggerModelHandler - Setting level of logger [io.netty] to WARN
11:49:41,768 |-INFO in ch.qos.logback.classic.model.processor.RootLoggerModelHandler - Setting level of ROOT logger to INFO
11:49:41,768 |-INFO in ch.qos.logback.core.model.processor.AppenderRefModelHandler - Attaching appender named [CONSOLE] to Logger[ROOT]
11:49:41,768 |-INFO in ch.qos.logback.core.model.processor.AppenderRefModelHandler - Attaching appender named [FILE] to Logger[ROOT]
11:49:41,769 |-INFO in ch.qos.logback.core.model.processor.DefaultProcessor@7207cb51 - End of configuration.
11:49:41,770 |-INFO in ch.qos.logback.classic.joran.JoranConfigurator@2a27cb34 - Registering current configuration as safe fallback point
11:49:41,772 |-INFO in ch.qos.logback.classic.util.ContextInitializer@b8a7e43 - ch.qos.logback.classic.util.DefaultJoranConfigurator.configure() call lasted 279 milliseconds. ExecutionStatus=DO_NOT_INVOKE_NEXT_IF_ANY

[INFO] Running dev.mars.quorus.agent.AgentDefaultIsolationBoundaryTest
11:49:42.499 [main] INFO  dev.mars.quorus.agent.QuorusAgent - Creating QuorusAgent with Vert.x instance: 1599488589 (using Vert.x timers, no ScheduledExecutorService)
11:49:42.516 [main] WARN  d.m.q.a.s.ControllerWebClientFactory - INSECURE DEVELOPMENT MODE: agent-to-controller traffic is plaintext
11:49:42.549 [main] DEBUG d.m.q.a.s.AgentRegistrationService - AgentRegistrationService initialized with Vert.x WebClient (connectTimeout=5000ms, idleTimeout=10000ms)
11:49:42.552 [main] WARN  d.m.q.a.s.ControllerWebClientFactory - INSECURE DEVELOPMENT MODE: agent-to-controller traffic is plaintext
11:49:42.553 [main] DEBUG d.m.q.agent.service.HeartbeatService - HeartbeatService initialized with Vert.x WebClient (connectTimeout=5000ms, idleTimeout=10000ms)
11:49:42.581 [main] DEBUG d.m.q.transfer.SimpleTransferEngine - Initializing SimpleTransferEngine: maxConcurrent=5, maxRetries=3, retryDelay=1000ms
11:49:42.584 [main] DEBUG d.m.quorus.protocol.ProtocolFactory - Initializing ProtocolFactory with Vert.x instance
11:49:42.585 [main] DEBUG d.m.quorus.protocol.ProtocolFactory - Registering default transfer protocols
11:49:42.585 [main] DEBUG d.m.quorus.protocol.ProtocolFactory - Creating HttpTransferProtocol instance
11:49:42.588 [main] INFO  d.m.q.protocol.HttpTransferProtocol - HttpTransferProtocol initialized: connectTimeout=30000ms, readTimeout=60000ms, maxFileSize=10737418240 bytes
11:49:42.589 [main] DEBUG d.m.q.protocol.HttpTransferProtocol - HttpTransferProtocol created with Vert.x Web Client (reactive mode)
11:49:42.589 [main] INFO  d.m.quorus.protocol.ProtocolFactory - Registered protocol: http
11:49:42.589 [main] DEBUG d.m.quorus.protocol.ProtocolFactory - Protocol details: name=http, class=HttpTransferProtocol, supportsResume=false, supportsPause=true
11:49:42.589 [main] INFO  d.m.quorus.protocol.ProtocolFactory - Registered protocol alias: https -> http
11:49:42.590 [main] DEBUG d.m.quorus.protocol.ProtocolFactory - Creating SmbTransferProtocol instance
11:49:42.592 [main] INFO  d.m.quorus.protocol.ProtocolFactory - Registered protocol: smb
11:49:42.593 [main] DEBUG d.m.quorus.protocol.ProtocolFactory - Protocol details: name=smb, class=SmbTransferProtocol, supportsResume=false, supportsPause=false
11:49:42.593 [main] INFO  d.m.quorus.protocol.ProtocolFactory - Registered protocol alias: cifs -> smb
11:49:42.593 [main] DEBUG d.m.quorus.protocol.ProtocolFactory - Creating FtpTransferProtocol instance
11:49:42.595 [main] INFO  d.m.quorus.protocol.ProtocolFactory - Registered protocol: ftp
11:49:42.595 [main] DEBUG d.m.quorus.protocol.ProtocolFactory - Protocol details: name=ftp, class=FtpTransferProtocol, supportsResume=false, supportsPause=false
11:49:42.596 [main] INFO  d.m.quorus.protocol.ProtocolFactory - Registered protocol alias: ftps -> ftp
11:49:42.596 [main] DEBUG d.m.quorus.protocol.ProtocolFactory - Creating SftpTransferProtocol instance
11:49:42.597 [main] INFO  d.m.quorus.protocol.ProtocolFactory - Registered protocol: sftp
11:49:42.598 [main] DEBUG d.m.quorus.protocol.ProtocolFactory - Protocol details: name=sftp, class=SftpTransferProtocol, supportsResume=false, supportsPause=false
11:49:42.598 [main] DEBUG d.m.quorus.protocol.ProtocolFactory - Creating NfsTransferProtocol instance
11:49:42.600 [main] DEBUG d.m.q.protocol.NfsTransferProtocol - NfsTransferProtocol initialized with mountRoot=C:\nfs
11:49:42.600 [main] INFO  d.m.quorus.protocol.ProtocolFactory - Registered protocol: nfs
11:49:42.601 [main] DEBUG d.m.quorus.protocol.ProtocolFactory - Protocol details: name=nfs, class=NfsTransferProtocol, supportsResume=false, supportsPause=false
11:49:42.601 [main] INFO  d.m.quorus.protocol.ProtocolFactory - Registered default transfer protocols: count=8, schemes=ftps, ftp, http, smb, sftp, nfs, https, cifs
11:49:42.624 [main] INFO  d.m.q.t.o.TransferTelemetryMetrics - TransferTelemetryMetrics initialized
11:49:42.625 [main] INFO  d.m.q.transfer.SimpleTransferEngine - SimpleTransferEngine initialized with 5 max concurrent transfers (reactive mode, OpenTelemetry enabled)
11:49:42.625 [main] DEBUG d.m.q.transfer.SimpleTransferEngine - SimpleTransferEngine initialization complete - startTime=2026-09-05T03:49:42.601353Z
11:49:42.633 [main] INFO  d.m.q.a.s.TransferExecutionService - TransferExecutionService initialized (Vert.x reactive mode)
11:49:42.634 [main] WARN  d.m.q.a.s.ControllerWebClientFactory - INSECURE DEVELOPMENT MODE: agent-to-controller traffic is plaintext
11:49:42.635 [main] DEBUG d.m.q.a.service.JobPollingService - JobPollingService initialized with Vert.x WebClient (connectTimeout=5000ms, idleTimeout=10000ms)
11:49:42.636 [main] WARN  d.m.q.a.s.ControllerWebClientFactory - INSECURE DEVELOPMENT MODE: agent-to-controller traffic is plaintext
11:49:42.637 [main] DEBUG d.m.q.a.s.JobStatusReportingService - JobStatusReportingService initialized with Vert.x WebClient (connectTimeout=5000ms, idleTimeout=10000ms)
11:49:42.639 [main] INFO  d.m.q.a.observability.AgentMetrics - AgentMetrics initialized for agent: local
11:49:42.639 [main] INFO  dev.mars.quorus.agent.QuorusAgent - Quorus Agent initialized: local (reactive mode with OpenTelemetry)
11:49:42.640 [main] INFO  dev.mars.quorus.agent.QuorusAgent - Foreign-assignment mismatch threshold configured to 3
11:49:42.640 [main] INFO  dev.mars.quorus.agent.QuorusAgent - Starting Quorus Agent services (Vert.x reactive mode)...
11:49:42.642 [main] INFO  d.m.q.a.s.AgentRegistrationService - Registering agent local with controller at http://localhost:56640/api/v1
11:49:42.643 [vert.x-eventloop-thread-0] INFO  d.m.q.agent.service.HealthService - Health service started on port 58238
11:49:43.359 [vert.x-eventloop-thread-0] INFO  d.m.q.a.s.AgentRegistrationService - Agent local registered successfully
11:49:43.363 [vert.x-eventloop-thread-0] INFO  dev.mars.quorus.agent.QuorusAgent - Agent registered successfully with controller
11:49:43.363 [vert.x-eventloop-thread-0] INFO  dev.mars.quorus.agent.QuorusAgent - Heartbeat service started (interval: 30000ms) [Vert.x timer ID: 6]
11:49:43.364 [vert.x-eventloop-thread-0] INFO  d.m.q.a.s.TransferExecutionService - Transfer execution service started with 5 max concurrent transfers
11:49:43.364 [vert.x-eventloop-thread-0] INFO  dev.mars.quorus.agent.QuorusAgent - Transfer execution service started
11:49:43.365 [vert.x-eventloop-thread-0] INFO  dev.mars.quorus.agent.QuorusAgent - Quorus Agent started successfully (reactive mode, 0 extra threads)
11:49:43.367 [vert.x-eventloop-thread-0] INFO  dev.mars.quorus.agent.QuorusAgent - Job polling started (interval: 20ms) [Vert.x timer ID: 8]
11:49:43.483 [vert.x-eventloop-thread-0] DEBUG d.m.q.a.service.JobPollingService - Polled for jobs: found 1 pending jobs
11:49:43.483 [vert.x-eventloop-thread-0] INFO  dev.mars.quorus.agent.QuorusAgent - Found 1 pending job(s)
11:49:43.484 [vert.x-eventloop-thread-0] ERROR dev.mars.quorus.agent.QuorusAgent - Refusing to process job foreign because assignment agentId other does not match local agentId local
11:49:43.484 [vert.x-eventloop-thread-0] ERROR dev.mars.quorus.agent.QuorusAgent - Foreign assignment mismatch count: 1/3
11:49:43.491 [vert.x-eventloop-thread-0] DEBUG d.m.q.a.service.JobPollingService - Polled for jobs: found 0 pending jobs
11:49:43.492 [vert.x-eventloop-thread-0] DEBUG dev.mars.quorus.agent.QuorusAgent - No pending jobs found
11:49:43.507 [vert.x-eventloop-thread-0] DEBUG d.m.q.a.service.JobPollingService - Polled for jobs: found 0 pending jobs
11:49:43.507 [vert.x-eventloop-thread-0] DEBUG dev.mars.quorus.agent.QuorusAgent - No pending jobs found
11:49:43.509 [vert.x-eventloop-thread-0] DEBUG d.m.q.a.service.JobPollingService - Polled for jobs: found 0 pending jobs
11:49:43.510 [vert.x-eventloop-thread-0] DEBUG dev.mars.quorus.agent.QuorusAgent - No pending jobs found
11:49:43.521 [vert.x-eventloop-thread-0] DEBUG d.m.q.a.service.JobPollingService - Polled for jobs: found 0 pending jobs
11:49:43.522 [vert.x-eventloop-thread-0] DEBUG dev.mars.quorus.agent.QuorusAgent - No pending jobs found
11:49:43.523 [vert.x-eventloop-thread-0] DEBUG d.m.q.a.service.JobPollingService - Polled for jobs: found 0 pending jobs
11:49:43.523 [vert.x-eventloop-thread-0] DEBUG dev.mars.quorus.agent.QuorusAgent - No pending jobs found
11:49:43.525 [vert.x-eventloop-thread-0] DEBUG d.m.q.a.service.JobPollingService - Polled for jobs: found 0 pending jobs
11:49:43.526 [vert.x-eventloop-thread-0] DEBUG dev.mars.quorus.agent.QuorusAgent - No pending jobs found
11:49:43.530 [vert.x-eventloop-thread-0] DEBUG d.m.q.a.service.JobPollingService - Polled for jobs: found 0 pending jobs
11:49:43.531 [vert.x-eventloop-thread-0] DEBUG dev.mars.quorus.agent.QuorusAgent - No pending jobs found
11:49:43.551 [vert.x-eventloop-thread-0] DEBUG d.m.q.a.service.JobPollingService - Polled for jobs: found 0 pending jobs
11:49:43.552 [vert.x-eventloop-thread-0] DEBUG dev.mars.quorus.agent.QuorusAgent - No pending jobs found
11:49:43.571 [vert.x-eventloop-thread-0] DEBUG d.m.q.a.service.JobPollingService - Polled for jobs: found 0 pending jobs
11:49:43.572 [vert.x-eventloop-thread-0] DEBUG dev.mars.quorus.agent.QuorusAgent - No pending jobs found
11:49:43.592 [vert.x-eventloop-thread-0] DEBUG d.m.q.a.service.JobPollingService - Polled for jobs: found 0 pending jobs
11:49:43.592 [vert.x-eventloop-thread-0] DEBUG dev.mars.quorus.agent.QuorusAgent - No pending jobs found
11:49:43.611 [vert.x-eventloop-thread-0] DEBUG d.m.q.a.service.JobPollingService - Polled for jobs: found 0 pending jobs
11:49:43.612 [vert.x-eventloop-thread-0] DEBUG dev.mars.quorus.agent.QuorusAgent - No pending jobs found
11:49:43.632 [vert.x-eventloop-thread-0] DEBUG d.m.q.a.service.JobPollingService - Polled for jobs: found 0 pending jobs
11:49:43.632 [vert.x-eventloop-thread-0] DEBUG dev.mars.quorus.agent.QuorusAgent - No pending jobs found
11:49:43.651 [vert.x-eventloop-thread-0] DEBUG d.m.q.a.service.JobPollingService - Polled for jobs: found 0 pending jobs
11:49:43.652 [vert.x-eventloop-thread-0] DEBUG dev.mars.quorus.agent.QuorusAgent - No pending jobs found
11:49:43.672 [vert.x-eventloop-thread-0] DEBUG d.m.q.a.service.JobPollingService - Polled for jobs: found 0 pending jobs
11:49:43.672 [vert.x-eventloop-thread-0] DEBUG dev.mars.quorus.agent.QuorusAgent - No pending jobs found
11:49:43.692 [vert.x-eventloop-thread-0] DEBUG d.m.q.a.service.JobPollingService - Polled for jobs: found 0 pending jobs
11:49:43.692 [vert.x-eventloop-thread-0] DEBUG dev.mars.quorus.agent.QuorusAgent - No pending jobs found
11:49:43.713 [vert.x-eventloop-thread-0] DEBUG d.m.q.a.service.JobPollingService - Polled for jobs: found 0 pending jobs
11:49:43.713 [vert.x-eventloop-thread-0] DEBUG dev.mars.quorus.agent.QuorusAgent - No pending jobs found
11:49:43.732 [vert.x-eventloop-thread-0] DEBUG d.m.q.a.service.JobPollingService - Polled for jobs: found 0 pending jobs
11:49:43.733 [vert.x-eventloop-thread-0] DEBUG dev.mars.quorus.agent.QuorusAgent - No pending jobs found
11:49:43.751 [vert.x-eventloop-thread-0] DEBUG d.m.q.a.service.JobPollingService - Polled for jobs: found 0 pending jobs
11:49:43.751 [vert.x-eventloop-thread-0] DEBUG dev.mars.quorus.agent.QuorusAgent - No pending jobs found
11:49:43.772 [vert.x-eventloop-thread-0] DEBUG d.m.q.a.service.JobPollingService - Polled for jobs: found 0 pending jobs
11:49:43.772 [vert.x-eventloop-thread-0] DEBUG dev.mars.quorus.agent.QuorusAgent - No pending jobs found
11:49:43.792 [vert.x-eventloop-thread-0] DEBUG d.m.q.a.service.JobPollingService - Polled for jobs: found 0 pending jobs
11:49:43.793 [vert.x-eventloop-thread-0] DEBUG dev.mars.quorus.agent.QuorusAgent - No pending jobs found
11:49:43.813 [vert.x-eventloop-thread-0] DEBUG d.m.q.a.service.JobPollingService - Polled for jobs: found 0 pending jobs
11:49:43.813 [vert.x-eventloop-thread-0] DEBUG dev.mars.quorus.agent.QuorusAgent - No pending jobs found
11:49:43.831 [vert.x-eventloop-thread-0] DEBUG d.m.q.a.service.JobPollingService - Polled for jobs: found 0 pending jobs
11:49:43.831 [vert.x-eventloop-thread-0] DEBUG dev.mars.quorus.agent.QuorusAgent - No pending jobs found
11:49:43.851 [vert.x-eventloop-thread-0] DEBUG d.m.q.a.service.JobPollingService - Polled for jobs: found 0 pending jobs
11:49:43.851 [vert.x-eventloop-thread-0] DEBUG dev.mars.quorus.agent.QuorusAgent - No pending jobs found
11:49:43.873 [vert.x-eventloop-thread-0] DEBUG d.m.q.a.service.JobPollingService - Polled for jobs: found 0 pending jobs
11:49:43.874 [vert.x-eventloop-thread-0] DEBUG dev.mars.quorus.agent.QuorusAgent - No pending jobs found
11:49:43.891 [vert.x-eventloop-thread-0] DEBUG d.m.q.a.service.JobPollingService - Polled for jobs: found 0 pending jobs
11:49:43.892 [vert.x-eventloop-thread-0] DEBUG dev.mars.quorus.agent.QuorusAgent - No pending jobs found
11:49:43.911 [vert.x-eventloop-thread-0] DEBUG d.m.q.a.service.JobPollingService - Polled for jobs: found 0 pending jobs
11:49:43.912 [vert.x-eventloop-thread-0] DEBUG dev.mars.quorus.agent.QuorusAgent - No pending jobs found
11:49:43.932 [vert.x-eventloop-thread-0] DEBUG d.m.q.a.service.JobPollingService - Polled for jobs: found 0 pending jobs
11:49:43.932 [vert.x-eventloop-thread-0] DEBUG dev.mars.quorus.agent.QuorusAgent - No pending jobs found
11:49:43.952 [vert.x-eventloop-thread-0] DEBUG d.m.q.a.service.JobPollingService - Polled for jobs: found 0 pending jobs
11:49:43.952 [vert.x-eventloop-thread-0] DEBUG dev.mars.quorus.agent.QuorusAgent - No pending jobs found
11:49:43.972 [vert.x-eventloop-thread-0] DEBUG d.m.q.a.service.JobPollingService - Polled for jobs: found 0 pending jobs
11:49:43.973 [vert.x-eventloop-thread-0] DEBUG dev.mars.quorus.agent.QuorusAgent - No pending jobs found
11:49:43.995 [vert.x-eventloop-thread-0] DEBUG d.m.q.a.service.JobPollingService - Polled for jobs: found 0 pending jobs
11:49:43.995 [vert.x-eventloop-thread-0] DEBUG dev.mars.quorus.agent.QuorusAgent - No pending jobs found
11:49:44.011 [vert.x-eventloop-thread-0] DEBUG d.m.q.a.service.JobPollingService - Polled for jobs: found 0 pending jobs
11:49:44.012 [vert.x-eventloop-thread-0] DEBUG dev.mars.quorus.agent.QuorusAgent - No pending jobs found
11:49:44.031 [vert.x-eventloop-thread-0] DEBUG d.m.q.a.service.JobPollingService - Polled for jobs: found 0 pending jobs
11:49:44.032 [vert.x-eventloop-thread-0] DEBUG dev.mars.quorus.agent.QuorusAgent - No pending jobs found
11:49:44.050 [vert.x-eventloop-thread-0] DEBUG d.m.q.a.service.JobPollingService - Polled for jobs: found 0 pending jobs
11:49:44.051 [vert.x-eventloop-thread-0] DEBUG dev.mars.quorus.agent.QuorusAgent - No pending jobs found
11:49:44.070 [vert.x-eventloop-thread-0] DEBUG d.m.q.a.service.JobPollingService - Polled for jobs: found 0 pending jobs
11:49:44.070 [vert.x-eventloop-thread-0] DEBUG dev.mars.quorus.agent.QuorusAgent - No pending jobs found
11:49:44.089 [vert.x-eventloop-thread-0] DEBUG d.m.q.a.service.JobPollingService - Polled for jobs: found 0 pending jobs
11:49:44.091 [vert.x-eventloop-thread-0] DEBUG dev.mars.quorus.agent.QuorusAgent - No pending jobs found
11:49:44.112 [vert.x-eventloop-thread-0] DEBUG d.m.q.a.service.JobPollingService - Polled for jobs: found 0 pending jobs
11:49:44.112 [vert.x-eventloop-thread-0] DEBUG dev.mars.quorus.agent.QuorusAgent - No pending jobs found
11:49:44.131 [vert.x-eventloop-thread-0] DEBUG d.m.q.a.service.JobPollingService - Polled for jobs: found 0 pending jobs
11:49:44.132 [vert.x-eventloop-thread-0] DEBUG dev.mars.quorus.agent.QuorusAgent - No pending jobs found
11:49:44.151 [vert.x-eventloop-thread-0] DEBUG d.m.q.a.service.JobPollingService - Polled for jobs: found 0 pending jobs
11:49:44.152 [vert.x-eventloop-thread-0] DEBUG dev.mars.quorus.agent.QuorusAgent - No pending jobs found
11:49:44.171 [vert.x-eventloop-thread-0] DEBUG d.m.q.a.service.JobPollingService - Polled for jobs: found 0 pending jobs
11:49:44.171 [vert.x-eventloop-thread-0] DEBUG dev.mars.quorus.agent.QuorusAgent - No pending jobs found
11:49:44.191 [vert.x-eventloop-thread-0] DEBUG d.m.q.a.service.JobPollingService - Polled for jobs: found 0 pending jobs
11:49:44.191 [vert.x-eventloop-thread-0] DEBUG dev.mars.quorus.agent.QuorusAgent - No pending jobs found
11:49:44.213 [vert.x-eventloop-thread-0] DEBUG d.m.q.a.service.JobPollingService - Polled for jobs: found 0 pending jobs
11:49:44.213 [vert.x-eventloop-thread-0] DEBUG dev.mars.quorus.agent.QuorusAgent - No pending jobs found
11:49:44.230 [vert.x-eventloop-thread-0] DEBUG d.m.q.a.service.JobPollingService - Polled for jobs: found 0 pending jobs
11:49:44.231 [vert.x-eventloop-thread-0] DEBUG dev.mars.quorus.agent.QuorusAgent - No pending jobs found
11:49:44.250 [vert.x-eventloop-thread-0] DEBUG d.m.q.a.service.JobPollingService - Polled for jobs: found 0 pending jobs
11:49:44.250 [vert.x-eventloop-thread-0] DEBUG dev.mars.quorus.agent.QuorusAgent - No pending jobs found
11:49:44.271 [vert.x-eventloop-thread-0] DEBUG d.m.q.a.service.JobPollingService - Polled for jobs: found 0 pending jobs
11:49:44.272 [vert.x-eventloop-thread-0] DEBUG dev.mars.quorus.agent.QuorusAgent - No pending jobs found
11:49:44.290 [vert.x-eventloop-thread-0] DEBUG d.m.q.a.service.JobPollingService - Polled for jobs: found 0 pending jobs
11:49:44.290 [vert.x-eventloop-thread-0] DEBUG dev.mars.quorus.agent.QuorusAgent - No pending jobs found
11:49:44.311 [vert.x-eventloop-thread-0] DEBUG d.m.q.a.service.JobPollingService - Polled for jobs: found 0 pending jobs
11:49:44.311 [vert.x-eventloop-thread-0] DEBUG dev.mars.quorus.agent.QuorusAgent - No pending jobs found
11:49:44.330 [vert.x-eventloop-thread-0] DEBUG d.m.q.a.service.JobPollingService - Polled for jobs: found 0 pending jobs
11:49:44.330 [vert.x-eventloop-thread-0] DEBUG dev.mars.quorus.agent.QuorusAgent - No pending jobs found
11:49:44.350 [vert.x-eventloop-thread-0] DEBUG d.m.q.a.service.JobPollingService - Polled for jobs: found 0 pending jobs
11:49:44.351 [vert.x-eventloop-thread-0] DEBUG dev.mars.quorus.agent.QuorusAgent - No pending jobs found
11:49:44.370 [vert.x-eventloop-thread-0] DEBUG d.m.q.a.service.JobPollingService - Polled for jobs: found 0 pending jobs
11:49:44.371 [vert.x-eventloop-thread-0] DEBUG dev.mars.quorus.agent.QuorusAgent - No pending jobs found
11:49:44.392 [vert.x-eventloop-thread-0] DEBUG d.m.q.a.service.JobPollingService - Polled for jobs: found 0 pending jobs
11:49:44.392 [vert.x-eventloop-thread-0] DEBUG dev.mars.quorus.agent.QuorusAgent - No pending jobs found
11:49:44.412 [vert.x-eventloop-thread-0] DEBUG d.m.q.a.service.JobPollingService - Polled for jobs: found 0 pending jobs
11:49:44.412 [vert.x-eventloop-thread-0] DEBUG dev.mars.quorus.agent.QuorusAgent - No pending jobs found
11:49:44.431 [vert.x-eventloop-thread-0] DEBUG d.m.q.a.service.JobPollingService - Polled for jobs: found 0 pending jobs
11:49:44.432 [vert.x-eventloop-thread-0] DEBUG dev.mars.quorus.agent.QuorusAgent - No pending jobs found
11:49:44.451 [vert.x-eventloop-thread-0] DEBUG d.m.q.a.service.JobPollingService - Polled for jobs: found 0 pending jobs
11:49:44.451 [vert.x-eventloop-thread-0] DEBUG dev.mars.quorus.agent.QuorusAgent - No pending jobs found
11:49:44.471 [vert.x-eventloop-thread-0] DEBUG d.m.q.a.service.JobPollingService - Polled for jobs: found 0 pending jobs
11:49:44.472 [vert.x-eventloop-thread-0] DEBUG dev.mars.quorus.agent.QuorusAgent - No pending jobs found
11:49:44.492 [vert.x-eventloop-thread-0] DEBUG d.m.q.a.service.JobPollingService - Polled for jobs: found 0 pending jobs
11:49:44.493 [vert.x-eventloop-thread-0] DEBUG dev.mars.quorus.agent.QuorusAgent - No pending jobs found
11:49:44.512 [vert.x-eventloop-thread-0] DEBUG d.m.q.a.service.JobPollingService - Polled for jobs: found 0 pending jobs
11:49:44.513 [vert.x-eventloop-thread-0] DEBUG dev.mars.quorus.agent.QuorusAgent - No pending jobs found
11:49:44.531 [vert.x-eventloop-thread-0] DEBUG d.m.q.a.service.JobPollingService - Polled for jobs: found 0 pending jobs
11:49:44.532 [vert.x-eventloop-thread-0] DEBUG dev.mars.quorus.agent.QuorusAgent - No pending jobs found
11:49:44.552 [vert.x-eventloop-thread-0] DEBUG d.m.q.a.service.JobPollingService - Polled for jobs: found 0 pending jobs
11:49:44.552 [vert.x-eventloop-thread-0] DEBUG dev.mars.quorus.agent.QuorusAgent - No pending jobs found
11:49:44.572 [vert.x-eventloop-thread-0] DEBUG d.m.q.a.service.JobPollingService - Polled for jobs: found 0 pending jobs
11:49:44.572 [vert.x-eventloop-thread-0] DEBUG dev.mars.quorus.agent.QuorusAgent - No pending jobs found
11:49:44.593 [vert.x-eventloop-thread-0] DEBUG d.m.q.a.service.JobPollingService - Polled for jobs: found 0 pending jobs
11:49:44.593 [vert.x-eventloop-thread-0] DEBUG dev.mars.quorus.agent.QuorusAgent - No pending jobs found
11:49:44.611 [vert.x-eventloop-thread-0] DEBUG d.m.q.a.service.JobPollingService - Polled for jobs: found 0 pending jobs
11:49:44.612 [vert.x-eventloop-thread-0] DEBUG dev.mars.quorus.agent.QuorusAgent - No pending jobs found
11:49:44.634 [vert.x-eventloop-thread-0] DEBUG d.m.q.a.service.JobPollingService - Polled for jobs: found 0 pending jobs
11:49:44.635 [vert.x-eventloop-thread-0] DEBUG dev.mars.quorus.agent.QuorusAgent - No pending jobs found
11:49:44.653 [vert.x-eventloop-thread-0] DEBUG d.m.q.a.service.JobPollingService - Polled for jobs: found 0 pending jobs
11:49:44.653 [vert.x-eventloop-thread-0] DEBUG dev.mars.quorus.agent.QuorusAgent - No pending jobs found
11:49:44.672 [vert.x-eventloop-thread-0] DEBUG d.m.q.a.service.JobPollingService - Polled for jobs: found 0 pending jobs
11:49:44.673 [vert.x-eventloop-thread-0] DEBUG dev.mars.quorus.agent.QuorusAgent - No pending jobs found
11:49:44.692 [vert.x-eventloop-thread-0] DEBUG d.m.q.a.service.JobPollingService - Polled for jobs: found 0 pending jobs
11:49:44.692 [vert.x-eventloop-thread-0] DEBUG dev.mars.quorus.agent.QuorusAgent - No pending jobs found
11:49:44.711 [vert.x-eventloop-thread-0] DEBUG d.m.q.a.service.JobPollingService - Polled for jobs: found 0 pending jobs
11:49:44.712 [vert.x-eventloop-thread-0] DEBUG dev.mars.quorus.agent.QuorusAgent - No pending jobs found
11:49:44.729 [vert.x-eventloop-thread-0] DEBUG d.m.q.a.service.JobPollingService - Polled for jobs: found 0 pending jobs
11:49:44.729 [vert.x-eventloop-thread-0] DEBUG dev.mars.quorus.agent.QuorusAgent - No pending jobs found
11:49:44.751 [vert.x-eventloop-thread-0] DEBUG d.m.q.a.service.JobPollingService - Polled for jobs: found 0 pending jobs
11:49:44.752 [vert.x-eventloop-thread-0] DEBUG dev.mars.quorus.agent.QuorusAgent - No pending jobs found
11:49:44.771 [vert.x-eventloop-thread-0] DEBUG d.m.q.a.service.JobPollingService - Polled for jobs: found 0 pending jobs
11:49:44.771 [vert.x-eventloop-thread-0] DEBUG dev.mars.quorus.agent.QuorusAgent - No pending jobs found
11:49:44.790 [vert.x-eventloop-thread-0] DEBUG d.m.q.a.service.JobPollingService - Polled for jobs: found 0 pending jobs
11:49:44.790 [vert.x-eventloop-thread-0] DEBUG dev.mars.quorus.agent.QuorusAgent - No pending jobs found
11:49:44.811 [vert.x-eventloop-thread-0] DEBUG d.m.q.a.service.JobPollingService - Polled for jobs: found 0 pending jobs
11:49:44.811 [vert.x-eventloop-thread-0] DEBUG dev.mars.quorus.agent.QuorusAgent - No pending jobs found
11:49:44.830 [vert.x-eventloop-thread-0] DEBUG d.m.q.a.service.JobPollingService - Polled for jobs: found 0 pending jobs
11:49:44.831 [vert.x-eventloop-thread-0] DEBUG dev.mars.quorus.agent.QuorusAgent - No pending jobs found
11:49:44.849 [vert.x-eventloop-thread-0] DEBUG d.m.q.a.service.JobPollingService - Polled for jobs: found 0 pending jobs
11:49:44.850 [vert.x-eventloop-thread-0] DEBUG dev.mars.quorus.agent.QuorusAgent - No pending jobs found
11:49:44.871 [vert.x-eventloop-thread-0] DEBUG d.m.q.a.service.JobPollingService - Polled for jobs: found 0 pending jobs
11:49:44.871 [vert.x-eventloop-thread-0] DEBUG dev.mars.quorus.agent.QuorusAgent - No pending jobs found
11:49:44.892 [vert.x-eventloop-thread-0] DEBUG d.m.q.a.service.JobPollingService - Polled for jobs: found 0 pending jobs
11:49:44.892 [vert.x-eventloop-thread-0] DEBUG dev.mars.quorus.agent.QuorusAgent - No pending jobs found
11:49:44.913 [vert.x-eventloop-thread-0] DEBUG d.m.q.a.service.JobPollingService - Polled for jobs: found 0 pending jobs
11:49:44.913 [vert.x-eventloop-thread-0] DEBUG dev.mars.quorus.agent.QuorusAgent - No pending jobs found
11:49:44.930 [vert.x-eventloop-thread-0] DEBUG d.m.q.a.service.JobPollingService - Polled for jobs: found 0 pending jobs
11:49:44.930 [vert.x-eventloop-thread-0] DEBUG dev.mars.quorus.agent.QuorusAgent - No pending jobs found
11:49:44.951 [vert.x-eventloop-thread-0] DEBUG d.m.q.a.service.JobPollingService - Polled for jobs: found 0 pending jobs
11:49:44.951 [vert.x-eventloop-thread-0] DEBUG dev.mars.quorus.agent.QuorusAgent - No pending jobs found
11:49:44.971 [vert.x-eventloop-thread-0] DEBUG d.m.q.a.service.JobPollingService - Polled for jobs: found 0 pending jobs
11:49:44.971 [vert.x-eventloop-thread-0] DEBUG dev.mars.quorus.agent.QuorusAgent - No pending jobs found
11:49:44.992 [vert.x-eventloop-thread-0] DEBUG d.m.q.a.service.JobPollingService - Polled for jobs: found 0 pending jobs
11:49:44.992 [vert.x-eventloop-thread-0] DEBUG dev.mars.quorus.agent.QuorusAgent - No pending jobs found
11:49:45.010 [vert.x-eventloop-thread-0] DEBUG d.m.q.a.service.JobPollingService - Polled for jobs: found 0 pending jobs
11:49:45.010 [vert.x-eventloop-thread-0] DEBUG dev.mars.quorus.agent.QuorusAgent - No pending jobs found
11:49:45.026 [main] INFO  dev.mars.quorus.agent.QuorusAgent - Shutting down Quorus Agent (reactive mode)...
11:49:45.027 [main] INFO  dev.mars.quorus.agent.QuorusAgent - Heartbeat timer cancelled: true [ID: 6]
11:49:45.027 [main] INFO  dev.mars.quorus.agent.QuorusAgent - Job polling timer cancelled: true [ID: 8]
11:49:45.027 [main] INFO  d.m.q.a.s.TransferExecutionService - Shutting down transfer execution service...
11:49:45.027 [main] DEBUG d.m.q.transfer.SimpleTransferEngine - shutdown: initiating with timeout=30s
11:49:45.027 [main] INFO  d.m.q.transfer.SimpleTransferEngine - Shutting down transfer engine...
11:49:45.027 [main] DEBUG d.m.q.transfer.SimpleTransferEngine - shutdown: cancelling 0 active transfers
11:49:45.028 [main] DEBUG d.m.q.transfer.SimpleTransferEngine - awaitActiveTransfers: no active transfers
11:49:45.029 [main] INFO  d.m.q.transfer.SimpleTransferEngine - Transfer engine shutdown completed
11:49:45.030 [main] INFO  d.m.q.a.s.TransferExecutionService - Transfer execution service shutdown complete
11:49:45.030 [main] DEBUG d.m.q.agent.service.HeartbeatService - Shutting down HeartbeatService WebClient
11:49:45.038 [main] DEBUG d.m.q.a.service.JobPollingService - Shutting down JobPollingService WebClient
11:49:45.040 [main] DEBUG d.m.q.a.s.JobStatusReportingService - Shutting down JobStatusReportingService WebClient
11:49:45.046 [vert.x-eventloop-thread-0] INFO  d.m.q.agent.service.HealthService - Health service stopped
11:49:45.046 [vert.x-eventloop-thread-0] INFO  d.m.q.a.s.AgentRegistrationService - Deregistering agent local from controller
11:49:45.050 [vert.x-eventloop-thread-0] INFO  d.m.q.a.s.AgentRegistrationService - Agent local deregistered successfully
11:49:45.050 [vert.x-eventloop-thread-0] INFO  dev.mars.quorus.agent.QuorusAgent - Agent deregistered from controller
11:49:45.050 [vert.x-eventloop-thread-0] INFO  dev.mars.quorus.agent.QuorusAgent - Quorus Agent shutdown complete (0 threads to cleanup)
[ERROR] Tests run: 1, Failures: 1, Errors: 0, Skipped: 0, Time elapsed: 3.302 s <<< FAILURE! -- in dev.mars.quorus.agent.AgentDefaultIsolationBoundaryTest
[ERROR] dev.mars.quorus.agent.AgentDefaultIsolationBoundaryTest.defaultAgentStopsAfterOneForeignAssignment(Vertx) -- Time elapsed: 3.261 s <<< FAILURE!
java.lang.AssertionError: Future failed
	at dev.mars.quorus.testing.TestFutureUtils.awaitContext(TestFutureUtils.java:125)
	at dev.mars.quorus.testing.TestFutureUtils.awaitSuccess(TestFutureUtils.java:59)
	at dev.mars.quorus.agent.AgentDefaultIsolationBoundaryTest.defaultAgentStopsAfterOneForeignAssignment(AgentDefaultIsolationBoundaryTest.java:39)
	at java.base/java.lang.reflect.Method.invoke(Method.java:565)
	at io.vertx.junit5.VertxExtension.interceptTestMethod(VertxExtension.java:142)
	at java.base/java.util.ArrayList.forEach(ArrayList.java:1604)
	at java.base/java.util.ArrayList.forEach(ArrayList.java:1604)
Caused by: java.lang.AssertionError: Condition was not satisfied within PT2S
	at dev.mars.quorus.testing.TestFutureUtils.lambda$eventually$0(TestFutureUtils.java:104)
	at io.vertx.core.impl.VertxImpl$InternalTimerHandler.handle(VertxImpl.java:1018)
	at io.vertx.core.impl.VertxImpl$InternalTimerHandler.handle(VertxImpl.java:990)
	at io.vertx.core.impl.ContextBase.emit(ContextBase.java:82)
	at io.vertx.core.internal.ContextInternal.emit(ContextInternal.java:179)
	at io.vertx.core.impl.VertxImpl$InternalTimerHandler.run(VertxImpl.java:1012)
	at io.netty.util.concurrent.PromiseTask.runTask(PromiseTask.java:98)
	at io.netty.util.concurrent.ScheduledFutureTask.run(ScheduledFutureTask.java:166)
	at io.netty.util.concurrent.AbstractEventExecutor.runTask(AbstractEventExecutor.java:148)
	at io.netty.util.concurrent.AbstractEventExecutor.safeExecute(AbstractEventExecutor.java:141)
	at io.netty.util.concurrent.SingleThreadEventExecutor.runAllTasks(SingleThreadEventExecutor.java:535)
	at io.netty.channel.SingleThreadIoEventLoop.run(SingleThreadIoEventLoop.java:201)
	at io.netty.util.concurrent.SingleThreadEventExecutor$5.run(SingleThreadEventExecutor.java:1195)
	at io.netty.util.internal.ThreadExecutorMap$2.run(ThreadExecutorMap.java:74)
	at io.netty.util.concurrent.FastThreadLocalRunnable.run(FastThreadLocalRunnable.java:30)
	at java.base/java.lang.Thread.run(Thread.java:1474)

[INFO] Running dev.mars.quorus.agent.config.AgentConfigTest
11:49:45.107 [main] INFO  d.m.quorus.agent.config.AgentConfig - Loaded configuration from quorus-agent.properties
11:49:45.108 [main] DEBUG d.m.quorus.agent.config.AgentConfig - Optional configuration profile quorus-agent-test.properties not found
11:49:45.109 [main] INFO  d.m.quorus.agent.config.AgentConfig - === Quorus Agent Configuration ===
11:49:45.109 [main] WARN  d.m.quorus.agent.config.AgentConfig - Agent ID not configured, derived from hostname: agent-NUC10A
11:49:45.109 [main] INFO  d.m.quorus.agent.config.AgentConfig -   Agent ID:             agent-NUC10A
11:49:45.109 [main] WARN  d.m.quorus.agent.config.AgentConfig -   Tenant ID:            NOT CONFIGURED
11:49:45.109 [main] INFO  d.m.quorus.agent.config.AgentConfig -   Agent Port:           8080
11:49:45.110 [main] INFO  d.m.quorus.agent.config.AgentConfig -   Controller URL:       https://localhost:8080/api/v1
11:49:45.110 [main] INFO  d.m.quorus.agent.config.AgentConfig -   Region:               default
11:49:45.110 [main] INFO  d.m.quorus.agent.config.AgentConfig -   Datacenter:           default
11:49:45.110 [main] INFO  d.m.quorus.agent.config.AgentConfig -   Supported Protocols:  HTTP,HTTPS
11:49:45.110 [main] INFO  d.m.quorus.agent.config.AgentConfig -   Version:              1.0.0
11:49:45.110 [main] INFO  d.m.quorus.agent.config.AgentConfig -   --- Transfer ---
11:49:45.110 [main] INFO  d.m.quorus.agent.config.AgentConfig -   Max Concurrent:       5
11:49:45.110 [main] INFO  d.m.quorus.agent.config.AgentConfig -   --- Heartbeat ---
11:49:45.110 [main] INFO  d.m.quorus.agent.config.AgentConfig -   Interval:             30000ms
11:49:45.110 [main] INFO  d.m.quorus.agent.config.AgentConfig -   --- Job Polling ---
11:49:45.110 [main] INFO  d.m.quorus.agent.config.AgentConfig -   Initial Delay:        5000ms
11:49:45.110 [main] INFO  d.m.quorus.agent.config.AgentConfig -   Poll Interval:        10000ms
11:49:45.110 [main] INFO  d.m.quorus.agent.config.AgentConfig -   --- Security ---
11:49:45.112 [main] INFO  d.m.quorus.agent.config.AgentConfig -   Foreign Assignment Threshold: 1
11:49:45.112 [main] INFO  d.m.quorus.agent.config.AgentConfig -   --- Telemetry ---
11:49:45.114 [main] INFO  d.m.quorus.agent.config.AgentConfig -   Enabled:              true
11:49:45.114 [main] INFO  d.m.quorus.agent.config.AgentConfig -   Prometheus Port:      9465
11:49:45.114 [main] INFO  d.m.quorus.agent.config.AgentConfig -   OTLP Endpoint:        http://localhost:4317
11:49:45.114 [main] INFO  d.m.quorus.agent.config.AgentConfig - ==================================
11:49:45.123 [main] INFO  d.m.quorus.agent.config.AgentConfig - Loaded configuration from quorus-agent.properties
11:49:45.123 [main] DEBUG d.m.quorus.agent.config.AgentConfig - Optional configuration profile quorus-agent-test.properties not found
11:49:45.124 [main] INFO  d.m.quorus.agent.config.AgentConfig - === Quorus Agent Configuration ===
11:49:45.124 [main] WARN  d.m.quorus.agent.config.AgentConfig - Agent ID not configured, derived from hostname: agent-NUC10A
11:49:45.124 [main] INFO  d.m.quorus.agent.config.AgentConfig -   Agent ID:             agent-NUC10A
11:49:45.124 [main] WARN  d.m.quorus.agent.config.AgentConfig -   Tenant ID:            NOT CONFIGURED
11:49:45.124 [main] WARN  d.m.quorus.agent.config.AgentConfig - Invalid integer value for quorus.agent.port: 'invalid', using default 8080
11:49:45.125 [main] INFO  d.m.quorus.agent.config.AgentConfig -   Agent Port:           8080
11:49:45.125 [main] INFO  d.m.quorus.agent.config.AgentConfig -   Controller URL:       https://localhost:8080/api/v1
11:49:45.125 [main] INFO  d.m.quorus.agent.config.AgentConfig -   Region:               default
11:49:45.125 [main] INFO  d.m.quorus.agent.config.AgentConfig -   Datacenter:           default
11:49:45.125 [main] INFO  d.m.quorus.agent.config.AgentConfig -   Supported Protocols:  HTTP,HTTPS
11:49:45.125 [main] INFO  d.m.quorus.agent.config.AgentConfig -   Version:              1.0.0
11:49:45.125 [main] INFO  d.m.quorus.agent.config.AgentConfig -   --- Transfer ---
11:49:45.125 [main] INFO  d.m.quorus.agent.config.AgentConfig -   Max Concurrent:       5
11:49:45.125 [main] INFO  d.m.quorus.agent.config.AgentConfig -   --- Heartbeat ---
11:49:45.125 [main] INFO  d.m.quorus.agent.config.AgentConfig -   Interval:             30000ms
11:49:45.125 [main] INFO  d.m.quorus.agent.config.AgentConfig -   --- Job Polling ---
11:49:45.125 [main] INFO  d.m.quorus.agent.config.AgentConfig -   Initial Delay:        5000ms
11:49:45.125 [main] INFO  d.m.quorus.agent.config.AgentConfig -   Poll Interval:        10000ms
11:49:45.125 [main] INFO  d.m.quorus.agent.config.AgentConfig -   --- Security ---
11:49:45.125 [main] INFO  d.m.quorus.agent.config.AgentConfig -   Foreign Assignment Threshold: 1
11:49:45.125 [main] INFO  d.m.quorus.agent.config.AgentConfig -   --- Telemetry ---
11:49:45.125 [main] INFO  d.m.quorus.agent.config.AgentConfig -   Enabled:              true
11:49:45.125 [main] INFO  d.m.quorus.agent.config.AgentConfig -   Prometheus Port:      9465
11:49:45.125 [main] INFO  d.m.quorus.agent.config.AgentConfig -   OTLP Endpoint:        http://localhost:4317
11:49:45.125 [main] INFO  d.m.quorus.agent.config.AgentConfig - ==================================
11:49:45.125 [main] WARN  d.m.quorus.agent.config.AgentConfig - Invalid integer value for quorus.agent.port: 'invalid', using default 8080
11:49:45.126 [main] INFO  d.m.quorus.agent.config.AgentConfig - Loaded configuration from quorus-agent.properties
11:49:45.126 [main] DEBUG d.m.quorus.agent.config.AgentConfig - Optional configuration profile quorus-agent-test.properties not found
11:49:45.126 [main] INFO  d.m.quorus.agent.config.AgentConfig - === Quorus Agent Configuration ===
11:49:45.126 [main] WARN  d.m.quorus.agent.config.AgentConfig - Agent ID not configured, derived from hostname: agent-NUC10A
11:49:45.126 [main] INFO  d.m.quorus.agent.config.AgentConfig -   Agent ID:             agent-NUC10A
11:49:45.126 [main] WARN  d.m.quorus.agent.config.AgentConfig -   Tenant ID:            NOT CONFIGURED
11:49:45.126 [main] INFO  d.m.quorus.agent.config.AgentConfig -   Agent Port:           8080
11:49:45.126 [main] INFO  d.m.quorus.agent.config.AgentConfig -   Controller URL:       https://localhost:8080/api/v1
11:49:45.126 [main] INFO  d.m.quorus.agent.config.AgentConfig -   Region:               default
11:49:45.126 [main] INFO  d.m.quorus.agent.config.AgentConfig -   Datacenter:           default
11:49:45.126 [main] INFO  d.m.quorus.agent.config.AgentConfig -   Supported Protocols:  HTTP,HTTPS
11:49:45.126 [main] INFO  d.m.quorus.agent.config.AgentConfig -   Version:              1.0.0
11:49:45.126 [main] INFO  d.m.quorus.agent.config.AgentConfig -   --- Transfer ---
11:49:45.126 [main] INFO  d.m.quorus.agent.config.AgentConfig -   Max Concurrent:       5
11:49:45.126 [main] INFO  d.m.quorus.agent.config.AgentConfig -   --- Heartbeat ---
11:49:45.126 [main] INFO  d.m.quorus.agent.config.AgentConfig -   Interval:             30000ms
11:49:45.126 [main] INFO  d.m.quorus.agent.config.AgentConfig -   --- Job Polling ---
11:49:45.126 [main] INFO  d.m.quorus.agent.config.AgentConfig -   Initial Delay:        5000ms
11:49:45.128 [main] WARN  d.m.quorus.agent.config.AgentConfig - Invalid long value for quorus.agent.jobs.polling.interval-ms: 'invalid', using default 10000
11:49:45.128 [main] INFO  d.m.quorus.agent.config.AgentConfig -   Poll Interval:        10000ms
11:49:45.128 [main] INFO  d.m.quorus.agent.config.AgentConfig -   --- Security ---
11:49:45.128 [main] INFO  d.m.quorus.agent.config.AgentConfig -   Foreign Assignment Threshold: 1
11:49:45.128 [main] INFO  d.m.quorus.agent.config.AgentConfig -   --- Telemetry ---
11:49:45.128 [main] INFO  d.m.quorus.agent.config.AgentConfig -   Enabled:              true
11:49:45.128 [main] INFO  d.m.quorus.agent.config.AgentConfig -   Prometheus Port:      9465
11:49:45.128 [main] INFO  d.m.quorus.agent.config.AgentConfig -   OTLP Endpoint:        http://localhost:4317
11:49:45.128 [main] INFO  d.m.quorus.agent.config.AgentConfig - ==================================
11:49:45.128 [main] WARN  d.m.quorus.agent.config.AgentConfig - Invalid long value for quorus.agent.jobs.polling.interval-ms: 'invalid', using default 10000
11:49:45.131 [main] INFO  d.m.quorus.agent.config.AgentConfig - Loaded configuration from quorus-agent.properties
11:49:45.132 [main] DEBUG d.m.quorus.agent.config.AgentConfig - Optional configuration profile quorus-agent-test.properties not found
11:49:45.132 [main] INFO  d.m.quorus.agent.config.AgentConfig - === Quorus Agent Configuration ===
11:49:45.132 [main] WARN  d.m.quorus.agent.config.AgentConfig - Agent ID not configured, derived from hostname: agent-NUC10A
11:49:45.132 [main] INFO  d.m.quorus.agent.config.AgentConfig -   Agent ID:             agent-NUC10A
11:49:45.132 [main] WARN  d.m.quorus.agent.config.AgentConfig -   Tenant ID:            NOT CONFIGURED
11:49:45.132 [main] INFO  d.m.quorus.agent.config.AgentConfig -   Agent Port:           8080
11:49:45.132 [main] INFO  d.m.quorus.agent.config.AgentConfig -   Controller URL:       https://localhost:8080/api/v1
11:49:45.132 [main] INFO  d.m.quorus.agent.config.AgentConfig -   Region:               default
11:49:45.133 [main] INFO  d.m.quorus.agent.config.AgentConfig -   Datacenter:           default
11:49:45.133 [main] INFO  d.m.quorus.agent.config.AgentConfig -   Supported Protocols:  HTTP,HTTPS
11:49:45.133 [main] INFO  d.m.quorus.agent.config.AgentConfig -   Version:              1.0.0
11:49:45.133 [main] INFO  d.m.quorus.agent.config.AgentConfig -   --- Transfer ---
11:49:45.133 [main] INFO  d.m.quorus.agent.config.AgentConfig -   Max Concurrent:       5
11:49:45.133 [main] INFO  d.m.quorus.agent.config.AgentConfig -   --- Heartbeat ---
11:49:45.133 [main] INFO  d.m.quorus.agent.config.AgentConfig -   Interval:             30000ms
11:49:45.133 [main] INFO  d.m.quorus.agent.config.AgentConfig -   --- Job Polling ---
11:49:45.133 [main] INFO  d.m.quorus.agent.config.AgentConfig -   Initial Delay:        5000ms
11:49:45.133 [main] INFO  d.m.quorus.agent.config.AgentConfig -   Poll Interval:        10000ms
11:49:45.133 [main] INFO  d.m.quorus.agent.config.AgentConfig -   --- Security ---
11:49:45.133 [main] INFO  d.m.quorus.agent.config.AgentConfig -   Foreign Assignment Threshold: 1
11:49:45.133 [main] INFO  d.m.quorus.agent.config.AgentConfig -   --- Telemetry ---
11:49:45.133 [main] INFO  d.m.quorus.agent.config.AgentConfig -   Enabled:              true
11:49:45.133 [main] INFO  d.m.quorus.agent.config.AgentConfig -   Prometheus Port:      9465
11:49:45.133 [main] INFO  d.m.quorus.agent.config.AgentConfig -   OTLP Endpoint:        http://localhost:4317
11:49:45.133 [main] INFO  d.m.quorus.agent.config.AgentConfig - ==================================
11:49:45.133 [main] WARN  d.m.quorus.agent.config.AgentConfig - Agent ID not configured, derived from hostname: agent-NUC10A
11:49:45.134 [main] WARN  d.m.quorus.agent.config.AgentConfig - Agent ID not configured, derived from hostname: agent-NUC10A
11:49:45.137 [main] INFO  d.m.quorus.agent.config.AgentConfig - Loaded configuration from quorus-agent.properties
11:49:45.138 [main] DEBUG d.m.quorus.agent.config.AgentConfig - Optional configuration profile quorus-agent-test.properties not found
11:49:45.138 [main] INFO  d.m.quorus.agent.config.AgentConfig - === Quorus Agent Configuration ===
11:49:45.138 [main] INFO  d.m.quorus.agent.config.AgentConfig -   Agent ID:             explicit-agent
11:49:45.138 [main] WARN  d.m.quorus.agent.config.AgentConfig -   Tenant ID:            NOT CONFIGURED
11:49:45.138 [main] INFO  d.m.quorus.agent.config.AgentConfig -   Agent Port:           8080
11:49:45.138 [main] INFO  d.m.quorus.agent.config.AgentConfig -   Controller URL:       https://localhost:8080/api/v1
11:49:45.138 [main] INFO  d.m.quorus.agent.config.AgentConfig -   Region:               default
11:49:45.138 [main] INFO  d.m.quorus.agent.config.AgentConfig -   Datacenter:           default
11:49:45.138 [main] INFO  d.m.quorus.agent.config.AgentConfig -   Supported Protocols:  HTTP,HTTPS
11:49:45.138 [main] INFO  d.m.quorus.agent.config.AgentConfig -   Version:              1.0.0
11:49:45.138 [main] INFO  d.m.quorus.agent.config.AgentConfig -   --- Transfer ---
11:49:45.138 [main] INFO  d.m.quorus.agent.config.AgentConfig -   Max Concurrent:       5
11:49:45.138 [main] INFO  d.m.quorus.agent.config.AgentConfig -   --- Heartbeat ---
11:49:45.138 [main] INFO  d.m.quorus.agent.config.AgentConfig -   Interval:             30000ms
11:49:45.139 [main] INFO  d.m.quorus.agent.config.AgentConfig -   --- Job Polling ---
11:49:45.139 [main] INFO  d.m.quorus.agent.config.AgentConfig -   Initial Delay:        5000ms
11:49:45.139 [main] INFO  d.m.quorus.agent.config.AgentConfig -   Poll Interval:        10000ms
11:49:45.139 [main] INFO  d.m.quorus.agent.config.AgentConfig -   --- Security ---
11:49:45.139 [main] INFO  d.m.quorus.agent.config.AgentConfig -   Foreign Assignment Threshold: 1
11:49:45.139 [main] INFO  d.m.quorus.agent.config.AgentConfig -   --- Telemetry ---
11:49:45.139 [main] INFO  d.m.quorus.agent.config.AgentConfig -   Enabled:              true
11:49:45.139 [main] INFO  d.m.quorus.agent.config.AgentConfig -   Prometheus Port:      9465
11:49:45.139 [main] INFO  d.m.quorus.agent.config.AgentConfig -   OTLP Endpoint:        http://localhost:4317
11:49:45.139 [main] INFO  d.m.quorus.agent.config.AgentConfig - ==================================
11:49:45.142 [main] INFO  d.m.quorus.agent.config.AgentConfig - Loaded configuration from quorus-agent.properties
11:49:45.142 [main] DEBUG d.m.quorus.agent.config.AgentConfig - Optional configuration profile quorus-agent-test.properties not found
11:49:45.143 [main] INFO  d.m.quorus.agent.config.AgentConfig - === Quorus Agent Configuration ===
11:49:45.143 [main] INFO  d.m.quorus.agent.config.AgentConfig -   Agent ID:             validation-agent
11:49:45.143 [main] INFO  d.m.quorus.agent.config.AgentConfig -   Tenant ID:            validation-tenant
11:49:45.143 [main] INFO  d.m.quorus.agent.config.AgentConfig -   Agent Port:           70000
11:49:45.143 [main] INFO  d.m.quorus.agent.config.AgentConfig -   Controller URL:       https://localhost:8080/api/v1
11:49:45.143 [main] INFO  d.m.quorus.agent.config.AgentConfig -   Region:               default
11:49:45.143 [main] INFO  d.m.quorus.agent.config.AgentConfig -   Datacenter:           default
11:49:45.143 [main] INFO  d.m.quorus.agent.config.AgentConfig -   Supported Protocols:  HTTP,HTTPS
11:49:45.143 [main] INFO  d.m.quorus.agent.config.AgentConfig -   Version:              1.0.0
11:49:45.143 [main] INFO  d.m.quorus.agent.config.AgentConfig -   --- Transfer ---
11:49:45.143 [main] INFO  d.m.quorus.agent.config.AgentConfig -   Max Concurrent:       5
11:49:45.143 [main] INFO  d.m.quorus.agent.config.AgentConfig -   --- Heartbeat ---
11:49:45.143 [main] INFO  d.m.quorus.agent.config.AgentConfig -   Interval:             30000ms
11:49:45.144 [main] INFO  d.m.quorus.agent.config.AgentConfig -   --- Job Polling ---
11:49:45.144 [main] INFO  d.m.quorus.agent.config.AgentConfig -   Initial Delay:        5000ms
11:49:45.144 [main] INFO  d.m.quorus.agent.config.AgentConfig -   Poll Interval:        10000ms
11:49:45.144 [main] INFO  d.m.quorus.agent.config.AgentConfig -   --- Security ---
11:49:45.144 [main] INFO  d.m.quorus.agent.config.AgentConfig -   Foreign Assignment Threshold: 1
11:49:45.144 [main] INFO  d.m.quorus.agent.config.AgentConfig -   --- Telemetry ---
11:49:45.144 [main] INFO  d.m.quorus.agent.config.AgentConfig -   Enabled:              true
11:49:45.144 [main] INFO  d.m.quorus.agent.config.AgentConfig -   Prometheus Port:      9465
11:49:45.144 [main] INFO  d.m.quorus.agent.config.AgentConfig -   OTLP Endpoint:        http://localhost:4317
11:49:45.144 [main] INFO  d.m.quorus.agent.config.AgentConfig - ==================================
11:49:45.150 [main] INFO  d.m.quorus.agent.config.AgentConfig - Loaded configuration from quorus-agent.properties
11:49:45.150 [main] DEBUG d.m.quorus.agent.config.AgentConfig - Optional configuration profile quorus-agent-test.properties not found
11:49:45.151 [main] INFO  d.m.quorus.agent.config.AgentConfig - === Quorus Agent Configuration ===
11:49:45.151 [main] INFO  d.m.quorus.agent.config.AgentConfig -   Agent ID:             explicit-agent
11:49:45.151 [main] WARN  d.m.quorus.agent.config.AgentConfig -   Tenant ID:            NOT CONFIGURED
11:49:45.151 [main] INFO  d.m.quorus.agent.config.AgentConfig -   Agent Port:           8080
11:49:45.151 [main] INFO  d.m.quorus.agent.config.AgentConfig -   Controller URL:       https://localhost:8080/api/v1
11:49:45.151 [main] INFO  d.m.quorus.agent.config.AgentConfig -   Region:               default
11:49:45.151 [main] INFO  d.m.quorus.agent.config.AgentConfig -   Datacenter:           default
11:49:45.151 [main] INFO  d.m.quorus.agent.config.AgentConfig -   Supported Protocols:  HTTP,HTTPS
11:49:45.151 [main] INFO  d.m.quorus.agent.config.AgentConfig -   Version:              1.0.0
11:49:45.151 [main] INFO  d.m.quorus.agent.config.AgentConfig -   --- Transfer ---
11:49:45.151 [main] INFO  d.m.quorus.agent.config.AgentConfig -   Max Concurrent:       5
11:49:45.152 [main] INFO  d.m.quorus.agent.config.AgentConfig -   --- Heartbeat ---
11:49:45.152 [main] INFO  d.m.quorus.agent.config.AgentConfig -   Interval:             30000ms
11:49:45.152 [main] INFO  d.m.quorus.agent.config.AgentConfig -   --- Job Polling ---
11:49:45.152 [main] INFO  d.m.quorus.agent.config.AgentConfig -   Initial Delay:        5000ms
11:49:45.152 [main] INFO  d.m.quorus.agent.config.AgentConfig -   Poll Interval:        10000ms
11:49:45.152 [main] INFO  d.m.quorus.agent.config.AgentConfig -   --- Security ---
11:49:45.152 [main] INFO  d.m.quorus.agent.config.AgentConfig -   Foreign Assignment Threshold: 1
11:49:45.152 [main] INFO  d.m.quorus.agent.config.AgentConfig -   --- Telemetry ---
11:49:45.152 [main] INFO  d.m.quorus.agent.config.AgentConfig -   Enabled:              true
11:49:45.152 [main] INFO  d.m.quorus.agent.config.AgentConfig -   Prometheus Port:      9465
11:49:45.152 [main] INFO  d.m.quorus.agent.config.AgentConfig -   OTLP Endpoint:        http://localhost:4317
11:49:45.152 [main] INFO  d.m.quorus.agent.config.AgentConfig - ==================================
11:49:45.155 [main] INFO  d.m.quorus.agent.config.AgentConfig - Loaded configuration from quorus-agent.properties
11:49:45.156 [main] DEBUG d.m.quorus.agent.config.AgentConfig - Optional configuration profile quorus-agent-test.properties not found
11:49:45.156 [main] INFO  d.m.quorus.agent.config.AgentConfig - === Quorus Agent Configuration ===
11:49:45.156 [main] INFO  d.m.quorus.agent.config.AgentConfig -   Agent ID:             agent-one
11:49:45.156 [main] WARN  d.m.quorus.agent.config.AgentConfig -   Tenant ID:            NOT CONFIGURED
11:49:45.156 [main] INFO  d.m.quorus.agent.config.AgentConfig -   Agent Port:           8080
11:49:45.156 [main] INFO  d.m.quorus.agent.config.AgentConfig -   Controller URL:       https://localhost:8080/api/v1
11:49:45.156 [main] INFO  d.m.quorus.agent.config.AgentConfig -   Region:               default
11:49:45.156 [main] INFO  d.m.quorus.agent.config.AgentConfig -   Datacenter:           default
11:49:45.157 [main] INFO  d.m.quorus.agent.config.AgentConfig -   Supported Protocols:  HTTP,HTTPS
11:49:45.157 [main] INFO  d.m.quorus.agent.config.AgentConfig -   Version:              1.0.0
11:49:45.157 [main] INFO  d.m.quorus.agent.config.AgentConfig -   --- Transfer ---
11:49:45.157 [main] INFO  d.m.quorus.agent.config.AgentConfig -   Max Concurrent:       5
11:49:45.157 [main] INFO  d.m.quorus.agent.config.AgentConfig -   --- Heartbeat ---
11:49:45.157 [main] INFO  d.m.quorus.agent.config.AgentConfig -   Interval:             30000ms
11:49:45.158 [main] INFO  d.m.quorus.agent.config.AgentConfig -   --- Job Polling ---
11:49:45.159 [main] INFO  d.m.quorus.agent.config.AgentConfig -   Initial Delay:        5000ms
11:49:45.159 [main] INFO  d.m.quorus.agent.config.AgentConfig -   Poll Interval:        10000ms
11:49:45.160 [main] INFO  d.m.quorus.agent.config.AgentConfig -   --- Security ---
11:49:45.160 [main] INFO  d.m.quorus.agent.config.AgentConfig -   Foreign Assignment Threshold: 1
11:49:45.160 [main] INFO  d.m.quorus.agent.config.AgentConfig -   --- Telemetry ---
11:49:45.160 [main] INFO  d.m.quorus.agent.config.AgentConfig -   Enabled:              true
11:49:45.160 [main] INFO  d.m.quorus.agent.config.AgentConfig -   Prometheus Port:      9465
11:49:45.161 [main] INFO  d.m.quorus.agent.config.AgentConfig -   OTLP Endpoint:        http://localhost:4317
11:49:45.161 [main] INFO  d.m.quorus.agent.config.AgentConfig - ==================================
11:49:45.162 [main] INFO  d.m.quorus.agent.config.AgentConfig - Loaded configuration from quorus-agent.properties
11:49:45.163 [main] DEBUG d.m.quorus.agent.config.AgentConfig - Optional configuration profile quorus-agent-test.properties not found
11:49:45.164 [main] INFO  d.m.quorus.agent.config.AgentConfig - === Quorus Agent Configuration ===
11:49:45.164 [main] INFO  d.m.quorus.agent.config.AgentConfig -   Agent ID:             agent-two
11:49:45.164 [main] WARN  d.m.quorus.agent.config.AgentConfig -   Tenant ID:            NOT CONFIGURED
11:49:45.164 [main] INFO  d.m.quorus.agent.config.AgentConfig -   Agent Port:           8080
11:49:45.164 [main] INFO  d.m.quorus.agent.config.AgentConfig -   Controller URL:       https://localhost:8080/api/v1
11:49:45.164 [main] INFO  d.m.quorus.agent.config.AgentConfig -   Region:               default
11:49:45.164 [main] INFO  d.m.quorus.agent.config.AgentConfig -   Datacenter:           default
11:49:45.164 [main] INFO  d.m.quorus.agent.config.AgentConfig -   Supported Protocols:  HTTP,HTTPS
11:49:45.164 [main] INFO  d.m.quorus.agent.config.AgentConfig -   Version:              1.0.0
11:49:45.164 [main] INFO  d.m.quorus.agent.config.AgentConfig -   --- Transfer ---
11:49:45.164 [main] INFO  d.m.quorus.agent.config.AgentConfig -   Max Concurrent:       5
11:49:45.164 [main] INFO  d.m.quorus.agent.config.AgentConfig -   --- Heartbeat ---
11:49:45.165 [main] INFO  d.m.quorus.agent.config.AgentConfig -   Interval:             30000ms
11:49:45.165 [main] INFO  d.m.quorus.agent.config.AgentConfig -   --- Job Polling ---
11:49:45.165 [main] INFO  d.m.quorus.agent.config.AgentConfig -   Initial Delay:        5000ms
11:49:45.165 [main] INFO  d.m.quorus.agent.config.AgentConfig -   Poll Interval:        10000ms
11:49:45.165 [main] INFO  d.m.quorus.agent.config.AgentConfig -   --- Security ---
11:49:45.165 [main] INFO  d.m.quorus.agent.config.AgentConfig -   Foreign Assignment Threshold: 1
11:49:45.165 [main] INFO  d.m.quorus.agent.config.AgentConfig -   --- Telemetry ---
11:49:45.165 [main] INFO  d.m.quorus.agent.config.AgentConfig -   Enabled:              true
11:49:45.165 [main] INFO  d.m.quorus.agent.config.AgentConfig -   Prometheus Port:      9465
11:49:45.165 [main] INFO  d.m.quorus.agent.config.AgentConfig -   OTLP Endpoint:        http://localhost:4317
11:49:45.165 [main] INFO  d.m.quorus.agent.config.AgentConfig - ==================================
11:49:45.171 [main] INFO  d.m.quorus.agent.config.AgentConfig - Loaded configuration from quorus-agent.properties
11:49:45.171 [main] DEBUG d.m.quorus.agent.config.AgentConfig - Optional configuration profile quorus-agent-test.properties not found
11:49:45.172 [main] INFO  d.m.quorus.agent.config.AgentConfig - === Quorus Agent Configuration ===
11:49:45.172 [main] WARN  d.m.quorus.agent.config.AgentConfig - Agent ID not configured, derived from hostname: agent-NUC10A
11:49:45.172 [main] INFO  d.m.quorus.agent.config.AgentConfig -   Agent ID:             agent-NUC10A
11:49:45.172 [main] WARN  d.m.quorus.agent.config.AgentConfig -   Tenant ID:            NOT CONFIGURED
11:49:45.172 [main] INFO  d.m.quorus.agent.config.AgentConfig -   Agent Port:           8080
11:49:45.172 [main] INFO  d.m.quorus.agent.config.AgentConfig -   Controller URL:       https://localhost:8080/api/v1
11:49:45.172 [main] INFO  d.m.quorus.agent.config.AgentConfig -   Region:               default
11:49:45.172 [main] INFO  d.m.quorus.agent.config.AgentConfig -   Datacenter:           default
11:49:45.172 [main] INFO  d.m.quorus.agent.config.AgentConfig -   Supported Protocols:  HTTP,HTTPS
11:49:45.172 [main] INFO  d.m.quorus.agent.config.AgentConfig -   Version:              1.0.0
11:49:45.176 [main] INFO  d.m.quorus.agent.config.AgentConfig -   --- Transfer ---
11:49:45.178 [main] INFO  d.m.quorus.agent.config.AgentConfig -   Max Concurrent:       5
11:49:45.178 [main] INFO  d.m.quorus.agent.config.AgentConfig -   --- Heartbeat ---
11:49:45.178 [main] INFO  d.m.quorus.agent.config.AgentConfig -   Interval:             30000ms
11:49:45.178 [main] INFO  d.m.quorus.agent.config.AgentConfig -   --- Job Polling ---
11:49:45.178 [main] INFO  d.m.quorus.agent.config.AgentConfig -   Initial Delay:        5000ms
11:49:45.178 [main] INFO  d.m.quorus.agent.config.AgentConfig -   Poll Interval:        10000ms
11:49:45.178 [main] INFO  d.m.quorus.agent.config.AgentConfig -   --- Security ---
11:49:45.179 [main] INFO  d.m.quorus.agent.config.AgentConfig -   Foreign Assignment Threshold: 1
11:49:45.179 [main] INFO  d.m.quorus.agent.config.AgentConfig -   --- Telemetry ---
11:49:45.179 [main] INFO  d.m.quorus.agent.config.AgentConfig -   Enabled:              true
11:49:45.179 [main] INFO  d.m.quorus.agent.config.AgentConfig -   Prometheus Port:      9465
11:49:45.179 [main] INFO  d.m.quorus.agent.config.AgentConfig -   OTLP Endpoint:        http://localhost:4317
11:49:45.179 [main] INFO  d.m.quorus.agent.config.AgentConfig - ==================================
11:49:45.186 [main] INFO  d.m.quorus.agent.config.AgentConfig - Loaded configuration from quorus-agent.properties
11:49:45.187 [main] DEBUG d.m.quorus.agent.config.AgentConfig - Optional configuration profile quorus-agent-test.properties not found
11:49:45.187 [main] INFO  d.m.quorus.agent.config.AgentConfig - === Quorus Agent Configuration ===
11:49:45.188 [main] INFO  d.m.quorus.agent.config.AgentConfig -   Agent ID:             legacy-agent
11:49:45.188 [main] INFO  d.m.quorus.agent.config.AgentConfig -   Tenant ID:            legacy-tenant
11:49:45.188 [main] INFO  d.m.quorus.agent.config.AgentConfig -   Agent Port:           8080
11:49:45.188 [main] INFO  d.m.quorus.agent.config.AgentConfig -   Controller URL:       https://localhost:8080/api/v1
11:49:45.188 [main] INFO  d.m.quorus.agent.config.AgentConfig -   Region:               default
11:49:45.188 [main] INFO  d.m.quorus.agent.config.AgentConfig -   Datacenter:           default
11:49:45.188 [main] INFO  d.m.quorus.agent.config.AgentConfig -   Supported Protocols:  HTTP,HTTPS
11:49:45.188 [main] INFO  d.m.quorus.agent.config.AgentConfig -   Version:              1.0.0
11:49:45.188 [main] INFO  d.m.quorus.agent.config.AgentConfig -   --- Transfer ---
11:49:45.189 [main] INFO  d.m.quorus.agent.config.AgentConfig -   Max Concurrent:       5
11:49:45.189 [main] INFO  d.m.quorus.agent.config.AgentConfig -   --- Heartbeat ---
11:49:45.189 [main] INFO  d.m.quorus.agent.config.AgentConfig -   Interval:             15000ms
11:49:45.189 [main] INFO  d.m.quorus.agent.config.AgentConfig -   --- Job Polling ---
11:49:45.189 [main] INFO  d.m.quorus.agent.config.AgentConfig -   Initial Delay:        5000ms
11:49:45.189 [main] INFO  d.m.quorus.agent.config.AgentConfig -   Poll Interval:        10000ms
11:49:45.189 [main] INFO  d.m.quorus.agent.config.AgentConfig -   --- Security ---
11:49:45.189 [main] INFO  d.m.quorus.agent.config.AgentConfig -   Foreign Assignment Threshold: 1
11:49:45.189 [main] INFO  d.m.quorus.agent.config.AgentConfig -   --- Telemetry ---
11:49:45.189 [main] INFO  d.m.quorus.agent.config.AgentConfig -   Enabled:              true
11:49:45.189 [main] INFO  d.m.quorus.agent.config.AgentConfig -   Prometheus Port:      9465
11:49:45.190 [main] INFO  d.m.quorus.agent.config.AgentConfig -   OTLP Endpoint:        http://localhost:4317
11:49:45.190 [main] INFO  d.m.quorus.agent.config.AgentConfig - ==================================
11:49:45.194 [main] INFO  d.m.quorus.agent.config.AgentConfig - Loaded configuration from quorus-agent.properties
11:49:45.195 [main] DEBUG d.m.quorus.agent.config.AgentConfig - Optional configuration profile quorus-agent-test.properties not found
11:49:45.195 [main] INFO  d.m.quorus.agent.config.AgentConfig - === Quorus Agent Configuration ===
11:49:45.196 [main] INFO  d.m.quorus.agent.config.AgentConfig -   Agent ID:             documented-agent
11:49:45.196 [main] WARN  d.m.quorus.agent.config.AgentConfig -   Tenant ID:            NOT CONFIGURED
11:49:45.196 [main] INFO  d.m.quorus.agent.config.AgentConfig -   Agent Port:           8080
11:49:45.196 [main] INFO  d.m.quorus.agent.config.AgentConfig -   Controller URL:       https://localhost:8080/api/v1
11:49:45.196 [main] INFO  d.m.quorus.agent.config.AgentConfig -   Region:               documented-region
11:49:45.196 [main] INFO  d.m.quorus.agent.config.AgentConfig -   Datacenter:           default
11:49:45.196 [main] INFO  d.m.quorus.agent.config.AgentConfig -   Supported Protocols:  HTTP,HTTPS
11:49:45.196 [main] INFO  d.m.quorus.agent.config.AgentConfig -   Version:              1.0.0
11:49:45.196 [main] INFO  d.m.quorus.agent.config.AgentConfig -   --- Transfer ---
11:49:45.196 [main] INFO  d.m.quorus.agent.config.AgentConfig -   Max Concurrent:       7
11:49:45.197 [main] INFO  d.m.quorus.agent.config.AgentConfig -   --- Heartbeat ---
11:49:45.197 [main] INFO  d.m.quorus.agent.config.AgentConfig -   Interval:             30000ms
11:49:45.197 [main] INFO  d.m.quorus.agent.config.AgentConfig -   --- Job Polling ---
11:49:45.197 [main] INFO  d.m.quorus.agent.config.AgentConfig -   Initial Delay:        5000ms
11:49:45.197 [main] INFO  d.m.quorus.agent.config.AgentConfig -   Poll Interval:        10000ms
11:49:45.197 [main] INFO  d.m.quorus.agent.config.AgentConfig -   --- Security ---
11:49:45.197 [main] INFO  d.m.quorus.agent.config.AgentConfig -   Foreign Assignment Threshold: 1
11:49:45.197 [main] INFO  d.m.quorus.agent.config.AgentConfig -   --- Telemetry ---
11:49:45.197 [main] INFO  d.m.quorus.agent.config.AgentConfig -   Enabled:              true
11:49:45.197 [main] INFO  d.m.quorus.agent.config.AgentConfig -   Prometheus Port:      9465
11:49:45.197 [main] INFO  d.m.quorus.agent.config.AgentConfig -   OTLP Endpoint:        http://localhost:4317
11:49:45.197 [main] INFO  d.m.quorus.agent.config.AgentConfig - ==================================
11:49:45.202 [main] INFO  d.m.quorus.agent.config.AgentConfig - Loaded configuration from quorus-agent.properties
11:49:45.202 [main] DEBUG d.m.quorus.agent.config.AgentConfig - Optional configuration profile quorus-agent-test.properties not found
11:49:45.202 [main] INFO  d.m.quorus.agent.config.AgentConfig - === Quorus Agent Configuration ===
11:49:45.202 [main] WARN  d.m.quorus.agent.config.AgentConfig - Agent ID not configured, derived from hostname: agent-NUC10A
11:49:45.202 [main] INFO  d.m.quorus.agent.config.AgentConfig -   Agent ID:             agent-NUC10A
11:49:45.203 [main] WARN  d.m.quorus.agent.config.AgentConfig -   Tenant ID:            NOT CONFIGURED
11:49:45.203 [main] INFO  d.m.quorus.agent.config.AgentConfig -   Agent Port:           8080
11:49:45.203 [main] INFO  d.m.quorus.agent.config.AgentConfig -   Controller URL:       https://localhost:8080/api/v1
11:49:45.203 [main] INFO  d.m.quorus.agent.config.AgentConfig -   Region:               default
11:49:45.203 [main] INFO  d.m.quorus.agent.config.AgentConfig -   Datacenter:           default
11:49:45.203 [main] INFO  d.m.quorus.agent.config.AgentConfig -   Supported Protocols:  HTTP,HTTPS
11:49:45.203 [main] INFO  d.m.quorus.agent.config.AgentConfig -   Version:              1.0.0
11:49:45.203 [main] INFO  d.m.quorus.agent.config.AgentConfig -   --- Transfer ---
11:49:45.203 [main] INFO  d.m.quorus.agent.config.AgentConfig -   Max Concurrent:       5
11:49:45.203 [main] INFO  d.m.quorus.agent.config.AgentConfig -   --- Heartbeat ---
11:49:45.203 [main] INFO  d.m.quorus.agent.config.AgentConfig -   Interval:             30000ms
11:49:45.203 [main] INFO  d.m.quorus.agent.config.AgentConfig -   --- Job Polling ---
11:49:45.203 [main] INFO  d.m.quorus.agent.config.AgentConfig -   Initial Delay:        5000ms
11:49:45.203 [main] INFO  d.m.quorus.agent.config.AgentConfig -   Poll Interval:        10000ms
11:49:45.203 [main] INFO  d.m.quorus.agent.config.AgentConfig -   --- Security ---
11:49:45.203 [main] INFO  d.m.quorus.agent.config.AgentConfig -   Foreign Assignment Threshold: 1
11:49:45.205 [main] INFO  d.m.quorus.agent.config.AgentConfig -   --- Telemetry ---
11:49:45.205 [main] INFO  d.m.quorus.agent.config.AgentConfig -   Enabled:              true
11:49:45.205 [main] INFO  d.m.quorus.agent.config.AgentConfig -   Prometheus Port:      19465
11:49:45.205 [main] INFO  d.m.quorus.agent.config.AgentConfig -   OTLP Endpoint:        http://localhost:4317
11:49:45.205 [main] INFO  d.m.quorus.agent.config.AgentConfig - ==================================
[INFO] Tests run: 11, Failures: 0, Errors: 0, Skipped: 0, Time elapsed: 0.105 s -- in dev.mars.quorus.agent.config.AgentConfigTest
[INFO] Running dev.mars.quorus.agent.config.AgentTransportSecurityTest
[ERROR] Tests run: 2, Failures: 1, Errors: 0, Skipped: 0, Time elapsed: 0.018 s <<< FAILURE! -- in dev.mars.quorus.agent.config.AgentTransportSecurityTest
[ERROR] dev.mars.quorus.agent.config.AgentTransportSecurityTest.defaultBuilderRejectsPlaintextController -- Time elapsed: 0.011 s <<< FAILURE!
org.opentest4j.AssertionFailedError: Expected java.lang.IllegalArgumentException to be thrown, but nothing was thrown.
	at org.junit.jupiter.api.AssertionFailureBuilder.build(AssertionFailureBuilder.java:152)
	at org.junit.jupiter.api.AssertThrows.assertThrows(AssertThrows.java:73)
	at org.junit.jupiter.api.AssertThrows.assertThrows(AssertThrows.java:35)
	at org.junit.jupiter.api.Assertions.assertThrows(Assertions.java:3128)
	at dev.mars.quorus.agent.config.AgentTransportSecurityTest.defaultBuilderRejectsPlaintextController(AgentTransportSecurityTest.java:17)
	at java.base/java.lang.reflect.Method.invoke(Method.java:565)
	at java.base/java.util.ArrayList.forEach(ArrayList.java:1604)
	at java.base/java.util.ArrayList.forEach(ArrayList.java:1604)

[INFO] Running dev.mars.quorus.agent.PreExecutionFailureIntegrationTest
11:49:45.529 [main] INFO  dev.mars.quorus.agent.QuorusAgent - Creating QuorusAgent with Vert.x instance: 2127092492 (using Vert.x timers, no ScheduledExecutorService)
11:49:45.529 [main] WARN  d.m.q.a.s.ControllerWebClientFactory - INSECURE DEVELOPMENT MODE: agent-to-controller traffic is plaintext
11:49:45.529 [main] DEBUG d.m.q.a.s.AgentRegistrationService - AgentRegistrationService initialized with Vert.x WebClient (connectTimeout=5000ms, idleTimeout=500ms)
11:49:45.530 [main] WARN  d.m.q.a.s.ControllerWebClientFactory - INSECURE DEVELOPMENT MODE: agent-to-controller traffic is plaintext
11:49:45.530 [main] DEBUG d.m.q.agent.service.HeartbeatService - HeartbeatService initialized with Vert.x WebClient (connectTimeout=5000ms, idleTimeout=500ms)
11:49:45.530 [main] DEBUG d.m.q.transfer.SimpleTransferEngine - Initializing SimpleTransferEngine: maxConcurrent=5, maxRetries=3, retryDelay=1000ms
11:49:45.530 [main] DEBUG d.m.quorus.protocol.ProtocolFactory - Initializing ProtocolFactory with Vert.x instance
11:49:45.530 [main] DEBUG d.m.quorus.protocol.ProtocolFactory - Registering default transfer protocols
11:49:45.530 [main] DEBUG d.m.quorus.protocol.ProtocolFactory - Creating HttpTransferProtocol instance
11:49:45.530 [main] INFO  d.m.q.protocol.HttpTransferProtocol - HttpTransferProtocol initialized: connectTimeout=30000ms, readTimeout=60000ms, maxFileSize=10737418240 bytes
11:49:45.530 [main] DEBUG d.m.q.protocol.HttpTransferProtocol - HttpTransferProtocol created with Vert.x Web Client (reactive mode)
11:49:45.530 [main] INFO  d.m.quorus.protocol.ProtocolFactory - Registered protocol: http
11:49:45.530 [main] DEBUG d.m.quorus.protocol.ProtocolFactory - Protocol details: name=http, class=HttpTransferProtocol, supportsResume=false, supportsPause=true
11:49:45.531 [main] INFO  d.m.quorus.protocol.ProtocolFactory - Registered protocol alias: https -> http
11:49:45.531 [main] DEBUG d.m.quorus.protocol.ProtocolFactory - Creating SmbTransferProtocol instance
11:49:45.531 [main] INFO  d.m.quorus.protocol.ProtocolFactory - Registered protocol: smb
11:49:45.531 [main] DEBUG d.m.quorus.protocol.ProtocolFactory - Protocol details: name=smb, class=SmbTransferProtocol, supportsResume=false, supportsPause=false
11:49:45.531 [main] INFO  d.m.quorus.protocol.ProtocolFactory - Registered protocol alias: cifs -> smb
11:49:45.531 [main] DEBUG d.m.quorus.protocol.ProtocolFactory - Creating FtpTransferProtocol instance
11:49:45.531 [main] INFO  d.m.quorus.protocol.ProtocolFactory - Registered protocol: ftp
11:49:45.531 [main] DEBUG d.m.quorus.protocol.ProtocolFactory - Protocol details: name=ftp, class=FtpTransferProtocol, supportsResume=false, supportsPause=false
11:49:45.531 [main] INFO  d.m.quorus.protocol.ProtocolFactory - Registered protocol alias: ftps -> ftp
11:49:45.531 [main] DEBUG d.m.quorus.protocol.ProtocolFactory - Creating SftpTransferProtocol instance
11:49:45.531 [main] INFO  d.m.quorus.protocol.ProtocolFactory - Registered protocol: sftp
11:49:45.531 [main] DEBUG d.m.quorus.protocol.ProtocolFactory - Protocol details: name=sftp, class=SftpTransferProtocol, supportsResume=false, supportsPause=false
11:49:45.531 [main] DEBUG d.m.quorus.protocol.ProtocolFactory - Creating NfsTransferProtocol instance
11:49:45.531 [main] DEBUG d.m.q.protocol.NfsTransferProtocol - NfsTransferProtocol initialized with mountRoot=C:\nfs
11:49:45.531 [main] INFO  d.m.quorus.protocol.ProtocolFactory - Registered protocol: nfs
11:49:45.531 [main] DEBUG d.m.quorus.protocol.ProtocolFactory - Protocol details: name=nfs, class=NfsTransferProtocol, supportsResume=false, supportsPause=false
11:49:45.531 [main] INFO  d.m.quorus.protocol.ProtocolFactory - Registered default transfer protocols: count=8, schemes=ftps, ftp, http, smb, sftp, nfs, https, cifs
11:49:45.531 [main] INFO  d.m.q.transfer.SimpleTransferEngine - SimpleTransferEngine initialized with 5 max concurrent transfers (reactive mode, OpenTelemetry enabled)
11:49:45.531 [main] DEBUG d.m.q.transfer.SimpleTransferEngine - SimpleTransferEngine initialization complete - startTime=2026-09-05T03:49:45.531620200Z
11:49:45.531 [main] INFO  d.m.q.a.s.TransferExecutionService - TransferExecutionService initialized (Vert.x reactive mode)
11:49:45.531 [main] WARN  d.m.q.a.s.ControllerWebClientFactory - INSECURE DEVELOPMENT MODE: agent-to-controller traffic is plaintext
11:49:45.532 [main] DEBUG d.m.q.a.service.JobPollingService - JobPollingService initialized with Vert.x WebClient (connectTimeout=5000ms, idleTimeout=500ms)
11:49:45.532 [main] WARN  d.m.q.a.s.ControllerWebClientFactory - INSECURE DEVELOPMENT MODE: agent-to-controller traffic is plaintext
11:49:45.532 [main] DEBUG d.m.q.a.s.JobStatusReportingService - JobStatusReportingService initialized with Vert.x WebClient (connectTimeout=5000ms, idleTimeout=500ms)
11:49:45.532 [main] INFO  d.m.q.a.observability.AgentMetrics - AgentMetrics initialized for agent: payments-agent
11:49:45.532 [main] INFO  dev.mars.quorus.agent.QuorusAgent - Quorus Agent initialized: payments-agent (reactive mode with OpenTelemetry)
11:49:45.532 [main] INFO  dev.mars.quorus.agent.QuorusAgent - Foreign-assignment mismatch threshold configured to 3
11:49:45.532 [main] INFO  dev.mars.quorus.agent.QuorusAgent - Starting Quorus Agent services (Vert.x reactive mode)...
11:49:45.533 [main] INFO  d.m.q.a.s.AgentRegistrationService - Registering agent payments-agent with controller at http://localhost:58631/api/v1
11:49:45.534 [vert.x-eventloop-thread-0] INFO  d.m.q.agent.service.HealthService - Health service started on port 58632
11:49:45.546 [vert.x-eventloop-thread-0] INFO  d.m.q.a.s.AgentRegistrationService - Agent payments-agent registered successfully
11:49:45.546 [vert.x-eventloop-thread-0] INFO  dev.mars.quorus.agent.QuorusAgent - Agent registered successfully with controller
11:49:45.546 [vert.x-eventloop-thread-0] INFO  dev.mars.quorus.agent.QuorusAgent - Heartbeat service started (interval: 30000ms) [Vert.x timer ID: 5]
11:49:45.546 [vert.x-eventloop-thread-0] INFO  d.m.q.a.s.TransferExecutionService - Transfer execution service started with 5 max concurrent transfers
11:49:45.546 [vert.x-eventloop-thread-0] INFO  dev.mars.quorus.agent.QuorusAgent - Transfer execution service started
11:49:45.546 [vert.x-eventloop-thread-0] INFO  dev.mars.quorus.agent.QuorusAgent - Quorus Agent started successfully (reactive mode, 0 extra threads)
11:49:45.548 [vert.x-eventloop-thread-0] INFO  dev.mars.quorus.agent.QuorusAgent - Job polling started (interval: 20ms) [Vert.x timer ID: 7]
11:49:45.584 [vert.x-eventloop-thread-0] DEBUG d.m.q.a.service.JobPollingService - Polled for jobs: found 1 pending jobs
11:49:45.584 [vert.x-eventloop-thread-0] INFO  dev.mars.quorus.agent.QuorusAgent - Found 1 pending job(s)
11:49:45.590 [vert.x-eventloop-thread-0] INFO  dev.mars.quorus.agent.QuorusAgent - Processing job: settlement (null)
11:49:45.608 [vert.x-eventloop-thread-0] DEBUG d.m.q.a.service.JobPollingService - Polled for jobs: found 0 pending jobs
11:49:45.609 [vert.x-eventloop-thread-0] DEBUG dev.mars.quorus.agent.QuorusAgent - No pending jobs found
11:49:45.618 [vert.x-eventloop-thread-0] DEBUG d.m.q.a.service.JobPollingService - Polled for jobs: found 0 pending jobs
11:49:45.618 [vert.x-eventloop-thread-0] DEBUG dev.mars.quorus.agent.QuorusAgent - No pending jobs found
11:49:45.632 [vert.x-eventloop-thread-0] DEBUG d.m.q.a.service.JobPollingService - Polled for jobs: found 0 pending jobs
11:49:45.632 [vert.x-eventloop-thread-0] DEBUG dev.mars.quorus.agent.QuorusAgent - No pending jobs found
11:49:45.652 [vert.x-eventloop-thread-0] DEBUG d.m.q.a.service.JobPollingService - Polled for jobs: found 0 pending jobs
11:49:45.652 [vert.x-eventloop-thread-0] DEBUG dev.mars.quorus.agent.QuorusAgent - No pending jobs found
11:49:45.671 [vert.x-eventloop-thread-0] DEBUG d.m.q.a.service.JobPollingService - Polled for jobs: found 0 pending jobs
11:49:45.672 [vert.x-eventloop-thread-0] DEBUG dev.mars.quorus.agent.QuorusAgent - No pending jobs found
11:49:45.691 [vert.x-eventloop-thread-0] DEBUG d.m.q.a.service.JobPollingService - Polled for jobs: found 0 pending jobs
11:49:45.691 [vert.x-eventloop-thread-0] DEBUG dev.mars.quorus.agent.QuorusAgent - No pending jobs found
11:49:45.712 [vert.x-eventloop-thread-0] DEBUG d.m.q.a.service.JobPollingService - Polled for jobs: found 0 pending jobs
11:49:45.712 [vert.x-eventloop-thread-0] DEBUG dev.mars.quorus.agent.QuorusAgent - No pending jobs found
11:49:45.720 [vert.x-eventloop-thread-0] DEBUG d.m.q.a.s.JobStatusReportingService - Job status reported: settlement -> ACCEPTED
11:49:45.731 [vert.x-eventloop-thread-0] DEBUG d.m.q.a.s.JobStatusReportingService - Job status reported: settlement -> IN_PROGRESS
11:49:45.731 [vert.x-eventloop-thread-0] INFO  d.m.q.a.s.TransferExecutionService - Executing transfer: http://localhost:58631/in/settlement.dat -> file:///C:/Users/mraysmit/AppData/Local/Temp/junit-12493442425054026083/settlement.dat
11:49:45.731 [vert.x-eventloop-thread-0] DEBUG d.m.q.transfer.SimpleTransferEngine - submitTransfer: request=settlement, protocol=http, direction=DOWNLOAD (Remote -> Local)
11:49:45.732 [vert.x-eventloop-thread-0] DEBUG d.m.quorus.protocol.ProtocolFactory - isProtocolSupported: protocol=http, supported=true
11:49:45.732 [vert.x-eventloop-thread-0] DEBUG d.m.quorus.protocol.ProtocolFactory - Protocol found: name=http, implementation=HttpTransferProtocol
11:49:45.732 [vert.x-eventloop-thread-0] DEBUG d.m.q.protocol.HttpTransferProtocol - canHandle: HTTP download check, scheme=http, canHandle=true
11:49:45.732 [vert.x-eventloop-thread-0] DEBUG d.m.q.transfer.SimpleTransferEngine - validateTransferRequest: request settlement validated successfully (direction=DOWNLOAD (Remote -> Local), protocol=http)
11:49:45.732 [vert.x-eventloop-thread-0] DEBUG d.m.q.transfer.SimpleTransferEngine - submitTransfer: creating job and context
11:49:45.734 [vert.x-eventloop-thread-0] DEBUG d.m.q.transfer.SimpleTransferEngine - submitTransfer: job registered, activeJobs=1
11:49:45.734 [vert.x-eventloop-thread-0] DEBUG d.m.q.transfer.SimpleTransferEngine - submitTransfer: executing transfer via reactive pipeline
11:49:45.736 [vert.x-eventloop-thread-0] INFO  d.m.q.transfer.SimpleTransferEngine - Transfer submitted: settlement
11:49:45.736 [vert.x-eventloop-thread-0] DEBUG d.m.q.transfer.SimpleTransferEngine - submitTransfer: complete, future registered
11:49:45.737 [vert.x-eventloop-thread-0] INFO  d.m.q.transfer.SimpleTransferEngine - Starting DOWNLOAD (Remote -> Local) transfer: settlement
11:49:45.738 [vert.x-eventloop-thread-0] DEBUG d.m.q.transfer.SimpleTransferEngine - executeTransfer: starting for jobId=settlement, protocol=http, direction=DOWNLOAD (Remote -> Local), sourceUri=http://localhost:58631/in/settlement.dat, destinationUri=file:///C:/Users/mraysmit/AppData/Local/Temp/junit-12493442425054026083/settlement.dat
11:49:45.760 [vert.x-eventloop-thread-0] DEBUG d.m.q.transfer.SimpleTransferEngine - executeTransfer: attempt 1 of 4 for jobId=settlement
11:49:45.761 [vert.x-eventloop-thread-0] DEBUG d.m.quorus.protocol.ProtocolFactory - Protocol found: name=http, implementation=HttpTransferProtocol
11:49:45.761 [vert.x-eventloop-thread-0] DEBUG d.m.q.protocol.HttpTransferProtocol - canHandle: HTTP download check, scheme=http, canHandle=true
11:49:45.762 [vert.x-eventloop-thread-0] DEBUG d.m.q.protocol.HttpTransferProtocol - Starting reactive HTTP transfer: jobId=settlement, direction=DOWNLOAD (Remote -> Local)
11:49:45.762 [vert.x-eventloop-thread-0] DEBUG d.m.q.protocol.HttpTransferProtocol - Validating HTTP transfer request: requestId=settlement
11:49:45.762 [vert.x-eventloop-thread-0] DEBUG d.m.q.protocol.HttpTransferProtocol - canHandle: HTTP download check, scheme=http, canHandle=true
11:49:45.762 [vert.x-eventloop-thread-0] DEBUG d.m.q.protocol.HttpTransferProtocol - Request validation passed
11:49:45.763 [vert.x-eventloop-thread-0] DEBUG d.m.q.protocol.HttpTransferProtocol - Routing to HTTP download handler
11:49:45.763 [vert.x-eventloop-thread-0] DEBUG d.m.q.protocol.HttpTransferProtocol - HTTP download: destination=C:\Users\mraysmit\AppData\Local\Temp\junit-12493442425054026083\settlement.dat, tempFile=C:\Users\mraysmit\AppData\Local\Temp\junit-12493442425054026083\settlement.dat.tmp
11:49:45.763 [vert.x-eventloop-thread-0] DEBUG d.m.q.protocol.HttpTransferProtocol - Created destination directory: C:\Users\mraysmit\AppData\Local\Temp\junit-12493442425054026083
11:49:45.764 [vert.x-eventloop-thread-0] INFO  d.m.q.protocol.HttpTransferProtocol - Starting reactive HTTP download from http://localhost:58631/in/settlement.dat
11:49:45.771 [vert.x-eventloop-thread-0] DEBUG d.m.q.a.service.JobPollingService - Polled for jobs: found 0 pending jobs
11:49:45.771 [vert.x-eventloop-thread-0] DEBUG dev.mars.quorus.agent.QuorusAgent - No pending jobs found
11:49:45.776 [vert.x-eventloop-thread-0] DEBUG d.m.q.protocol.HttpTransferProtocol - HTTP response received: statusCode=200, statusMessage=OK
11:49:45.776 [vert.x-eventloop-thread-0] DEBUG d.m.q.protocol.HttpTransferProtocol - Response body received: 7 bytes
11:49:45.776 [vert.x-eventloop-thread-0] DEBUG d.m.q.protocol.HttpTransferProtocol - Calculating checksum for downloaded content
11:49:45.778 [vert.x-eventloop-thread-0] DEBUG d.m.q.protocol.HttpTransferProtocol - Checksum calculated: 040ffd5925d40e11c67b7238a7fc9957850b8b9a46e9729fab88c24d6a98aff2
11:49:45.778 [vert.x-eventloop-thread-0] DEBUG d.m.q.protocol.HttpTransferProtocol - Writing 7 bytes to temp file: C:\Users\mraysmit\AppData\Local\Temp\junit-12493442425054026083\settlement.dat.tmp
11:49:45.782 [vert.x-eventloop-thread-0] DEBUG d.m.q.a.service.JobPollingService - Polled for jobs: found 0 pending jobs
11:49:45.782 [vert.x-eventloop-thread-0] DEBUG dev.mars.quorus.agent.QuorusAgent - No pending jobs found
11:49:45.783 [vert.x-eventloop-thread-0] DEBUG d.m.q.protocol.HttpTransferProtocol - Moving temp file to destination: C:\Users\mraysmit\AppData\Local\Temp\junit-12493442425054026083\settlement.dat.tmp -> C:\Users\mraysmit\AppData\Local\Temp\junit-12493442425054026083\settlement.dat
11:49:45.787 [vert.x-eventloop-thread-0] DEBUG d.m.q.a.service.JobPollingService - Polled for jobs: found 0 pending jobs
11:49:45.787 [vert.x-eventloop-thread-0] DEBUG dev.mars.quorus.agent.QuorusAgent - No pending jobs found
11:49:45.788 [vert.x-eventloop-thread-0] INFO  d.m.q.protocol.HttpTransferProtocol - HTTP download completed: jobId=settlement, bytesTransferred=7, checksum=040ffd5925d40e11c67b7238a7fc9957850b8b9a46e9729fab88c24d6a98aff2
11:49:45.789 [vert.x-eventloop-thread-0] INFO  d.m.q.transfer.SimpleTransferEngine - DOWNLOAD (Remote -> Local) transfer completed successfully: settlement
11:49:45.790 [vert.x-eventloop-thread-0] DEBUG d.m.q.transfer.SimpleTransferEngine - submitTransfer: cleaning up job settlement from active collections
11:49:45.792 [vert.x-eventloop-thread-0] INFO  d.m.q.a.s.TransferExecutionService - Transfer completed successfully: settlement (7 bytes in 28ms)
11:49:45.792 [vert.x-eventloop-thread-0] INFO  dev.mars.quorus.agent.QuorusAgent - Transfer completed successfully: settlement (7 bytes in 28ms)
11:49:45.797 [vert.x-eventloop-thread-0] DEBUG d.m.q.a.s.JobStatusReportingService - Job status reported: settlement -> COMPLETED
11:49:45.799 [vert.x-eventloop-thread-0] DEBUG d.m.q.a.service.JobPollingService - Polled for jobs: found 0 pending jobs
11:49:45.799 [vert.x-eventloop-thread-0] DEBUG dev.mars.quorus.agent.QuorusAgent - No pending jobs found
11:49:45.810 [main] INFO  dev.mars.quorus.agent.QuorusAgent - Shutting down Quorus Agent (reactive mode)...
11:49:45.810 [main] INFO  dev.mars.quorus.agent.QuorusAgent - Heartbeat timer cancelled: true [ID: 5]
11:49:45.810 [main] INFO  dev.mars.quorus.agent.QuorusAgent - Job polling timer cancelled: true [ID: 7]
11:49:45.810 [main] INFO  d.m.q.a.s.TransferExecutionService - Shutting down transfer execution service...
11:49:45.810 [main] DEBUG d.m.q.transfer.SimpleTransferEngine - shutdown: initiating with timeout=30s
11:49:45.810 [main] INFO  d.m.q.transfer.SimpleTransferEngine - Shutting down transfer engine...
11:49:45.810 [main] DEBUG d.m.q.transfer.SimpleTransferEngine - shutdown: cancelling 0 active transfers
11:49:45.810 [main] DEBUG d.m.q.transfer.SimpleTransferEngine - awaitActiveTransfers: no active transfers
11:49:45.810 [main] INFO  d.m.q.transfer.SimpleTransferEngine - Transfer engine shutdown completed
11:49:45.810 [main] INFO  d.m.q.a.s.TransferExecutionService - Transfer execution service shutdown complete
11:49:45.810 [main] DEBUG d.m.q.agent.service.HeartbeatService - Shutting down HeartbeatService WebClient
11:49:45.810 [main] DEBUG d.m.q.a.service.JobPollingService - Shutting down JobPollingService WebClient
11:49:45.810 [main] DEBUG d.m.q.a.s.JobStatusReportingService - Shutting down JobStatusReportingService WebClient
11:49:45.813 [vert.x-eventloop-thread-0] ERROR d.m.q.a.service.JobPollingService - Error polling for jobs: Connection was closed
11:49:45.814 [vert.x-eventloop-thread-0] DEBUG dev.mars.quorus.agent.QuorusAgent - No pending jobs found
11:49:45.814 [vert.x-eventloop-thread-0] INFO  d.m.q.agent.service.HealthService - Health service stopped
11:49:45.814 [vert.x-eventloop-thread-0] INFO  d.m.q.a.s.AgentRegistrationService - Deregistering agent payments-agent from controller
11:49:45.818 [vert.x-eventloop-thread-0] INFO  d.m.q.a.s.AgentRegistrationService - Agent payments-agent deregistered successfully
11:49:45.818 [vert.x-eventloop-thread-0] INFO  dev.mars.quorus.agent.QuorusAgent - Agent deregistered from controller
11:49:45.819 [vert.x-eventloop-thread-0] INFO  dev.mars.quorus.agent.QuorusAgent - Quorus Agent shutdown complete (0 threads to cleanup)
11:49:45.922 [main] INFO  dev.mars.quorus.agent.QuorusAgent - Creating QuorusAgent with Vert.x instance: 1921185713 (using Vert.x timers, no ScheduledExecutorService)
11:49:45.922 [main] WARN  d.m.q.a.s.ControllerWebClientFactory - INSECURE DEVELOPMENT MODE: agent-to-controller traffic is plaintext
11:49:45.922 [main] DEBUG d.m.q.a.s.AgentRegistrationService - AgentRegistrationService initialized with Vert.x WebClient (connectTimeout=5000ms, idleTimeout=500ms)
11:49:45.922 [main] WARN  d.m.q.a.s.ControllerWebClientFactory - INSECURE DEVELOPMENT MODE: agent-to-controller traffic is plaintext
11:49:45.923 [main] DEBUG d.m.q.agent.service.HeartbeatService - HeartbeatService initialized with Vert.x WebClient (connectTimeout=5000ms, idleTimeout=500ms)
11:49:45.923 [main] DEBUG d.m.q.transfer.SimpleTransferEngine - Initializing SimpleTransferEngine: maxConcurrent=5, maxRetries=3, retryDelay=1000ms
11:49:45.923 [main] DEBUG d.m.quorus.protocol.ProtocolFactory - Initializing ProtocolFactory with Vert.x instance
11:49:45.923 [main] DEBUG d.m.quorus.protocol.ProtocolFactory - Registering default transfer protocols
11:49:45.923 [main] DEBUG d.m.quorus.protocol.ProtocolFactory - Creating HttpTransferProtocol instance
11:49:45.923 [main] INFO  d.m.q.protocol.HttpTransferProtocol - HttpTransferProtocol initialized: connectTimeout=30000ms, readTimeout=60000ms, maxFileSize=10737418240 bytes
11:49:45.923 [main] DEBUG d.m.q.protocol.HttpTransferProtocol - HttpTransferProtocol created with Vert.x Web Client (reactive mode)
11:49:45.923 [main] INFO  d.m.quorus.protocol.ProtocolFactory - Registered protocol: http
11:49:45.923 [main] DEBUG d.m.quorus.protocol.ProtocolFactory - Protocol details: name=http, class=HttpTransferProtocol, supportsResume=false, supportsPause=true
11:49:45.923 [main] INFO  d.m.quorus.protocol.ProtocolFactory - Registered protocol alias: https -> http
11:49:45.923 [main] DEBUG d.m.quorus.protocol.ProtocolFactory - Creating SmbTransferProtocol instance
11:49:45.923 [main] INFO  d.m.quorus.protocol.ProtocolFactory - Registered protocol: smb
11:49:45.923 [main] DEBUG d.m.quorus.protocol.ProtocolFactory - Protocol details: name=smb, class=SmbTransferProtocol, supportsResume=false, supportsPause=false
11:49:45.923 [main] INFO  d.m.quorus.protocol.ProtocolFactory - Registered protocol alias: cifs -> smb
11:49:45.923 [main] DEBUG d.m.quorus.protocol.ProtocolFactory - Creating FtpTransferProtocol instance
11:49:45.923 [main] INFO  d.m.quorus.protocol.ProtocolFactory - Registered protocol: ftp
11:49:45.923 [main] DEBUG d.m.quorus.protocol.ProtocolFactory - Protocol details: name=ftp, class=FtpTransferProtocol, supportsResume=false, supportsPause=false
11:49:45.923 [main] INFO  d.m.quorus.protocol.ProtocolFactory - Registered protocol alias: ftps -> ftp
11:49:45.923 [main] DEBUG d.m.quorus.protocol.ProtocolFactory - Creating SftpTransferProtocol instance
11:49:45.923 [main] INFO  d.m.quorus.protocol.ProtocolFactory - Registered protocol: sftp
11:49:45.923 [main] DEBUG d.m.quorus.protocol.ProtocolFactory - Protocol details: name=sftp, class=SftpTransferProtocol, supportsResume=false, supportsPause=false
11:49:45.923 [main] DEBUG d.m.quorus.protocol.ProtocolFactory - Creating NfsTransferProtocol instance
11:49:45.923 [main] DEBUG d.m.q.protocol.NfsTransferProtocol - NfsTransferProtocol initialized with mountRoot=C:\nfs
11:49:45.923 [main] INFO  d.m.quorus.protocol.ProtocolFactory - Registered protocol: nfs
11:49:45.923 [main] DEBUG d.m.quorus.protocol.ProtocolFactory - Protocol details: name=nfs, class=NfsTransferProtocol, supportsResume=false, supportsPause=false
11:49:45.923 [main] INFO  d.m.quorus.protocol.ProtocolFactory - Registered default transfer protocols: count=8, schemes=ftps, ftp, http, smb, sftp, nfs, https, cifs
11:49:45.923 [main] INFO  d.m.q.transfer.SimpleTransferEngine - SimpleTransferEngine initialized with 5 max concurrent transfers (reactive mode, OpenTelemetry enabled)
11:49:45.924 [main] DEBUG d.m.q.transfer.SimpleTransferEngine - SimpleTransferEngine initialization complete - startTime=2026-09-05T03:49:45.923084700Z
11:49:45.924 [main] INFO  d.m.q.a.s.TransferExecutionService - TransferExecutionService initialized (Vert.x reactive mode)
11:49:45.924 [main] WARN  d.m.q.a.s.ControllerWebClientFactory - INSECURE DEVELOPMENT MODE: agent-to-controller traffic is plaintext
11:49:45.924 [main] DEBUG d.m.q.a.service.JobPollingService - JobPollingService initialized with Vert.x WebClient (connectTimeout=5000ms, idleTimeout=500ms)
11:49:45.924 [main] WARN  d.m.q.a.s.ControllerWebClientFactory - INSECURE DEVELOPMENT MODE: agent-to-controller traffic is plaintext
11:49:45.924 [main] DEBUG d.m.q.a.s.JobStatusReportingService - JobStatusReportingService initialized with Vert.x WebClient (connectTimeout=5000ms, idleTimeout=500ms)
11:49:45.924 [main] INFO  d.m.q.a.observability.AgentMetrics - AgentMetrics initialized for agent: payments-agent
11:49:45.924 [main] INFO  dev.mars.quorus.agent.QuorusAgent - Quorus Agent initialized: payments-agent (reactive mode with OpenTelemetry)
11:49:45.924 [main] INFO  dev.mars.quorus.agent.QuorusAgent - Foreign-assignment mismatch threshold configured to 3
11:49:45.924 [main] INFO  dev.mars.quorus.agent.QuorusAgent - Starting Quorus Agent services (Vert.x reactive mode)...
11:49:45.925 [main] INFO  d.m.q.a.s.AgentRegistrationService - Registering agent payments-agent with controller at http://localhost:56201/api/v1
11:49:45.926 [vert.x-eventloop-thread-0] INFO  d.m.q.agent.service.HealthService - Health service started on port 56202
11:49:45.932 [vert.x-eventloop-thread-0] INFO  d.m.q.a.s.AgentRegistrationService - Agent payments-agent registered successfully
11:49:45.932 [vert.x-eventloop-thread-0] INFO  dev.mars.quorus.agent.QuorusAgent - Agent registered successfully with controller
11:49:45.932 [vert.x-eventloop-thread-0] INFO  dev.mars.quorus.agent.QuorusAgent - Heartbeat service started (interval: 30000ms) [Vert.x timer ID: 5]
11:49:45.932 [vert.x-eventloop-thread-0] INFO  d.m.q.a.s.TransferExecutionService - Transfer execution service started with 5 max concurrent transfers
11:49:45.933 [vert.x-eventloop-thread-0] INFO  dev.mars.quorus.agent.QuorusAgent - Transfer execution service started
11:49:45.933 [vert.x-eventloop-thread-0] INFO  dev.mars.quorus.agent.QuorusAgent - Quorus Agent started successfully (reactive mode, 0 extra threads)
11:49:45.935 [vert.x-eventloop-thread-0] INFO  dev.mars.quorus.agent.QuorusAgent - Job polling started (interval: 20ms) [Vert.x timer ID: 7]
11:49:45.962 [vert.x-eventloop-thread-0] DEBUG d.m.q.a.service.JobPollingService - Polled for jobs: found 1 pending jobs
11:49:45.962 [vert.x-eventloop-thread-0] INFO  dev.mars.quorus.agent.QuorusAgent - Found 1 pending job(s)
11:49:45.962 [vert.x-eventloop-thread-0] INFO  dev.mars.quorus.agent.QuorusAgent - Processing job: settlement (null)
11:49:45.968 [vert.x-eventloop-thread-0] DEBUG d.m.q.a.s.JobStatusReportingService - Job status reported: settlement -> ACCEPTED
11:49:45.980 [vert.x-eventloop-thread-0] DEBUG d.m.q.a.service.JobPollingService - Polled for jobs: found 0 pending jobs
11:49:45.980 [vert.x-eventloop-thread-0] DEBUG dev.mars.quorus.agent.QuorusAgent - No pending jobs found
11:49:45.999 [vert.x-eventloop-thread-0] DEBUG d.m.q.a.service.JobPollingService - Polled for jobs: found 0 pending jobs
11:49:45.999 [vert.x-eventloop-thread-0] DEBUG dev.mars.quorus.agent.QuorusAgent - No pending jobs found
11:49:46.017 [vert.x-eventloop-thread-0] DEBUG d.m.q.a.service.JobPollingService - Polled for jobs: found 0 pending jobs
11:49:46.018 [vert.x-eventloop-thread-0] DEBUG dev.mars.quorus.agent.QuorusAgent - No pending jobs found
11:49:46.039 [vert.x-eventloop-thread-0] DEBUG d.m.q.a.service.JobPollingService - Polled for jobs: found 0 pending jobs
11:49:46.039 [vert.x-eventloop-thread-0] DEBUG dev.mars.quorus.agent.QuorusAgent - No pending jobs found
11:49:46.058 [vert.x-eventloop-thread-0] DEBUG d.m.q.a.service.JobPollingService - Polled for jobs: found 0 pending jobs
11:49:46.059 [vert.x-eventloop-thread-0] DEBUG dev.mars.quorus.agent.QuorusAgent - No pending jobs found
11:49:46.077 [vert.x-eventloop-thread-0] DEBUG d.m.q.a.s.JobStatusReportingService - Job status reported: settlement -> IN_PROGRESS
11:49:46.077 [vert.x-eventloop-thread-0] INFO  d.m.q.a.s.TransferExecutionService - Executing transfer: http://localhost:56201/in/settlement.dat -> file:///C:/Users/mraysmit/AppData/Local/Temp/junit-9188600960714956918/settlement.dat
11:49:46.077 [vert.x-eventloop-thread-0] DEBUG d.m.q.transfer.SimpleTransferEngine - submitTransfer: request=settlement, protocol=http, direction=DOWNLOAD (Remote -> Local)
11:49:46.077 [vert.x-eventloop-thread-0] DEBUG d.m.quorus.protocol.ProtocolFactory - isProtocolSupported: protocol=http, supported=true
11:49:46.077 [vert.x-eventloop-thread-0] DEBUG d.m.quorus.protocol.ProtocolFactory - Protocol found: name=http, implementation=HttpTransferProtocol
11:49:46.077 [vert.x-eventloop-thread-0] DEBUG d.m.q.protocol.HttpTransferProtocol - canHandle: HTTP download check, scheme=http, canHandle=true
11:49:46.077 [vert.x-eventloop-thread-0] DEBUG d.m.q.transfer.SimpleTransferEngine - validateTransferRequest: request settlement validated successfully (direction=DOWNLOAD (Remote -> Local), protocol=http)
11:49:46.077 [vert.x-eventloop-thread-0] DEBUG d.m.q.transfer.SimpleTransferEngine - submitTransfer: creating job and context
11:49:46.078 [vert.x-eventloop-thread-0] DEBUG d.m.q.transfer.SimpleTransferEngine - submitTransfer: job registered, activeJobs=1
11:49:46.078 [vert.x-eventloop-thread-0] DEBUG d.m.q.transfer.SimpleTransferEngine - submitTransfer: executing transfer via reactive pipeline
11:49:46.078 [vert.x-eventloop-thread-0] INFO  d.m.q.transfer.SimpleTransferEngine - Transfer submitted: settlement
11:49:46.078 [vert.x-eventloop-thread-0] DEBUG d.m.q.transfer.SimpleTransferEngine - submitTransfer: complete, future registered
11:49:46.079 [vert.x-eventloop-thread-0] INFO  d.m.q.transfer.SimpleTransferEngine - Starting DOWNLOAD (Remote -> Local) transfer: settlement
11:49:46.079 [vert.x-eventloop-thread-0] DEBUG d.m.q.transfer.SimpleTransferEngine - executeTransfer: starting for jobId=settlement, protocol=http, direction=DOWNLOAD (Remote -> Local), sourceUri=http://localhost:56201/in/settlement.dat, destinationUri=file:///C:/Users/mraysmit/AppData/Local/Temp/junit-9188600960714956918/settlement.dat
11:49:46.079 [vert.x-eventloop-thread-0] DEBUG d.m.q.transfer.SimpleTransferEngine - executeTransfer: attempt 1 of 4 for jobId=settlement
11:49:46.079 [vert.x-eventloop-thread-0] DEBUG d.m.quorus.protocol.ProtocolFactory - Protocol found: name=http, implementation=HttpTransferProtocol
11:49:46.079 [vert.x-eventloop-thread-0] DEBUG d.m.q.protocol.HttpTransferProtocol - canHandle: HTTP download check, scheme=http, canHandle=true
11:49:46.080 [vert.x-eventloop-thread-0] DEBUG d.m.q.protocol.HttpTransferProtocol - Starting reactive HTTP transfer: jobId=settlement, direction=DOWNLOAD (Remote -> Local)
11:49:46.080 [vert.x-eventloop-thread-0] DEBUG d.m.q.protocol.HttpTransferProtocol - Validating HTTP transfer request: requestId=settlement
11:49:46.080 [vert.x-eventloop-thread-0] DEBUG d.m.q.protocol.HttpTransferProtocol - canHandle: HTTP download check, scheme=http, canHandle=true
11:49:46.080 [vert.x-eventloop-thread-0] DEBUG d.m.q.protocol.HttpTransferProtocol - Request validation passed
11:49:46.080 [vert.x-eventloop-thread-0] DEBUG d.m.q.protocol.HttpTransferProtocol - Routing to HTTP download handler
11:49:46.080 [vert.x-eventloop-thread-0] DEBUG d.m.q.protocol.HttpTransferProtocol - HTTP download: destination=C:\Users\mraysmit\AppData\Local\Temp\junit-9188600960714956918\settlement.dat, tempFile=C:\Users\mraysmit\AppData\Local\Temp\junit-9188600960714956918\settlement.dat.tmp
11:49:46.080 [vert.x-eventloop-thread-0] DEBUG d.m.q.protocol.HttpTransferProtocol - Created destination directory: C:\Users\mraysmit\AppData\Local\Temp\junit-9188600960714956918
11:49:46.081 [vert.x-eventloop-thread-0] INFO  d.m.q.protocol.HttpTransferProtocol - Starting reactive HTTP download from http://localhost:56201/in/settlement.dat
11:49:46.084 [vert.x-eventloop-thread-0] DEBUG d.m.q.a.service.JobPollingService - Polled for jobs: found 0 pending jobs
11:49:46.084 [vert.x-eventloop-thread-0] DEBUG dev.mars.quorus.agent.QuorusAgent - No pending jobs found
11:49:46.087 [vert.x-eventloop-thread-0] DEBUG d.m.q.protocol.HttpTransferProtocol - HTTP response received: statusCode=200, statusMessage=OK
11:49:46.087 [vert.x-eventloop-thread-0] DEBUG d.m.q.protocol.HttpTransferProtocol - Response body received: 7 bytes
11:49:46.087 [vert.x-eventloop-thread-0] DEBUG d.m.q.protocol.HttpTransferProtocol - Calculating checksum for downloaded content
11:49:46.088 [vert.x-eventloop-thread-0] DEBUG d.m.q.protocol.HttpTransferProtocol - Checksum calculated: 040ffd5925d40e11c67b7238a7fc9957850b8b9a46e9729fab88c24d6a98aff2
11:49:46.088 [vert.x-eventloop-thread-0] DEBUG d.m.q.protocol.HttpTransferProtocol - Writing 7 bytes to temp file: C:\Users\mraysmit\AppData\Local\Temp\junit-9188600960714956918\settlement.dat.tmp
11:49:46.090 [vert.x-eventloop-thread-0] DEBUG d.m.q.protocol.HttpTransferProtocol - Moving temp file to destination: C:\Users\mraysmit\AppData\Local\Temp\junit-9188600960714956918\settlement.dat.tmp -> C:\Users\mraysmit\AppData\Local\Temp\junit-9188600960714956918\settlement.dat
11:49:46.094 [vert.x-eventloop-thread-0] INFO  d.m.q.protocol.HttpTransferProtocol - HTTP download completed: jobId=settlement, bytesTransferred=7, checksum=040ffd5925d40e11c67b7238a7fc9957850b8b9a46e9729fab88c24d6a98aff2
11:49:46.094 [vert.x-eventloop-thread-0] INFO  d.m.q.transfer.SimpleTransferEngine - DOWNLOAD (Remote -> Local) transfer completed successfully: settlement
11:49:46.094 [vert.x-eventloop-thread-0] DEBUG d.m.q.transfer.SimpleTransferEngine - submitTransfer: cleaning up job settlement from active collections
11:49:46.094 [vert.x-eventloop-thread-0] INFO  d.m.q.a.s.TransferExecutionService - Transfer completed successfully: settlement (7 bytes in 13ms)
11:49:46.094 [vert.x-eventloop-thread-0] INFO  dev.mars.quorus.agent.QuorusAgent - Transfer completed successfully: settlement (7 bytes in 13ms)
11:49:46.099 [vert.x-eventloop-thread-0] DEBUG d.m.q.a.s.JobStatusReportingService - Job status reported: settlement -> COMPLETED
11:49:46.100 [main] INFO  dev.mars.quorus.agent.QuorusAgent - Shutting down Quorus Agent (reactive mode)...
11:49:46.100 [main] INFO  dev.mars.quorus.agent.QuorusAgent - Heartbeat timer cancelled: true [ID: 5]
11:49:46.100 [main] INFO  dev.mars.quorus.agent.QuorusAgent - Job polling timer cancelled: true [ID: 7]
11:49:46.100 [main] INFO  d.m.q.a.s.TransferExecutionService - Shutting down transfer execution service...
11:49:46.100 [main] DEBUG d.m.q.transfer.SimpleTransferEngine - shutdown: initiating with timeout=30s
11:49:46.100 [main] INFO  d.m.q.transfer.SimpleTransferEngine - Shutting down transfer engine...
11:49:46.100 [main] DEBUG d.m.q.transfer.SimpleTransferEngine - shutdown: cancelling 0 active transfers
11:49:46.100 [main] DEBUG d.m.q.transfer.SimpleTransferEngine - awaitActiveTransfers: no active transfers
11:49:46.100 [main] INFO  d.m.q.transfer.SimpleTransferEngine - Transfer engine shutdown completed
11:49:46.100 [main] INFO  d.m.q.a.s.TransferExecutionService - Transfer execution service shutdown complete
11:49:46.100 [main] DEBUG d.m.q.agent.service.HeartbeatService - Shutting down HeartbeatService WebClient
11:49:46.100 [main] DEBUG d.m.q.a.service.JobPollingService - Shutting down JobPollingService WebClient
11:49:46.102 [main] DEBUG d.m.q.a.s.JobStatusReportingService - Shutting down JobStatusReportingService WebClient
11:49:46.102 [vert.x-eventloop-thread-0] DEBUG d.m.q.a.service.JobPollingService - Polled for jobs: found 0 pending jobs
11:49:46.102 [vert.x-eventloop-thread-0] DEBUG dev.mars.quorus.agent.QuorusAgent - No pending jobs found
11:49:46.104 [vert.x-eventloop-thread-0] INFO  d.m.q.agent.service.HealthService - Health service stopped
11:49:46.104 [vert.x-eventloop-thread-0] INFO  d.m.q.a.s.AgentRegistrationService - Deregistering agent payments-agent from controller
11:49:46.107 [vert.x-eventloop-thread-0] INFO  d.m.q.a.s.AgentRegistrationService - Agent payments-agent deregistered successfully
11:49:46.108 [vert.x-eventloop-thread-0] INFO  dev.mars.quorus.agent.QuorusAgent - Agent deregistered from controller
11:49:46.108 [vert.x-eventloop-thread-0] INFO  dev.mars.quorus.agent.QuorusAgent - Quorus Agent shutdown complete (0 threads to cleanup)
11:49:46.202 [main] INFO  dev.mars.quorus.agent.QuorusAgent - Creating QuorusAgent with Vert.x instance: 851478032 (using Vert.x timers, no ScheduledExecutorService)
11:49:46.203 [main] WARN  d.m.q.a.s.ControllerWebClientFactory - INSECURE DEVELOPMENT MODE: agent-to-controller traffic is plaintext
11:49:46.203 [main] DEBUG d.m.q.a.s.AgentRegistrationService - AgentRegistrationService initialized with Vert.x WebClient (connectTimeout=5000ms, idleTimeout=500ms)
11:49:46.203 [main] WARN  d.m.q.a.s.ControllerWebClientFactory - INSECURE DEVELOPMENT MODE: agent-to-controller traffic is plaintext
11:49:46.203 [main] DEBUG d.m.q.agent.service.HeartbeatService - HeartbeatService initialized with Vert.x WebClient (connectTimeout=5000ms, idleTimeout=500ms)
11:49:46.203 [main] DEBUG d.m.q.transfer.SimpleTransferEngine - Initializing SimpleTransferEngine: maxConcurrent=5, maxRetries=3, retryDelay=1000ms
11:49:46.203 [main] DEBUG d.m.quorus.protocol.ProtocolFactory - Initializing ProtocolFactory with Vert.x instance
11:49:46.204 [main] DEBUG d.m.quorus.protocol.ProtocolFactory - Registering default transfer protocols
11:49:46.204 [main] DEBUG d.m.quorus.protocol.ProtocolFactory - Creating HttpTransferProtocol instance
11:49:46.204 [main] INFO  d.m.q.protocol.HttpTransferProtocol - HttpTransferProtocol initialized: connectTimeout=30000ms, readTimeout=60000ms, maxFileSize=10737418240 bytes
11:49:46.204 [main] DEBUG d.m.q.protocol.HttpTransferProtocol - HttpTransferProtocol created with Vert.x Web Client (reactive mode)
11:49:46.204 [main] INFO  d.m.quorus.protocol.ProtocolFactory - Registered protocol: http
11:49:46.204 [main] DEBUG d.m.quorus.protocol.ProtocolFactory - Protocol details: name=http, class=HttpTransferProtocol, supportsResume=false, supportsPause=true
11:49:46.204 [main] INFO  d.m.quorus.protocol.ProtocolFactory - Registered protocol alias: https -> http
11:49:46.204 [main] DEBUG d.m.quorus.protocol.ProtocolFactory - Creating SmbTransferProtocol instance
11:49:46.204 [main] INFO  d.m.quorus.protocol.ProtocolFactory - Registered protocol: smb
11:49:46.204 [main] DEBUG d.m.quorus.protocol.ProtocolFactory - Protocol details: name=smb, class=SmbTransferProtocol, supportsResume=false, supportsPause=false
11:49:46.204 [main] INFO  d.m.quorus.protocol.ProtocolFactory - Registered protocol alias: cifs -> smb
11:49:46.204 [main] DEBUG d.m.quorus.protocol.ProtocolFactory - Creating FtpTransferProtocol instance
11:49:46.204 [main] INFO  d.m.quorus.protocol.ProtocolFactory - Registered protocol: ftp
11:49:46.204 [main] DEBUG d.m.quorus.protocol.ProtocolFactory - Protocol details: name=ftp, class=FtpTransferProtocol, supportsResume=false, supportsPause=false
11:49:46.204 [main] INFO  d.m.quorus.protocol.ProtocolFactory - Registered protocol alias: ftps -> ftp
11:49:46.204 [main] DEBUG d.m.quorus.protocol.ProtocolFactory - Creating SftpTransferProtocol instance
11:49:46.204 [main] INFO  d.m.quorus.protocol.ProtocolFactory - Registered protocol: sftp
11:49:46.204 [main] DEBUG d.m.quorus.protocol.ProtocolFactory - Protocol details: name=sftp, class=SftpTransferProtocol, supportsResume=false, supportsPause=false
11:49:46.205 [main] DEBUG d.m.quorus.protocol.ProtocolFactory - Creating NfsTransferProtocol instance
11:49:46.205 [main] DEBUG d.m.q.protocol.NfsTransferProtocol - NfsTransferProtocol initialized with mountRoot=C:\nfs
11:49:46.205 [main] INFO  d.m.quorus.protocol.ProtocolFactory - Registered protocol: nfs
11:49:46.205 [main] DEBUG d.m.quorus.protocol.ProtocolFactory - Protocol details: name=nfs, class=NfsTransferProtocol, supportsResume=false, supportsPause=false
11:49:46.205 [main] INFO  d.m.quorus.protocol.ProtocolFactory - Registered default transfer protocols: count=8, schemes=ftps, ftp, http, smb, sftp, nfs, https, cifs
11:49:46.205 [main] INFO  d.m.q.transfer.SimpleTransferEngine - SimpleTransferEngine initialized with 5 max concurrent transfers (reactive mode, OpenTelemetry enabled)
11:49:46.205 [main] DEBUG d.m.q.transfer.SimpleTransferEngine - SimpleTransferEngine initialization complete - startTime=2026-09-05T03:49:46.205004400Z
11:49:46.205 [main] INFO  d.m.q.a.s.TransferExecutionService - TransferExecutionService initialized (Vert.x reactive mode)
11:49:46.205 [main] WARN  d.m.q.a.s.ControllerWebClientFactory - INSECURE DEVELOPMENT MODE: agent-to-controller traffic is plaintext
11:49:46.205 [main] DEBUG d.m.q.a.service.JobPollingService - JobPollingService initialized with Vert.x WebClient (connectTimeout=5000ms, idleTimeout=500ms)
11:49:46.205 [main] WARN  d.m.q.a.s.ControllerWebClientFactory - INSECURE DEVELOPMENT MODE: agent-to-controller traffic is plaintext
11:49:46.205 [main] DEBUG d.m.q.a.s.JobStatusReportingService - JobStatusReportingService initialized with Vert.x WebClient (connectTimeout=5000ms, idleTimeout=500ms)
11:49:46.205 [main] INFO  d.m.q.a.observability.AgentMetrics - AgentMetrics initialized for agent: payments-agent
11:49:46.205 [main] INFO  dev.mars.quorus.agent.QuorusAgent - Quorus Agent initialized: payments-agent (reactive mode with OpenTelemetry)
11:49:46.205 [main] INFO  dev.mars.quorus.agent.QuorusAgent - Foreign-assignment mismatch threshold configured to 3
11:49:46.205 [main] INFO  dev.mars.quorus.agent.QuorusAgent - Starting Quorus Agent services (Vert.x reactive mode)...
11:49:46.205 [main] INFO  d.m.q.a.s.AgentRegistrationService - Registering agent payments-agent with controller at http://localhost:63926/api/v1
11:49:46.207 [vert.x-eventloop-thread-0] INFO  d.m.q.agent.service.HealthService - Health service started on port 63927
11:49:46.215 [vert.x-eventloop-thread-0] INFO  d.m.q.a.s.AgentRegistrationService - Agent payments-agent registered successfully
11:49:46.215 [vert.x-eventloop-thread-0] INFO  dev.mars.quorus.agent.QuorusAgent - Agent registered successfully with controller
11:49:46.215 [vert.x-eventloop-thread-0] INFO  dev.mars.quorus.agent.QuorusAgent - Heartbeat service started (interval: 30000ms) [Vert.x timer ID: 5]
11:49:46.215 [vert.x-eventloop-thread-0] INFO  d.m.q.a.s.TransferExecutionService - Transfer execution service started with 5 max concurrent transfers
11:49:46.215 [vert.x-eventloop-thread-0] INFO  dev.mars.quorus.agent.QuorusAgent - Transfer execution service started
11:49:46.216 [vert.x-eventloop-thread-0] INFO  dev.mars.quorus.agent.QuorusAgent - Quorus Agent started successfully (reactive mode, 0 extra threads)
11:49:46.217 [vert.x-eventloop-thread-0] INFO  dev.mars.quorus.agent.QuorusAgent - Job polling started (interval: 20ms) [Vert.x timer ID: 7]
11:49:46.244 [vert.x-eventloop-thread-0] DEBUG d.m.q.a.service.JobPollingService - Polled for jobs: found 1 pending jobs
11:49:46.244 [vert.x-eventloop-thread-0] INFO  dev.mars.quorus.agent.QuorusAgent - Found 1 pending job(s)
11:49:46.244 [vert.x-eventloop-thread-0] INFO  dev.mars.quorus.agent.QuorusAgent - Processing job: settlement (null)
11:49:46.251 [vert.x-eventloop-thread-0] DEBUG d.m.q.a.s.JobStatusReportingService - Job status reported: settlement -> ACCEPTED
11:49:46.256 [vert.x-eventloop-thread-0] DEBUG d.m.q.a.s.JobStatusReportingService - Job status reported: settlement -> IN_PROGRESS
11:49:46.256 [vert.x-eventloop-thread-0] INFO  d.m.q.a.s.TransferExecutionService - Executing transfer: http://localhost:63926/in/settlement.dat -> file:///C:/Users/mraysmit/AppData/Local/Temp/junit-13215627809070414055/settlement.dat
11:49:46.256 [vert.x-eventloop-thread-0] DEBUG d.m.q.transfer.SimpleTransferEngine - submitTransfer: request=settlement, protocol=http, direction=DOWNLOAD (Remote -> Local)
11:49:46.256 [vert.x-eventloop-thread-0] DEBUG d.m.quorus.protocol.ProtocolFactory - isProtocolSupported: protocol=http, supported=true
11:49:46.256 [vert.x-eventloop-thread-0] DEBUG d.m.quorus.protocol.ProtocolFactory - Protocol found: name=http, implementation=HttpTransferProtocol
11:49:46.256 [vert.x-eventloop-thread-0] DEBUG d.m.q.protocol.HttpTransferProtocol - canHandle: HTTP download check, scheme=http, canHandle=true
11:49:46.256 [vert.x-eventloop-thread-0] DEBUG d.m.q.transfer.SimpleTransferEngine - validateTransferRequest: request settlement validated successfully (direction=DOWNLOAD (Remote -> Local), protocol=http)
11:49:46.257 [vert.x-eventloop-thread-0] DEBUG d.m.q.transfer.SimpleTransferEngine - submitTransfer: creating job and context
11:49:46.257 [vert.x-eventloop-thread-0] DEBUG d.m.q.transfer.SimpleTransferEngine - submitTransfer: job registered, activeJobs=1
11:49:46.257 [vert.x-eventloop-thread-0] DEBUG d.m.q.transfer.SimpleTransferEngine - submitTransfer: executing transfer via reactive pipeline
11:49:46.257 [vert.x-eventloop-thread-0] INFO  d.m.q.transfer.SimpleTransferEngine - Transfer submitted: settlement
11:49:46.257 [vert.x-eventloop-thread-0] DEBUG d.m.q.transfer.SimpleTransferEngine - submitTransfer: complete, future registered
11:49:46.257 [vert.x-eventloop-thread-0] INFO  d.m.q.transfer.SimpleTransferEngine - Starting DOWNLOAD (Remote -> Local) transfer: settlement
11:49:46.257 [vert.x-eventloop-thread-0] DEBUG d.m.q.transfer.SimpleTransferEngine - executeTransfer: starting for jobId=settlement, protocol=http, direction=DOWNLOAD (Remote -> Local), sourceUri=http://localhost:63926/in/settlement.dat, destinationUri=file:///C:/Users/mraysmit/AppData/Local/Temp/junit-13215627809070414055/settlement.dat
11:49:46.257 [vert.x-eventloop-thread-0] DEBUG d.m.q.transfer.SimpleTransferEngine - executeTransfer: attempt 1 of 4 for jobId=settlement
11:49:46.257 [vert.x-eventloop-thread-0] DEBUG d.m.quorus.protocol.ProtocolFactory - Protocol found: name=http, implementation=HttpTransferProtocol
11:49:46.257 [vert.x-eventloop-thread-0] DEBUG d.m.q.protocol.HttpTransferProtocol - canHandle: HTTP download check, scheme=http, canHandle=true
11:49:46.257 [vert.x-eventloop-thread-0] DEBUG d.m.q.protocol.HttpTransferProtocol - Starting reactive HTTP transfer: jobId=settlement, direction=DOWNLOAD (Remote -> Local)
11:49:46.257 [vert.x-eventloop-thread-0] DEBUG d.m.q.protocol.HttpTransferProtocol - Validating HTTP transfer request: requestId=settlement
11:49:46.257 [vert.x-eventloop-thread-0] DEBUG d.m.q.protocol.HttpTransferProtocol - canHandle: HTTP download check, scheme=http, canHandle=true
11:49:46.257 [vert.x-eventloop-thread-0] DEBUG d.m.q.protocol.HttpTransferProtocol - Request validation passed
11:49:46.257 [vert.x-eventloop-thread-0] DEBUG d.m.q.protocol.HttpTransferProtocol - Routing to HTTP download handler
11:49:46.257 [vert.x-eventloop-thread-0] DEBUG d.m.q.protocol.HttpTransferProtocol - HTTP download: destination=C:\Users\mraysmit\AppData\Local\Temp\junit-13215627809070414055\settlement.dat, tempFile=C:\Users\mraysmit\AppData\Local\Temp\junit-13215627809070414055\settlement.dat.tmp
11:49:46.258 [vert.x-eventloop-thread-0] DEBUG d.m.q.protocol.HttpTransferProtocol - Created destination directory: C:\Users\mraysmit\AppData\Local\Temp\junit-13215627809070414055
11:49:46.258 [vert.x-eventloop-thread-0] INFO  d.m.q.protocol.HttpTransferProtocol - Starting reactive HTTP download from http://localhost:63926/in/settlement.dat
11:49:46.266 [vert.x-eventloop-thread-0] DEBUG d.m.q.a.service.JobPollingService - Polled for jobs: found 0 pending jobs
11:49:46.266 [vert.x-eventloop-thread-0] DEBUG dev.mars.quorus.agent.QuorusAgent - No pending jobs found
11:49:46.266 [vert.x-eventloop-thread-0] DEBUG d.m.q.protocol.HttpTransferProtocol - HTTP response received: statusCode=200, statusMessage=OK
11:49:46.266 [vert.x-eventloop-thread-0] DEBUG d.m.q.protocol.HttpTransferProtocol - Response body received: 7 bytes
11:49:46.266 [vert.x-eventloop-thread-0] DEBUG d.m.q.protocol.HttpTransferProtocol - Calculating checksum for downloaded content
11:49:46.267 [vert.x-eventloop-thread-0] DEBUG d.m.q.protocol.HttpTransferProtocol - Checksum calculated: 040ffd5925d40e11c67b7238a7fc9957850b8b9a46e9729fab88c24d6a98aff2
11:49:46.267 [vert.x-eventloop-thread-0] DEBUG d.m.q.protocol.HttpTransferProtocol - Writing 7 bytes to temp file: C:\Users\mraysmit\AppData\Local\Temp\junit-13215627809070414055\settlement.dat.tmp
11:49:46.269 [vert.x-eventloop-thread-0] DEBUG d.m.q.protocol.HttpTransferProtocol - Moving temp file to destination: C:\Users\mraysmit\AppData\Local\Temp\junit-13215627809070414055\settlement.dat.tmp -> C:\Users\mraysmit\AppData\Local\Temp\junit-13215627809070414055\settlement.dat
11:49:46.273 [vert.x-eventloop-thread-0] INFO  d.m.q.protocol.HttpTransferProtocol - HTTP download completed: jobId=settlement, bytesTransferred=7, checksum=040ffd5925d40e11c67b7238a7fc9957850b8b9a46e9729fab88c24d6a98aff2
11:49:46.273 [vert.x-eventloop-thread-0] INFO  d.m.q.transfer.SimpleTransferEngine - DOWNLOAD (Remote -> Local) transfer completed successfully: settlement
11:49:46.273 [vert.x-eventloop-thread-0] DEBUG d.m.q.transfer.SimpleTransferEngine - submitTransfer: cleaning up job settlement from active collections
11:49:46.274 [vert.x-eventloop-thread-0] INFO  d.m.q.a.s.TransferExecutionService - Transfer completed successfully: settlement (7 bytes in 15ms)
11:49:46.274 [vert.x-eventloop-thread-0] INFO  dev.mars.quorus.agent.QuorusAgent - Transfer completed successfully: settlement (7 bytes in 15ms)
11:49:46.279 [vert.x-eventloop-thread-0] DEBUG d.m.q.a.service.JobPollingService - Polled for jobs: found 0 pending jobs
11:49:46.280 [vert.x-eventloop-thread-0] DEBUG dev.mars.quorus.agent.QuorusAgent - No pending jobs found
11:49:46.301 [vert.x-eventloop-thread-0] DEBUG d.m.q.a.service.JobPollingService - Polled for jobs: found 0 pending jobs
11:49:46.301 [vert.x-eventloop-thread-0] DEBUG dev.mars.quorus.agent.QuorusAgent - No pending jobs found
11:49:46.322 [vert.x-eventloop-thread-0] DEBUG d.m.q.a.service.JobPollingService - Polled for jobs: found 0 pending jobs
11:49:46.322 [vert.x-eventloop-thread-0] DEBUG dev.mars.quorus.agent.QuorusAgent - No pending jobs found
11:49:46.342 [vert.x-eventloop-thread-0] DEBUG d.m.q.a.service.JobPollingService - Polled for jobs: found 0 pending jobs
11:49:46.342 [vert.x-eventloop-thread-0] DEBUG dev.mars.quorus.agent.QuorusAgent - No pending jobs found
11:49:46.360 [vert.x-eventloop-thread-0] DEBUG d.m.q.a.service.JobPollingService - Polled for jobs: found 0 pending jobs
11:49:46.360 [vert.x-eventloop-thread-0] DEBUG dev.mars.quorus.agent.QuorusAgent - No pending jobs found
11:49:46.382 [vert.x-eventloop-thread-0] DEBUG d.m.q.a.service.JobPollingService - Polled for jobs: found 0 pending jobs
11:49:46.382 [vert.x-eventloop-thread-0] DEBUG dev.mars.quorus.agent.QuorusAgent - No pending jobs found
11:49:46.383 [vert.x-eventloop-thread-0] DEBUG d.m.q.a.s.JobStatusReportingService - Job status reported: settlement -> COMPLETED
11:49:46.383 [main] INFO  dev.mars.quorus.agent.QuorusAgent - Shutting down Quorus Agent (reactive mode)...
11:49:46.383 [main] INFO  dev.mars.quorus.agent.QuorusAgent - Heartbeat timer cancelled: true [ID: 5]
11:49:46.383 [main] INFO  dev.mars.quorus.agent.QuorusAgent - Job polling timer cancelled: true [ID: 7]
11:49:46.384 [main] INFO  d.m.q.a.s.TransferExecutionService - Shutting down transfer execution service...
11:49:46.384 [main] DEBUG d.m.q.transfer.SimpleTransferEngine - shutdown: initiating with timeout=30s
11:49:46.384 [main] INFO  d.m.q.transfer.SimpleTransferEngine - Shutting down transfer engine...
11:49:46.384 [main] DEBUG d.m.q.transfer.SimpleTransferEngine - shutdown: cancelling 0 active transfers
11:49:46.384 [main] DEBUG d.m.q.transfer.SimpleTransferEngine - awaitActiveTransfers: no active transfers
11:49:46.384 [main] INFO  d.m.q.transfer.SimpleTransferEngine - Transfer engine shutdown completed
11:49:46.384 [main] INFO  d.m.q.a.s.TransferExecutionService - Transfer execution service shutdown complete
11:49:46.384 [main] DEBUG d.m.q.agent.service.HeartbeatService - Shutting down HeartbeatService WebClient
11:49:46.384 [main] DEBUG d.m.q.a.service.JobPollingService - Shutting down JobPollingService WebClient
11:49:46.384 [main] DEBUG d.m.q.a.s.JobStatusReportingService - Shutting down JobStatusReportingService WebClient
11:49:46.385 [vert.x-eventloop-thread-0] INFO  d.m.q.agent.service.HealthService - Health service stopped
11:49:46.385 [vert.x-eventloop-thread-0] INFO  d.m.q.a.s.AgentRegistrationService - Deregistering agent payments-agent from controller
11:49:46.387 [vert.x-eventloop-thread-0] INFO  d.m.q.a.s.AgentRegistrationService - Agent payments-agent deregistered successfully
11:49:46.387 [vert.x-eventloop-thread-0] INFO  dev.mars.quorus.agent.QuorusAgent - Agent deregistered from controller
11:49:46.387 [vert.x-eventloop-thread-0] INFO  dev.mars.quorus.agent.QuorusAgent - Quorus Agent shutdown complete (0 threads to cleanup)
11:49:46.479 [main] INFO  dev.mars.quorus.agent.QuorusAgent - Creating QuorusAgent with Vert.x instance: 555984412 (using Vert.x timers, no ScheduledExecutorService)
11:49:46.479 [main] WARN  d.m.q.a.s.ControllerWebClientFactory - INSECURE DEVELOPMENT MODE: agent-to-controller traffic is plaintext
11:49:46.480 [main] DEBUG d.m.q.a.s.AgentRegistrationService - AgentRegistrationService initialized with Vert.x WebClient (connectTimeout=5000ms, idleTimeout=500ms)
11:49:46.480 [main] WARN  d.m.q.a.s.ControllerWebClientFactory - INSECURE DEVELOPMENT MODE: agent-to-controller traffic is plaintext
11:49:46.480 [main] DEBUG d.m.q.agent.service.HeartbeatService - HeartbeatService initialized with Vert.x WebClient (connectTimeout=5000ms, idleTimeout=500ms)
11:49:46.480 [main] DEBUG d.m.q.transfer.SimpleTransferEngine - Initializing SimpleTransferEngine: maxConcurrent=5, maxRetries=3, retryDelay=1000ms
11:49:46.481 [main] DEBUG d.m.quorus.protocol.ProtocolFactory - Initializing ProtocolFactory with Vert.x instance
11:49:46.481 [main] DEBUG d.m.quorus.protocol.ProtocolFactory - Registering default transfer protocols
11:49:46.481 [main] DEBUG d.m.quorus.protocol.ProtocolFactory - Creating HttpTransferProtocol instance
11:49:46.481 [main] INFO  d.m.q.protocol.HttpTransferProtocol - HttpTransferProtocol initialized: connectTimeout=30000ms, readTimeout=60000ms, maxFileSize=10737418240 bytes
11:49:46.481 [main] DEBUG d.m.q.protocol.HttpTransferProtocol - HttpTransferProtocol created with Vert.x Web Client (reactive mode)
11:49:46.481 [main] INFO  d.m.quorus.protocol.ProtocolFactory - Registered protocol: http
11:49:46.481 [main] DEBUG d.m.quorus.protocol.ProtocolFactory - Protocol details: name=http, class=HttpTransferProtocol, supportsResume=false, supportsPause=true
11:49:46.481 [main] INFO  d.m.quorus.protocol.ProtocolFactory - Registered protocol alias: https -> http
11:49:46.481 [main] DEBUG d.m.quorus.protocol.ProtocolFactory - Creating SmbTransferProtocol instance
11:49:46.481 [main] INFO  d.m.quorus.protocol.ProtocolFactory - Registered protocol: smb
11:49:46.481 [main] DEBUG d.m.quorus.protocol.ProtocolFactory - Protocol details: name=smb, class=SmbTransferProtocol, supportsResume=false, supportsPause=false
11:49:46.481 [main] INFO  d.m.quorus.protocol.ProtocolFactory - Registered protocol alias: cifs -> smb
11:49:46.481 [main] DEBUG d.m.quorus.protocol.ProtocolFactory - Creating FtpTransferProtocol instance
11:49:46.481 [main] INFO  d.m.quorus.protocol.ProtocolFactory - Registered protocol: ftp
11:49:46.481 [main] DEBUG d.m.quorus.protocol.ProtocolFactory - Protocol details: name=ftp, class=FtpTransferProtocol, supportsResume=false, supportsPause=false
11:49:46.481 [main] INFO  d.m.quorus.protocol.ProtocolFactory - Registered protocol alias: ftps -> ftp
11:49:46.481 [main] DEBUG d.m.quorus.protocol.ProtocolFactory - Creating SftpTransferProtocol instance
11:49:46.481 [main] INFO  d.m.quorus.protocol.ProtocolFactory - Registered protocol: sftp
11:49:46.481 [main] DEBUG d.m.quorus.protocol.ProtocolFactory - Protocol details: name=sftp, class=SftpTransferProtocol, supportsResume=false, supportsPause=false
11:49:46.481 [main] DEBUG d.m.quorus.protocol.ProtocolFactory - Creating NfsTransferProtocol instance
11:49:46.481 [main] DEBUG d.m.q.protocol.NfsTransferProtocol - NfsTransferProtocol initialized with mountRoot=C:\nfs
11:49:46.481 [main] INFO  d.m.quorus.protocol.ProtocolFactory - Registered protocol: nfs
11:49:46.481 [main] DEBUG d.m.quorus.protocol.ProtocolFactory - Protocol details: name=nfs, class=NfsTransferProtocol, supportsResume=false, supportsPause=false
11:49:46.481 [main] INFO  d.m.quorus.protocol.ProtocolFactory - Registered default transfer protocols: count=8, schemes=ftps, ftp, http, smb, sftp, nfs, https, cifs
11:49:46.482 [main] INFO  d.m.q.transfer.SimpleTransferEngine - SimpleTransferEngine initialized with 5 max concurrent transfers (reactive mode, OpenTelemetry enabled)
11:49:46.482 [main] DEBUG d.m.q.transfer.SimpleTransferEngine - SimpleTransferEngine initialization complete - startTime=2026-09-05T03:49:46.482527900Z
11:49:46.482 [main] INFO  d.m.q.a.s.TransferExecutionService - TransferExecutionService initialized (Vert.x reactive mode)
11:49:46.482 [main] WARN  d.m.q.a.s.ControllerWebClientFactory - INSECURE DEVELOPMENT MODE: agent-to-controller traffic is plaintext
11:49:46.482 [main] DEBUG d.m.q.a.service.JobPollingService - JobPollingService initialized with Vert.x WebClient (connectTimeout=5000ms, idleTimeout=500ms)
11:49:46.482 [main] WARN  d.m.q.a.s.ControllerWebClientFactory - INSECURE DEVELOPMENT MODE: agent-to-controller traffic is plaintext
11:49:46.483 [main] DEBUG d.m.q.a.s.JobStatusReportingService - JobStatusReportingService initialized with Vert.x WebClient (connectTimeout=5000ms, idleTimeout=500ms)
11:49:46.483 [main] INFO  d.m.q.a.observability.AgentMetrics - AgentMetrics initialized for agent: payments-agent
11:49:46.483 [main] INFO  dev.mars.quorus.agent.QuorusAgent - Quorus Agent initialized: payments-agent (reactive mode with OpenTelemetry)
11:49:46.483 [main] INFO  dev.mars.quorus.agent.QuorusAgent - Foreign-assignment mismatch threshold configured to 3
11:49:46.483 [main] INFO  dev.mars.quorus.agent.QuorusAgent - Starting Quorus Agent services (Vert.x reactive mode)...
11:49:46.484 [main] INFO  d.m.q.a.s.AgentRegistrationService - Registering agent payments-agent with controller at http://localhost:63936/api/v1
11:49:46.486 [vert.x-eventloop-thread-0] INFO  d.m.q.agent.service.HealthService - Health service started on port 65015
11:49:46.494 [vert.x-eventloop-thread-0] INFO  d.m.q.a.s.AgentRegistrationService - Agent payments-agent registered successfully
11:49:46.495 [vert.x-eventloop-thread-0] INFO  dev.mars.quorus.agent.QuorusAgent - Agent registered successfully with controller
11:49:46.495 [vert.x-eventloop-thread-0] INFO  dev.mars.quorus.agent.QuorusAgent - Heartbeat service started (interval: 30000ms) [Vert.x timer ID: 5]
11:49:46.495 [vert.x-eventloop-thread-0] INFO  d.m.q.a.s.TransferExecutionService - Transfer execution service started with 5 max concurrent transfers
11:49:46.495 [vert.x-eventloop-thread-0] INFO  dev.mars.quorus.agent.QuorusAgent - Transfer execution service started
11:49:46.495 [vert.x-eventloop-thread-0] INFO  dev.mars.quorus.agent.QuorusAgent - Quorus Agent started successfully (reactive mode, 0 extra threads)
11:49:46.497 [vert.x-eventloop-thread-0] INFO  dev.mars.quorus.agent.QuorusAgent - Job polling started (interval: 20ms) [Vert.x timer ID: 7]
11:49:46.524 [vert.x-eventloop-thread-0] DEBUG d.m.q.a.service.JobPollingService - Polled for jobs: found 1 pending jobs
11:49:46.525 [vert.x-eventloop-thread-0] INFO  dev.mars.quorus.agent.QuorusAgent - Found 1 pending job(s)
11:49:46.525 [vert.x-eventloop-thread-0] INFO  dev.mars.quorus.agent.QuorusAgent - Processing job: settlement (null)
11:49:46.532 [vert.x-eventloop-thread-0] DEBUG d.m.q.a.s.JobStatusReportingService - Job status reported: settlement -> ACCEPTED
11:49:46.541 [vert.x-eventloop-thread-0] DEBUG d.m.q.a.service.JobPollingService - Polled for jobs: found 0 pending jobs
11:49:46.541 [vert.x-eventloop-thread-0] DEBUG dev.mars.quorus.agent.QuorusAgent - No pending jobs found
11:49:46.561 [vert.x-eventloop-thread-0] DEBUG d.m.q.a.service.JobPollingService - Polled for jobs: found 0 pending jobs
11:49:46.561 [vert.x-eventloop-thread-0] DEBUG dev.mars.quorus.agent.QuorusAgent - No pending jobs found
11:49:46.579 [vert.x-eventloop-thread-0] DEBUG d.m.q.a.service.JobPollingService - Polled for jobs: found 0 pending jobs
11:49:46.579 [vert.x-eventloop-thread-0] DEBUG dev.mars.quorus.agent.QuorusAgent - No pending jobs found
11:49:46.599 [vert.x-eventloop-thread-0] DEBUG d.m.q.a.service.JobPollingService - Polled for jobs: found 0 pending jobs
11:49:46.600 [vert.x-eventloop-thread-0] DEBUG dev.mars.quorus.agent.QuorusAgent - No pending jobs found
11:49:46.619 [vert.x-eventloop-thread-0] DEBUG d.m.q.a.service.JobPollingService - Polled for jobs: found 0 pending jobs
11:49:46.620 [vert.x-eventloop-thread-0] DEBUG dev.mars.quorus.agent.QuorusAgent - No pending jobs found
11:49:46.640 [vert.x-eventloop-thread-0] DEBUG d.m.q.a.service.JobPollingService - Polled for jobs: found 0 pending jobs
11:49:46.640 [vert.x-eventloop-thread-0] DEBUG dev.mars.quorus.agent.QuorusAgent - No pending jobs found
11:49:46.643 [vert.x-eventloop-thread-0] DEBUG d.m.q.a.s.JobStatusReportingService - Job status reported: settlement -> IN_PROGRESS
11:49:46.644 [vert.x-eventloop-thread-0] INFO  d.m.q.a.s.TransferExecutionService - Executing transfer: http://localhost:63936/in/settlement.dat -> file:///C:/Users/mraysmit/AppData/Local/Temp/junit-8132790698034793304/settlement.dat
11:49:46.644 [vert.x-eventloop-thread-0] DEBUG d.m.q.transfer.SimpleTransferEngine - submitTransfer: request=settlement, protocol=http, direction=DOWNLOAD (Remote -> Local)
11:49:46.644 [vert.x-eventloop-thread-0] DEBUG d.m.quorus.protocol.ProtocolFactory - isProtocolSupported: protocol=http, supported=true
11:49:46.644 [vert.x-eventloop-thread-0] DEBUG d.m.quorus.protocol.ProtocolFactory - Protocol found: name=http, implementation=HttpTransferProtocol
11:49:46.644 [vert.x-eventloop-thread-0] DEBUG d.m.q.protocol.HttpTransferProtocol - canHandle: HTTP download check, scheme=http, canHandle=true
11:49:46.644 [vert.x-eventloop-thread-0] DEBUG d.m.q.transfer.SimpleTransferEngine - validateTransferRequest: request settlement validated successfully (direction=DOWNLOAD (Remote -> Local), protocol=http)
11:49:46.644 [vert.x-eventloop-thread-0] DEBUG d.m.q.transfer.SimpleTransferEngine - submitTransfer: creating job and context
11:49:46.644 [vert.x-eventloop-thread-0] DEBUG d.m.q.transfer.SimpleTransferEngine - submitTransfer: job registered, activeJobs=1
11:49:46.644 [vert.x-eventloop-thread-0] DEBUG d.m.q.transfer.SimpleTransferEngine - submitTransfer: executing transfer via reactive pipeline
11:49:46.644 [vert.x-eventloop-thread-0] INFO  d.m.q.transfer.SimpleTransferEngine - Transfer submitted: settlement
11:49:46.644 [vert.x-eventloop-thread-0] DEBUG d.m.q.transfer.SimpleTransferEngine - submitTransfer: complete, future registered
11:49:46.644 [vert.x-eventloop-thread-0] INFO  d.m.q.transfer.SimpleTransferEngine - Starting DOWNLOAD (Remote -> Local) transfer: settlement
11:49:46.645 [vert.x-eventloop-thread-0] DEBUG d.m.q.transfer.SimpleTransferEngine - executeTransfer: starting for jobId=settlement, protocol=http, direction=DOWNLOAD (Remote -> Local), sourceUri=http://localhost:63936/in/settlement.dat, destinationUri=file:///C:/Users/mraysmit/AppData/Local/Temp/junit-8132790698034793304/settlement.dat
11:49:46.645 [vert.x-eventloop-thread-0] DEBUG d.m.q.transfer.SimpleTransferEngine - executeTransfer: attempt 1 of 4 for jobId=settlement
11:49:46.645 [vert.x-eventloop-thread-0] DEBUG d.m.quorus.protocol.ProtocolFactory - Protocol found: name=http, implementation=HttpTransferProtocol
11:49:46.645 [vert.x-eventloop-thread-0] DEBUG d.m.q.protocol.HttpTransferProtocol - canHandle: HTTP download check, scheme=http, canHandle=true
11:49:46.645 [vert.x-eventloop-thread-0] DEBUG d.m.q.protocol.HttpTransferProtocol - Starting reactive HTTP transfer: jobId=settlement, direction=DOWNLOAD (Remote -> Local)
11:49:46.645 [vert.x-eventloop-thread-0] DEBUG d.m.q.protocol.HttpTransferProtocol - Validating HTTP transfer request: requestId=settlement
11:49:46.645 [vert.x-eventloop-thread-0] DEBUG d.m.q.protocol.HttpTransferProtocol - canHandle: HTTP download check, scheme=http, canHandle=true
11:49:46.645 [vert.x-eventloop-thread-0] DEBUG d.m.q.protocol.HttpTransferProtocol - Request validation passed
11:49:46.645 [vert.x-eventloop-thread-0] DEBUG d.m.q.protocol.HttpTransferProtocol - Routing to HTTP download handler
11:49:46.645 [vert.x-eventloop-thread-0] DEBUG d.m.q.protocol.HttpTransferProtocol - HTTP download: destination=C:\Users\mraysmit\AppData\Local\Temp\junit-8132790698034793304\settlement.dat, tempFile=C:\Users\mraysmit\AppData\Local\Temp\junit-8132790698034793304\settlement.dat.tmp
11:49:46.646 [vert.x-eventloop-thread-0] DEBUG d.m.q.protocol.HttpTransferProtocol - Created destination directory: C:\Users\mraysmit\AppData\Local\Temp\junit-8132790698034793304
11:49:46.646 [vert.x-eventloop-thread-0] INFO  d.m.q.protocol.HttpTransferProtocol - Starting reactive HTTP download from http://localhost:63936/in/settlement.dat
11:49:46.651 [vert.x-eventloop-thread-0] DEBUG d.m.q.protocol.HttpTransferProtocol - HTTP response received: statusCode=200, statusMessage=OK
11:49:46.651 [vert.x-eventloop-thread-0] DEBUG d.m.q.protocol.HttpTransferProtocol - Response body received: 7 bytes
11:49:46.651 [vert.x-eventloop-thread-0] DEBUG d.m.q.protocol.HttpTransferProtocol - Calculating checksum for downloaded content
11:49:46.652 [vert.x-eventloop-thread-0] DEBUG d.m.q.protocol.HttpTransferProtocol - Checksum calculated: 040ffd5925d40e11c67b7238a7fc9957850b8b9a46e9729fab88c24d6a98aff2
11:49:46.652 [vert.x-eventloop-thread-0] DEBUG d.m.q.protocol.HttpTransferProtocol - Writing 7 bytes to temp file: C:\Users\mraysmit\AppData\Local\Temp\junit-8132790698034793304\settlement.dat.tmp
11:49:46.654 [vert.x-eventloop-thread-0] DEBUG d.m.q.protocol.HttpTransferProtocol - Moving temp file to destination: C:\Users\mraysmit\AppData\Local\Temp\junit-8132790698034793304\settlement.dat.tmp -> C:\Users\mraysmit\AppData\Local\Temp\junit-8132790698034793304\settlement.dat
11:49:46.656 [vert.x-eventloop-thread-0] INFO  d.m.q.protocol.HttpTransferProtocol - HTTP download completed: jobId=settlement, bytesTransferred=7, checksum=040ffd5925d40e11c67b7238a7fc9957850b8b9a46e9729fab88c24d6a98aff2
11:49:46.657 [vert.x-eventloop-thread-0] INFO  d.m.q.transfer.SimpleTransferEngine - DOWNLOAD (Remote -> Local) transfer completed successfully: settlement
11:49:46.657 [vert.x-eventloop-thread-0] DEBUG d.m.q.transfer.SimpleTransferEngine - submitTransfer: cleaning up job settlement from active collections
11:49:46.657 [vert.x-eventloop-thread-0] INFO  d.m.q.a.s.TransferExecutionService - Transfer completed successfully: settlement (7 bytes in 11ms)
11:49:46.657 [vert.x-eventloop-thread-0] INFO  dev.mars.quorus.agent.QuorusAgent - Transfer completed successfully: settlement (7 bytes in 11ms)
11:49:46.662 [vert.x-eventloop-thread-0] DEBUG d.m.q.a.s.JobStatusReportingService - Job status reported: settlement -> COMPLETED
11:49:46.662 [main] INFO  dev.mars.quorus.agent.QuorusAgent - Shutting down Quorus Agent (reactive mode)...
11:49:46.662 [main] INFO  dev.mars.quorus.agent.QuorusAgent - Heartbeat timer cancelled: true [ID: 5]
11:49:46.662 [main] INFO  dev.mars.quorus.agent.QuorusAgent - Job polling timer cancelled: true [ID: 7]
11:49:46.662 [main] INFO  d.m.q.a.s.TransferExecutionService - Shutting down transfer execution service...
11:49:46.662 [main] DEBUG d.m.q.transfer.SimpleTransferEngine - shutdown: initiating with timeout=30s
11:49:46.662 [main] INFO  d.m.q.transfer.SimpleTransferEngine - Shutting down transfer engine...
11:49:46.662 [main] DEBUG d.m.q.transfer.SimpleTransferEngine - shutdown: cancelling 0 active transfers
11:49:46.662 [main] DEBUG d.m.q.transfer.SimpleTransferEngine - awaitActiveTransfers: no active transfers
11:49:46.662 [main] INFO  d.m.q.transfer.SimpleTransferEngine - Transfer engine shutdown completed
11:49:46.662 [main] INFO  d.m.q.a.s.TransferExecutionService - Transfer execution service shutdown complete
11:49:46.662 [main] DEBUG d.m.q.agent.service.HeartbeatService - Shutting down HeartbeatService WebClient
11:49:46.662 [main] DEBUG d.m.q.a.service.JobPollingService - Shutting down JobPollingService WebClient
11:49:46.662 [vert.x-eventloop-thread-0] DEBUG d.m.q.a.service.JobPollingService - Polled for jobs: found 0 pending jobs
11:49:46.662 [main] DEBUG d.m.q.a.s.JobStatusReportingService - Shutting down JobStatusReportingService WebClient
11:49:46.662 [vert.x-eventloop-thread-0] DEBUG dev.mars.quorus.agent.QuorusAgent - No pending jobs found
11:49:46.663 [vert.x-eventloop-thread-0] INFO  d.m.q.agent.service.HealthService - Health service stopped
11:49:46.663 [vert.x-eventloop-thread-0] INFO  d.m.q.a.s.AgentRegistrationService - Deregistering agent payments-agent from controller
11:49:46.665 [vert.x-eventloop-thread-0] INFO  d.m.q.a.s.AgentRegistrationService - Agent payments-agent deregistered successfully
11:49:46.665 [vert.x-eventloop-thread-0] INFO  dev.mars.quorus.agent.QuorusAgent - Agent deregistered from controller
11:49:46.665 [vert.x-eventloop-thread-0] INFO  dev.mars.quorus.agent.QuorusAgent - Quorus Agent shutdown complete (0 threads to cleanup)
11:49:46.757 [main] INFO  dev.mars.quorus.agent.QuorusAgent - Creating QuorusAgent with Vert.x instance: 419060470 (using Vert.x timers, no ScheduledExecutorService)
11:49:46.757 [main] WARN  d.m.q.a.s.ControllerWebClientFactory - INSECURE DEVELOPMENT MODE: agent-to-controller traffic is plaintext
11:49:46.758 [main] DEBUG d.m.q.a.s.AgentRegistrationService - AgentRegistrationService initialized with Vert.x WebClient (connectTimeout=5000ms, idleTimeout=500ms)
11:49:46.758 [main] WARN  d.m.q.a.s.ControllerWebClientFactory - INSECURE DEVELOPMENT MODE: agent-to-controller traffic is plaintext
11:49:46.758 [main] DEBUG d.m.q.agent.service.HeartbeatService - HeartbeatService initialized with Vert.x WebClient (connectTimeout=5000ms, idleTimeout=500ms)
11:49:46.758 [main] DEBUG d.m.q.transfer.SimpleTransferEngine - Initializing SimpleTransferEngine: maxConcurrent=5, maxRetries=3, retryDelay=1000ms
11:49:46.758 [main] DEBUG d.m.quorus.protocol.ProtocolFactory - Initializing ProtocolFactory with Vert.x instance
11:49:46.758 [main] DEBUG d.m.quorus.protocol.ProtocolFactory - Registering default transfer protocols
11:49:46.758 [main] DEBUG d.m.quorus.protocol.ProtocolFactory - Creating HttpTransferProtocol instance
11:49:46.759 [main] INFO  d.m.q.protocol.HttpTransferProtocol - HttpTransferProtocol initialized: connectTimeout=30000ms, readTimeout=60000ms, maxFileSize=10737418240 bytes
11:49:46.759 [main] DEBUG d.m.q.protocol.HttpTransferProtocol - HttpTransferProtocol created with Vert.x Web Client (reactive mode)
11:49:46.759 [main] INFO  d.m.quorus.protocol.ProtocolFactory - Registered protocol: http
11:49:46.759 [main] DEBUG d.m.quorus.protocol.ProtocolFactory - Protocol details: name=http, class=HttpTransferProtocol, supportsResume=false, supportsPause=true
11:49:46.759 [main] INFO  d.m.quorus.protocol.ProtocolFactory - Registered protocol alias: https -> http
11:49:46.759 [main] DEBUG d.m.quorus.protocol.ProtocolFactory - Creating SmbTransferProtocol instance
11:49:46.759 [main] INFO  d.m.quorus.protocol.ProtocolFactory - Registered protocol: smb
11:49:46.759 [main] DEBUG d.m.quorus.protocol.ProtocolFactory - Protocol details: name=smb, class=SmbTransferProtocol, supportsResume=false, supportsPause=false
11:49:46.759 [main] INFO  d.m.quorus.protocol.ProtocolFactory - Registered protocol alias: cifs -> smb
11:49:46.759 [main] DEBUG d.m.quorus.protocol.ProtocolFactory - Creating FtpTransferProtocol instance
11:49:46.759 [main] INFO  d.m.quorus.protocol.ProtocolFactory - Registered protocol: ftp
11:49:46.759 [main] DEBUG d.m.quorus.protocol.ProtocolFactory - Protocol details: name=ftp, class=FtpTransferProtocol, supportsResume=false, supportsPause=false
11:49:46.759 [main] INFO  d.m.quorus.protocol.ProtocolFactory - Registered protocol alias: ftps -> ftp
11:49:46.759 [main] DEBUG d.m.quorus.protocol.ProtocolFactory - Creating SftpTransferProtocol instance
11:49:46.759 [main] INFO  d.m.quorus.protocol.ProtocolFactory - Registered protocol: sftp
11:49:46.759 [main] DEBUG d.m.quorus.protocol.ProtocolFactory - Protocol details: name=sftp, class=SftpTransferProtocol, supportsResume=false, supportsPause=false
11:49:46.759 [main] DEBUG d.m.quorus.protocol.ProtocolFactory - Creating NfsTransferProtocol instance
11:49:46.759 [main] DEBUG d.m.q.protocol.NfsTransferProtocol - NfsTransferProtocol initialized with mountRoot=C:\nfs
11:49:46.759 [main] INFO  d.m.quorus.protocol.ProtocolFactory - Registered protocol: nfs
11:49:46.759 [main] DEBUG d.m.quorus.protocol.ProtocolFactory - Protocol details: name=nfs, class=NfsTransferProtocol, supportsResume=false, supportsPause=false
11:49:46.759 [main] INFO  d.m.quorus.protocol.ProtocolFactory - Registered default transfer protocols: count=8, schemes=ftps, ftp, http, smb, sftp, nfs, https, cifs
11:49:46.759 [main] INFO  d.m.q.transfer.SimpleTransferEngine - SimpleTransferEngine initialized with 5 max concurrent transfers (reactive mode, OpenTelemetry enabled)
11:49:46.759 [main] DEBUG d.m.q.transfer.SimpleTransferEngine - SimpleTransferEngine initialization complete - startTime=2026-09-05T03:49:46.759067100Z
11:49:46.760 [main] INFO  d.m.q.a.s.TransferExecutionService - TransferExecutionService initialized (Vert.x reactive mode)
11:49:46.760 [main] WARN  d.m.q.a.s.ControllerWebClientFactory - INSECURE DEVELOPMENT MODE: agent-to-controller traffic is plaintext
11:49:46.760 [main] DEBUG d.m.q.a.service.JobPollingService - JobPollingService initialized with Vert.x WebClient (connectTimeout=5000ms, idleTimeout=500ms)
11:49:46.760 [main] WARN  d.m.q.a.s.ControllerWebClientFactory - INSECURE DEVELOPMENT MODE: agent-to-controller traffic is plaintext
11:49:46.760 [main] DEBUG d.m.q.a.s.JobStatusReportingService - JobStatusReportingService initialized with Vert.x WebClient (connectTimeout=5000ms, idleTimeout=500ms)
11:49:46.760 [main] INFO  d.m.q.a.observability.AgentMetrics - AgentMetrics initialized for agent: payments-agent
11:49:46.761 [main] INFO  dev.mars.quorus.agent.QuorusAgent - Quorus Agent initialized: payments-agent (reactive mode with OpenTelemetry)
11:49:46.761 [main] INFO  dev.mars.quorus.agent.QuorusAgent - Foreign-assignment mismatch threshold configured to 3
11:49:46.761 [main] INFO  dev.mars.quorus.agent.QuorusAgent - Starting Quorus Agent services (Vert.x reactive mode)...
11:49:46.761 [main] INFO  d.m.q.a.s.AgentRegistrationService - Registering agent payments-agent with controller at http://localhost:60836/api/v1
11:49:46.763 [vert.x-eventloop-thread-0] INFO  d.m.q.agent.service.HealthService - Health service started on port 60837
11:49:46.768 [vert.x-eventloop-thread-0] INFO  d.m.q.a.s.AgentRegistrationService - Agent payments-agent registered successfully
11:49:46.768 [vert.x-eventloop-thread-0] INFO  dev.mars.quorus.agent.QuorusAgent - Agent registered successfully with controller
11:49:46.768 [vert.x-eventloop-thread-0] INFO  dev.mars.quorus.agent.QuorusAgent - Heartbeat service started (interval: 30000ms) [Vert.x timer ID: 5]
11:49:46.768 [vert.x-eventloop-thread-0] INFO  d.m.q.a.s.TransferExecutionService - Transfer execution service started with 5 max concurrent transfers
11:49:46.768 [vert.x-eventloop-thread-0] INFO  dev.mars.quorus.agent.QuorusAgent - Transfer execution service started
11:49:46.768 [vert.x-eventloop-thread-0] INFO  dev.mars.quorus.agent.QuorusAgent - Quorus Agent started successfully (reactive mode, 0 extra threads)
11:49:46.769 [vert.x-eventloop-thread-0] INFO  dev.mars.quorus.agent.QuorusAgent - Job polling started (interval: 20ms) [Vert.x timer ID: 7]
11:49:46.797 [vert.x-eventloop-thread-0] DEBUG d.m.q.a.service.JobPollingService - Polled for jobs: found 1 pending jobs
11:49:46.797 [vert.x-eventloop-thread-0] INFO  dev.mars.quorus.agent.QuorusAgent - Found 1 pending job(s)
11:49:46.797 [vert.x-eventloop-thread-0] INFO  dev.mars.quorus.agent.QuorusAgent - Processing job: settlement (null)
11:49:46.802 [vert.x-eventloop-thread-0] DEBUG d.m.q.a.s.JobStatusReportingService - Job status reported: settlement -> ACCEPTED
11:49:46.808 [vert.x-eventloop-thread-0] ERROR d.m.q.a.s.JobStatusReportingService - Status report unresolved or rejected: jobId=settlement, status=IN_PROGRESS, attemptId=settlement-attempt-1, sequence=2: Q-REPORT-REJECTED: HTTP 403
11:49:46.808 [vert.x-eventloop-thread-0] ERROR dev.mars.quorus.agent.QuorusAgent - Job settlement was not executed because its start report was rejected or unresolved: Q-REPORT-REJECTED: HTTP 403
11:49:46.812 [vert.x-eventloop-thread-0] DEBUG d.m.q.a.service.JobPollingService - Polled for jobs: found 0 pending jobs
11:49:46.812 [vert.x-eventloop-thread-0] DEBUG dev.mars.quorus.agent.QuorusAgent - No pending jobs found
11:49:46.831 [vert.x-eventloop-thread-0] DEBUG d.m.q.a.service.JobPollingService - Polled for jobs: found 0 pending jobs
11:49:46.832 [vert.x-eventloop-thread-0] DEBUG dev.mars.quorus.agent.QuorusAgent - No pending jobs found
11:49:46.851 [vert.x-eventloop-thread-0] DEBUG d.m.q.a.service.JobPollingService - Polled for jobs: found 0 pending jobs
11:49:46.851 [vert.x-eventloop-thread-0] DEBUG dev.mars.quorus.agent.QuorusAgent - No pending jobs found
11:49:46.871 [vert.x-eventloop-thread-0] DEBUG d.m.q.a.service.JobPollingService - Polled for jobs: found 0 pending jobs
11:49:46.872 [vert.x-eventloop-thread-0] DEBUG dev.mars.quorus.agent.QuorusAgent - No pending jobs found
11:49:46.891 [vert.x-eventloop-thread-0] DEBUG d.m.q.a.service.JobPollingService - Polled for jobs: found 0 pending jobs
11:49:46.891 [vert.x-eventloop-thread-0] DEBUG dev.mars.quorus.agent.QuorusAgent - No pending jobs found
11:49:46.913 [vert.x-eventloop-thread-0] DEBUG d.m.q.a.service.JobPollingService - Polled for jobs: found 0 pending jobs
11:49:46.914 [vert.x-eventloop-thread-0] DEBUG dev.mars.quorus.agent.QuorusAgent - No pending jobs found
11:49:46.932 [vert.x-eventloop-thread-0] DEBUG d.m.q.a.service.JobPollingService - Polled for jobs: found 0 pending jobs
11:49:46.932 [vert.x-eventloop-thread-0] DEBUG dev.mars.quorus.agent.QuorusAgent - No pending jobs found
11:49:46.953 [vert.x-eventloop-thread-0] DEBUG d.m.q.a.service.JobPollingService - Polled for jobs: found 0 pending jobs
11:49:46.953 [vert.x-eventloop-thread-0] DEBUG dev.mars.quorus.agent.QuorusAgent - No pending jobs found
11:49:46.973 [vert.x-eventloop-thread-0] DEBUG d.m.q.a.service.JobPollingService - Polled for jobs: found 0 pending jobs
11:49:46.973 [vert.x-eventloop-thread-0] DEBUG dev.mars.quorus.agent.QuorusAgent - No pending jobs found
11:49:46.992 [vert.x-eventloop-thread-0] DEBUG d.m.q.a.service.JobPollingService - Polled for jobs: found 0 pending jobs
11:49:46.992 [vert.x-eventloop-thread-0] DEBUG dev.mars.quorus.agent.QuorusAgent - No pending jobs found
11:49:47.013 [vert.x-eventloop-thread-0] DEBUG d.m.q.a.service.JobPollingService - Polled for jobs: found 0 pending jobs
11:49:47.013 [vert.x-eventloop-thread-0] DEBUG dev.mars.quorus.agent.QuorusAgent - No pending jobs found
11:49:47.032 [vert.x-eventloop-thread-0] DEBUG d.m.q.a.service.JobPollingService - Polled for jobs: found 0 pending jobs
11:49:47.033 [vert.x-eventloop-thread-0] DEBUG dev.mars.quorus.agent.QuorusAgent - No pending jobs found
11:49:47.052 [vert.x-eventloop-thread-0] DEBUG d.m.q.a.service.JobPollingService - Polled for jobs: found 0 pending jobs
11:49:47.052 [vert.x-eventloop-thread-0] DEBUG dev.mars.quorus.agent.QuorusAgent - No pending jobs found
11:49:47.071 [vert.x-eventloop-thread-0] DEBUG d.m.q.a.service.JobPollingService - Polled for jobs: found 0 pending jobs
11:49:47.072 [vert.x-eventloop-thread-0] DEBUG dev.mars.quorus.agent.QuorusAgent - No pending jobs found
11:49:47.092 [vert.x-eventloop-thread-0] DEBUG d.m.q.a.service.JobPollingService - Polled for jobs: found 0 pending jobs
11:49:47.092 [vert.x-eventloop-thread-0] DEBUG dev.mars.quorus.agent.QuorusAgent - No pending jobs found
11:49:47.112 [vert.x-eventloop-thread-0] DEBUG d.m.q.a.service.JobPollingService - Polled for jobs: found 0 pending jobs
11:49:47.113 [vert.x-eventloop-thread-0] DEBUG dev.mars.quorus.agent.QuorusAgent - No pending jobs found
11:49:47.132 [vert.x-eventloop-thread-0] DEBUG d.m.q.a.service.JobPollingService - Polled for jobs: found 0 pending jobs
11:49:47.132 [vert.x-eventloop-thread-0] DEBUG dev.mars.quorus.agent.QuorusAgent - No pending jobs found
11:49:47.152 [vert.x-eventloop-thread-0] DEBUG d.m.q.a.service.JobPollingService - Polled for jobs: found 0 pending jobs
11:49:47.152 [vert.x-eventloop-thread-0] DEBUG dev.mars.quorus.agent.QuorusAgent - No pending jobs found
11:49:47.172 [vert.x-eventloop-thread-0] DEBUG d.m.q.a.service.JobPollingService - Polled for jobs: found 0 pending jobs
11:49:47.172 [vert.x-eventloop-thread-0] DEBUG dev.mars.quorus.agent.QuorusAgent - No pending jobs found
11:49:47.192 [vert.x-eventloop-thread-0] DEBUG d.m.q.a.service.JobPollingService - Polled for jobs: found 0 pending jobs
11:49:47.192 [vert.x-eventloop-thread-0] DEBUG dev.mars.quorus.agent.QuorusAgent - No pending jobs found
11:49:47.212 [vert.x-eventloop-thread-0] DEBUG d.m.q.a.service.JobPollingService - Polled for jobs: found 0 pending jobs
11:49:47.212 [vert.x-eventloop-thread-0] DEBUG dev.mars.quorus.agent.QuorusAgent - No pending jobs found
11:49:47.231 [vert.x-eventloop-thread-0] DEBUG d.m.q.a.service.JobPollingService - Polled for jobs: found 0 pending jobs
11:49:47.231 [vert.x-eventloop-thread-0] DEBUG dev.mars.quorus.agent.QuorusAgent - No pending jobs found
11:49:47.252 [vert.x-eventloop-thread-0] DEBUG d.m.q.a.service.JobPollingService - Polled for jobs: found 0 pending jobs
11:49:47.252 [vert.x-eventloop-thread-0] DEBUG dev.mars.quorus.agent.QuorusAgent - No pending jobs found
11:49:47.271 [vert.x-eventloop-thread-0] DEBUG d.m.q.a.service.JobPollingService - Polled for jobs: found 0 pending jobs
11:49:47.271 [vert.x-eventloop-thread-0] DEBUG dev.mars.quorus.agent.QuorusAgent - No pending jobs found
11:49:47.294 [vert.x-eventloop-thread-0] DEBUG d.m.q.a.service.JobPollingService - Polled for jobs: found 0 pending jobs
11:49:47.294 [vert.x-eventloop-thread-0] DEBUG dev.mars.quorus.agent.QuorusAgent - No pending jobs found
11:49:47.312 [vert.x-eventloop-thread-0] DEBUG d.m.q.a.service.JobPollingService - Polled for jobs: found 0 pending jobs
11:49:47.312 [vert.x-eventloop-thread-0] DEBUG dev.mars.quorus.agent.QuorusAgent - No pending jobs found
11:49:47.332 [vert.x-eventloop-thread-0] DEBUG d.m.q.a.service.JobPollingService - Polled for jobs: found 0 pending jobs
11:49:47.332 [vert.x-eventloop-thread-0] DEBUG dev.mars.quorus.agent.QuorusAgent - No pending jobs found
11:49:47.352 [vert.x-eventloop-thread-0] DEBUG d.m.q.a.service.JobPollingService - Polled for jobs: found 0 pending jobs
11:49:47.352 [vert.x-eventloop-thread-0] DEBUG dev.mars.quorus.agent.QuorusAgent - No pending jobs found
11:49:47.372 [vert.x-eventloop-thread-0] DEBUG d.m.q.a.service.JobPollingService - Polled for jobs: found 0 pending jobs
11:49:47.373 [vert.x-eventloop-thread-0] DEBUG dev.mars.quorus.agent.QuorusAgent - No pending jobs found
11:49:47.392 [vert.x-eventloop-thread-0] DEBUG d.m.q.a.service.JobPollingService - Polled for jobs: found 0 pending jobs
11:49:47.392 [vert.x-eventloop-thread-0] DEBUG dev.mars.quorus.agent.QuorusAgent - No pending jobs found
11:49:47.411 [vert.x-eventloop-thread-0] DEBUG d.m.q.a.service.JobPollingService - Polled for jobs: found 0 pending jobs
11:49:47.411 [vert.x-eventloop-thread-0] DEBUG dev.mars.quorus.agent.QuorusAgent - No pending jobs found
11:49:47.431 [vert.x-eventloop-thread-0] DEBUG d.m.q.a.service.JobPollingService - Polled for jobs: found 0 pending jobs
11:49:47.431 [vert.x-eventloop-thread-0] DEBUG dev.mars.quorus.agent.QuorusAgent - No pending jobs found
11:49:47.452 [vert.x-eventloop-thread-0] DEBUG d.m.q.a.service.JobPollingService - Polled for jobs: found 0 pending jobs
11:49:47.452 [vert.x-eventloop-thread-0] DEBUG dev.mars.quorus.agent.QuorusAgent - No pending jobs found
11:49:47.472 [vert.x-eventloop-thread-0] DEBUG d.m.q.a.service.JobPollingService - Polled for jobs: found 0 pending jobs
11:49:47.472 [vert.x-eventloop-thread-0] DEBUG dev.mars.quorus.agent.QuorusAgent - No pending jobs found
11:49:47.492 [vert.x-eventloop-thread-0] DEBUG d.m.q.a.service.JobPollingService - Polled for jobs: found 0 pending jobs
11:49:47.493 [vert.x-eventloop-thread-0] DEBUG dev.mars.quorus.agent.QuorusAgent - No pending jobs found
11:49:47.512 [vert.x-eventloop-thread-0] DEBUG d.m.q.a.service.JobPollingService - Polled for jobs: found 0 pending jobs
11:49:47.512 [vert.x-eventloop-thread-0] DEBUG dev.mars.quorus.agent.QuorusAgent - No pending jobs found
11:49:47.532 [vert.x-eventloop-thread-0] DEBUG d.m.q.a.service.JobPollingService - Polled for jobs: found 0 pending jobs
11:49:47.533 [vert.x-eventloop-thread-0] DEBUG dev.mars.quorus.agent.QuorusAgent - No pending jobs found
11:49:47.551 [vert.x-eventloop-thread-0] DEBUG d.m.q.a.service.JobPollingService - Polled for jobs: found 0 pending jobs
11:49:47.551 [vert.x-eventloop-thread-0] DEBUG dev.mars.quorus.agent.QuorusAgent - No pending jobs found
11:49:47.572 [vert.x-eventloop-thread-0] DEBUG d.m.q.a.service.JobPollingService - Polled for jobs: found 0 pending jobs
11:49:47.572 [vert.x-eventloop-thread-0] DEBUG dev.mars.quorus.agent.QuorusAgent - No pending jobs found
11:49:47.593 [vert.x-eventloop-thread-0] DEBUG d.m.q.a.service.JobPollingService - Polled for jobs: found 0 pending jobs
11:49:47.593 [vert.x-eventloop-thread-0] DEBUG dev.mars.quorus.agent.QuorusAgent - No pending jobs found
11:49:47.612 [vert.x-eventloop-thread-0] DEBUG d.m.q.a.service.JobPollingService - Polled for jobs: found 0 pending jobs
11:49:47.612 [vert.x-eventloop-thread-0] DEBUG dev.mars.quorus.agent.QuorusAgent - No pending jobs found
11:49:47.632 [vert.x-eventloop-thread-0] DEBUG d.m.q.a.service.JobPollingService - Polled for jobs: found 0 pending jobs
11:49:47.632 [vert.x-eventloop-thread-0] DEBUG dev.mars.quorus.agent.QuorusAgent - No pending jobs found
11:49:47.652 [vert.x-eventloop-thread-0] DEBUG d.m.q.a.service.JobPollingService - Polled for jobs: found 0 pending jobs
11:49:47.652 [vert.x-eventloop-thread-0] DEBUG dev.mars.quorus.agent.QuorusAgent - No pending jobs found
11:49:47.671 [vert.x-eventloop-thread-0] DEBUG d.m.q.a.service.JobPollingService - Polled for jobs: found 0 pending jobs
11:49:47.671 [vert.x-eventloop-thread-0] DEBUG dev.mars.quorus.agent.QuorusAgent - No pending jobs found
11:49:47.692 [vert.x-eventloop-thread-0] DEBUG d.m.q.a.service.JobPollingService - Polled for jobs: found 0 pending jobs
11:49:47.692 [vert.x-eventloop-thread-0] DEBUG dev.mars.quorus.agent.QuorusAgent - No pending jobs found
11:49:47.713 [vert.x-eventloop-thread-0] DEBUG d.m.q.a.service.JobPollingService - Polled for jobs: found 0 pending jobs
11:49:47.714 [vert.x-eventloop-thread-0] DEBUG dev.mars.quorus.agent.QuorusAgent - No pending jobs found
11:49:47.731 [vert.x-eventloop-thread-0] DEBUG d.m.q.a.service.JobPollingService - Polled for jobs: found 0 pending jobs
11:49:47.731 [vert.x-eventloop-thread-0] DEBUG dev.mars.quorus.agent.QuorusAgent - No pending jobs found
11:49:47.752 [vert.x-eventloop-thread-0] DEBUG d.m.q.a.service.JobPollingService - Polled for jobs: found 0 pending jobs
11:49:47.752 [vert.x-eventloop-thread-0] DEBUG dev.mars.quorus.agent.QuorusAgent - No pending jobs found
11:49:47.772 [vert.x-eventloop-thread-0] DEBUG d.m.q.a.service.JobPollingService - Polled for jobs: found 0 pending jobs
11:49:47.772 [vert.x-eventloop-thread-0] DEBUG dev.mars.quorus.agent.QuorusAgent - No pending jobs found
11:49:47.792 [vert.x-eventloop-thread-0] DEBUG d.m.q.a.service.JobPollingService - Polled for jobs: found 0 pending jobs
11:49:47.792 [vert.x-eventloop-thread-0] DEBUG dev.mars.quorus.agent.QuorusAgent - No pending jobs found
11:49:47.812 [vert.x-eventloop-thread-0] DEBUG d.m.q.a.service.JobPollingService - Polled for jobs: found 0 pending jobs
11:49:47.812 [vert.x-eventloop-thread-0] DEBUG dev.mars.quorus.agent.QuorusAgent - No pending jobs found
11:49:47.833 [vert.x-eventloop-thread-0] DEBUG d.m.q.a.service.JobPollingService - Polled for jobs: found 0 pending jobs
11:49:47.833 [vert.x-eventloop-thread-0] DEBUG dev.mars.quorus.agent.QuorusAgent - No pending jobs found
11:49:47.852 [vert.x-eventloop-thread-0] DEBUG d.m.q.a.service.JobPollingService - Polled for jobs: found 0 pending jobs
11:49:47.852 [vert.x-eventloop-thread-0] DEBUG dev.mars.quorus.agent.QuorusAgent - No pending jobs found
11:49:47.871 [vert.x-eventloop-thread-0] DEBUG d.m.q.a.service.JobPollingService - Polled for jobs: found 0 pending jobs
11:49:47.871 [vert.x-eventloop-thread-0] DEBUG dev.mars.quorus.agent.QuorusAgent - No pending jobs found
11:49:47.893 [vert.x-eventloop-thread-0] DEBUG d.m.q.a.service.JobPollingService - Polled for jobs: found 0 pending jobs
11:49:47.893 [vert.x-eventloop-thread-0] DEBUG dev.mars.quorus.agent.QuorusAgent - No pending jobs found
11:49:47.912 [vert.x-eventloop-thread-0] DEBUG d.m.q.a.service.JobPollingService - Polled for jobs: found 0 pending jobs
11:49:47.912 [vert.x-eventloop-thread-0] DEBUG dev.mars.quorus.agent.QuorusAgent - No pending jobs found
11:49:47.931 [vert.x-eventloop-thread-0] DEBUG d.m.q.a.service.JobPollingService - Polled for jobs: found 0 pending jobs
11:49:47.931 [vert.x-eventloop-thread-0] DEBUG dev.mars.quorus.agent.QuorusAgent - No pending jobs found
11:49:47.951 [vert.x-eventloop-thread-0] DEBUG d.m.q.a.service.JobPollingService - Polled for jobs: found 0 pending jobs
11:49:47.951 [vert.x-eventloop-thread-0] DEBUG dev.mars.quorus.agent.QuorusAgent - No pending jobs found
11:49:47.971 [vert.x-eventloop-thread-0] DEBUG d.m.q.a.service.JobPollingService - Polled for jobs: found 0 pending jobs
11:49:47.971 [vert.x-eventloop-thread-0] DEBUG dev.mars.quorus.agent.QuorusAgent - No pending jobs found
11:49:47.992 [vert.x-eventloop-thread-0] DEBUG d.m.q.a.service.JobPollingService - Polled for jobs: found 0 pending jobs
11:49:47.992 [vert.x-eventloop-thread-0] DEBUG dev.mars.quorus.agent.QuorusAgent - No pending jobs found
11:49:48.012 [vert.x-eventloop-thread-0] DEBUG d.m.q.a.service.JobPollingService - Polled for jobs: found 0 pending jobs
11:49:48.013 [vert.x-eventloop-thread-0] DEBUG dev.mars.quorus.agent.QuorusAgent - No pending jobs found
11:49:48.032 [vert.x-eventloop-thread-0] DEBUG d.m.q.a.service.JobPollingService - Polled for jobs: found 0 pending jobs
11:49:48.033 [vert.x-eventloop-thread-0] DEBUG dev.mars.quorus.agent.QuorusAgent - No pending jobs found
11:49:48.051 [vert.x-eventloop-thread-0] DEBUG d.m.q.a.service.JobPollingService - Polled for jobs: found 0 pending jobs
11:49:48.051 [vert.x-eventloop-thread-0] DEBUG dev.mars.quorus.agent.QuorusAgent - No pending jobs found
11:49:48.071 [vert.x-eventloop-thread-0] DEBUG d.m.q.a.service.JobPollingService - Polled for jobs: found 0 pending jobs
11:49:48.071 [vert.x-eventloop-thread-0] DEBUG dev.mars.quorus.agent.QuorusAgent - No pending jobs found
11:49:48.092 [vert.x-eventloop-thread-0] DEBUG d.m.q.a.service.JobPollingService - Polled for jobs: found 0 pending jobs
11:49:48.092 [vert.x-eventloop-thread-0] DEBUG dev.mars.quorus.agent.QuorusAgent - No pending jobs found
11:49:48.113 [vert.x-eventloop-thread-0] DEBUG d.m.q.a.service.JobPollingService - Polled for jobs: found 0 pending jobs
11:49:48.113 [vert.x-eventloop-thread-0] DEBUG dev.mars.quorus.agent.QuorusAgent - No pending jobs found
11:49:48.132 [vert.x-eventloop-thread-0] DEBUG d.m.q.a.service.JobPollingService - Polled for jobs: found 0 pending jobs
11:49:48.133 [vert.x-eventloop-thread-0] DEBUG dev.mars.quorus.agent.QuorusAgent - No pending jobs found
11:49:48.152 [vert.x-eventloop-thread-0] DEBUG d.m.q.a.service.JobPollingService - Polled for jobs: found 0 pending jobs
11:49:48.152 [vert.x-eventloop-thread-0] DEBUG dev.mars.quorus.agent.QuorusAgent - No pending jobs found
11:49:48.172 [vert.x-eventloop-thread-0] DEBUG d.m.q.a.service.JobPollingService - Polled for jobs: found 0 pending jobs
11:49:48.173 [vert.x-eventloop-thread-0] DEBUG dev.mars.quorus.agent.QuorusAgent - No pending jobs found
11:49:48.193 [vert.x-eventloop-thread-0] DEBUG d.m.q.a.service.JobPollingService - Polled for jobs: found 0 pending jobs
11:49:48.193 [vert.x-eventloop-thread-0] DEBUG dev.mars.quorus.agent.QuorusAgent - No pending jobs found
11:49:48.212 [vert.x-eventloop-thread-0] DEBUG d.m.q.a.service.JobPollingService - Polled for jobs: found 0 pending jobs
11:49:48.213 [vert.x-eventloop-thread-0] DEBUG dev.mars.quorus.agent.QuorusAgent - No pending jobs found
11:49:48.232 [vert.x-eventloop-thread-0] DEBUG d.m.q.a.service.JobPollingService - Polled for jobs: found 0 pending jobs
11:49:48.233 [vert.x-eventloop-thread-0] DEBUG dev.mars.quorus.agent.QuorusAgent - No pending jobs found
11:49:48.252 [vert.x-eventloop-thread-0] DEBUG d.m.q.a.service.JobPollingService - Polled for jobs: found 0 pending jobs
11:49:48.252 [vert.x-eventloop-thread-0] DEBUG dev.mars.quorus.agent.QuorusAgent - No pending jobs found
11:49:48.272 [vert.x-eventloop-thread-0] DEBUG d.m.q.a.service.JobPollingService - Polled for jobs: found 0 pending jobs
11:49:48.272 [vert.x-eventloop-thread-0] DEBUG dev.mars.quorus.agent.QuorusAgent - No pending jobs found
11:49:48.292 [vert.x-eventloop-thread-0] DEBUG d.m.q.a.service.JobPollingService - Polled for jobs: found 0 pending jobs
11:49:48.293 [vert.x-eventloop-thread-0] DEBUG dev.mars.quorus.agent.QuorusAgent - No pending jobs found
11:49:48.309 [main] INFO  dev.mars.quorus.agent.QuorusAgent - Shutting down Quorus Agent (reactive mode)...
11:49:48.309 [main] INFO  dev.mars.quorus.agent.QuorusAgent - Heartbeat timer cancelled: true [ID: 5]
11:49:48.309 [main] INFO  dev.mars.quorus.agent.QuorusAgent - Job polling timer cancelled: true [ID: 7]
11:49:48.309 [main] INFO  d.m.q.a.s.TransferExecutionService - Shutting down transfer execution service...
11:49:48.309 [main] DEBUG d.m.q.transfer.SimpleTransferEngine - shutdown: initiating with timeout=30s
11:49:48.309 [main] INFO  d.m.q.transfer.SimpleTransferEngine - Shutting down transfer engine...
11:49:48.309 [main] DEBUG d.m.q.transfer.SimpleTransferEngine - shutdown: cancelling 0 active transfers
11:49:48.309 [main] DEBUG d.m.q.transfer.SimpleTransferEngine - awaitActiveTransfers: no active transfers
11:49:48.309 [main] INFO  d.m.q.transfer.SimpleTransferEngine - Transfer engine shutdown completed
11:49:48.309 [main] INFO  d.m.q.a.s.TransferExecutionService - Transfer execution service shutdown complete
11:49:48.309 [main] DEBUG d.m.q.agent.service.HeartbeatService - Shutting down HeartbeatService WebClient
11:49:48.311 [main] DEBUG d.m.q.a.service.JobPollingService - Shutting down JobPollingService WebClient
11:49:48.311 [main] DEBUG d.m.q.a.s.JobStatusReportingService - Shutting down JobStatusReportingService WebClient
11:49:48.313 [vert.x-eventloop-thread-0] ERROR d.m.q.a.service.JobPollingService - Error polling for jobs: Connection was closed
11:49:48.313 [vert.x-eventloop-thread-0] DEBUG dev.mars.quorus.agent.QuorusAgent - No pending jobs found
11:49:48.313 [vert.x-eventloop-thread-0] INFO  d.m.q.agent.service.HealthService - Health service stopped
11:49:48.313 [vert.x-eventloop-thread-0] INFO  d.m.q.a.s.AgentRegistrationService - Deregistering agent payments-agent from controller
11:49:48.317 [vert.x-eventloop-thread-0] INFO  d.m.q.a.s.AgentRegistrationService - Agent payments-agent deregistered successfully
11:49:48.318 [vert.x-eventloop-thread-0] INFO  dev.mars.quorus.agent.QuorusAgent - Agent deregistered from controller
11:49:48.318 [vert.x-eventloop-thread-0] INFO  dev.mars.quorus.agent.QuorusAgent - Quorus Agent shutdown complete (0 threads to cleanup)
11:49:48.400 [main] INFO  dev.mars.quorus.agent.QuorusAgent - Creating QuorusAgent with Vert.x instance: 467742213 (using Vert.x timers, no ScheduledExecutorService)
11:49:48.400 [main] WARN  d.m.q.a.s.ControllerWebClientFactory - INSECURE DEVELOPMENT MODE: agent-to-controller traffic is plaintext
11:49:48.400 [main] DEBUG d.m.q.a.s.AgentRegistrationService - AgentRegistrationService initialized with Vert.x WebClient (connectTimeout=5000ms, idleTimeout=500ms)
11:49:48.400 [main] WARN  d.m.q.a.s.ControllerWebClientFactory - INSECURE DEVELOPMENT MODE: agent-to-controller traffic is plaintext
11:49:48.401 [main] DEBUG d.m.q.agent.service.HeartbeatService - HeartbeatService initialized with Vert.x WebClient (connectTimeout=5000ms, idleTimeout=500ms)
11:49:48.401 [main] DEBUG d.m.q.transfer.SimpleTransferEngine - Initializing SimpleTransferEngine: maxConcurrent=5, maxRetries=3, retryDelay=1000ms
11:49:48.401 [main] DEBUG d.m.quorus.protocol.ProtocolFactory - Initializing ProtocolFactory with Vert.x instance
11:49:48.401 [main] DEBUG d.m.quorus.protocol.ProtocolFactory - Registering default transfer protocols
11:49:48.401 [main] DEBUG d.m.quorus.protocol.ProtocolFactory - Creating HttpTransferProtocol instance
11:49:48.401 [main] INFO  d.m.q.protocol.HttpTransferProtocol - HttpTransferProtocol initialized: connectTimeout=30000ms, readTimeout=60000ms, maxFileSize=10737418240 bytes
11:49:48.401 [main] DEBUG d.m.q.protocol.HttpTransferProtocol - HttpTransferProtocol created with Vert.x Web Client (reactive mode)
11:49:48.401 [main] INFO  d.m.quorus.protocol.ProtocolFactory - Registered protocol: http
11:49:48.401 [main] DEBUG d.m.quorus.protocol.ProtocolFactory - Protocol details: name=http, class=HttpTransferProtocol, supportsResume=false, supportsPause=true
11:49:48.401 [main] INFO  d.m.quorus.protocol.ProtocolFactory - Registered protocol alias: https -> http
11:49:48.401 [main] DEBUG d.m.quorus.protocol.ProtocolFactory - Creating SmbTransferProtocol instance
11:49:48.401 [main] INFO  d.m.quorus.protocol.ProtocolFactory - Registered protocol: smb
11:49:48.401 [main] DEBUG d.m.quorus.protocol.ProtocolFactory - Protocol details: name=smb, class=SmbTransferProtocol, supportsResume=false, supportsPause=false
11:49:48.401 [main] INFO  d.m.quorus.protocol.ProtocolFactory - Registered protocol alias: cifs -> smb
11:49:48.401 [main] DEBUG d.m.quorus.protocol.ProtocolFactory - Creating FtpTransferProtocol instance
11:49:48.401 [main] INFO  d.m.quorus.protocol.ProtocolFactory - Registered protocol: ftp
11:49:48.401 [main] DEBUG d.m.quorus.protocol.ProtocolFactory - Protocol details: name=ftp, class=FtpTransferProtocol, supportsResume=false, supportsPause=false
11:49:48.401 [main] INFO  d.m.quorus.protocol.ProtocolFactory - Registered protocol alias: ftps -> ftp
11:49:48.401 [main] DEBUG d.m.quorus.protocol.ProtocolFactory - Creating SftpTransferProtocol instance
11:49:48.401 [main] INFO  d.m.quorus.protocol.ProtocolFactory - Registered protocol: sftp
11:49:48.401 [main] DEBUG d.m.quorus.protocol.ProtocolFactory - Protocol details: name=sftp, class=SftpTransferProtocol, supportsResume=false, supportsPause=false
11:49:48.401 [main] DEBUG d.m.quorus.protocol.ProtocolFactory - Creating NfsTransferProtocol instance
11:49:48.401 [main] DEBUG d.m.q.protocol.NfsTransferProtocol - NfsTransferProtocol initialized with mountRoot=C:\nfs
11:49:48.401 [main] INFO  d.m.quorus.protocol.ProtocolFactory - Registered protocol: nfs
11:49:48.401 [main] DEBUG d.m.quorus.protocol.ProtocolFactory - Protocol details: name=nfs, class=NfsTransferProtocol, supportsResume=false, supportsPause=false
11:49:48.401 [main] INFO  d.m.quorus.protocol.ProtocolFactory - Registered default transfer protocols: count=8, schemes=ftps, ftp, http, smb, sftp, nfs, https, cifs
11:49:48.401 [main] INFO  d.m.q.transfer.SimpleTransferEngine - SimpleTransferEngine initialized with 5 max concurrent transfers (reactive mode, OpenTelemetry enabled)
11:49:48.401 [main] DEBUG d.m.q.transfer.SimpleTransferEngine - SimpleTransferEngine initialization complete - startTime=2026-09-05T03:49:48.401683Z
11:49:48.401 [main] INFO  d.m.q.a.s.TransferExecutionService - TransferExecutionService initialized (Vert.x reactive mode)
11:49:48.401 [main] WARN  d.m.q.a.s.ControllerWebClientFactory - INSECURE DEVELOPMENT MODE: agent-to-controller traffic is plaintext
11:49:48.401 [main] DEBUG d.m.q.a.service.JobPollingService - JobPollingService initialized with Vert.x WebClient (connectTimeout=5000ms, idleTimeout=500ms)
11:49:48.403 [main] WARN  d.m.q.a.s.ControllerWebClientFactory - INSECURE DEVELOPMENT MODE: agent-to-controller traffic is plaintext
11:49:48.403 [main] DEBUG d.m.q.a.s.JobStatusReportingService - JobStatusReportingService initialized with Vert.x WebClient (connectTimeout=5000ms, idleTimeout=500ms)
11:49:48.403 [main] INFO  d.m.q.a.observability.AgentMetrics - AgentMetrics initialized for agent: payments-agent
11:49:48.403 [main] INFO  dev.mars.quorus.agent.QuorusAgent - Quorus Agent initialized: payments-agent (reactive mode with OpenTelemetry)
11:49:48.403 [main] INFO  dev.mars.quorus.agent.QuorusAgent - Foreign-assignment mismatch threshold configured to 3
11:49:48.403 [main] INFO  dev.mars.quorus.agent.QuorusAgent - Starting Quorus Agent services (Vert.x reactive mode)...
11:49:48.404 [main] INFO  d.m.q.a.s.AgentRegistrationService - Registering agent payments-agent with controller at http://localhost:52567/api/v1
11:49:48.405 [vert.x-eventloop-thread-0] INFO  d.m.q.agent.service.HealthService - Health service started on port 52568
11:49:48.412 [vert.x-eventloop-thread-0] INFO  d.m.q.a.s.AgentRegistrationService - Agent payments-agent registered successfully
11:49:48.413 [vert.x-eventloop-thread-0] INFO  dev.mars.quorus.agent.QuorusAgent - Agent registered successfully with controller
11:49:48.413 [vert.x-eventloop-thread-0] INFO  dev.mars.quorus.agent.QuorusAgent - Heartbeat service started (interval: 30000ms) [Vert.x timer ID: 5]
11:49:48.413 [vert.x-eventloop-thread-0] INFO  d.m.q.a.s.TransferExecutionService - Transfer execution service started with 5 max concurrent transfers
11:49:48.413 [vert.x-eventloop-thread-0] INFO  dev.mars.quorus.agent.QuorusAgent - Transfer execution service started
11:49:48.413 [vert.x-eventloop-thread-0] INFO  dev.mars.quorus.agent.QuorusAgent - Quorus Agent started successfully (reactive mode, 0 extra threads)
11:49:48.414 [vert.x-eventloop-thread-0] INFO  dev.mars.quorus.agent.QuorusAgent - Job polling started (interval: 20ms) [Vert.x timer ID: 7]
11:49:48.441 [vert.x-eventloop-thread-0] DEBUG d.m.q.a.service.JobPollingService - Polled for jobs: found 1 pending jobs
11:49:48.441 [vert.x-eventloop-thread-0] INFO  dev.mars.quorus.agent.QuorusAgent - Found 1 pending job(s)
11:49:48.441 [vert.x-eventloop-thread-0] INFO  dev.mars.quorus.agent.QuorusAgent - Processing job: settlement (null)
11:49:48.448 [vert.x-eventloop-thread-0] DEBUG d.m.q.a.s.JobStatusReportingService - Job status reported: settlement -> ACCEPTED
11:49:48.454 [vert.x-eventloop-thread-0] ERROR d.m.q.a.s.JobStatusReportingService - Status report unresolved or rejected: jobId=settlement, status=IN_PROGRESS, attemptId=settlement-attempt-1, sequence=2: Q-REPORT-REJECTED: HTTP 409
11:49:48.454 [vert.x-eventloop-thread-0] ERROR dev.mars.quorus.agent.QuorusAgent - Job settlement was not executed because its start report was rejected or unresolved: Q-REPORT-REJECTED: HTTP 409
11:49:48.457 [vert.x-eventloop-thread-0] DEBUG d.m.q.a.service.JobPollingService - Polled for jobs: found 0 pending jobs
11:49:48.457 [vert.x-eventloop-thread-0] DEBUG dev.mars.quorus.agent.QuorusAgent - No pending jobs found
11:49:48.477 [vert.x-eventloop-thread-0] DEBUG d.m.q.a.service.JobPollingService - Polled for jobs: found 0 pending jobs
11:49:48.477 [vert.x-eventloop-thread-0] DEBUG dev.mars.quorus.agent.QuorusAgent - No pending jobs found
11:49:48.497 [vert.x-eventloop-thread-0] DEBUG d.m.q.a.service.JobPollingService - Polled for jobs: found 0 pending jobs
11:49:48.497 [vert.x-eventloop-thread-0] DEBUG dev.mars.quorus.agent.QuorusAgent - No pending jobs found
11:49:48.517 [vert.x-eventloop-thread-0] DEBUG d.m.q.a.service.JobPollingService - Polled for jobs: found 0 pending jobs
11:49:48.517 [vert.x-eventloop-thread-0] DEBUG dev.mars.quorus.agent.QuorusAgent - No pending jobs found
11:49:48.537 [vert.x-eventloop-thread-0] DEBUG d.m.q.a.service.JobPollingService - Polled for jobs: found 0 pending jobs
11:49:48.537 [vert.x-eventloop-thread-0] DEBUG dev.mars.quorus.agent.QuorusAgent - No pending jobs found
11:49:48.556 [vert.x-eventloop-thread-0] DEBUG d.m.q.a.service.JobPollingService - Polled for jobs: found 0 pending jobs
11:49:48.556 [vert.x-eventloop-thread-0] DEBUG dev.mars.quorus.agent.QuorusAgent - No pending jobs found
11:49:48.576 [vert.x-eventloop-thread-0] DEBUG d.m.q.a.service.JobPollingService - Polled for jobs: found 0 pending jobs
11:49:48.576 [vert.x-eventloop-thread-0] DEBUG dev.mars.quorus.agent.QuorusAgent - No pending jobs found
11:49:48.596 [vert.x-eventloop-thread-0] DEBUG d.m.q.a.service.JobPollingService - Polled for jobs: found 0 pending jobs
11:49:48.597 [vert.x-eventloop-thread-0] DEBUG dev.mars.quorus.agent.QuorusAgent - No pending jobs found
11:49:48.617 [vert.x-eventloop-thread-0] DEBUG d.m.q.a.service.JobPollingService - Polled for jobs: found 0 pending jobs
11:49:48.617 [vert.x-eventloop-thread-0] DEBUG dev.mars.quorus.agent.QuorusAgent - No pending jobs found
11:49:48.636 [vert.x-eventloop-thread-0] DEBUG d.m.q.a.service.JobPollingService - Polled for jobs: found 0 pending jobs
11:49:48.636 [vert.x-eventloop-thread-0] DEBUG dev.mars.quorus.agent.QuorusAgent - No pending jobs found
11:49:48.655 [vert.x-eventloop-thread-0] DEBUG d.m.q.a.service.JobPollingService - Polled for jobs: found 0 pending jobs
11:49:48.655 [vert.x-eventloop-thread-0] DEBUG dev.mars.quorus.agent.QuorusAgent - No pending jobs found
11:49:48.676 [vert.x-eventloop-thread-0] DEBUG d.m.q.a.service.JobPollingService - Polled for jobs: found 0 pending jobs
11:49:48.676 [vert.x-eventloop-thread-0] DEBUG dev.mars.quorus.agent.QuorusAgent - No pending jobs found
11:49:48.696 [vert.x-eventloop-thread-0] DEBUG d.m.q.a.service.JobPollingService - Polled for jobs: found 0 pending jobs
11:49:48.696 [vert.x-eventloop-thread-0] DEBUG dev.mars.quorus.agent.QuorusAgent - No pending jobs found
11:49:48.715 [vert.x-eventloop-thread-0] DEBUG d.m.q.a.service.JobPollingService - Polled for jobs: found 0 pending jobs
11:49:48.715 [vert.x-eventloop-thread-0] DEBUG dev.mars.quorus.agent.QuorusAgent - No pending jobs found
11:49:48.737 [vert.x-eventloop-thread-0] DEBUG d.m.q.a.service.JobPollingService - Polled for jobs: found 0 pending jobs
11:49:48.737 [vert.x-eventloop-thread-0] DEBUG dev.mars.quorus.agent.QuorusAgent - No pending jobs found
11:49:48.756 [vert.x-eventloop-thread-0] DEBUG d.m.q.a.service.JobPollingService - Polled for jobs: found 0 pending jobs
11:49:48.756 [vert.x-eventloop-thread-0] DEBUG dev.mars.quorus.agent.QuorusAgent - No pending jobs found
11:49:48.777 [vert.x-eventloop-thread-0] DEBUG d.m.q.a.service.JobPollingService - Polled for jobs: found 0 pending jobs
11:49:48.777 [vert.x-eventloop-thread-0] DEBUG dev.mars.quorus.agent.QuorusAgent - No pending jobs found
11:49:48.795 [vert.x-eventloop-thread-0] DEBUG d.m.q.a.service.JobPollingService - Polled for jobs: found 0 pending jobs
11:49:48.796 [vert.x-eventloop-thread-0] DEBUG dev.mars.quorus.agent.QuorusAgent - No pending jobs found
11:49:48.817 [vert.x-eventloop-thread-0] DEBUG d.m.q.a.service.JobPollingService - Polled for jobs: found 0 pending jobs
11:49:48.817 [vert.x-eventloop-thread-0] DEBUG dev.mars.quorus.agent.QuorusAgent - No pending jobs found
11:49:48.836 [vert.x-eventloop-thread-0] DEBUG d.m.q.a.service.JobPollingService - Polled for jobs: found 0 pending jobs
11:49:48.836 [vert.x-eventloop-thread-0] DEBUG dev.mars.quorus.agent.QuorusAgent - No pending jobs found
11:49:48.856 [vert.x-eventloop-thread-0] DEBUG d.m.q.a.service.JobPollingService - Polled for jobs: found 0 pending jobs
11:49:48.856 [vert.x-eventloop-thread-0] DEBUG dev.mars.quorus.agent.QuorusAgent - No pending jobs found
11:49:48.880 [vert.x-eventloop-thread-0] DEBUG d.m.q.a.service.JobPollingService - Polled for jobs: found 0 pending jobs
11:49:48.880 [vert.x-eventloop-thread-0] DEBUG dev.mars.quorus.agent.QuorusAgent - No pending jobs found
11:49:48.898 [vert.x-eventloop-thread-0] DEBUG d.m.q.a.service.JobPollingService - Polled for jobs: found 0 pending jobs
11:49:48.898 [vert.x-eventloop-thread-0] DEBUG dev.mars.quorus.agent.QuorusAgent - No pending jobs found
11:49:48.916 [vert.x-eventloop-thread-0] DEBUG d.m.q.a.service.JobPollingService - Polled for jobs: found 0 pending jobs
11:49:48.916 [vert.x-eventloop-thread-0] DEBUG dev.mars.quorus.agent.QuorusAgent - No pending jobs found
11:49:48.937 [vert.x-eventloop-thread-0] DEBUG d.m.q.a.service.JobPollingService - Polled for jobs: found 0 pending jobs
11:49:48.937 [vert.x-eventloop-thread-0] DEBUG dev.mars.quorus.agent.QuorusAgent - No pending jobs found
11:49:48.958 [vert.x-eventloop-thread-0] DEBUG d.m.q.a.service.JobPollingService - Polled for jobs: found 0 pending jobs
11:49:48.959 [vert.x-eventloop-thread-0] DEBUG dev.mars.quorus.agent.QuorusAgent - No pending jobs found
11:49:48.977 [vert.x-eventloop-thread-0] DEBUG d.m.q.a.service.JobPollingService - Polled for jobs: found 0 pending jobs
11:49:48.977 [vert.x-eventloop-thread-0] DEBUG dev.mars.quorus.agent.QuorusAgent - No pending jobs found
11:49:48.997 [vert.x-eventloop-thread-0] DEBUG d.m.q.a.service.JobPollingService - Polled for jobs: found 0 pending jobs
11:49:48.998 [vert.x-eventloop-thread-0] DEBUG dev.mars.quorus.agent.QuorusAgent - No pending jobs found
11:49:49.017 [vert.x-eventloop-thread-0] DEBUG d.m.q.a.service.JobPollingService - Polled for jobs: found 0 pending jobs
11:49:49.017 [vert.x-eventloop-thread-0] DEBUG dev.mars.quorus.agent.QuorusAgent - No pending jobs found
11:49:49.036 [vert.x-eventloop-thread-0] DEBUG d.m.q.a.service.JobPollingService - Polled for jobs: found 0 pending jobs
11:49:49.036 [vert.x-eventloop-thread-0] DEBUG dev.mars.quorus.agent.QuorusAgent - No pending jobs found
11:49:49.056 [vert.x-eventloop-thread-0] DEBUG d.m.q.a.service.JobPollingService - Polled for jobs: found 0 pending jobs
11:49:49.056 [vert.x-eventloop-thread-0] DEBUG dev.mars.quorus.agent.QuorusAgent - No pending jobs found
11:49:49.076 [vert.x-eventloop-thread-0] DEBUG d.m.q.a.service.JobPollingService - Polled for jobs: found 0 pending jobs
11:49:49.076 [vert.x-eventloop-thread-0] DEBUG dev.mars.quorus.agent.QuorusAgent - No pending jobs found
11:49:49.097 [vert.x-eventloop-thread-0] DEBUG d.m.q.a.service.JobPollingService - Polled for jobs: found 0 pending jobs
11:49:49.097 [vert.x-eventloop-thread-0] DEBUG dev.mars.quorus.agent.QuorusAgent - No pending jobs found
11:49:49.116 [vert.x-eventloop-thread-0] DEBUG d.m.q.a.service.JobPollingService - Polled for jobs: found 0 pending jobs
11:49:49.116 [vert.x-eventloop-thread-0] DEBUG dev.mars.quorus.agent.QuorusAgent - No pending jobs found
11:49:49.136 [vert.x-eventloop-thread-0] DEBUG d.m.q.a.service.JobPollingService - Polled for jobs: found 0 pending jobs
11:49:49.136 [vert.x-eventloop-thread-0] DEBUG dev.mars.quorus.agent.QuorusAgent - No pending jobs found
11:49:49.156 [vert.x-eventloop-thread-0] DEBUG d.m.q.a.service.JobPollingService - Polled for jobs: found 0 pending jobs
11:49:49.157 [vert.x-eventloop-thread-0] DEBUG dev.mars.quorus.agent.QuorusAgent - No pending jobs found
11:49:49.177 [vert.x-eventloop-thread-0] DEBUG d.m.q.a.service.JobPollingService - Polled for jobs: found 0 pending jobs
11:49:49.177 [vert.x-eventloop-thread-0] DEBUG dev.mars.quorus.agent.QuorusAgent - No pending jobs found
11:49:49.196 [vert.x-eventloop-thread-0] DEBUG d.m.q.a.service.JobPollingService - Polled for jobs: found 0 pending jobs
11:49:49.197 [vert.x-eventloop-thread-0] DEBUG dev.mars.quorus.agent.QuorusAgent - No pending jobs found
11:49:49.217 [vert.x-eventloop-thread-0] DEBUG d.m.q.a.service.JobPollingService - Polled for jobs: found 0 pending jobs
11:49:49.217 [vert.x-eventloop-thread-0] DEBUG dev.mars.quorus.agent.QuorusAgent - No pending jobs found
11:49:49.235 [vert.x-eventloop-thread-0] DEBUG d.m.q.a.service.JobPollingService - Polled for jobs: found 0 pending jobs
11:49:49.236 [vert.x-eventloop-thread-0] DEBUG dev.mars.quorus.agent.QuorusAgent - No pending jobs found
11:49:49.257 [vert.x-eventloop-thread-0] DEBUG d.m.q.a.service.JobPollingService - Polled for jobs: found 0 pending jobs
11:49:49.257 [vert.x-eventloop-thread-0] DEBUG dev.mars.quorus.agent.QuorusAgent - No pending jobs found
11:49:49.277 [vert.x-eventloop-thread-0] DEBUG d.m.q.a.service.JobPollingService - Polled for jobs: found 0 pending jobs
11:49:49.277 [vert.x-eventloop-thread-0] DEBUG dev.mars.quorus.agent.QuorusAgent - No pending jobs found
11:49:49.296 [vert.x-eventloop-thread-0] DEBUG d.m.q.a.service.JobPollingService - Polled for jobs: found 0 pending jobs
11:49:49.296 [vert.x-eventloop-thread-0] DEBUG dev.mars.quorus.agent.QuorusAgent - No pending jobs found
11:49:49.315 [vert.x-eventloop-thread-0] DEBUG d.m.q.a.service.JobPollingService - Polled for jobs: found 0 pending jobs
11:49:49.316 [vert.x-eventloop-thread-0] DEBUG dev.mars.quorus.agent.QuorusAgent - No pending jobs found
11:49:49.336 [vert.x-eventloop-thread-0] DEBUG d.m.q.a.service.JobPollingService - Polled for jobs: found 0 pending jobs
11:49:49.336 [vert.x-eventloop-thread-0] DEBUG dev.mars.quorus.agent.QuorusAgent - No pending jobs found
11:49:49.356 [vert.x-eventloop-thread-0] DEBUG d.m.q.a.service.JobPollingService - Polled for jobs: found 0 pending jobs
11:49:49.356 [vert.x-eventloop-thread-0] DEBUG dev.mars.quorus.agent.QuorusAgent - No pending jobs found
11:49:49.376 [vert.x-eventloop-thread-0] DEBUG d.m.q.a.service.JobPollingService - Polled for jobs: found 0 pending jobs
11:49:49.376 [vert.x-eventloop-thread-0] DEBUG dev.mars.quorus.agent.QuorusAgent - No pending jobs found
11:49:49.398 [vert.x-eventloop-thread-0] DEBUG d.m.q.a.service.JobPollingService - Polled for jobs: found 0 pending jobs
11:49:49.398 [vert.x-eventloop-thread-0] DEBUG dev.mars.quorus.agent.QuorusAgent - No pending jobs found
11:49:49.416 [vert.x-eventloop-thread-0] DEBUG d.m.q.a.service.JobPollingService - Polled for jobs: found 0 pending jobs
11:49:49.416 [vert.x-eventloop-thread-0] DEBUG dev.mars.quorus.agent.QuorusAgent - No pending jobs found
11:49:49.435 [vert.x-eventloop-thread-0] DEBUG d.m.q.a.service.JobPollingService - Polled for jobs: found 0 pending jobs
11:49:49.435 [vert.x-eventloop-thread-0] DEBUG dev.mars.quorus.agent.QuorusAgent - No pending jobs found
11:49:49.456 [vert.x-eventloop-thread-0] DEBUG d.m.q.a.service.JobPollingService - Polled for jobs: found 0 pending jobs
11:49:49.456 [vert.x-eventloop-thread-0] DEBUG dev.mars.quorus.agent.QuorusAgent - No pending jobs found
11:49:49.475 [vert.x-eventloop-thread-0] DEBUG d.m.q.a.service.JobPollingService - Polled for jobs: found 0 pending jobs
11:49:49.475 [vert.x-eventloop-thread-0] DEBUG dev.mars.quorus.agent.QuorusAgent - No pending jobs found
11:49:49.496 [vert.x-eventloop-thread-0] DEBUG d.m.q.a.service.JobPollingService - Polled for jobs: found 0 pending jobs
11:49:49.496 [vert.x-eventloop-thread-0] DEBUG dev.mars.quorus.agent.QuorusAgent - No pending jobs found
11:49:49.516 [vert.x-eventloop-thread-0] DEBUG d.m.q.a.service.JobPollingService - Polled for jobs: found 0 pending jobs
11:49:49.517 [vert.x-eventloop-thread-0] DEBUG dev.mars.quorus.agent.QuorusAgent - No pending jobs found
11:49:49.536 [vert.x-eventloop-thread-0] DEBUG d.m.q.a.service.JobPollingService - Polled for jobs: found 0 pending jobs
11:49:49.536 [vert.x-eventloop-thread-0] DEBUG dev.mars.quorus.agent.QuorusAgent - No pending jobs found
11:49:49.556 [vert.x-eventloop-thread-0] DEBUG d.m.q.a.service.JobPollingService - Polled for jobs: found 0 pending jobs
11:49:49.556 [vert.x-eventloop-thread-0] DEBUG dev.mars.quorus.agent.QuorusAgent - No pending jobs found
11:49:49.576 [vert.x-eventloop-thread-0] DEBUG d.m.q.a.service.JobPollingService - Polled for jobs: found 0 pending jobs
11:49:49.576 [vert.x-eventloop-thread-0] DEBUG dev.mars.quorus.agent.QuorusAgent - No pending jobs found
11:49:49.597 [vert.x-eventloop-thread-0] DEBUG d.m.q.a.service.JobPollingService - Polled for jobs: found 0 pending jobs
11:49:49.597 [vert.x-eventloop-thread-0] DEBUG dev.mars.quorus.agent.QuorusAgent - No pending jobs found
11:49:49.616 [vert.x-eventloop-thread-0] DEBUG d.m.q.a.service.JobPollingService - Polled for jobs: found 0 pending jobs
11:49:49.616 [vert.x-eventloop-thread-0] DEBUG dev.mars.quorus.agent.QuorusAgent - No pending jobs found
11:49:49.636 [vert.x-eventloop-thread-0] DEBUG d.m.q.a.service.JobPollingService - Polled for jobs: found 0 pending jobs
11:49:49.636 [vert.x-eventloop-thread-0] DEBUG dev.mars.quorus.agent.QuorusAgent - No pending jobs found
11:49:49.655 [vert.x-eventloop-thread-0] DEBUG d.m.q.a.service.JobPollingService - Polled for jobs: found 0 pending jobs
11:49:49.656 [vert.x-eventloop-thread-0] DEBUG dev.mars.quorus.agent.QuorusAgent - No pending jobs found
11:49:49.677 [vert.x-eventloop-thread-0] DEBUG d.m.q.a.service.JobPollingService - Polled for jobs: found 0 pending jobs
11:49:49.677 [vert.x-eventloop-thread-0] DEBUG dev.mars.quorus.agent.QuorusAgent - No pending jobs found
11:49:49.696 [vert.x-eventloop-thread-0] DEBUG d.m.q.a.service.JobPollingService - Polled for jobs: found 0 pending jobs
11:49:49.696 [vert.x-eventloop-thread-0] DEBUG dev.mars.quorus.agent.QuorusAgent - No pending jobs found
11:49:49.716 [vert.x-eventloop-thread-0] DEBUG d.m.q.a.service.JobPollingService - Polled for jobs: found 0 pending jobs
11:49:49.716 [vert.x-eventloop-thread-0] DEBUG dev.mars.quorus.agent.QuorusAgent - No pending jobs found
11:49:49.735 [vert.x-eventloop-thread-0] DEBUG d.m.q.a.service.JobPollingService - Polled for jobs: found 0 pending jobs
11:49:49.735 [vert.x-eventloop-thread-0] DEBUG dev.mars.quorus.agent.QuorusAgent - No pending jobs found
11:49:49.755 [vert.x-eventloop-thread-0] DEBUG d.m.q.a.service.JobPollingService - Polled for jobs: found 0 pending jobs
11:49:49.762 [vert.x-eventloop-thread-0] DEBUG dev.mars.quorus.agent.QuorusAgent - No pending jobs found
11:49:49.775 [vert.x-eventloop-thread-0] DEBUG d.m.q.a.service.JobPollingService - Polled for jobs: found 0 pending jobs
11:49:49.775 [vert.x-eventloop-thread-0] DEBUG dev.mars.quorus.agent.QuorusAgent - No pending jobs found
11:49:49.796 [vert.x-eventloop-thread-0] DEBUG d.m.q.a.service.JobPollingService - Polled for jobs: found 0 pending jobs
11:49:49.796 [vert.x-eventloop-thread-0] DEBUG dev.mars.quorus.agent.QuorusAgent - No pending jobs found
11:49:49.815 [vert.x-eventloop-thread-0] DEBUG d.m.q.a.service.JobPollingService - Polled for jobs: found 0 pending jobs
11:49:49.815 [vert.x-eventloop-thread-0] DEBUG dev.mars.quorus.agent.QuorusAgent - No pending jobs found
11:49:49.835 [vert.x-eventloop-thread-0] DEBUG d.m.q.a.service.JobPollingService - Polled for jobs: found 0 pending jobs
11:49:49.835 [vert.x-eventloop-thread-0] DEBUG dev.mars.quorus.agent.QuorusAgent - No pending jobs found
11:49:49.855 [vert.x-eventloop-thread-0] DEBUG d.m.q.a.service.JobPollingService - Polled for jobs: found 0 pending jobs
11:49:49.855 [vert.x-eventloop-thread-0] DEBUG dev.mars.quorus.agent.QuorusAgent - No pending jobs found
11:49:49.876 [vert.x-eventloop-thread-0] DEBUG d.m.q.a.service.JobPollingService - Polled for jobs: found 0 pending jobs
11:49:49.876 [vert.x-eventloop-thread-0] DEBUG dev.mars.quorus.agent.QuorusAgent - No pending jobs found
11:49:49.895 [vert.x-eventloop-thread-0] DEBUG d.m.q.a.service.JobPollingService - Polled for jobs: found 0 pending jobs
11:49:49.896 [vert.x-eventloop-thread-0] DEBUG dev.mars.quorus.agent.QuorusAgent - No pending jobs found
11:49:49.915 [vert.x-eventloop-thread-0] DEBUG d.m.q.a.service.JobPollingService - Polled for jobs: found 0 pending jobs
11:49:49.916 [vert.x-eventloop-thread-0] DEBUG dev.mars.quorus.agent.QuorusAgent - No pending jobs found
11:49:49.935 [vert.x-eventloop-thread-0] DEBUG d.m.q.a.service.JobPollingService - Polled for jobs: found 0 pending jobs
11:49:49.935 [vert.x-eventloop-thread-0] DEBUG dev.mars.quorus.agent.QuorusAgent - No pending jobs found
11:49:49.955 [main] INFO  dev.mars.quorus.agent.QuorusAgent - Shutting down Quorus Agent (reactive mode)...
11:49:49.955 [main] INFO  dev.mars.quorus.agent.QuorusAgent - Heartbeat timer cancelled: true [ID: 5]
11:49:49.955 [main] INFO  dev.mars.quorus.agent.QuorusAgent - Job polling timer cancelled: true [ID: 7]
11:49:49.955 [main] INFO  d.m.q.a.s.TransferExecutionService - Shutting down transfer execution service...
11:49:49.955 [main] DEBUG d.m.q.transfer.SimpleTransferEngine - shutdown: initiating with timeout=30s
11:49:49.955 [main] INFO  d.m.q.transfer.SimpleTransferEngine - Shutting down transfer engine...
11:49:49.955 [main] DEBUG d.m.q.transfer.SimpleTransferEngine - shutdown: cancelling 0 active transfers
11:49:49.955 [main] DEBUG d.m.q.transfer.SimpleTransferEngine - awaitActiveTransfers: no active transfers
11:49:49.955 [main] INFO  d.m.q.transfer.SimpleTransferEngine - Transfer engine shutdown completed
11:49:49.955 [main] INFO  d.m.q.a.s.TransferExecutionService - Transfer execution service shutdown complete
11:49:49.955 [main] DEBUG d.m.q.agent.service.HeartbeatService - Shutting down HeartbeatService WebClient
11:49:49.955 [main] DEBUG d.m.q.a.service.JobPollingService - Shutting down JobPollingService WebClient
11:49:49.955 [main] DEBUG d.m.q.a.s.JobStatusReportingService - Shutting down JobStatusReportingService WebClient
11:49:49.955 [vert.x-eventloop-thread-0] DEBUG d.m.q.a.service.JobPollingService - Polled for jobs: found 0 pending jobs
11:49:49.955 [vert.x-eventloop-thread-0] DEBUG dev.mars.quorus.agent.QuorusAgent - No pending jobs found
11:49:49.957 [vert.x-eventloop-thread-0] INFO  d.m.q.agent.service.HealthService - Health service stopped
11:49:49.957 [vert.x-eventloop-thread-0] INFO  d.m.q.a.s.AgentRegistrationService - Deregistering agent payments-agent from controller
11:49:49.957 [vert.x-eventloop-thread-0] INFO  d.m.q.a.s.AgentRegistrationService - Agent payments-agent deregistered successfully
11:49:49.958 [vert.x-eventloop-thread-0] INFO  dev.mars.quorus.agent.QuorusAgent - Agent deregistered from controller
11:49:49.958 [vert.x-eventloop-thread-0] INFO  dev.mars.quorus.agent.QuorusAgent - Quorus Agent shutdown complete (0 threads to cleanup)
11:49:50.005 [main] INFO  dev.mars.quorus.agent.QuorusAgent - Creating QuorusAgent with Vert.x instance: 1778289781 (using Vert.x timers, no ScheduledExecutorService)
11:49:50.006 [main] WARN  d.m.q.a.s.ControllerWebClientFactory - INSECURE DEVELOPMENT MODE: agent-to-controller traffic is plaintext
11:49:50.006 [main] DEBUG d.m.q.a.s.AgentRegistrationService - AgentRegistrationService initialized with Vert.x WebClient (connectTimeout=5000ms, idleTimeout=500ms)
11:49:50.006 [main] WARN  d.m.q.a.s.ControllerWebClientFactory - INSECURE DEVELOPMENT MODE: agent-to-controller traffic is plaintext
11:49:50.007 [main] DEBUG d.m.q.agent.service.HeartbeatService - HeartbeatService initialized with Vert.x WebClient (connectTimeout=5000ms, idleTimeout=500ms)
11:49:50.007 [main] DEBUG d.m.q.transfer.SimpleTransferEngine - Initializing SimpleTransferEngine: maxConcurrent=5, maxRetries=3, retryDelay=1000ms
11:49:50.007 [main] DEBUG d.m.quorus.protocol.ProtocolFactory - Initializing ProtocolFactory with Vert.x instance
11:49:50.007 [main] DEBUG d.m.quorus.protocol.ProtocolFactory - Registering default transfer protocols
11:49:50.007 [main] DEBUG d.m.quorus.protocol.ProtocolFactory - Creating HttpTransferProtocol instance
11:49:50.007 [main] INFO  d.m.q.protocol.HttpTransferProtocol - HttpTransferProtocol initialized: connectTimeout=30000ms, readTimeout=60000ms, maxFileSize=10737418240 bytes
11:49:50.007 [main] DEBUG d.m.q.protocol.HttpTransferProtocol - HttpTransferProtocol created with Vert.x Web Client (reactive mode)
11:49:50.007 [main] INFO  d.m.quorus.protocol.ProtocolFactory - Registered protocol: http
11:49:50.007 [main] DEBUG d.m.quorus.protocol.ProtocolFactory - Protocol details: name=http, class=HttpTransferProtocol, supportsResume=false, supportsPause=true
11:49:50.007 [main] INFO  d.m.quorus.protocol.ProtocolFactory - Registered protocol alias: https -> http
11:49:50.007 [main] DEBUG d.m.quorus.protocol.ProtocolFactory - Creating SmbTransferProtocol instance
11:49:50.007 [main] INFO  d.m.quorus.protocol.ProtocolFactory - Registered protocol: smb
11:49:50.008 [main] DEBUG d.m.quorus.protocol.ProtocolFactory - Protocol details: name=smb, class=SmbTransferProtocol, supportsResume=false, supportsPause=false
11:49:50.008 [main] INFO  d.m.quorus.protocol.ProtocolFactory - Registered protocol alias: cifs -> smb
11:49:50.008 [main] DEBUG d.m.quorus.protocol.ProtocolFactory - Creating FtpTransferProtocol instance
11:49:50.008 [main] INFO  d.m.quorus.protocol.ProtocolFactory - Registered protocol: ftp
11:49:50.008 [main] DEBUG d.m.quorus.protocol.ProtocolFactory - Protocol details: name=ftp, class=FtpTransferProtocol, supportsResume=false, supportsPause=false
11:49:50.008 [main] INFO  d.m.quorus.protocol.ProtocolFactory - Registered protocol alias: ftps -> ftp
11:49:50.008 [main] DEBUG d.m.quorus.protocol.ProtocolFactory - Creating SftpTransferProtocol instance
11:49:50.008 [main] INFO  d.m.quorus.protocol.ProtocolFactory - Registered protocol: sftp
11:49:50.008 [main] DEBUG d.m.quorus.protocol.ProtocolFactory - Protocol details: name=sftp, class=SftpTransferProtocol, supportsResume=false, supportsPause=false
11:49:50.008 [main] DEBUG d.m.quorus.protocol.ProtocolFactory - Creating NfsTransferProtocol instance
11:49:50.008 [main] DEBUG d.m.q.protocol.NfsTransferProtocol - NfsTransferProtocol initialized with mountRoot=C:\nfs
11:49:50.008 [main] INFO  d.m.quorus.protocol.ProtocolFactory - Registered protocol: nfs
11:49:50.008 [main] DEBUG d.m.quorus.protocol.ProtocolFactory - Protocol details: name=nfs, class=NfsTransferProtocol, supportsResume=false, supportsPause=false
11:49:50.008 [main] INFO  d.m.quorus.protocol.ProtocolFactory - Registered default transfer protocols: count=8, schemes=ftps, ftp, http, smb, sftp, nfs, https, cifs
11:49:50.008 [main] INFO  d.m.q.transfer.SimpleTransferEngine - SimpleTransferEngine initialized with 5 max concurrent transfers (reactive mode, OpenTelemetry enabled)
11:49:50.008 [main] DEBUG d.m.q.transfer.SimpleTransferEngine - SimpleTransferEngine initialization complete - startTime=2026-09-05T03:49:50.008619800Z
11:49:50.008 [main] INFO  d.m.q.a.s.TransferExecutionService - TransferExecutionService initialized (Vert.x reactive mode)
11:49:50.008 [main] WARN  d.m.q.a.s.ControllerWebClientFactory - INSECURE DEVELOPMENT MODE: agent-to-controller traffic is plaintext
11:49:50.009 [main] DEBUG d.m.q.a.service.JobPollingService - JobPollingService initialized with Vert.x WebClient (connectTimeout=5000ms, idleTimeout=500ms)
11:49:50.009 [main] WARN  d.m.q.a.s.ControllerWebClientFactory - INSECURE DEVELOPMENT MODE: agent-to-controller traffic is plaintext
11:49:50.009 [main] DEBUG d.m.q.a.s.JobStatusReportingService - JobStatusReportingService initialized with Vert.x WebClient (connectTimeout=5000ms, idleTimeout=500ms)
11:49:50.009 [main] INFO  d.m.q.a.observability.AgentMetrics - AgentMetrics initialized for agent: payments-agent
11:49:50.009 [main] INFO  dev.mars.quorus.agent.QuorusAgent - Quorus Agent initialized: payments-agent (reactive mode with OpenTelemetry)
11:49:50.009 [main] INFO  dev.mars.quorus.agent.QuorusAgent - Foreign-assignment mismatch threshold configured to 3
11:49:50.009 [main] INFO  dev.mars.quorus.agent.QuorusAgent - Starting Quorus Agent services (Vert.x reactive mode)...
11:49:50.010 [main] INFO  d.m.q.a.s.AgentRegistrationService - Registering agent payments-agent with controller at http://localhost:52574/api/v1
11:49:50.012 [vert.x-eventloop-thread-0] INFO  d.m.q.agent.service.HealthService - Health service started on port 52575
11:49:50.016 [vert.x-eventloop-thread-0] INFO  d.m.q.a.s.AgentRegistrationService - Agent payments-agent registered successfully
11:49:50.017 [vert.x-eventloop-thread-0] INFO  dev.mars.quorus.agent.QuorusAgent - Agent registered successfully with controller
11:49:50.017 [vert.x-eventloop-thread-0] INFO  dev.mars.quorus.agent.QuorusAgent - Heartbeat service started (interval: 30000ms) [Vert.x timer ID: 5]
11:49:50.017 [vert.x-eventloop-thread-0] INFO  d.m.q.a.s.TransferExecutionService - Transfer execution service started with 5 max concurrent transfers
11:49:50.017 [vert.x-eventloop-thread-0] INFO  dev.mars.quorus.agent.QuorusAgent - Transfer execution service started
11:49:50.017 [vert.x-eventloop-thread-0] INFO  dev.mars.quorus.agent.QuorusAgent - Quorus Agent started successfully (reactive mode, 0 extra threads)
11:49:50.019 [vert.x-eventloop-thread-0] INFO  dev.mars.quorus.agent.QuorusAgent - Job polling started (interval: 20ms) [Vert.x timer ID: 7]
11:49:50.043 [vert.x-eventloop-thread-0] DEBUG d.m.q.a.service.JobPollingService - Polled for jobs: found 1 pending jobs
11:49:50.043 [vert.x-eventloop-thread-0] INFO  dev.mars.quorus.agent.QuorusAgent - Found 1 pending job(s)
11:49:50.043 [vert.x-eventloop-thread-0] INFO  dev.mars.quorus.agent.QuorusAgent - Processing job: settlement (null)
11:49:50.048 [vert.x-eventloop-thread-0] DEBUG d.m.q.a.s.JobStatusReportingService - Job status reported: settlement -> ACCEPTED
11:49:50.062 [vert.x-eventloop-thread-0] DEBUG d.m.q.a.service.JobPollingService - Polled for jobs: found 0 pending jobs
11:49:50.062 [vert.x-eventloop-thread-0] DEBUG dev.mars.quorus.agent.QuorusAgent - No pending jobs found
11:49:50.082 [vert.x-eventloop-thread-0] DEBUG d.m.q.a.service.JobPollingService - Polled for jobs: found 0 pending jobs
11:49:50.082 [vert.x-eventloop-thread-0] DEBUG dev.mars.quorus.agent.QuorusAgent - No pending jobs found
11:49:50.100 [vert.x-eventloop-thread-0] DEBUG d.m.q.a.service.JobPollingService - Polled for jobs: found 0 pending jobs
11:49:50.101 [vert.x-eventloop-thread-0] DEBUG dev.mars.quorus.agent.QuorusAgent - No pending jobs found
11:49:50.120 [vert.x-eventloop-thread-0] DEBUG d.m.q.a.service.JobPollingService - Polled for jobs: found 0 pending jobs
11:49:50.121 [vert.x-eventloop-thread-0] DEBUG dev.mars.quorus.agent.QuorusAgent - No pending jobs found
11:49:50.141 [vert.x-eventloop-thread-0] DEBUG d.m.q.a.service.JobPollingService - Polled for jobs: found 0 pending jobs
11:49:50.141 [vert.x-eventloop-thread-0] DEBUG dev.mars.quorus.agent.QuorusAgent - No pending jobs found
11:49:50.160 [vert.x-eventloop-thread-0] DEBUG d.m.q.a.service.JobPollingService - Polled for jobs: found 0 pending jobs
11:49:50.161 [vert.x-eventloop-thread-0] DEBUG dev.mars.quorus.agent.QuorusAgent - No pending jobs found
11:49:50.181 [vert.x-eventloop-thread-0] DEBUG d.m.q.a.service.JobPollingService - Polled for jobs: found 0 pending jobs
11:49:50.181 [vert.x-eventloop-thread-0] DEBUG dev.mars.quorus.agent.QuorusAgent - No pending jobs found
11:49:50.201 [vert.x-eventloop-thread-0] DEBUG d.m.q.a.service.JobPollingService - Polled for jobs: found 0 pending jobs
11:49:50.202 [vert.x-eventloop-thread-0] DEBUG dev.mars.quorus.agent.QuorusAgent - No pending jobs found
11:49:50.221 [vert.x-eventloop-thread-0] DEBUG d.m.q.a.service.JobPollingService - Polled for jobs: found 0 pending jobs
11:49:50.222 [vert.x-eventloop-thread-0] DEBUG dev.mars.quorus.agent.QuorusAgent - No pending jobs found
11:49:50.240 [vert.x-eventloop-thread-0] DEBUG d.m.q.a.service.JobPollingService - Polled for jobs: found 0 pending jobs
11:49:50.240 [vert.x-eventloop-thread-0] DEBUG dev.mars.quorus.agent.QuorusAgent - No pending jobs found
11:49:50.260 [vert.x-eventloop-thread-0] DEBUG d.m.q.a.service.JobPollingService - Polled for jobs: found 0 pending jobs
11:49:50.260 [vert.x-eventloop-thread-0] DEBUG dev.mars.quorus.agent.QuorusAgent - No pending jobs found
11:49:50.281 [vert.x-eventloop-thread-0] DEBUG d.m.q.a.service.JobPollingService - Polled for jobs: found 0 pending jobs
11:49:50.281 [vert.x-eventloop-thread-0] DEBUG dev.mars.quorus.agent.QuorusAgent - No pending jobs found
11:49:50.301 [vert.x-eventloop-thread-0] DEBUG d.m.q.a.service.JobPollingService - Polled for jobs: found 0 pending jobs
11:49:50.301 [vert.x-eventloop-thread-0] DEBUG dev.mars.quorus.agent.QuorusAgent - No pending jobs found
11:49:50.320 [vert.x-eventloop-thread-0] DEBUG d.m.q.a.service.JobPollingService - Polled for jobs: found 0 pending jobs
11:49:50.320 [vert.x-eventloop-thread-0] DEBUG dev.mars.quorus.agent.QuorusAgent - No pending jobs found
11:49:50.341 [vert.x-eventloop-thread-0] DEBUG d.m.q.a.service.JobPollingService - Polled for jobs: found 0 pending jobs
11:49:50.341 [vert.x-eventloop-thread-0] DEBUG dev.mars.quorus.agent.QuorusAgent - No pending jobs found
11:49:50.357 [vert.x-eventloop-thread-0] ERROR d.m.q.a.s.JobStatusReportingService - Status report unresolved or rejected: jobId=settlement, status=IN_PROGRESS, attemptId=settlement-attempt-1, sequence=2: Q-REPORT-UNRESOLVED: HTTP 503
11:49:50.357 [vert.x-eventloop-thread-0] ERROR dev.mars.quorus.agent.QuorusAgent - Job settlement was not executed because its start report was rejected or unresolved: Q-REPORT-UNRESOLVED: HTTP 503
11:49:50.361 [vert.x-eventloop-thread-0] DEBUG d.m.q.a.service.JobPollingService - Polled for jobs: found 0 pending jobs
11:49:50.362 [vert.x-eventloop-thread-0] DEBUG dev.mars.quorus.agent.QuorusAgent - No pending jobs found
11:49:50.382 [vert.x-eventloop-thread-0] DEBUG d.m.q.a.service.JobPollingService - Polled for jobs: found 0 pending jobs
11:49:50.382 [vert.x-eventloop-thread-0] DEBUG dev.mars.quorus.agent.QuorusAgent - No pending jobs found
11:49:50.400 [vert.x-eventloop-thread-0] DEBUG d.m.q.a.service.JobPollingService - Polled for jobs: found 0 pending jobs
11:49:50.400 [vert.x-eventloop-thread-0] DEBUG dev.mars.quorus.agent.QuorusAgent - No pending jobs found
11:49:50.420 [vert.x-eventloop-thread-0] DEBUG d.m.q.a.service.JobPollingService - Polled for jobs: found 0 pending jobs
11:49:50.420 [vert.x-eventloop-thread-0] DEBUG dev.mars.quorus.agent.QuorusAgent - No pending jobs found
11:49:50.440 [vert.x-eventloop-thread-0] DEBUG d.m.q.a.service.JobPollingService - Polled for jobs: found 0 pending jobs
11:49:50.440 [vert.x-eventloop-thread-0] DEBUG dev.mars.quorus.agent.QuorusAgent - No pending jobs found
11:49:50.461 [vert.x-eventloop-thread-0] DEBUG d.m.q.a.service.JobPollingService - Polled for jobs: found 0 pending jobs
11:49:50.461 [vert.x-eventloop-thread-0] DEBUG dev.mars.quorus.agent.QuorusAgent - No pending jobs found
11:49:50.481 [vert.x-eventloop-thread-0] DEBUG d.m.q.a.service.JobPollingService - Polled for jobs: found 0 pending jobs
11:49:50.481 [vert.x-eventloop-thread-0] DEBUG dev.mars.quorus.agent.QuorusAgent - No pending jobs found
11:49:50.502 [vert.x-eventloop-thread-0] DEBUG d.m.q.a.service.JobPollingService - Polled for jobs: found 0 pending jobs
11:49:50.502 [vert.x-eventloop-thread-0] DEBUG dev.mars.quorus.agent.QuorusAgent - No pending jobs found
11:49:50.521 [vert.x-eventloop-thread-0] DEBUG d.m.q.a.service.JobPollingService - Polled for jobs: found 0 pending jobs
11:49:50.521 [vert.x-eventloop-thread-0] DEBUG dev.mars.quorus.agent.QuorusAgent - No pending jobs found
11:49:50.540 [vert.x-eventloop-thread-0] DEBUG d.m.q.a.service.JobPollingService - Polled for jobs: found 0 pending jobs
11:49:50.540 [vert.x-eventloop-thread-0] DEBUG dev.mars.quorus.agent.QuorusAgent - No pending jobs found
11:49:50.560 [vert.x-eventloop-thread-0] DEBUG d.m.q.a.service.JobPollingService - Polled for jobs: found 0 pending jobs
11:49:50.560 [vert.x-eventloop-thread-0] DEBUG dev.mars.quorus.agent.QuorusAgent - No pending jobs found
11:49:50.580 [vert.x-eventloop-thread-0] DEBUG d.m.q.a.service.JobPollingService - Polled for jobs: found 0 pending jobs
11:49:50.581 [vert.x-eventloop-thread-0] DEBUG dev.mars.quorus.agent.QuorusAgent - No pending jobs found
11:49:50.601 [vert.x-eventloop-thread-0] DEBUG d.m.q.a.service.JobPollingService - Polled for jobs: found 0 pending jobs
11:49:50.601 [vert.x-eventloop-thread-0] DEBUG dev.mars.quorus.agent.QuorusAgent - No pending jobs found
11:49:50.621 [vert.x-eventloop-thread-0] DEBUG d.m.q.a.service.JobPollingService - Polled for jobs: found 0 pending jobs
11:49:50.621 [vert.x-eventloop-thread-0] DEBUG dev.mars.quorus.agent.QuorusAgent - No pending jobs found
11:49:50.640 [vert.x-eventloop-thread-0] DEBUG d.m.q.a.service.JobPollingService - Polled for jobs: found 0 pending jobs
11:49:50.641 [vert.x-eventloop-thread-0] DEBUG dev.mars.quorus.agent.QuorusAgent - No pending jobs found
11:49:50.661 [vert.x-eventloop-thread-0] DEBUG d.m.q.a.service.JobPollingService - Polled for jobs: found 0 pending jobs
11:49:50.661 [vert.x-eventloop-thread-0] DEBUG dev.mars.quorus.agent.QuorusAgent - No pending jobs found
11:49:50.682 [vert.x-eventloop-thread-0] DEBUG d.m.q.a.service.JobPollingService - Polled for jobs: found 0 pending jobs
11:49:50.682 [vert.x-eventloop-thread-0] DEBUG dev.mars.quorus.agent.QuorusAgent - No pending jobs found
11:49:50.701 [vert.x-eventloop-thread-0] DEBUG d.m.q.a.service.JobPollingService - Polled for jobs: found 0 pending jobs
11:49:50.702 [vert.x-eventloop-thread-0] DEBUG dev.mars.quorus.agent.QuorusAgent - No pending jobs found
11:49:50.721 [vert.x-eventloop-thread-0] DEBUG d.m.q.a.service.JobPollingService - Polled for jobs: found 0 pending jobs
11:49:50.721 [vert.x-eventloop-thread-0] DEBUG dev.mars.quorus.agent.QuorusAgent - No pending jobs found
11:49:50.742 [vert.x-eventloop-thread-0] DEBUG d.m.q.a.service.JobPollingService - Polled for jobs: found 0 pending jobs
11:49:50.742 [vert.x-eventloop-thread-0] DEBUG dev.mars.quorus.agent.QuorusAgent - No pending jobs found
11:49:50.761 [vert.x-eventloop-thread-0] DEBUG d.m.q.a.service.JobPollingService - Polled for jobs: found 0 pending jobs
11:49:50.761 [vert.x-eventloop-thread-0] DEBUG dev.mars.quorus.agent.QuorusAgent - No pending jobs found
11:49:50.780 [vert.x-eventloop-thread-0] DEBUG d.m.q.a.service.JobPollingService - Polled for jobs: found 0 pending jobs
11:49:50.780 [vert.x-eventloop-thread-0] DEBUG dev.mars.quorus.agent.QuorusAgent - No pending jobs found
11:49:50.800 [vert.x-eventloop-thread-0] DEBUG d.m.q.a.service.JobPollingService - Polled for jobs: found 0 pending jobs
11:49:50.800 [vert.x-eventloop-thread-0] DEBUG dev.mars.quorus.agent.QuorusAgent - No pending jobs found
11:49:50.821 [vert.x-eventloop-thread-0] DEBUG d.m.q.a.service.JobPollingService - Polled for jobs: found 0 pending jobs
11:49:50.821 [vert.x-eventloop-thread-0] DEBUG dev.mars.quorus.agent.QuorusAgent - No pending jobs found
11:49:50.841 [vert.x-eventloop-thread-0] DEBUG d.m.q.a.service.JobPollingService - Polled for jobs: found 0 pending jobs
11:49:50.841 [vert.x-eventloop-thread-0] DEBUG dev.mars.quorus.agent.QuorusAgent - No pending jobs found
11:49:50.860 [vert.x-eventloop-thread-0] DEBUG d.m.q.a.service.JobPollingService - Polled for jobs: found 0 pending jobs
11:49:50.860 [vert.x-eventloop-thread-0] DEBUG dev.mars.quorus.agent.QuorusAgent - No pending jobs found
11:49:50.881 [vert.x-eventloop-thread-0] DEBUG d.m.q.a.service.JobPollingService - Polled for jobs: found 0 pending jobs
11:49:50.881 [vert.x-eventloop-thread-0] DEBUG dev.mars.quorus.agent.QuorusAgent - No pending jobs found
11:49:50.900 [vert.x-eventloop-thread-0] DEBUG d.m.q.a.service.JobPollingService - Polled for jobs: found 0 pending jobs
11:49:50.900 [vert.x-eventloop-thread-0] DEBUG dev.mars.quorus.agent.QuorusAgent - No pending jobs found
11:49:50.920 [vert.x-eventloop-thread-0] DEBUG d.m.q.a.service.JobPollingService - Polled for jobs: found 0 pending jobs
11:49:50.920 [vert.x-eventloop-thread-0] DEBUG dev.mars.quorus.agent.QuorusAgent - No pending jobs found
11:49:50.941 [vert.x-eventloop-thread-0] DEBUG d.m.q.a.service.JobPollingService - Polled for jobs: found 0 pending jobs
11:49:50.941 [vert.x-eventloop-thread-0] DEBUG dev.mars.quorus.agent.QuorusAgent - No pending jobs found
11:49:50.961 [vert.x-eventloop-thread-0] DEBUG d.m.q.a.service.JobPollingService - Polled for jobs: found 0 pending jobs
11:49:50.961 [vert.x-eventloop-thread-0] DEBUG dev.mars.quorus.agent.QuorusAgent - No pending jobs found
11:49:50.982 [vert.x-eventloop-thread-0] DEBUG d.m.q.a.service.JobPollingService - Polled for jobs: found 0 pending jobs
11:49:50.983 [vert.x-eventloop-thread-0] DEBUG dev.mars.quorus.agent.QuorusAgent - No pending jobs found
11:49:51.001 [vert.x-eventloop-thread-0] DEBUG d.m.q.a.service.JobPollingService - Polled for jobs: found 0 pending jobs
11:49:51.001 [vert.x-eventloop-thread-0] DEBUG dev.mars.quorus.agent.QuorusAgent - No pending jobs found
11:49:51.021 [vert.x-eventloop-thread-0] DEBUG d.m.q.a.service.JobPollingService - Polled for jobs: found 0 pending jobs
11:49:51.021 [vert.x-eventloop-thread-0] DEBUG dev.mars.quorus.agent.QuorusAgent - No pending jobs found
11:49:51.041 [vert.x-eventloop-thread-0] DEBUG d.m.q.a.service.JobPollingService - Polled for jobs: found 0 pending jobs
11:49:51.041 [vert.x-eventloop-thread-0] DEBUG dev.mars.quorus.agent.QuorusAgent - No pending jobs found
11:49:51.062 [vert.x-eventloop-thread-0] DEBUG d.m.q.a.service.JobPollingService - Polled for jobs: found 0 pending jobs
11:49:51.062 [vert.x-eventloop-thread-0] DEBUG dev.mars.quorus.agent.QuorusAgent - No pending jobs found
11:49:51.082 [vert.x-eventloop-thread-0] DEBUG d.m.q.a.service.JobPollingService - Polled for jobs: found 0 pending jobs
11:49:51.082 [vert.x-eventloop-thread-0] DEBUG dev.mars.quorus.agent.QuorusAgent - No pending jobs found
11:49:51.101 [vert.x-eventloop-thread-0] DEBUG d.m.q.a.service.JobPollingService - Polled for jobs: found 0 pending jobs
11:49:51.101 [vert.x-eventloop-thread-0] DEBUG dev.mars.quorus.agent.QuorusAgent - No pending jobs found
11:49:51.121 [vert.x-eventloop-thread-0] DEBUG d.m.q.a.service.JobPollingService - Polled for jobs: found 0 pending jobs
11:49:51.130 [vert.x-eventloop-thread-0] DEBUG dev.mars.quorus.agent.QuorusAgent - No pending jobs found
11:49:51.140 [vert.x-eventloop-thread-0] DEBUG d.m.q.a.service.JobPollingService - Polled for jobs: found 0 pending jobs
11:49:51.140 [vert.x-eventloop-thread-0] DEBUG dev.mars.quorus.agent.QuorusAgent - No pending jobs found
11:49:51.160 [vert.x-eventloop-thread-0] DEBUG d.m.q.a.service.JobPollingService - Polled for jobs: found 0 pending jobs
11:49:51.161 [vert.x-eventloop-thread-0] DEBUG dev.mars.quorus.agent.QuorusAgent - No pending jobs found
11:49:51.181 [vert.x-eventloop-thread-0] DEBUG d.m.q.a.service.JobPollingService - Polled for jobs: found 0 pending jobs
11:49:51.182 [vert.x-eventloop-thread-0] DEBUG dev.mars.quorus.agent.QuorusAgent - No pending jobs found
11:49:51.200 [vert.x-eventloop-thread-0] DEBUG d.m.q.a.service.JobPollingService - Polled for jobs: found 0 pending jobs
11:49:51.200 [vert.x-eventloop-thread-0] DEBUG dev.mars.quorus.agent.QuorusAgent - No pending jobs found
11:49:51.220 [vert.x-eventloop-thread-0] DEBUG d.m.q.a.service.JobPollingService - Polled for jobs: found 0 pending jobs
11:49:51.221 [vert.x-eventloop-thread-0] DEBUG dev.mars.quorus.agent.QuorusAgent - No pending jobs found
11:49:51.240 [vert.x-eventloop-thread-0] DEBUG d.m.q.a.service.JobPollingService - Polled for jobs: found 0 pending jobs
11:49:51.241 [vert.x-eventloop-thread-0] DEBUG dev.mars.quorus.agent.QuorusAgent - No pending jobs found
11:49:51.260 [vert.x-eventloop-thread-0] DEBUG d.m.q.a.service.JobPollingService - Polled for jobs: found 0 pending jobs
11:49:51.260 [vert.x-eventloop-thread-0] DEBUG dev.mars.quorus.agent.QuorusAgent - No pending jobs found
11:49:51.280 [vert.x-eventloop-thread-0] DEBUG d.m.q.a.service.JobPollingService - Polled for jobs: found 0 pending jobs
11:49:51.280 [vert.x-eventloop-thread-0] DEBUG dev.mars.quorus.agent.QuorusAgent - No pending jobs found
11:49:51.302 [vert.x-eventloop-thread-0] DEBUG d.m.q.a.service.JobPollingService - Polled for jobs: found 0 pending jobs
11:49:51.302 [vert.x-eventloop-thread-0] DEBUG dev.mars.quorus.agent.QuorusAgent - No pending jobs found
11:49:51.320 [vert.x-eventloop-thread-0] DEBUG d.m.q.a.service.JobPollingService - Polled for jobs: found 0 pending jobs
11:49:51.320 [vert.x-eventloop-thread-0] DEBUG dev.mars.quorus.agent.QuorusAgent - No pending jobs found
11:49:51.340 [vert.x-eventloop-thread-0] DEBUG d.m.q.a.service.JobPollingService - Polled for jobs: found 0 pending jobs
11:49:51.340 [vert.x-eventloop-thread-0] DEBUG dev.mars.quorus.agent.QuorusAgent - No pending jobs found
11:49:51.362 [vert.x-eventloop-thread-0] DEBUG d.m.q.a.service.JobPollingService - Polled for jobs: found 0 pending jobs
11:49:51.362 [vert.x-eventloop-thread-0] DEBUG dev.mars.quorus.agent.QuorusAgent - No pending jobs found
11:49:51.381 [vert.x-eventloop-thread-0] DEBUG d.m.q.a.service.JobPollingService - Polled for jobs: found 0 pending jobs
11:49:51.381 [vert.x-eventloop-thread-0] DEBUG dev.mars.quorus.agent.QuorusAgent - No pending jobs found
11:49:51.401 [vert.x-eventloop-thread-0] DEBUG d.m.q.a.service.JobPollingService - Polled for jobs: found 0 pending jobs
11:49:51.401 [vert.x-eventloop-thread-0] DEBUG dev.mars.quorus.agent.QuorusAgent - No pending jobs found
11:49:51.422 [vert.x-eventloop-thread-0] DEBUG d.m.q.a.service.JobPollingService - Polled for jobs: found 0 pending jobs
11:49:51.422 [vert.x-eventloop-thread-0] DEBUG dev.mars.quorus.agent.QuorusAgent - No pending jobs found
11:49:51.440 [vert.x-eventloop-thread-0] DEBUG d.m.q.a.service.JobPollingService - Polled for jobs: found 0 pending jobs
11:49:51.441 [vert.x-eventloop-thread-0] DEBUG dev.mars.quorus.agent.QuorusAgent - No pending jobs found
11:49:51.461 [vert.x-eventloop-thread-0] DEBUG d.m.q.a.service.JobPollingService - Polled for jobs: found 0 pending jobs
11:49:51.462 [vert.x-eventloop-thread-0] DEBUG dev.mars.quorus.agent.QuorusAgent - No pending jobs found
11:49:51.481 [vert.x-eventloop-thread-0] DEBUG d.m.q.a.service.JobPollingService - Polled for jobs: found 0 pending jobs
11:49:51.481 [vert.x-eventloop-thread-0] DEBUG dev.mars.quorus.agent.QuorusAgent - No pending jobs found
11:49:51.500 [vert.x-eventloop-thread-0] DEBUG d.m.q.a.service.JobPollingService - Polled for jobs: found 0 pending jobs
11:49:51.500 [vert.x-eventloop-thread-0] DEBUG dev.mars.quorus.agent.QuorusAgent - No pending jobs found
11:49:51.521 [vert.x-eventloop-thread-0] DEBUG d.m.q.a.service.JobPollingService - Polled for jobs: found 0 pending jobs
11:49:51.521 [vert.x-eventloop-thread-0] DEBUG dev.mars.quorus.agent.QuorusAgent - No pending jobs found
11:49:51.540 [vert.x-eventloop-thread-0] DEBUG d.m.q.a.service.JobPollingService - Polled for jobs: found 0 pending jobs
11:49:51.540 [vert.x-eventloop-thread-0] DEBUG dev.mars.quorus.agent.QuorusAgent - No pending jobs found
11:49:51.552 [main] INFO  dev.mars.quorus.agent.QuorusAgent - Shutting down Quorus Agent (reactive mode)...
11:49:51.553 [main] INFO  dev.mars.quorus.agent.QuorusAgent - Heartbeat timer cancelled: true [ID: 5]
11:49:51.553 [main] INFO  dev.mars.quorus.agent.QuorusAgent - Job polling timer cancelled: true [ID: 7]
11:49:51.553 [main] INFO  d.m.q.a.s.TransferExecutionService - Shutting down transfer execution service...
11:49:51.553 [main] DEBUG d.m.q.transfer.SimpleTransferEngine - shutdown: initiating with timeout=30s
11:49:51.553 [main] INFO  d.m.q.transfer.SimpleTransferEngine - Shutting down transfer engine...
11:49:51.553 [main] DEBUG d.m.q.transfer.SimpleTransferEngine - shutdown: cancelling 0 active transfers
11:49:51.553 [main] DEBUG d.m.q.transfer.SimpleTransferEngine - awaitActiveTransfers: no active transfers
11:49:51.553 [main] INFO  d.m.q.transfer.SimpleTransferEngine - Transfer engine shutdown completed
11:49:51.553 [main] INFO  d.m.q.a.s.TransferExecutionService - Transfer execution service shutdown complete
11:49:51.553 [main] DEBUG d.m.q.agent.service.HeartbeatService - Shutting down HeartbeatService WebClient
11:49:51.553 [main] DEBUG d.m.q.a.service.JobPollingService - Shutting down JobPollingService WebClient
11:49:51.553 [main] DEBUG d.m.q.a.s.JobStatusReportingService - Shutting down JobStatusReportingService WebClient
11:49:51.555 [vert.x-eventloop-thread-0] INFO  d.m.q.agent.service.HealthService - Health service stopped
11:49:51.555 [vert.x-eventloop-thread-0] INFO  d.m.q.a.s.AgentRegistrationService - Deregistering agent payments-agent from controller
11:49:51.557 [vert.x-eventloop-thread-0] INFO  d.m.q.a.s.AgentRegistrationService - Agent payments-agent deregistered successfully
11:49:51.557 [vert.x-eventloop-thread-0] INFO  dev.mars.quorus.agent.QuorusAgent - Agent deregistered from controller
11:49:51.557 [vert.x-eventloop-thread-0] INFO  dev.mars.quorus.agent.QuorusAgent - Quorus Agent shutdown complete (0 threads to cleanup)
11:49:51.623 [main] INFO  dev.mars.quorus.agent.QuorusAgent - Creating QuorusAgent with Vert.x instance: 594491525 (using Vert.x timers, no ScheduledExecutorService)
11:49:51.623 [main] WARN  d.m.q.a.s.ControllerWebClientFactory - INSECURE DEVELOPMENT MODE: agent-to-controller traffic is plaintext
11:49:51.624 [main] DEBUG d.m.q.a.s.AgentRegistrationService - AgentRegistrationService initialized with Vert.x WebClient (connectTimeout=5000ms, idleTimeout=500ms)
11:49:51.624 [main] WARN  d.m.q.a.s.ControllerWebClientFactory - INSECURE DEVELOPMENT MODE: agent-to-controller traffic is plaintext
11:49:51.624 [main] DEBUG d.m.q.agent.service.HeartbeatService - HeartbeatService initialized with Vert.x WebClient (connectTimeout=5000ms, idleTimeout=500ms)
11:49:51.624 [main] DEBUG d.m.q.transfer.SimpleTransferEngine - Initializing SimpleTransferEngine: maxConcurrent=5, maxRetries=3, retryDelay=1000ms
11:49:51.624 [main] DEBUG d.m.quorus.protocol.ProtocolFactory - Initializing ProtocolFactory with Vert.x instance
11:49:51.624 [main] DEBUG d.m.quorus.protocol.ProtocolFactory - Registering default transfer protocols
11:49:51.624 [main] DEBUG d.m.quorus.protocol.ProtocolFactory - Creating HttpTransferProtocol instance
11:49:51.624 [main] INFO  d.m.q.protocol.HttpTransferProtocol - HttpTransferProtocol initialized: connectTimeout=30000ms, readTimeout=60000ms, maxFileSize=10737418240 bytes
11:49:51.624 [main] DEBUG d.m.q.protocol.HttpTransferProtocol - HttpTransferProtocol created with Vert.x Web Client (reactive mode)
11:49:51.624 [main] INFO  d.m.quorus.protocol.ProtocolFactory - Registered protocol: http
11:49:51.624 [main] DEBUG d.m.quorus.protocol.ProtocolFactory - Protocol details: name=http, class=HttpTransferProtocol, supportsResume=false, supportsPause=true
11:49:51.624 [main] INFO  d.m.quorus.protocol.ProtocolFactory - Registered protocol alias: https -> http
11:49:51.624 [main] DEBUG d.m.quorus.protocol.ProtocolFactory - Creating SmbTransferProtocol instance
11:49:51.624 [main] INFO  d.m.quorus.protocol.ProtocolFactory - Registered protocol: smb
11:49:51.624 [main] DEBUG d.m.quorus.protocol.ProtocolFactory - Protocol details: name=smb, class=SmbTransferProtocol, supportsResume=false, supportsPause=false
11:49:51.624 [main] INFO  d.m.quorus.protocol.ProtocolFactory - Registered protocol alias: cifs -> smb
11:49:51.624 [main] DEBUG d.m.quorus.protocol.ProtocolFactory - Creating FtpTransferProtocol instance
11:49:51.624 [main] INFO  d.m.quorus.protocol.ProtocolFactory - Registered protocol: ftp
11:49:51.624 [main] DEBUG d.m.quorus.protocol.ProtocolFactory - Protocol details: name=ftp, class=FtpTransferProtocol, supportsResume=false, supportsPause=false
11:49:51.624 [main] INFO  d.m.quorus.protocol.ProtocolFactory - Registered protocol alias: ftps -> ftp
11:49:51.624 [main] DEBUG d.m.quorus.protocol.ProtocolFactory - Creating SftpTransferProtocol instance
11:49:51.624 [main] INFO  d.m.quorus.protocol.ProtocolFactory - Registered protocol: sftp
11:49:51.624 [main] DEBUG d.m.quorus.protocol.ProtocolFactory - Protocol details: name=sftp, class=SftpTransferProtocol, supportsResume=false, supportsPause=false
11:49:51.624 [main] DEBUG d.m.quorus.protocol.ProtocolFactory - Creating NfsTransferProtocol instance
11:49:51.624 [main] DEBUG d.m.q.protocol.NfsTransferProtocol - NfsTransferProtocol initialized with mountRoot=C:\nfs
11:49:51.624 [main] INFO  d.m.quorus.protocol.ProtocolFactory - Registered protocol: nfs
11:49:51.625 [main] DEBUG d.m.quorus.protocol.ProtocolFactory - Protocol details: name=nfs, class=NfsTransferProtocol, supportsResume=false, supportsPause=false
11:49:51.625 [main] INFO  d.m.quorus.protocol.ProtocolFactory - Registered default transfer protocols: count=8, schemes=ftps, ftp, http, smb, sftp, nfs, https, cifs
11:49:51.625 [main] INFO  d.m.q.transfer.SimpleTransferEngine - SimpleTransferEngine initialized with 5 max concurrent transfers (reactive mode, OpenTelemetry enabled)
11:49:51.625 [main] DEBUG d.m.q.transfer.SimpleTransferEngine - SimpleTransferEngine initialization complete - startTime=2026-09-05T03:49:51.625239600Z
11:49:51.625 [main] INFO  d.m.q.a.s.TransferExecutionService - TransferExecutionService initialized (Vert.x reactive mode)
11:49:51.625 [main] WARN  d.m.q.a.s.ControllerWebClientFactory - INSECURE DEVELOPMENT MODE: agent-to-controller traffic is plaintext
11:49:51.625 [main] DEBUG d.m.q.a.service.JobPollingService - JobPollingService initialized with Vert.x WebClient (connectTimeout=5000ms, idleTimeout=500ms)
11:49:51.625 [main] WARN  d.m.q.a.s.ControllerWebClientFactory - INSECURE DEVELOPMENT MODE: agent-to-controller traffic is plaintext
11:49:51.625 [main] DEBUG d.m.q.a.s.JobStatusReportingService - JobStatusReportingService initialized with Vert.x WebClient (connectTimeout=5000ms, idleTimeout=500ms)
11:49:51.625 [main] INFO  d.m.q.a.observability.AgentMetrics - AgentMetrics initialized for agent: payments-agent
11:49:51.625 [main] INFO  dev.mars.quorus.agent.QuorusAgent - Quorus Agent initialized: payments-agent (reactive mode with OpenTelemetry)
11:49:51.625 [main] INFO  dev.mars.quorus.agent.QuorusAgent - Foreign-assignment mismatch threshold configured to 3
11:49:51.625 [main] INFO  dev.mars.quorus.agent.QuorusAgent - Starting Quorus Agent services (Vert.x reactive mode)...
11:49:51.626 [main] INFO  d.m.q.a.s.AgentRegistrationService - Registering agent payments-agent with controller at http://localhost:52583/api/v1
11:49:51.627 [vert.x-eventloop-thread-0] INFO  d.m.q.agent.service.HealthService - Health service started on port 52584
11:49:51.632 [vert.x-eventloop-thread-0] INFO  d.m.q.a.s.AgentRegistrationService - Agent payments-agent registered successfully
11:49:51.632 [vert.x-eventloop-thread-0] INFO  dev.mars.quorus.agent.QuorusAgent - Agent registered successfully with controller
11:49:51.632 [vert.x-eventloop-thread-0] INFO  dev.mars.quorus.agent.QuorusAgent - Heartbeat service started (interval: 30000ms) [Vert.x timer ID: 5]
11:49:51.632 [vert.x-eventloop-thread-0] INFO  d.m.q.a.s.TransferExecutionService - Transfer execution service started with 5 max concurrent transfers
11:49:51.633 [vert.x-eventloop-thread-0] INFO  dev.mars.quorus.agent.QuorusAgent - Transfer execution service started
11:49:51.633 [vert.x-eventloop-thread-0] INFO  dev.mars.quorus.agent.QuorusAgent - Quorus Agent started successfully (reactive mode, 0 extra threads)
11:49:51.635 [vert.x-eventloop-thread-0] INFO  dev.mars.quorus.agent.QuorusAgent - Job polling started (interval: 20ms) [Vert.x timer ID: 7]
11:49:51.659 [vert.x-eventloop-thread-0] DEBUG d.m.q.a.service.JobPollingService - Polled for jobs: found 1 pending jobs
11:49:51.659 [vert.x-eventloop-thread-0] INFO  dev.mars.quorus.agent.QuorusAgent - Found 1 pending job(s)
11:49:51.659 [vert.x-eventloop-thread-0] INFO  dev.mars.quorus.agent.QuorusAgent - Processing job: settlement (null)
11:49:51.661 [vert.x-eventloop-thread-0] DEBUG d.m.q.a.s.JobStatusReportingService - Job status reported: settlement -> ACCEPTED
11:49:51.665 [vert.x-eventloop-thread-0] DEBUG d.m.q.a.s.JobStatusReportingService - Job status reported: settlement -> IN_PROGRESS
11:49:51.666 [vert.x-eventloop-thread-0] INFO  d.m.q.a.s.TransferExecutionService - Executing transfer: http://localhost:52583/in/settlement.dat -> file:///C:/Users/mraysmit/AppData/Local/Temp/junit-5283615484160037455/settlement.dat
11:49:51.666 [vert.x-eventloop-thread-0] DEBUG d.m.q.transfer.SimpleTransferEngine - submitTransfer: request=settlement, protocol=http, direction=DOWNLOAD (Remote -> Local)
11:49:51.666 [vert.x-eventloop-thread-0] DEBUG d.m.quorus.protocol.ProtocolFactory - isProtocolSupported: protocol=http, supported=true
11:49:51.666 [vert.x-eventloop-thread-0] DEBUG d.m.quorus.protocol.ProtocolFactory - Protocol found: name=http, implementation=HttpTransferProtocol
11:49:51.666 [vert.x-eventloop-thread-0] DEBUG d.m.q.protocol.HttpTransferProtocol - canHandle: HTTP download check, scheme=http, canHandle=true
11:49:51.666 [vert.x-eventloop-thread-0] DEBUG d.m.q.transfer.SimpleTransferEngine - validateTransferRequest: request settlement validated successfully (direction=DOWNLOAD (Remote -> Local), protocol=http)
11:49:51.666 [vert.x-eventloop-thread-0] DEBUG d.m.q.transfer.SimpleTransferEngine - submitTransfer: creating job and context
11:49:51.666 [vert.x-eventloop-thread-0] DEBUG d.m.q.transfer.SimpleTransferEngine - submitTransfer: job registered, activeJobs=1
11:49:51.666 [vert.x-eventloop-thread-0] DEBUG d.m.q.transfer.SimpleTransferEngine - submitTransfer: executing transfer via reactive pipeline
11:49:51.666 [vert.x-eventloop-thread-0] INFO  d.m.q.transfer.SimpleTransferEngine - Transfer submitted: settlement
11:49:51.666 [vert.x-eventloop-thread-0] DEBUG d.m.q.transfer.SimpleTransferEngine - submitTransfer: complete, future registered
11:49:51.666 [vert.x-eventloop-thread-0] INFO  d.m.q.transfer.SimpleTransferEngine - Starting DOWNLOAD (Remote -> Local) transfer: settlement
11:49:51.666 [vert.x-eventloop-thread-0] DEBUG d.m.q.transfer.SimpleTransferEngine - executeTransfer: starting for jobId=settlement, protocol=http, direction=DOWNLOAD (Remote -> Local), sourceUri=http://localhost:52583/in/settlement.dat, destinationUri=file:///C:/Users/mraysmit/AppData/Local/Temp/junit-5283615484160037455/settlement.dat
11:49:51.666 [vert.x-eventloop-thread-0] DEBUG d.m.q.transfer.SimpleTransferEngine - executeTransfer: attempt 1 of 4 for jobId=settlement
11:49:51.667 [vert.x-eventloop-thread-0] DEBUG d.m.quorus.protocol.ProtocolFactory - Protocol found: name=http, implementation=HttpTransferProtocol
11:49:51.667 [vert.x-eventloop-thread-0] DEBUG d.m.q.protocol.HttpTransferProtocol - canHandle: HTTP download check, scheme=http, canHandle=true
11:49:51.667 [vert.x-eventloop-thread-0] DEBUG d.m.q.protocol.HttpTransferProtocol - Starting reactive HTTP transfer: jobId=settlement, direction=DOWNLOAD (Remote -> Local)
11:49:51.667 [vert.x-eventloop-thread-0] DEBUG d.m.q.protocol.HttpTransferProtocol - Validating HTTP transfer request: requestId=settlement
11:49:51.667 [vert.x-eventloop-thread-0] DEBUG d.m.q.protocol.HttpTransferProtocol - canHandle: HTTP download check, scheme=http, canHandle=true
11:49:51.667 [vert.x-eventloop-thread-0] DEBUG d.m.q.protocol.HttpTransferProtocol - Request validation passed
11:49:51.667 [vert.x-eventloop-thread-0] DEBUG d.m.q.protocol.HttpTransferProtocol - Routing to HTTP download handler
11:49:51.667 [vert.x-eventloop-thread-0] DEBUG d.m.q.protocol.HttpTransferProtocol - HTTP download: destination=C:\Users\mraysmit\AppData\Local\Temp\junit-5283615484160037455\settlement.dat, tempFile=C:\Users\mraysmit\AppData\Local\Temp\junit-5283615484160037455\settlement.dat.tmp
11:49:51.667 [vert.x-eventloop-thread-0] DEBUG d.m.q.protocol.HttpTransferProtocol - Created destination directory: C:\Users\mraysmit\AppData\Local\Temp\junit-5283615484160037455
11:49:51.667 [vert.x-eventloop-thread-0] INFO  d.m.q.protocol.HttpTransferProtocol - Starting reactive HTTP download from http://localhost:52583/in/settlement.dat
11:49:51.675 [vert.x-eventloop-thread-0] DEBUG d.m.q.a.service.JobPollingService - Polled for jobs: found 1 pending jobs
11:49:51.675 [vert.x-eventloop-thread-0] INFO  dev.mars.quorus.agent.QuorusAgent - Found 1 pending job(s)
11:49:51.698 [vert.x-eventloop-thread-0] DEBUG d.m.q.a.service.JobPollingService - Polled for jobs: found 1 pending jobs
11:49:51.698 [vert.x-eventloop-thread-0] INFO  dev.mars.quorus.agent.QuorusAgent - Found 1 pending job(s)
11:49:51.717 [vert.x-eventloop-thread-0] DEBUG d.m.q.a.service.JobPollingService - Polled for jobs: found 1 pending jobs
11:49:51.718 [vert.x-eventloop-thread-0] INFO  dev.mars.quorus.agent.QuorusAgent - Found 1 pending job(s)
11:49:51.737 [vert.x-eventloop-thread-0] DEBUG d.m.q.a.service.JobPollingService - Polled for jobs: found 1 pending jobs
11:49:51.737 [vert.x-eventloop-thread-0] INFO  dev.mars.quorus.agent.QuorusAgent - Found 1 pending job(s)
11:49:51.758 [vert.x-eventloop-thread-0] DEBUG d.m.q.a.service.JobPollingService - Polled for jobs: found 1 pending jobs
11:49:51.758 [vert.x-eventloop-thread-0] INFO  dev.mars.quorus.agent.QuorusAgent - Found 1 pending job(s)
11:49:51.778 [vert.x-eventloop-thread-0] DEBUG d.m.q.a.service.JobPollingService - Polled for jobs: found 1 pending jobs
11:49:51.778 [vert.x-eventloop-thread-0] INFO  dev.mars.quorus.agent.QuorusAgent - Found 1 pending job(s)
11:49:51.797 [vert.x-eventloop-thread-0] DEBUG d.m.q.a.service.JobPollingService - Polled for jobs: found 1 pending jobs
11:49:51.797 [vert.x-eventloop-thread-0] INFO  dev.mars.quorus.agent.QuorusAgent - Found 1 pending job(s)
11:49:51.817 [vert.x-eventloop-thread-0] DEBUG d.m.q.a.service.JobPollingService - Polled for jobs: found 1 pending jobs
11:49:51.817 [vert.x-eventloop-thread-0] INFO  dev.mars.quorus.agent.QuorusAgent - Found 1 pending job(s)
11:49:51.837 [vert.x-eventloop-thread-0] DEBUG d.m.q.a.service.JobPollingService - Polled for jobs: found 1 pending jobs
11:49:51.837 [vert.x-eventloop-thread-0] INFO  dev.mars.quorus.agent.QuorusAgent - Found 1 pending job(s)
11:49:51.857 [vert.x-eventloop-thread-0] DEBUG d.m.q.a.service.JobPollingService - Polled for jobs: found 1 pending jobs
11:49:51.857 [vert.x-eventloop-thread-0] INFO  dev.mars.quorus.agent.QuorusAgent - Found 1 pending job(s)
11:49:51.871 [vert.x-eventloop-thread-0] DEBUG d.m.q.protocol.HttpTransferProtocol - HTTP response received: statusCode=200, statusMessage=OK
11:49:51.871 [vert.x-eventloop-thread-0] DEBUG d.m.q.protocol.HttpTransferProtocol - Response body received: 7 bytes
11:49:51.871 [vert.x-eventloop-thread-0] DEBUG d.m.q.protocol.HttpTransferProtocol - Calculating checksum for downloaded content
11:49:51.872 [vert.x-eventloop-thread-0] DEBUG d.m.q.protocol.HttpTransferProtocol - Checksum calculated: 040ffd5925d40e11c67b7238a7fc9957850b8b9a46e9729fab88c24d6a98aff2
11:49:51.872 [vert.x-eventloop-thread-0] DEBUG d.m.q.protocol.HttpTransferProtocol - Writing 7 bytes to temp file: C:\Users\mraysmit\AppData\Local\Temp\junit-5283615484160037455\settlement.dat.tmp
11:49:51.873 [vert.x-eventloop-thread-0] DEBUG d.m.q.protocol.HttpTransferProtocol - Moving temp file to destination: C:\Users\mraysmit\AppData\Local\Temp\junit-5283615484160037455\settlement.dat.tmp -> C:\Users\mraysmit\AppData\Local\Temp\junit-5283615484160037455\settlement.dat
11:49:51.877 [vert.x-eventloop-thread-0] DEBUG d.m.q.a.service.JobPollingService - Polled for jobs: found 1 pending jobs
11:49:51.877 [vert.x-eventloop-thread-0] INFO  dev.mars.quorus.agent.QuorusAgent - Found 1 pending job(s)
11:49:51.877 [vert.x-eventloop-thread-0] INFO  d.m.q.protocol.HttpTransferProtocol - HTTP download completed: jobId=settlement, bytesTransferred=7, checksum=040ffd5925d40e11c67b7238a7fc9957850b8b9a46e9729fab88c24d6a98aff2
11:49:51.877 [vert.x-eventloop-thread-0] INFO  d.m.q.transfer.SimpleTransferEngine - DOWNLOAD (Remote -> Local) transfer completed successfully: settlement
11:49:51.877 [vert.x-eventloop-thread-0] DEBUG d.m.q.transfer.SimpleTransferEngine - submitTransfer: cleaning up job settlement from active collections
11:49:51.877 [vert.x-eventloop-thread-0] INFO  d.m.q.a.s.TransferExecutionService - Transfer completed successfully: settlement (7 bytes in 209ms)
11:49:51.878 [vert.x-eventloop-thread-0] INFO  dev.mars.quorus.agent.QuorusAgent - Transfer completed successfully: settlement (7 bytes in 209ms)
11:49:51.879 [vert.x-eventloop-thread-0] DEBUG d.m.q.a.s.JobStatusReportingService - Job status reported: settlement -> COMPLETED
11:49:51.882 [main] INFO  dev.mars.quorus.agent.QuorusAgent - Shutting down Quorus Agent (reactive mode)...
11:49:51.882 [main] INFO  dev.mars.quorus.agent.QuorusAgent - Heartbeat timer cancelled: true [ID: 5]
11:49:51.882 [main] INFO  dev.mars.quorus.agent.QuorusAgent - Job polling timer cancelled: true [ID: 7]
11:49:51.882 [main] INFO  d.m.q.a.s.TransferExecutionService - Shutting down transfer execution service...
11:49:51.882 [main] DEBUG d.m.q.transfer.SimpleTransferEngine - shutdown: initiating with timeout=30s
11:49:51.882 [main] INFO  d.m.q.transfer.SimpleTransferEngine - Shutting down transfer engine...
11:49:51.882 [main] DEBUG d.m.q.transfer.SimpleTransferEngine - shutdown: cancelling 0 active transfers
11:49:51.882 [main] DEBUG d.m.q.transfer.SimpleTransferEngine - awaitActiveTransfers: no active transfers
11:49:51.882 [main] INFO  d.m.q.transfer.SimpleTransferEngine - Transfer engine shutdown completed
11:49:51.882 [main] INFO  d.m.q.a.s.TransferExecutionService - Transfer execution service shutdown complete
11:49:51.882 [main] DEBUG d.m.q.agent.service.HeartbeatService - Shutting down HeartbeatService WebClient
11:49:51.882 [main] DEBUG d.m.q.a.service.JobPollingService - Shutting down JobPollingService WebClient
11:49:51.882 [main] DEBUG d.m.q.a.s.JobStatusReportingService - Shutting down JobStatusReportingService WebClient
11:49:51.883 [vert.x-eventloop-thread-0] INFO  d.m.q.agent.service.HealthService - Health service stopped
11:49:51.883 [vert.x-eventloop-thread-0] INFO  d.m.q.a.s.AgentRegistrationService - Deregistering agent payments-agent from controller
11:49:51.885 [vert.x-eventloop-thread-0] INFO  d.m.q.a.s.AgentRegistrationService - Agent payments-agent deregistered successfully
11:49:51.885 [vert.x-eventloop-thread-0] INFO  dev.mars.quorus.agent.QuorusAgent - Agent deregistered from controller
11:49:51.885 [vert.x-eventloop-thread-0] INFO  dev.mars.quorus.agent.QuorusAgent - Quorus Agent shutdown complete (0 threads to cleanup)
11:49:51.955 [main] INFO  dev.mars.quorus.agent.QuorusAgent - Creating QuorusAgent with Vert.x instance: 1433068064 (using Vert.x timers, no ScheduledExecutorService)
11:49:51.955 [main] WARN  d.m.q.a.s.ControllerWebClientFactory - INSECURE DEVELOPMENT MODE: agent-to-controller traffic is plaintext
11:49:51.956 [main] DEBUG d.m.q.a.s.AgentRegistrationService - AgentRegistrationService initialized with Vert.x WebClient (connectTimeout=5000ms, idleTimeout=10000ms)
11:49:51.956 [main] WARN  d.m.q.a.s.ControllerWebClientFactory - INSECURE DEVELOPMENT MODE: agent-to-controller traffic is plaintext
11:49:51.956 [main] DEBUG d.m.q.agent.service.HeartbeatService - HeartbeatService initialized with Vert.x WebClient (connectTimeout=5000ms, idleTimeout=10000ms)
11:49:51.956 [main] DEBUG d.m.q.transfer.SimpleTransferEngine - Initializing SimpleTransferEngine: maxConcurrent=5, maxRetries=3, retryDelay=1000ms
11:49:51.956 [main] DEBUG d.m.quorus.protocol.ProtocolFactory - Initializing ProtocolFactory with Vert.x instance
11:49:51.956 [main] DEBUG d.m.quorus.protocol.ProtocolFactory - Registering default transfer protocols
11:49:51.956 [main] DEBUG d.m.quorus.protocol.ProtocolFactory - Creating HttpTransferProtocol instance
11:49:51.956 [main] INFO  d.m.q.protocol.HttpTransferProtocol - HttpTransferProtocol initialized: connectTimeout=30000ms, readTimeout=60000ms, maxFileSize=10737418240 bytes
11:49:51.956 [main] DEBUG d.m.q.protocol.HttpTransferProtocol - HttpTransferProtocol created with Vert.x Web Client (reactive mode)
11:49:51.956 [main] INFO  d.m.quorus.protocol.ProtocolFactory - Registered protocol: http
11:49:51.956 [main] DEBUG d.m.quorus.protocol.ProtocolFactory - Protocol details: name=http, class=HttpTransferProtocol, supportsResume=false, supportsPause=true
11:49:51.956 [main] INFO  d.m.quorus.protocol.ProtocolFactory - Registered protocol alias: https -> http
11:49:51.957 [main] DEBUG d.m.quorus.protocol.ProtocolFactory - Creating SmbTransferProtocol instance
11:49:51.957 [main] INFO  d.m.quorus.protocol.ProtocolFactory - Registered protocol: smb
11:49:51.957 [main] DEBUG d.m.quorus.protocol.ProtocolFactory - Protocol details: name=smb, class=SmbTransferProtocol, supportsResume=false, supportsPause=false
11:49:51.957 [main] INFO  d.m.quorus.protocol.ProtocolFactory - Registered protocol alias: cifs -> smb
11:49:51.957 [main] DEBUG d.m.quorus.protocol.ProtocolFactory - Creating FtpTransferProtocol instance
11:49:51.957 [main] INFO  d.m.quorus.protocol.ProtocolFactory - Registered protocol: ftp
11:49:51.957 [main] DEBUG d.m.quorus.protocol.ProtocolFactory - Protocol details: name=ftp, class=FtpTransferProtocol, supportsResume=false, supportsPause=false
11:49:51.957 [main] INFO  d.m.quorus.protocol.ProtocolFactory - Registered protocol alias: ftps -> ftp
11:49:51.957 [main] DEBUG d.m.quorus.protocol.ProtocolFactory - Creating SftpTransferProtocol instance
11:49:51.957 [main] INFO  d.m.quorus.protocol.ProtocolFactory - Registered protocol: sftp
11:49:51.957 [main] DEBUG d.m.quorus.protocol.ProtocolFactory - Protocol details: name=sftp, class=SftpTransferProtocol, supportsResume=false, supportsPause=false
11:49:51.957 [main] DEBUG d.m.quorus.protocol.ProtocolFactory - Creating NfsTransferProtocol instance
11:49:51.957 [main] DEBUG d.m.q.protocol.NfsTransferProtocol - NfsTransferProtocol initialized with mountRoot=C:\nfs
11:49:51.957 [main] INFO  d.m.quorus.protocol.ProtocolFactory - Registered protocol: nfs
11:49:51.957 [main] DEBUG d.m.quorus.protocol.ProtocolFactory - Protocol details: name=nfs, class=NfsTransferProtocol, supportsResume=false, supportsPause=false
11:49:51.957 [main] INFO  d.m.quorus.protocol.ProtocolFactory - Registered default transfer protocols: count=8, schemes=ftps, ftp, http, smb, sftp, nfs, https, cifs
11:49:51.957 [main] INFO  d.m.q.transfer.SimpleTransferEngine - SimpleTransferEngine initialized with 5 max concurrent transfers (reactive mode, OpenTelemetry enabled)
11:49:51.957 [main] DEBUG d.m.q.transfer.SimpleTransferEngine - SimpleTransferEngine initialization complete - startTime=2026-09-05T03:49:51.957270100Z
11:49:51.957 [main] INFO  d.m.q.a.s.TransferExecutionService - TransferExecutionService initialized (Vert.x reactive mode)
11:49:51.957 [main] WARN  d.m.q.a.s.ControllerWebClientFactory - INSECURE DEVELOPMENT MODE: agent-to-controller traffic is plaintext
11:49:51.957 [main] DEBUG d.m.q.a.service.JobPollingService - JobPollingService initialized with Vert.x WebClient (connectTimeout=5000ms, idleTimeout=10000ms)
11:49:51.957 [main] WARN  d.m.q.a.s.ControllerWebClientFactory - INSECURE DEVELOPMENT MODE: agent-to-controller traffic is plaintext
11:49:51.958 [main] DEBUG d.m.q.a.s.JobStatusReportingService - JobStatusReportingService initialized with Vert.x WebClient (connectTimeout=5000ms, idleTimeout=10000ms)
11:49:51.958 [main] INFO  d.m.q.a.observability.AgentMetrics - AgentMetrics initialized for agent: payments-agent
11:49:51.958 [main] INFO  dev.mars.quorus.agent.QuorusAgent - Quorus Agent initialized: payments-agent (reactive mode with OpenTelemetry)
11:49:51.958 [main] INFO  dev.mars.quorus.agent.QuorusAgent - Foreign-assignment mismatch threshold configured to 3
11:49:51.958 [main] INFO  dev.mars.quorus.agent.QuorusAgent - Starting Quorus Agent services (Vert.x reactive mode)...
11:49:51.958 [main] INFO  d.m.q.a.s.AgentRegistrationService - Registering agent payments-agent with controller at http://localhost:52590/api/v1
11:49:51.960 [vert.x-eventloop-thread-0] INFO  d.m.q.agent.service.HealthService - Health service started on port 52591
11:49:51.965 [vert.x-eventloop-thread-0] INFO  d.m.q.a.s.AgentRegistrationService - Agent payments-agent registered successfully
11:49:51.965 [vert.x-eventloop-thread-0] INFO  dev.mars.quorus.agent.QuorusAgent - Agent registered successfully with controller
11:49:51.965 [vert.x-eventloop-thread-0] INFO  dev.mars.quorus.agent.QuorusAgent - Heartbeat service started (interval: 30000ms) [Vert.x timer ID: 5]
11:49:51.965 [vert.x-eventloop-thread-0] INFO  d.m.q.a.s.TransferExecutionService - Transfer execution service started with 5 max concurrent transfers
11:49:51.965 [vert.x-eventloop-thread-0] INFO  dev.mars.quorus.agent.QuorusAgent - Transfer execution service started
11:49:51.966 [vert.x-eventloop-thread-0] INFO  dev.mars.quorus.agent.QuorusAgent - Quorus Agent started successfully (reactive mode, 0 extra threads)
11:49:51.968 [vert.x-eventloop-thread-0] INFO  dev.mars.quorus.agent.QuorusAgent - Job polling started (interval: 20ms) [Vert.x timer ID: 7]
11:49:51.994 [vert.x-eventloop-thread-0] DEBUG d.m.q.a.service.JobPollingService - Polled for jobs: found 1 pending jobs
11:49:51.994 [vert.x-eventloop-thread-0] INFO  dev.mars.quorus.agent.QuorusAgent - Found 1 pending job(s)
11:49:51.994 [vert.x-eventloop-thread-0] INFO  dev.mars.quorus.agent.QuorusAgent - Processing job: settlement (null)
11:49:51.999 [vert.x-eventloop-thread-0] DEBUG d.m.q.a.s.JobStatusReportingService - Job status reported: settlement -> ACCEPTED
11:49:52.002 [vert.x-eventloop-thread-0] ERROR dev.mars.quorus.agent.QuorusAgent - Transfer error: settlement: Q-LOCAL-PATH: download destination is outside the configured download root
11:49:52.003 [vert.x-eventloop-thread-0] DEBUG dev.mars.quorus.agent.QuorusAgent - Stack trace for transfer error: jobId=settlement
java.lang.SecurityException: Q-LOCAL-PATH: download destination is outside the configured download root
	at dev.mars.quorus.agent.service.AgentLocalPathPolicy.denied(AgentLocalPathPolicy.java:82)
	at dev.mars.quorus.agent.service.AgentLocalPathPolicy.authorizeDownload(AgentLocalPathPolicy.java:59)
	at dev.mars.quorus.agent.service.AgentLocalPathPolicy.authorize(AgentLocalPathPolicy.java:39)
	at dev.mars.quorus.agent.service.TransferExecutionService.lambda$executeTransfer$4(TransferExecutionService.java:175)
	at io.vertx.core.impl.ExecuteBlocking$1.execute(ExecuteBlocking.java:36)
	at io.vertx.core.impl.WorkerTask.run(WorkerTask.java:57)
	at java.base/java.util.concurrent.ThreadPoolExecutor.runWorker(ThreadPoolExecutor.java:1090)
	at java.base/java.util.concurrent.ThreadPoolExecutor$Worker.run(ThreadPoolExecutor.java:614)
	at io.netty.util.concurrent.FastThreadLocalRunnable.run(FastThreadLocalRunnable.java:30)
	at java.base/java.lang.Thread.run(Thread.java:1474)
11:49:52.009 [main] INFO  dev.mars.quorus.agent.QuorusAgent - Shutting down Quorus Agent (reactive mode)...
11:49:52.009 [main] INFO  dev.mars.quorus.agent.QuorusAgent - Heartbeat timer cancelled: true [ID: 5]
11:49:52.009 [vert.x-eventloop-thread-0] DEBUG d.m.q.a.s.JobStatusReportingService - Job status reported: settlement -> FAILED
11:49:52.009 [main] INFO  dev.mars.quorus.agent.QuorusAgent - Job polling timer cancelled: true [ID: 7]
11:49:52.010 [main] INFO  d.m.q.a.s.TransferExecutionService - Shutting down transfer execution service...
11:49:52.010 [main] DEBUG d.m.q.transfer.SimpleTransferEngine - shutdown: initiating with timeout=30s
11:49:52.010 [main] INFO  d.m.q.transfer.SimpleTransferEngine - Shutting down transfer engine...
11:49:52.010 [main] DEBUG d.m.q.transfer.SimpleTransferEngine - shutdown: cancelling 0 active transfers
11:49:52.010 [main] DEBUG d.m.q.transfer.SimpleTransferEngine - awaitActiveTransfers: no active transfers
11:49:52.010 [vert.x-eventloop-thread-0] DEBUG d.m.q.a.service.JobPollingService - Polled for jobs: found 0 pending jobs
11:49:52.010 [main] INFO  d.m.q.transfer.SimpleTransferEngine - Transfer engine shutdown completed
11:49:52.010 [vert.x-eventloop-thread-0] DEBUG dev.mars.quorus.agent.QuorusAgent - No pending jobs found
11:49:52.010 [main] INFO  d.m.q.a.s.TransferExecutionService - Transfer execution service shutdown complete
11:49:52.010 [main] DEBUG d.m.q.agent.service.HeartbeatService - Shutting down HeartbeatService WebClient
11:49:52.010 [main] DEBUG d.m.q.a.service.JobPollingService - Shutting down JobPollingService WebClient
11:49:52.010 [main] DEBUG d.m.q.a.s.JobStatusReportingService - Shutting down JobStatusReportingService WebClient
11:49:52.012 [vert.x-eventloop-thread-0] INFO  d.m.q.agent.service.HealthService - Health service stopped
11:49:52.012 [vert.x-eventloop-thread-0] INFO  d.m.q.a.s.AgentRegistrationService - Deregistering agent payments-agent from controller
11:49:52.013 [vert.x-eventloop-thread-0] INFO  d.m.q.a.s.AgentRegistrationService - Agent payments-agent deregistered successfully
11:49:52.013 [vert.x-eventloop-thread-0] INFO  dev.mars.quorus.agent.QuorusAgent - Agent deregistered from controller
11:49:52.013 [vert.x-eventloop-thread-0] INFO  dev.mars.quorus.agent.QuorusAgent - Quorus Agent shutdown complete (0 threads to cleanup)
11:49:52.088 [main] INFO  dev.mars.quorus.agent.QuorusAgent - Creating QuorusAgent with Vert.x instance: 598599186 (using Vert.x timers, no ScheduledExecutorService)
11:49:52.089 [main] WARN  d.m.q.a.s.ControllerWebClientFactory - INSECURE DEVELOPMENT MODE: agent-to-controller traffic is plaintext
11:49:52.089 [main] DEBUG d.m.q.a.s.AgentRegistrationService - AgentRegistrationService initialized with Vert.x WebClient (connectTimeout=5000ms, idleTimeout=10000ms)
11:49:52.089 [main] WARN  d.m.q.a.s.ControllerWebClientFactory - INSECURE DEVELOPMENT MODE: agent-to-controller traffic is plaintext
11:49:52.089 [main] DEBUG d.m.q.agent.service.HeartbeatService - HeartbeatService initialized with Vert.x WebClient (connectTimeout=5000ms, idleTimeout=10000ms)
11:49:52.090 [main] DEBUG d.m.q.transfer.SimpleTransferEngine - Initializing SimpleTransferEngine: maxConcurrent=5, maxRetries=3, retryDelay=1000ms
11:49:52.090 [main] DEBUG d.m.quorus.protocol.ProtocolFactory - Initializing ProtocolFactory with Vert.x instance
11:49:52.090 [main] DEBUG d.m.quorus.protocol.ProtocolFactory - Registering default transfer protocols
11:49:52.090 [main] DEBUG d.m.quorus.protocol.ProtocolFactory - Creating HttpTransferProtocol instance
11:49:52.090 [main] INFO  d.m.q.protocol.HttpTransferProtocol - HttpTransferProtocol initialized: connectTimeout=30000ms, readTimeout=60000ms, maxFileSize=10737418240 bytes
11:49:52.090 [main] DEBUG d.m.q.protocol.HttpTransferProtocol - HttpTransferProtocol created with Vert.x Web Client (reactive mode)
11:49:52.090 [main] INFO  d.m.quorus.protocol.ProtocolFactory - Registered protocol: http
11:49:52.090 [main] DEBUG d.m.quorus.protocol.ProtocolFactory - Protocol details: name=http, class=HttpTransferProtocol, supportsResume=false, supportsPause=true
11:49:52.090 [main] INFO  d.m.quorus.protocol.ProtocolFactory - Registered protocol alias: https -> http
11:49:52.090 [main] DEBUG d.m.quorus.protocol.ProtocolFactory - Creating SmbTransferProtocol instance
11:49:52.090 [main] INFO  d.m.quorus.protocol.ProtocolFactory - Registered protocol: smb
11:49:52.090 [main] DEBUG d.m.quorus.protocol.ProtocolFactory - Protocol details: name=smb, class=SmbTransferProtocol, supportsResume=false, supportsPause=false
11:49:52.090 [main] INFO  d.m.quorus.protocol.ProtocolFactory - Registered protocol alias: cifs -> smb
11:49:52.090 [main] DEBUG d.m.quorus.protocol.ProtocolFactory - Creating FtpTransferProtocol instance
11:49:52.090 [main] INFO  d.m.quorus.protocol.ProtocolFactory - Registered protocol: ftp
11:49:52.090 [main] DEBUG d.m.quorus.protocol.ProtocolFactory - Protocol details: name=ftp, class=FtpTransferProtocol, supportsResume=false, supportsPause=false
11:49:52.090 [main] INFO  d.m.quorus.protocol.ProtocolFactory - Registered protocol alias: ftps -> ftp
11:49:52.090 [main] DEBUG d.m.quorus.protocol.ProtocolFactory - Creating SftpTransferProtocol instance
11:49:52.090 [main] INFO  d.m.quorus.protocol.ProtocolFactory - Registered protocol: sftp
11:49:52.090 [main] DEBUG d.m.quorus.protocol.ProtocolFactory - Protocol details: name=sftp, class=SftpTransferProtocol, supportsResume=false, supportsPause=false
11:49:52.091 [main] DEBUG d.m.quorus.protocol.ProtocolFactory - Creating NfsTransferProtocol instance
11:49:52.091 [main] DEBUG d.m.q.protocol.NfsTransferProtocol - NfsTransferProtocol initialized with mountRoot=C:\nfs
11:49:52.091 [main] INFO  d.m.quorus.protocol.ProtocolFactory - Registered protocol: nfs
11:49:52.091 [main] DEBUG d.m.quorus.protocol.ProtocolFactory - Protocol details: name=nfs, class=NfsTransferProtocol, supportsResume=false, supportsPause=false
11:49:52.091 [main] INFO  d.m.quorus.protocol.ProtocolFactory - Registered default transfer protocols: count=8, schemes=ftps, ftp, http, smb, sftp, nfs, https, cifs
11:49:52.091 [main] INFO  d.m.q.transfer.SimpleTransferEngine - SimpleTransferEngine initialized with 5 max concurrent transfers (reactive mode, OpenTelemetry enabled)
11:49:52.091 [main] DEBUG d.m.q.transfer.SimpleTransferEngine - SimpleTransferEngine initialization complete - startTime=2026-09-05T03:49:52.091111Z
11:49:52.091 [main] INFO  d.m.q.a.s.TransferExecutionService - TransferExecutionService initialized (Vert.x reactive mode)
11:49:52.091 [main] WARN  d.m.q.a.s.ControllerWebClientFactory - INSECURE DEVELOPMENT MODE: agent-to-controller traffic is plaintext
11:49:52.091 [main] DEBUG d.m.q.a.service.JobPollingService - JobPollingService initialized with Vert.x WebClient (connectTimeout=5000ms, idleTimeout=10000ms)
11:49:52.091 [main] WARN  d.m.q.a.s.ControllerWebClientFactory - INSECURE DEVELOPMENT MODE: agent-to-controller traffic is plaintext
11:49:52.091 [main] DEBUG d.m.q.a.s.JobStatusReportingService - JobStatusReportingService initialized with Vert.x WebClient (connectTimeout=5000ms, idleTimeout=10000ms)
11:49:52.091 [main] INFO  d.m.q.a.observability.AgentMetrics - AgentMetrics initialized for agent: payments-agent
11:49:52.092 [main] INFO  dev.mars.quorus.agent.QuorusAgent - Quorus Agent initialized: payments-agent (reactive mode with OpenTelemetry)
11:49:52.092 [main] INFO  dev.mars.quorus.agent.QuorusAgent - Foreign-assignment mismatch threshold configured to 3
11:49:52.092 [main] INFO  dev.mars.quorus.agent.QuorusAgent - Starting Quorus Agent services (Vert.x reactive mode)...
11:49:52.092 [main] INFO  d.m.q.a.s.AgentRegistrationService - Registering agent payments-agent with controller at http://localhost:52595/api/v1
11:49:52.093 [vert.x-eventloop-thread-0] INFO  d.m.q.agent.service.HealthService - Health service started on port 52596
11:49:52.097 [vert.x-eventloop-thread-0] INFO  d.m.q.a.s.AgentRegistrationService - Agent payments-agent registered successfully
11:49:52.097 [vert.x-eventloop-thread-0] INFO  dev.mars.quorus.agent.QuorusAgent - Agent registered successfully with controller
11:49:52.097 [vert.x-eventloop-thread-0] INFO  dev.mars.quorus.agent.QuorusAgent - Heartbeat service started (interval: 30000ms) [Vert.x timer ID: 5]
11:49:52.097 [vert.x-eventloop-thread-0] INFO  d.m.q.a.s.TransferExecutionService - Transfer execution service started with 5 max concurrent transfers
11:49:52.097 [vert.x-eventloop-thread-0] INFO  dev.mars.quorus.agent.QuorusAgent - Transfer execution service started
11:49:52.097 [vert.x-eventloop-thread-0] INFO  dev.mars.quorus.agent.QuorusAgent - Quorus Agent started successfully (reactive mode, 0 extra threads)
11:49:52.099 [vert.x-eventloop-thread-0] INFO  dev.mars.quorus.agent.QuorusAgent - Job polling started (interval: 20ms) [Vert.x timer ID: 7]
11:49:52.124 [vert.x-eventloop-thread-0] DEBUG d.m.q.a.service.JobPollingService - Polled for jobs: found 1 pending jobs
11:49:52.124 [vert.x-eventloop-thread-0] INFO  dev.mars.quorus.agent.QuorusAgent - Found 1 pending job(s)
11:49:52.124 [vert.x-eventloop-thread-0] INFO  dev.mars.quorus.agent.QuorusAgent - Processing job: settlement (null)
11:49:52.128 [vert.x-eventloop-thread-0] DEBUG d.m.q.a.s.JobStatusReportingService - Job status reported: settlement -> ACCEPTED
11:49:52.141 [vert.x-eventloop-thread-0] DEBUG d.m.q.a.service.JobPollingService - Polled for jobs: found 0 pending jobs
11:49:52.141 [vert.x-eventloop-thread-0] DEBUG dev.mars.quorus.agent.QuorusAgent - No pending jobs found
11:49:52.144 [vert.x-eventloop-thread-0] ERROR dev.mars.quorus.agent.QuorusAgent - Transfer error: settlement: Remote path is outside the approved path scope
11:49:52.144 [vert.x-eventloop-thread-0] DEBUG dev.mars.quorus.agent.QuorusAgent - Stack trace for transfer error: jobId=settlement
dev.mars.quorus.connection.ConnectionPolicyException: Remote path is outside the approved path scope
	at dev.mars.quorus.connection.ConnectionPolicyEnforcer.deny(ConnectionPolicyEnforcer.java:187)
	at dev.mars.quorus.connection.ConnectionPolicyEnforcer.authorize(ConnectionPolicyEnforcer.java:46)
	at dev.mars.quorus.connection.ConnectionPolicyEnforcer.authorizeAtAgent(ConnectionPolicyEnforcer.java:32)
	at dev.mars.quorus.connection.GovernedConnectionResolver.resolveAtAgent(GovernedConnectionResolver.java:38)
	at dev.mars.quorus.agent.service.AgentConnectionPolicyService.authorize(AgentConnectionPolicyService.java:47)
	at dev.mars.quorus.agent.service.TransferExecutionService.lambda$executeTransfer$4(TransferExecutionService.java:182)
	at io.vertx.core.impl.ExecuteBlocking$1.execute(ExecuteBlocking.java:36)
	at io.vertx.core.impl.WorkerTask.run(WorkerTask.java:57)
	at java.base/java.util.concurrent.ThreadPoolExecutor.runWorker(ThreadPoolExecutor.java:1090)
	at java.base/java.util.concurrent.ThreadPoolExecutor$Worker.run(ThreadPoolExecutor.java:614)
	at io.netty.util.concurrent.FastThreadLocalRunnable.run(FastThreadLocalRunnable.java:30)
	at java.base/java.lang.Thread.run(Thread.java:1474)
11:49:52.147 [vert.x-eventloop-thread-0] DEBUG d.m.q.a.s.JobStatusReportingService - Job status reported: settlement -> FAILED
11:49:52.147 [main] INFO  dev.mars.quorus.agent.QuorusAgent - Shutting down Quorus Agent (reactive mode)...
11:49:52.147 [main] INFO  dev.mars.quorus.agent.QuorusAgent - Heartbeat timer cancelled: true [ID: 5]
11:49:52.147 [main] INFO  dev.mars.quorus.agent.QuorusAgent - Job polling timer cancelled: true [ID: 7]
11:49:52.147 [main] INFO  d.m.q.a.s.TransferExecutionService - Shutting down transfer execution service...
11:49:52.147 [main] DEBUG d.m.q.transfer.SimpleTransferEngine - shutdown: initiating with timeout=30s
11:49:52.147 [main] INFO  d.m.q.transfer.SimpleTransferEngine - Shutting down transfer engine...
11:49:52.147 [main] DEBUG d.m.q.transfer.SimpleTransferEngine - shutdown: cancelling 0 active transfers
11:49:52.147 [main] DEBUG d.m.q.transfer.SimpleTransferEngine - awaitActiveTransfers: no active transfers
11:49:52.147 [main] INFO  d.m.q.transfer.SimpleTransferEngine - Transfer engine shutdown completed
11:49:52.147 [main] INFO  d.m.q.a.s.TransferExecutionService - Transfer execution service shutdown complete
11:49:52.147 [main] DEBUG d.m.q.agent.service.HeartbeatService - Shutting down HeartbeatService WebClient
11:49:52.148 [main] DEBUG d.m.q.a.service.JobPollingService - Shutting down JobPollingService WebClient
11:49:52.148 [main] DEBUG d.m.q.a.s.JobStatusReportingService - Shutting down JobStatusReportingService WebClient
11:49:52.149 [vert.x-eventloop-thread-0] INFO  d.m.q.agent.service.HealthService - Health service stopped
11:49:52.149 [vert.x-eventloop-thread-0] INFO  d.m.q.a.s.AgentRegistrationService - Deregistering agent payments-agent from controller
11:49:52.151 [vert.x-eventloop-thread-0] INFO  d.m.q.a.s.AgentRegistrationService - Agent payments-agent deregistered successfully
11:49:52.151 [vert.x-eventloop-thread-0] INFO  dev.mars.quorus.agent.QuorusAgent - Agent deregistered from controller
11:49:52.151 [vert.x-eventloop-thread-0] INFO  dev.mars.quorus.agent.QuorusAgent - Quorus Agent shutdown complete (0 threads to cleanup)
11:49:52.220 [main] INFO  dev.mars.quorus.agent.QuorusAgent - Creating QuorusAgent with Vert.x instance: 483582792 (using Vert.x timers, no ScheduledExecutorService)
11:49:52.220 [main] WARN  d.m.q.a.s.ControllerWebClientFactory - INSECURE DEVELOPMENT MODE: agent-to-controller traffic is plaintext
11:49:52.220 [main] DEBUG d.m.q.a.s.AgentRegistrationService - AgentRegistrationService initialized with Vert.x WebClient (connectTimeout=5000ms, idleTimeout=10000ms)
11:49:52.220 [main] WARN  d.m.q.a.s.ControllerWebClientFactory - INSECURE DEVELOPMENT MODE: agent-to-controller traffic is plaintext
11:49:52.220 [main] DEBUG d.m.q.agent.service.HeartbeatService - HeartbeatService initialized with Vert.x WebClient (connectTimeout=5000ms, idleTimeout=10000ms)
11:49:52.220 [main] DEBUG d.m.q.transfer.SimpleTransferEngine - Initializing SimpleTransferEngine: maxConcurrent=5, maxRetries=3, retryDelay=1000ms
11:49:52.220 [main] DEBUG d.m.quorus.protocol.ProtocolFactory - Initializing ProtocolFactory with Vert.x instance
11:49:52.220 [main] DEBUG d.m.quorus.protocol.ProtocolFactory - Registering default transfer protocols
11:49:52.220 [main] DEBUG d.m.quorus.protocol.ProtocolFactory - Creating HttpTransferProtocol instance
11:49:52.220 [main] INFO  d.m.q.protocol.HttpTransferProtocol - HttpTransferProtocol initialized: connectTimeout=30000ms, readTimeout=60000ms, maxFileSize=10737418240 bytes
11:49:52.221 [main] DEBUG d.m.q.protocol.HttpTransferProtocol - HttpTransferProtocol created with Vert.x Web Client (reactive mode)
11:49:52.221 [main] INFO  d.m.quorus.protocol.ProtocolFactory - Registered protocol: http
11:49:52.221 [main] DEBUG d.m.quorus.protocol.ProtocolFactory - Protocol details: name=http, class=HttpTransferProtocol, supportsResume=false, supportsPause=true
11:49:52.221 [main] INFO  d.m.quorus.protocol.ProtocolFactory - Registered protocol alias: https -> http
11:49:52.221 [main] DEBUG d.m.quorus.protocol.ProtocolFactory - Creating SmbTransferProtocol instance
11:49:52.221 [main] INFO  d.m.quorus.protocol.ProtocolFactory - Registered protocol: smb
11:49:52.221 [main] DEBUG d.m.quorus.protocol.ProtocolFactory - Protocol details: name=smb, class=SmbTransferProtocol, supportsResume=false, supportsPause=false
11:49:52.221 [main] INFO  d.m.quorus.protocol.ProtocolFactory - Registered protocol alias: cifs -> smb
11:49:52.221 [main] DEBUG d.m.quorus.protocol.ProtocolFactory - Creating FtpTransferProtocol instance
11:49:52.221 [main] INFO  d.m.quorus.protocol.ProtocolFactory - Registered protocol: ftp
11:49:52.221 [main] DEBUG d.m.quorus.protocol.ProtocolFactory - Protocol details: name=ftp, class=FtpTransferProtocol, supportsResume=false, supportsPause=false
11:49:52.221 [main] INFO  d.m.quorus.protocol.ProtocolFactory - Registered protocol alias: ftps -> ftp
11:49:52.221 [main] DEBUG d.m.quorus.protocol.ProtocolFactory - Creating SftpTransferProtocol instance
11:49:52.221 [main] INFO  d.m.quorus.protocol.ProtocolFactory - Registered protocol: sftp
11:49:52.221 [main] DEBUG d.m.quorus.protocol.ProtocolFactory - Protocol details: name=sftp, class=SftpTransferProtocol, supportsResume=false, supportsPause=false
11:49:52.221 [main] DEBUG d.m.quorus.protocol.ProtocolFactory - Creating NfsTransferProtocol instance
11:49:52.221 [main] DEBUG d.m.q.protocol.NfsTransferProtocol - NfsTransferProtocol initialized with mountRoot=C:\nfs
11:49:52.221 [main] INFO  d.m.quorus.protocol.ProtocolFactory - Registered protocol: nfs
11:49:52.221 [main] DEBUG d.m.quorus.protocol.ProtocolFactory - Protocol details: name=nfs, class=NfsTransferProtocol, supportsResume=false, supportsPause=false
11:49:52.221 [main] INFO  d.m.quorus.protocol.ProtocolFactory - Registered default transfer protocols: count=8, schemes=ftps, ftp, http, smb, sftp, nfs, https, cifs
11:49:52.221 [main] INFO  d.m.q.transfer.SimpleTransferEngine - SimpleTransferEngine initialized with 5 max concurrent transfers (reactive mode, OpenTelemetry enabled)
11:49:52.221 [main] DEBUG d.m.q.transfer.SimpleTransferEngine - SimpleTransferEngine initialization complete - startTime=2026-09-05T03:49:52.221464100Z
11:49:52.221 [main] INFO  d.m.q.a.s.TransferExecutionService - TransferExecutionService initialized (Vert.x reactive mode)
11:49:52.221 [main] WARN  d.m.q.a.s.ControllerWebClientFactory - INSECURE DEVELOPMENT MODE: agent-to-controller traffic is plaintext
11:49:52.221 [main] DEBUG d.m.q.a.service.JobPollingService - JobPollingService initialized with Vert.x WebClient (connectTimeout=5000ms, idleTimeout=10000ms)
11:49:52.221 [main] WARN  d.m.q.a.s.ControllerWebClientFactory - INSECURE DEVELOPMENT MODE: agent-to-controller traffic is plaintext
11:49:52.221 [main] DEBUG d.m.q.a.s.JobStatusReportingService - JobStatusReportingService initialized with Vert.x WebClient (connectTimeout=5000ms, idleTimeout=10000ms)
11:49:52.221 [main] INFO  d.m.q.a.observability.AgentMetrics - AgentMetrics initialized for agent: payments-agent
11:49:52.221 [main] INFO  dev.mars.quorus.agent.QuorusAgent - Quorus Agent initialized: payments-agent (reactive mode with OpenTelemetry)
11:49:52.221 [main] INFO  dev.mars.quorus.agent.QuorusAgent - Foreign-assignment mismatch threshold configured to 3
11:49:52.221 [main] INFO  dev.mars.quorus.agent.QuorusAgent - Starting Quorus Agent services (Vert.x reactive mode)...
11:49:52.222 [main] INFO  d.m.q.a.s.AgentRegistrationService - Registering agent payments-agent with controller at http://localhost:52601/api/v1
11:49:52.223 [vert.x-eventloop-thread-0] INFO  d.m.q.agent.service.HealthService - Health service started on port 52602
11:49:52.226 [vert.x-eventloop-thread-0] INFO  d.m.q.a.s.AgentRegistrationService - Agent payments-agent registered successfully
11:49:52.226 [vert.x-eventloop-thread-0] INFO  dev.mars.quorus.agent.QuorusAgent - Agent registered successfully with controller
11:49:52.226 [vert.x-eventloop-thread-0] INFO  dev.mars.quorus.agent.QuorusAgent - Heartbeat service started (interval: 30000ms) [Vert.x timer ID: 5]
11:49:52.227 [vert.x-eventloop-thread-0] INFO  d.m.q.a.s.TransferExecutionService - Transfer execution service started with 5 max concurrent transfers
11:49:52.227 [vert.x-eventloop-thread-0] INFO  dev.mars.quorus.agent.QuorusAgent - Transfer execution service started
11:49:52.227 [vert.x-eventloop-thread-0] INFO  dev.mars.quorus.agent.QuorusAgent - Quorus Agent started successfully (reactive mode, 0 extra threads)
11:49:52.228 [vert.x-eventloop-thread-0] INFO  dev.mars.quorus.agent.QuorusAgent - Job polling started (interval: 20ms) [Vert.x timer ID: 7]
11:49:52.252 [vert.x-eventloop-thread-0] DEBUG d.m.q.a.service.JobPollingService - Polled for jobs: found 1 pending jobs
11:49:52.252 [vert.x-eventloop-thread-0] INFO  dev.mars.quorus.agent.QuorusAgent - Found 1 pending job(s)
11:49:52.253 [vert.x-eventloop-thread-0] INFO  dev.mars.quorus.agent.QuorusAgent - Processing job: settlement (null)
11:49:52.255 [vert.x-eventloop-thread-0] DEBUG d.m.q.a.s.JobStatusReportingService - Job status reported: settlement -> ACCEPTED
11:49:52.262 [vert.x-eventloop-thread-0] ERROR dev.mars.quorus.agent.QuorusAgent - Transfer error: settlement: Secret reference is revoked or expired
11:49:52.263 [vert.x-eventloop-thread-0] DEBUG dev.mars.quorus.agent.QuorusAgent - Stack trace for transfer error: jobId=settlement
dev.mars.quorus.connection.ConnectionPolicyException: Secret reference is revoked or expired
	at dev.mars.quorus.connection.GovernedConnectionResolver.resolveAtAgent(GovernedConnectionResolver.java:49)
	at dev.mars.quorus.agent.service.AgentConnectionPolicyService.authorize(AgentConnectionPolicyService.java:47)
	at dev.mars.quorus.agent.service.TransferExecutionService.lambda$executeTransfer$4(TransferExecutionService.java:182)
	at io.vertx.core.impl.ExecuteBlocking$1.execute(ExecuteBlocking.java:36)
	at io.vertx.core.impl.WorkerTask.run(WorkerTask.java:57)
	at java.base/java.util.concurrent.ThreadPoolExecutor.runWorker(ThreadPoolExecutor.java:1090)
	at java.base/java.util.concurrent.ThreadPoolExecutor$Worker.run(ThreadPoolExecutor.java:614)
	at io.netty.util.concurrent.FastThreadLocalRunnable.run(FastThreadLocalRunnable.java:30)
	at java.base/java.lang.Thread.run(Thread.java:1474)
11:49:52.265 [vert.x-eventloop-thread-0] DEBUG d.m.q.a.s.JobStatusReportingService - Job status reported: settlement -> FAILED
11:49:52.266 [main] INFO  dev.mars.quorus.agent.QuorusAgent - Shutting down Quorus Agent (reactive mode)...
11:49:52.266 [main] INFO  dev.mars.quorus.agent.QuorusAgent - Heartbeat timer cancelled: true [ID: 5]
11:49:52.266 [main] INFO  dev.mars.quorus.agent.QuorusAgent - Job polling timer cancelled: true [ID: 7]
11:49:52.266 [main] INFO  d.m.q.a.s.TransferExecutionService - Shutting down transfer execution service...
11:49:52.266 [main] DEBUG d.m.q.transfer.SimpleTransferEngine - shutdown: initiating with timeout=30s
11:49:52.266 [main] INFO  d.m.q.transfer.SimpleTransferEngine - Shutting down transfer engine...
11:49:52.266 [main] DEBUG d.m.q.transfer.SimpleTransferEngine - shutdown: cancelling 0 active transfers
11:49:52.266 [main] DEBUG d.m.q.transfer.SimpleTransferEngine - awaitActiveTransfers: no active transfers
11:49:52.266 [main] INFO  d.m.q.transfer.SimpleTransferEngine - Transfer engine shutdown completed
11:49:52.266 [main] INFO  d.m.q.a.s.TransferExecutionService - Transfer execution service shutdown complete
11:49:52.266 [main] DEBUG d.m.q.agent.service.HeartbeatService - Shutting down HeartbeatService WebClient
11:49:52.266 [main] DEBUG d.m.q.a.service.JobPollingService - Shutting down JobPollingService WebClient
11:49:52.266 [main] DEBUG d.m.q.a.s.JobStatusReportingService - Shutting down JobStatusReportingService WebClient
11:49:52.267 [vert.x-eventloop-thread-0] INFO  d.m.q.agent.service.HealthService - Health service stopped
11:49:52.268 [vert.x-eventloop-thread-0] INFO  d.m.q.a.s.AgentRegistrationService - Deregistering agent payments-agent from controller
11:49:52.270 [vert.x-eventloop-thread-0] INFO  d.m.q.a.s.AgentRegistrationService - Agent payments-agent deregistered successfully
11:49:52.270 [vert.x-eventloop-thread-0] INFO  dev.mars.quorus.agent.QuorusAgent - Agent deregistered from controller
11:49:52.270 [vert.x-eventloop-thread-0] INFO  dev.mars.quorus.agent.QuorusAgent - Quorus Agent shutdown complete (0 threads to cleanup)
11:49:52.325 [main] INFO  dev.mars.quorus.agent.QuorusAgent - Creating QuorusAgent with Vert.x instance: 114743324 (using Vert.x timers, no ScheduledExecutorService)
11:49:52.325 [main] WARN  d.m.q.a.s.ControllerWebClientFactory - INSECURE DEVELOPMENT MODE: agent-to-controller traffic is plaintext
11:49:52.325 [main] DEBUG d.m.q.a.s.AgentRegistrationService - AgentRegistrationService initialized with Vert.x WebClient (connectTimeout=5000ms, idleTimeout=10000ms)
11:49:52.325 [main] WARN  d.m.q.a.s.ControllerWebClientFactory - INSECURE DEVELOPMENT MODE: agent-to-controller traffic is plaintext
11:49:52.325 [main] DEBUG d.m.q.agent.service.HeartbeatService - HeartbeatService initialized with Vert.x WebClient (connectTimeout=5000ms, idleTimeout=10000ms)
11:49:52.325 [main] DEBUG d.m.q.transfer.SimpleTransferEngine - Initializing SimpleTransferEngine: maxConcurrent=5, maxRetries=3, retryDelay=1000ms
11:49:52.325 [main] DEBUG d.m.quorus.protocol.ProtocolFactory - Initializing ProtocolFactory with Vert.x instance
11:49:52.325 [main] DEBUG d.m.quorus.protocol.ProtocolFactory - Registering default transfer protocols
11:49:52.325 [main] DEBUG d.m.quorus.protocol.ProtocolFactory - Creating HttpTransferProtocol instance
11:49:52.325 [main] INFO  d.m.q.protocol.HttpTransferProtocol - HttpTransferProtocol initialized: connectTimeout=30000ms, readTimeout=60000ms, maxFileSize=10737418240 bytes
11:49:52.326 [main] DEBUG d.m.q.protocol.HttpTransferProtocol - HttpTransferProtocol created with Vert.x Web Client (reactive mode)
11:49:52.326 [main] INFO  d.m.quorus.protocol.ProtocolFactory - Registered protocol: http
11:49:52.326 [main] DEBUG d.m.quorus.protocol.ProtocolFactory - Protocol details: name=http, class=HttpTransferProtocol, supportsResume=false, supportsPause=true
11:49:52.326 [main] INFO  d.m.quorus.protocol.ProtocolFactory - Registered protocol alias: https -> http
11:49:52.326 [main] DEBUG d.m.quorus.protocol.ProtocolFactory - Creating SmbTransferProtocol instance
11:49:52.326 [main] INFO  d.m.quorus.protocol.ProtocolFactory - Registered protocol: smb
11:49:52.326 [main] DEBUG d.m.quorus.protocol.ProtocolFactory - Protocol details: name=smb, class=SmbTransferProtocol, supportsResume=false, supportsPause=false
11:49:52.326 [main] INFO  d.m.quorus.protocol.ProtocolFactory - Registered protocol alias: cifs -> smb
11:49:52.326 [main] DEBUG d.m.quorus.protocol.ProtocolFactory - Creating FtpTransferProtocol instance
11:49:52.326 [main] INFO  d.m.quorus.protocol.ProtocolFactory - Registered protocol: ftp
11:49:52.326 [main] DEBUG d.m.quorus.protocol.ProtocolFactory - Protocol details: name=ftp, class=FtpTransferProtocol, supportsResume=false, supportsPause=false
11:49:52.326 [main] INFO  d.m.quorus.protocol.ProtocolFactory - Registered protocol alias: ftps -> ftp
11:49:52.326 [main] DEBUG d.m.quorus.protocol.ProtocolFactory - Creating SftpTransferProtocol instance
11:49:52.326 [main] INFO  d.m.quorus.protocol.ProtocolFactory - Registered protocol: sftp
11:49:52.326 [main] DEBUG d.m.quorus.protocol.ProtocolFactory - Protocol details: name=sftp, class=SftpTransferProtocol, supportsResume=false, supportsPause=false
11:49:52.326 [main] DEBUG d.m.quorus.protocol.ProtocolFactory - Creating NfsTransferProtocol instance
11:49:52.326 [main] DEBUG d.m.q.protocol.NfsTransferProtocol - NfsTransferProtocol initialized with mountRoot=C:\nfs
11:49:52.326 [main] INFO  d.m.quorus.protocol.ProtocolFactory - Registered protocol: nfs
11:49:52.326 [main] DEBUG d.m.quorus.protocol.ProtocolFactory - Protocol details: name=nfs, class=NfsTransferProtocol, supportsResume=false, supportsPause=false
11:49:52.326 [main] INFO  d.m.quorus.protocol.ProtocolFactory - Registered default transfer protocols: count=8, schemes=ftps, ftp, http, smb, sftp, nfs, https, cifs
11:49:52.326 [main] INFO  d.m.q.transfer.SimpleTransferEngine - SimpleTransferEngine initialized with 5 max concurrent transfers (reactive mode, OpenTelemetry enabled)
11:49:52.326 [main] DEBUG d.m.q.transfer.SimpleTransferEngine - SimpleTransferEngine initialization complete - startTime=2026-09-05T03:49:52.326963300Z
11:49:52.326 [main] INFO  d.m.q.a.s.TransferExecutionService - TransferExecutionService initialized (Vert.x reactive mode)
11:49:52.326 [main] WARN  d.m.q.a.s.ControllerWebClientFactory - INSECURE DEVELOPMENT MODE: agent-to-controller traffic is plaintext
11:49:52.326 [main] DEBUG d.m.q.a.service.JobPollingService - JobPollingService initialized with Vert.x WebClient (connectTimeout=5000ms, idleTimeout=10000ms)
11:49:52.326 [main] WARN  d.m.q.a.s.ControllerWebClientFactory - INSECURE DEVELOPMENT MODE: agent-to-controller traffic is plaintext
11:49:52.327 [main] DEBUG d.m.q.a.s.JobStatusReportingService - JobStatusReportingService initialized with Vert.x WebClient (connectTimeout=5000ms, idleTimeout=10000ms)
11:49:52.327 [main] INFO  d.m.q.a.observability.AgentMetrics - AgentMetrics initialized for agent: payments-agent
11:49:52.327 [main] INFO  dev.mars.quorus.agent.QuorusAgent - Quorus Agent initialized: payments-agent (reactive mode with OpenTelemetry)
11:49:52.327 [main] INFO  dev.mars.quorus.agent.QuorusAgent - Foreign-assignment mismatch threshold configured to 3
11:49:52.327 [main] INFO  dev.mars.quorus.agent.QuorusAgent - Starting Quorus Agent services (Vert.x reactive mode)...
11:49:52.327 [main] INFO  d.m.q.a.s.AgentRegistrationService - Registering agent payments-agent with controller at http://localhost:52606/api/v1
11:49:52.329 [vert.x-eventloop-thread-0] INFO  d.m.q.agent.service.HealthService - Health service started on port 52607
11:49:52.333 [vert.x-eventloop-thread-0] INFO  d.m.q.a.s.AgentRegistrationService - Agent payments-agent registered successfully
11:49:52.333 [vert.x-eventloop-thread-0] INFO  dev.mars.quorus.agent.QuorusAgent - Agent registered successfully with controller
11:49:52.333 [vert.x-eventloop-thread-0] INFO  dev.mars.quorus.agent.QuorusAgent - Heartbeat service started (interval: 30000ms) [Vert.x timer ID: 5]
11:49:52.333 [vert.x-eventloop-thread-0] INFO  d.m.q.a.s.TransferExecutionService - Transfer execution service started with 5 max concurrent transfers
11:49:52.333 [vert.x-eventloop-thread-0] INFO  dev.mars.quorus.agent.QuorusAgent - Transfer execution service started
11:49:52.333 [vert.x-eventloop-thread-0] INFO  dev.mars.quorus.agent.QuorusAgent - Quorus Agent started successfully (reactive mode, 0 extra threads)
11:49:52.335 [vert.x-eventloop-thread-0] INFO  dev.mars.quorus.agent.QuorusAgent - Job polling started (interval: 20ms) [Vert.x timer ID: 7]
11:49:52.359 [vert.x-eventloop-thread-0] DEBUG d.m.q.a.service.JobPollingService - Polled for jobs: found 1 pending jobs
11:49:52.359 [vert.x-eventloop-thread-0] INFO  dev.mars.quorus.agent.QuorusAgent - Found 1 pending job(s)
11:49:52.359 [vert.x-eventloop-thread-0] INFO  dev.mars.quorus.agent.QuorusAgent - Processing job: settlement (null)
11:49:52.361 [vert.x-eventloop-thread-0] DEBUG d.m.q.a.s.JobStatusReportingService - Job status reported: settlement -> ACCEPTED
11:49:52.364 [vert.x-eventloop-thread-0] ERROR dev.mars.quorus.agent.QuorusAgent - Transfer error: settlement: Secret provider is not configured
11:49:52.364 [vert.x-eventloop-thread-0] DEBUG dev.mars.quorus.agent.QuorusAgent - Stack trace for transfer error: jobId=settlement
dev.mars.quorus.connection.ConnectionPolicyException: Secret provider is not configured
	at dev.mars.quorus.connection.GovernedConnectionResolver.resolveAtAgent(GovernedConnectionResolver.java:53)
	at dev.mars.quorus.agent.service.AgentConnectionPolicyService.authorize(AgentConnectionPolicyService.java:47)
	at dev.mars.quorus.agent.service.TransferExecutionService.lambda$executeTransfer$4(TransferExecutionService.java:182)
	at io.vertx.core.impl.ExecuteBlocking$1.execute(ExecuteBlocking.java:36)
	at io.vertx.core.impl.WorkerTask.run(WorkerTask.java:57)
	at java.base/java.util.concurrent.ThreadPoolExecutor.runWorker(ThreadPoolExecutor.java:1090)
	at java.base/java.util.concurrent.ThreadPoolExecutor$Worker.run(ThreadPoolExecutor.java:614)
	at io.netty.util.concurrent.FastThreadLocalRunnable.run(FastThreadLocalRunnable.java:30)
	at java.base/java.lang.Thread.run(Thread.java:1474)
11:49:52.366 [vert.x-eventloop-thread-0] DEBUG d.m.q.a.s.JobStatusReportingService - Job status reported: settlement -> FAILED
11:49:52.366 [main] INFO  dev.mars.quorus.agent.QuorusAgent - Shutting down Quorus Agent (reactive mode)...
11:49:52.367 [main] INFO  dev.mars.quorus.agent.QuorusAgent - Heartbeat timer cancelled: true [ID: 5]
11:49:52.367 [main] INFO  dev.mars.quorus.agent.QuorusAgent - Job polling timer cancelled: true [ID: 7]
11:49:52.367 [main] INFO  d.m.q.a.s.TransferExecutionService - Shutting down transfer execution service...
11:49:52.367 [main] DEBUG d.m.q.transfer.SimpleTransferEngine - shutdown: initiating with timeout=30s
11:49:52.367 [main] INFO  d.m.q.transfer.SimpleTransferEngine - Shutting down transfer engine...
11:49:52.367 [main] DEBUG d.m.q.transfer.SimpleTransferEngine - shutdown: cancelling 0 active transfers
11:49:52.367 [main] DEBUG d.m.q.transfer.SimpleTransferEngine - awaitActiveTransfers: no active transfers
11:49:52.367 [main] INFO  d.m.q.transfer.SimpleTransferEngine - Transfer engine shutdown completed
11:49:52.367 [main] INFO  d.m.q.a.s.TransferExecutionService - Transfer execution service shutdown complete
11:49:52.367 [main] DEBUG d.m.q.agent.service.HeartbeatService - Shutting down HeartbeatService WebClient
11:49:52.367 [main] DEBUG d.m.q.a.service.JobPollingService - Shutting down JobPollingService WebClient
11:49:52.367 [main] DEBUG d.m.q.a.s.JobStatusReportingService - Shutting down JobStatusReportingService WebClient
11:49:52.368 [vert.x-eventloop-thread-0] INFO  d.m.q.agent.service.HealthService - Health service stopped
11:49:52.368 [vert.x-eventloop-thread-0] INFO  d.m.q.a.s.AgentRegistrationService - Deregistering agent payments-agent from controller
11:49:52.369 [vert.x-eventloop-thread-0] INFO  d.m.q.a.s.AgentRegistrationService - Agent payments-agent deregistered successfully
11:49:52.369 [vert.x-eventloop-thread-0] INFO  dev.mars.quorus.agent.QuorusAgent - Agent deregistered from controller
11:49:52.369 [vert.x-eventloop-thread-0] INFO  dev.mars.quorus.agent.QuorusAgent - Quorus Agent shutdown complete (0 threads to cleanup)
11:49:52.442 [main] INFO  dev.mars.quorus.agent.QuorusAgent - Creating QuorusAgent with Vert.x instance: 700935541 (using Vert.x timers, no ScheduledExecutorService)
11:49:52.444 [main] WARN  d.m.q.a.s.ControllerWebClientFactory - INSECURE DEVELOPMENT MODE: agent-to-controller traffic is plaintext
11:49:52.444 [main] DEBUG d.m.q.a.s.AgentRegistrationService - AgentRegistrationService initialized with Vert.x WebClient (connectTimeout=5000ms, idleTimeout=10000ms)
11:49:52.444 [main] WARN  d.m.q.a.s.ControllerWebClientFactory - INSECURE DEVELOPMENT MODE: agent-to-controller traffic is plaintext
11:49:52.444 [main] DEBUG d.m.q.agent.service.HeartbeatService - HeartbeatService initialized with Vert.x WebClient (connectTimeout=5000ms, idleTimeout=10000ms)
11:49:52.444 [main] DEBUG d.m.q.transfer.SimpleTransferEngine - Initializing SimpleTransferEngine: maxConcurrent=5, maxRetries=3, retryDelay=1000ms
11:49:52.444 [main] DEBUG d.m.quorus.protocol.ProtocolFactory - Initializing ProtocolFactory with Vert.x instance
11:49:52.444 [main] DEBUG d.m.quorus.protocol.ProtocolFactory - Registering default transfer protocols
11:49:52.444 [main] DEBUG d.m.quorus.protocol.ProtocolFactory - Creating HttpTransferProtocol instance
11:49:52.445 [main] INFO  d.m.q.protocol.HttpTransferProtocol - HttpTransferProtocol initialized: connectTimeout=30000ms, readTimeout=60000ms, maxFileSize=10737418240 bytes
11:49:52.445 [main] DEBUG d.m.q.protocol.HttpTransferProtocol - HttpTransferProtocol created with Vert.x Web Client (reactive mode)
11:49:52.445 [main] INFO  d.m.quorus.protocol.ProtocolFactory - Registered protocol: http
11:49:52.445 [main] DEBUG d.m.quorus.protocol.ProtocolFactory - Protocol details: name=http, class=HttpTransferProtocol, supportsResume=false, supportsPause=true
11:49:52.445 [main] INFO  d.m.quorus.protocol.ProtocolFactory - Registered protocol alias: https -> http
11:49:52.445 [main] DEBUG d.m.quorus.protocol.ProtocolFactory - Creating SmbTransferProtocol instance
11:49:52.445 [main] INFO  d.m.quorus.protocol.ProtocolFactory - Registered protocol: smb
11:49:52.445 [main] DEBUG d.m.quorus.protocol.ProtocolFactory - Protocol details: name=smb, class=SmbTransferProtocol, supportsResume=false, supportsPause=false
11:49:52.445 [main] INFO  d.m.quorus.protocol.ProtocolFactory - Registered protocol alias: cifs -> smb
11:49:52.445 [main] DEBUG d.m.quorus.protocol.ProtocolFactory - Creating FtpTransferProtocol instance
11:49:52.445 [main] INFO  d.m.quorus.protocol.ProtocolFactory - Registered protocol: ftp
11:49:52.445 [main] DEBUG d.m.quorus.protocol.ProtocolFactory - Protocol details: name=ftp, class=FtpTransferProtocol, supportsResume=false, supportsPause=false
11:49:52.445 [main] INFO  d.m.quorus.protocol.ProtocolFactory - Registered protocol alias: ftps -> ftp
11:49:52.445 [main] DEBUG d.m.quorus.protocol.ProtocolFactory - Creating SftpTransferProtocol instance
11:49:52.445 [main] INFO  d.m.quorus.protocol.ProtocolFactory - Registered protocol: sftp
11:49:52.445 [main] DEBUG d.m.quorus.protocol.ProtocolFactory - Protocol details: name=sftp, class=SftpTransferProtocol, supportsResume=false, supportsPause=false
11:49:52.445 [main] DEBUG d.m.quorus.protocol.ProtocolFactory - Creating NfsTransferProtocol instance
11:49:52.445 [main] DEBUG d.m.q.protocol.NfsTransferProtocol - NfsTransferProtocol initialized with mountRoot=C:\nfs
11:49:52.445 [main] INFO  d.m.quorus.protocol.ProtocolFactory - Registered protocol: nfs
11:49:52.445 [main] DEBUG d.m.quorus.protocol.ProtocolFactory - Protocol details: name=nfs, class=NfsTransferProtocol, supportsResume=false, supportsPause=false
11:49:52.445 [main] INFO  d.m.quorus.protocol.ProtocolFactory - Registered default transfer protocols: count=8, schemes=ftps, ftp, http, smb, sftp, nfs, https, cifs
11:49:52.445 [main] INFO  d.m.q.transfer.SimpleTransferEngine - SimpleTransferEngine initialized with 5 max concurrent transfers (reactive mode, OpenTelemetry enabled)
11:49:52.445 [main] DEBUG d.m.q.transfer.SimpleTransferEngine - SimpleTransferEngine initialization complete - startTime=2026-09-05T03:49:52.445583200Z
11:49:52.445 [main] INFO  d.m.q.a.s.TransferExecutionService - TransferExecutionService initialized (Vert.x reactive mode)
11:49:52.445 [main] WARN  d.m.q.a.s.ControllerWebClientFactory - INSECURE DEVELOPMENT MODE: agent-to-controller traffic is plaintext
11:49:52.446 [main] DEBUG d.m.q.a.service.JobPollingService - JobPollingService initialized with Vert.x WebClient (connectTimeout=5000ms, idleTimeout=10000ms)
11:49:52.446 [main] WARN  d.m.q.a.s.ControllerWebClientFactory - INSECURE DEVELOPMENT MODE: agent-to-controller traffic is plaintext
11:49:52.446 [main] DEBUG d.m.q.a.s.JobStatusReportingService - JobStatusReportingService initialized with Vert.x WebClient (connectTimeout=5000ms, idleTimeout=10000ms)
11:49:52.446 [main] INFO  d.m.q.a.observability.AgentMetrics - AgentMetrics initialized for agent: payments-agent
11:49:52.446 [main] INFO  dev.mars.quorus.agent.QuorusAgent - Quorus Agent initialized: payments-agent (reactive mode with OpenTelemetry)
11:49:52.446 [main] INFO  dev.mars.quorus.agent.QuorusAgent - Foreign-assignment mismatch threshold configured to 3
11:49:52.446 [main] INFO  dev.mars.quorus.agent.QuorusAgent - Starting Quorus Agent services (Vert.x reactive mode)...
11:49:52.446 [main] INFO  d.m.q.a.s.AgentRegistrationService - Registering agent payments-agent with controller at http://localhost:52611/api/v1
11:49:52.447 [vert.x-eventloop-thread-0] INFO  d.m.q.agent.service.HealthService - Health service started on port 52612
11:49:52.451 [vert.x-eventloop-thread-0] INFO  d.m.q.a.s.AgentRegistrationService - Agent payments-agent registered successfully
11:49:52.451 [vert.x-eventloop-thread-0] INFO  dev.mars.quorus.agent.QuorusAgent - Agent registered successfully with controller
11:49:52.451 [vert.x-eventloop-thread-0] INFO  dev.mars.quorus.agent.QuorusAgent - Heartbeat service started (interval: 30000ms) [Vert.x timer ID: 5]
11:49:52.451 [vert.x-eventloop-thread-0] INFO  d.m.q.a.s.TransferExecutionService - Transfer execution service started with 5 max concurrent transfers
11:49:52.451 [vert.x-eventloop-thread-0] INFO  dev.mars.quorus.agent.QuorusAgent - Transfer execution service started
11:49:52.451 [vert.x-eventloop-thread-0] INFO  dev.mars.quorus.agent.QuorusAgent - Quorus Agent started successfully (reactive mode, 0 extra threads)
11:49:52.453 [vert.x-eventloop-thread-0] INFO  dev.mars.quorus.agent.QuorusAgent - Job polling started (interval: 20ms) [Vert.x timer ID: 7]
11:49:52.477 [vert.x-eventloop-thread-0] DEBUG d.m.q.a.service.JobPollingService - Polled for jobs: found 1 pending jobs
11:49:52.477 [vert.x-eventloop-thread-0] INFO  dev.mars.quorus.agent.QuorusAgent - Found 1 pending job(s)
11:49:52.477 [vert.x-eventloop-thread-0] INFO  dev.mars.quorus.agent.QuorusAgent - Processing job: settlement (null)
11:49:52.480 [vert.x-eventloop-thread-0] DEBUG d.m.q.a.s.JobStatusReportingService - Job status reported: settlement -> ACCEPTED
11:49:52.482 [vert.x-eventloop-thread-0] ERROR dev.mars.quorus.agent.QuorusAgent - Transfer error: settlement: Secret provider is not configured
11:49:52.483 [vert.x-eventloop-thread-0] DEBUG dev.mars.quorus.agent.QuorusAgent - Stack trace for transfer error: jobId=settlement
dev.mars.quorus.connection.ConnectionPolicyException: Secret provider is not configured
	at dev.mars.quorus.connection.GovernedConnectionResolver.resolveAtAgent(GovernedConnectionResolver.java:53)
	at dev.mars.quorus.agent.service.AgentConnectionPolicyService.authorize(AgentConnectionPolicyService.java:47)
	at dev.mars.quorus.agent.service.TransferExecutionService.lambda$executeTransfer$4(TransferExecutionService.java:182)
	at io.vertx.core.impl.ExecuteBlocking$1.execute(ExecuteBlocking.java:36)
	at io.vertx.core.impl.WorkerTask.run(WorkerTask.java:57)
	at java.base/java.util.concurrent.ThreadPoolExecutor.runWorker(ThreadPoolExecutor.java:1090)
	at java.base/java.util.concurrent.ThreadPoolExecutor$Worker.run(ThreadPoolExecutor.java:614)
	at io.netty.util.concurrent.FastThreadLocalRunnable.run(FastThreadLocalRunnable.java:30)
	at java.base/java.lang.Thread.run(Thread.java:1474)
11:49:52.495 [vert.x-eventloop-thread-0] DEBUG d.m.q.a.service.JobPollingService - Polled for jobs: found 0 pending jobs
11:49:52.495 [vert.x-eventloop-thread-0] DEBUG dev.mars.quorus.agent.QuorusAgent - No pending jobs found
11:49:52.516 [vert.x-eventloop-thread-0] DEBUG d.m.q.a.service.JobPollingService - Polled for jobs: found 0 pending jobs
11:49:52.516 [vert.x-eventloop-thread-0] DEBUG dev.mars.quorus.agent.QuorusAgent - No pending jobs found
11:49:52.534 [vert.x-eventloop-thread-0] DEBUG d.m.q.a.service.JobPollingService - Polled for jobs: found 0 pending jobs
11:49:52.534 [vert.x-eventloop-thread-0] DEBUG dev.mars.quorus.agent.QuorusAgent - No pending jobs found
11:49:52.558 [vert.x-eventloop-thread-0] DEBUG d.m.q.a.service.JobPollingService - Polled for jobs: found 0 pending jobs
11:49:52.558 [vert.x-eventloop-thread-0] DEBUG dev.mars.quorus.agent.QuorusAgent - No pending jobs found
11:49:52.574 [vert.x-eventloop-thread-0] DEBUG d.m.q.a.service.JobPollingService - Polled for jobs: found 0 pending jobs
11:49:52.575 [vert.x-eventloop-thread-0] DEBUG dev.mars.quorus.agent.QuorusAgent - No pending jobs found
11:49:52.589 [vert.x-eventloop-thread-0] DEBUG d.m.q.a.s.JobStatusReportingService - Job status reported: settlement -> FAILED
11:49:52.590 [main] INFO  dev.mars.quorus.agent.QuorusAgent - Shutting down Quorus Agent (reactive mode)...
11:49:52.590 [main] INFO  dev.mars.quorus.agent.QuorusAgent - Heartbeat timer cancelled: true [ID: 5]
11:49:52.590 [main] INFO  dev.mars.quorus.agent.QuorusAgent - Job polling timer cancelled: true [ID: 7]
11:49:52.590 [main] INFO  d.m.q.a.s.TransferExecutionService - Shutting down transfer execution service...
11:49:52.590 [main] DEBUG d.m.q.transfer.SimpleTransferEngine - shutdown: initiating with timeout=30s
11:49:52.590 [main] INFO  d.m.q.transfer.SimpleTransferEngine - Shutting down transfer engine...
11:49:52.590 [main] DEBUG d.m.q.transfer.SimpleTransferEngine - shutdown: cancelling 0 active transfers
11:49:52.590 [main] DEBUG d.m.q.transfer.SimpleTransferEngine - awaitActiveTransfers: no active transfers
11:49:52.590 [main] INFO  d.m.q.transfer.SimpleTransferEngine - Transfer engine shutdown completed
11:49:52.590 [main] INFO  d.m.q.a.s.TransferExecutionService - Transfer execution service shutdown complete
11:49:52.590 [main] DEBUG d.m.q.agent.service.HeartbeatService - Shutting down HeartbeatService WebClient
11:49:52.590 [main] DEBUG d.m.q.a.service.JobPollingService - Shutting down JobPollingService WebClient
11:49:52.590 [main] DEBUG d.m.q.a.s.JobStatusReportingService - Shutting down JobStatusReportingService WebClient
11:49:52.591 [vert.x-eventloop-thread-0] INFO  d.m.q.agent.service.HealthService - Health service stopped
11:49:52.591 [vert.x-eventloop-thread-0] INFO  d.m.q.a.s.AgentRegistrationService - Deregistering agent payments-agent from controller
11:49:52.592 [vert.x-eventloop-thread-0] INFO  d.m.q.a.s.AgentRegistrationService - Agent payments-agent deregistered successfully
11:49:52.592 [vert.x-eventloop-thread-0] INFO  dev.mars.quorus.agent.QuorusAgent - Agent deregistered from controller
11:49:52.592 [vert.x-eventloop-thread-0] INFO  dev.mars.quorus.agent.QuorusAgent - Quorus Agent shutdown complete (0 threads to cleanup)
11:49:52.658 [main] INFO  dev.mars.quorus.agent.QuorusAgent - Creating QuorusAgent with Vert.x instance: 1482151715 (using Vert.x timers, no ScheduledExecutorService)
11:49:52.658 [main] WARN  d.m.q.a.s.ControllerWebClientFactory - INSECURE DEVELOPMENT MODE: agent-to-controller traffic is plaintext
11:49:52.658 [main] DEBUG d.m.q.a.s.AgentRegistrationService - AgentRegistrationService initialized with Vert.x WebClient (connectTimeout=5000ms, idleTimeout=10000ms)
11:49:52.658 [main] WARN  d.m.q.a.s.ControllerWebClientFactory - INSECURE DEVELOPMENT MODE: agent-to-controller traffic is plaintext
11:49:52.658 [main] DEBUG d.m.q.agent.service.HeartbeatService - HeartbeatService initialized with Vert.x WebClient (connectTimeout=5000ms, idleTimeout=10000ms)
11:49:52.658 [main] DEBUG d.m.q.transfer.SimpleTransferEngine - Initializing SimpleTransferEngine: maxConcurrent=5, maxRetries=3, retryDelay=1000ms
11:49:52.658 [main] DEBUG d.m.quorus.protocol.ProtocolFactory - Initializing ProtocolFactory with Vert.x instance
11:49:52.658 [main] DEBUG d.m.quorus.protocol.ProtocolFactory - Registering default transfer protocols
11:49:52.659 [main] DEBUG d.m.quorus.protocol.ProtocolFactory - Creating HttpTransferProtocol instance
11:49:52.659 [main] INFO  d.m.q.protocol.HttpTransferProtocol - HttpTransferProtocol initialized: connectTimeout=30000ms, readTimeout=60000ms, maxFileSize=10737418240 bytes
11:49:52.659 [main] DEBUG d.m.q.protocol.HttpTransferProtocol - HttpTransferProtocol created with Vert.x Web Client (reactive mode)
11:49:52.659 [main] INFO  d.m.quorus.protocol.ProtocolFactory - Registered protocol: http
11:49:52.659 [main] DEBUG d.m.quorus.protocol.ProtocolFactory - Protocol details: name=http, class=HttpTransferProtocol, supportsResume=false, supportsPause=true
11:49:52.659 [main] INFO  d.m.quorus.protocol.ProtocolFactory - Registered protocol alias: https -> http
11:49:52.659 [main] DEBUG d.m.quorus.protocol.ProtocolFactory - Creating SmbTransferProtocol instance
11:49:52.659 [main] INFO  d.m.quorus.protocol.ProtocolFactory - Registered protocol: smb
11:49:52.659 [main] DEBUG d.m.quorus.protocol.ProtocolFactory - Protocol details: name=smb, class=SmbTransferProtocol, supportsResume=false, supportsPause=false
11:49:52.659 [main] INFO  d.m.quorus.protocol.ProtocolFactory - Registered protocol alias: cifs -> smb
11:49:52.659 [main] DEBUG d.m.quorus.protocol.ProtocolFactory - Creating FtpTransferProtocol instance
11:49:52.659 [main] INFO  d.m.quorus.protocol.ProtocolFactory - Registered protocol: ftp
11:49:52.659 [main] DEBUG d.m.quorus.protocol.ProtocolFactory - Protocol details: name=ftp, class=FtpTransferProtocol, supportsResume=false, supportsPause=false
11:49:52.659 [main] INFO  d.m.quorus.protocol.ProtocolFactory - Registered protocol alias: ftps -> ftp
11:49:52.659 [main] DEBUG d.m.quorus.protocol.ProtocolFactory - Creating SftpTransferProtocol instance
11:49:52.659 [main] INFO  d.m.quorus.protocol.ProtocolFactory - Registered protocol: sftp
11:49:52.659 [main] DEBUG d.m.quorus.protocol.ProtocolFactory - Protocol details: name=sftp, class=SftpTransferProtocol, supportsResume=false, supportsPause=false
11:49:52.659 [main] DEBUG d.m.quorus.protocol.ProtocolFactory - Creating NfsTransferProtocol instance
11:49:52.659 [main] DEBUG d.m.q.protocol.NfsTransferProtocol - NfsTransferProtocol initialized with mountRoot=C:\nfs
11:49:52.659 [main] INFO  d.m.quorus.protocol.ProtocolFactory - Registered protocol: nfs
11:49:52.659 [main] DEBUG d.m.quorus.protocol.ProtocolFactory - Protocol details: name=nfs, class=NfsTransferProtocol, supportsResume=false, supportsPause=false
11:49:52.659 [main] INFO  d.m.quorus.protocol.ProtocolFactory - Registered default transfer protocols: count=8, schemes=ftps, ftp, http, smb, sftp, nfs, https, cifs
11:49:52.659 [main] INFO  d.m.q.transfer.SimpleTransferEngine - SimpleTransferEngine initialized with 5 max concurrent transfers (reactive mode, OpenTelemetry enabled)
11:49:52.659 [main] DEBUG d.m.q.transfer.SimpleTransferEngine - SimpleTransferEngine initialization complete - startTime=2026-09-05T03:49:52.659031500Z
11:49:52.659 [main] INFO  d.m.q.a.s.TransferExecutionService - TransferExecutionService initialized (Vert.x reactive mode)
11:49:52.659 [main] WARN  d.m.q.a.s.ControllerWebClientFactory - INSECURE DEVELOPMENT MODE: agent-to-controller traffic is plaintext
11:49:52.660 [main] DEBUG d.m.q.a.service.JobPollingService - JobPollingService initialized with Vert.x WebClient (connectTimeout=5000ms, idleTimeout=10000ms)
11:49:52.660 [main] WARN  d.m.q.a.s.ControllerWebClientFactory - INSECURE DEVELOPMENT MODE: agent-to-controller traffic is plaintext
11:49:52.660 [main] DEBUG d.m.q.a.s.JobStatusReportingService - JobStatusReportingService initialized with Vert.x WebClient (connectTimeout=5000ms, idleTimeout=10000ms)
11:49:52.660 [main] INFO  d.m.q.a.observability.AgentMetrics - AgentMetrics initialized for agent: payments-agent
11:49:52.660 [main] INFO  dev.mars.quorus.agent.QuorusAgent - Quorus Agent initialized: payments-agent (reactive mode with OpenTelemetry)
11:49:52.660 [main] INFO  dev.mars.quorus.agent.QuorusAgent - Foreign-assignment mismatch threshold configured to 3
11:49:52.660 [main] INFO  dev.mars.quorus.agent.QuorusAgent - Starting Quorus Agent services (Vert.x reactive mode)...
11:49:52.660 [main] INFO  d.m.q.a.s.AgentRegistrationService - Registering agent payments-agent with controller at http://localhost:52617/api/v1
11:49:52.662 [vert.x-eventloop-thread-0] INFO  d.m.q.agent.service.HealthService - Health service started on port 52618
11:49:52.666 [vert.x-eventloop-thread-0] INFO  d.m.q.a.s.AgentRegistrationService - Agent payments-agent registered successfully
11:49:52.666 [vert.x-eventloop-thread-0] INFO  dev.mars.quorus.agent.QuorusAgent - Agent registered successfully with controller
11:49:52.666 [vert.x-eventloop-thread-0] INFO  dev.mars.quorus.agent.QuorusAgent - Heartbeat service started (interval: 30000ms) [Vert.x timer ID: 5]
11:49:52.666 [vert.x-eventloop-thread-0] INFO  d.m.q.a.s.TransferExecutionService - Transfer execution service started with 5 max concurrent transfers
11:49:52.666 [vert.x-eventloop-thread-0] INFO  dev.mars.quorus.agent.QuorusAgent - Transfer execution service started
11:49:52.666 [vert.x-eventloop-thread-0] INFO  dev.mars.quorus.agent.QuorusAgent - Quorus Agent started successfully (reactive mode, 0 extra threads)
11:49:52.668 [vert.x-eventloop-thread-0] INFO  dev.mars.quorus.agent.QuorusAgent - Job polling started (interval: 20ms) [Vert.x timer ID: 7]
11:49:52.690 [vert.x-eventloop-thread-0] DEBUG d.m.q.a.service.JobPollingService - Polled for jobs: found 1 pending jobs
11:49:52.691 [vert.x-eventloop-thread-0] INFO  dev.mars.quorus.agent.QuorusAgent - Found 1 pending job(s)
11:49:52.691 [vert.x-eventloop-thread-0] INFO  dev.mars.quorus.agent.QuorusAgent - Processing job: settlement (null)
11:49:52.693 [vert.x-eventloop-thread-0] DEBUG d.m.q.a.s.JobStatusReportingService - Job status reported: settlement -> ACCEPTED
11:49:52.693 [vert.x-eventloop-thread-0] ERROR dev.mars.quorus.agent.QuorusAgent - Transfer error: settlement: Illegal character in path at index 7: invalid URI
11:49:52.693 [vert.x-eventloop-thread-0] DEBUG dev.mars.quorus.agent.QuorusAgent - Stack trace for transfer error: jobId=settlement
java.lang.IllegalArgumentException: Illegal character in path at index 7: invalid URI
	at java.base/java.net.URI.create(URI.java:936)
	at dev.mars.quorus.agent.service.JobPollingService$PendingJob.toTransferRequest(JobPollingService.java:239)
	at dev.mars.quorus.agent.service.JobPollingService$PendingJob.toTransferRequest(JobPollingService.java:233)
	at dev.mars.quorus.agent.service.TransferExecutionService.executeTransfer(TransferExecutionService.java:165)
	at dev.mars.quorus.agent.QuorusAgent.lambda$processJob$1(QuorusAgent.java:441)
	at io.vertx.core.impl.future.FutureImpl.lambda$onComplete$0(FutureImpl.java:86)
	at io.vertx.core.impl.future.FutureImpl$ListenerArray.complete(FutureImpl.java:214)
	at io.vertx.core.impl.future.FutureBase.emitResult(FutureBase.java:68)
	at io.vertx.core.impl.future.FutureImpl.completeInternal(FutureImpl.java:163)
	at io.vertx.core.impl.future.FutureBase.emitResult(FutureBase.java:68)
	at io.vertx.core.impl.future.SucceededFuture.addListener(SucceededFuture.java:89)
	at io.vertx.core.impl.future.Composition.complete(Composition.java:48)
	at io.vertx.core.impl.future.FutureBase.emitResult(FutureBase.java:68)
	at io.vertx.core.impl.future.FutureImpl.completeInternal(FutureImpl.java:163)
	at io.vertx.core.impl.future.FutureBase.emitResult(FutureBase.java:68)
	at io.vertx.core.impl.future.SucceededFuture.addListener(SucceededFuture.java:89)
	at io.vertx.core.impl.future.Composition.complete(Composition.java:48)
	at io.vertx.core.impl.future.FutureBase.emitResult(FutureBase.java:68)
	at io.vertx.core.impl.future.FutureImpl.completeInternal(FutureImpl.java:163)
	at io.vertx.core.impl.future.FutureImpl.tryComplete(FutureImpl.java:169)
	at io.vertx.ext.web.client.impl.HttpContext.handleDispatchResponse(HttpContext.java:409)
	at io.vertx.ext.web.client.impl.HttpContext.execute(HttpContext.java:385)
	at io.vertx.ext.web.client.impl.HttpContext.next(HttpContext.java:363)
	at io.vertx.ext.web.client.impl.HttpContext.fire(HttpContext.java:330)
	at io.vertx.ext.web.client.impl.HttpContext.dispatchResponse(HttpContext.java:292)
	at io.vertx.ext.web.client.impl.HttpContext.lambda$handleReceiveResponse$5(HttpContext.java:518)
	at io.vertx.core.impl.future.FutureImpl.lambda$onComplete$1(FutureImpl.java:103)
	at io.vertx.core.impl.future.FutureBase.emitResult(FutureBase.java:68)
	at io.vertx.core.impl.future.FutureImpl.completeInternal(FutureImpl.java:163)
	at io.vertx.core.impl.future.Mapping.complete(Mapping.java:45)
	at io.vertx.core.impl.future.FutureBase.emitResult(FutureBase.java:68)
	at io.vertx.core.impl.future.FutureImpl.completeInternal(FutureImpl.java:163)
	at io.vertx.core.impl.future.FutureBase.emitResult(FutureBase.java:68)
	at io.vertx.core.impl.future.FutureImpl.addListener(FutureImpl.java:135)
	at io.vertx.core.impl.future.Composition.complete(Composition.java:48)
	at io.vertx.core.impl.future.FutureBase.emitResult(FutureBase.java:68)
	at io.vertx.core.impl.future.FutureImpl.completeInternal(FutureImpl.java:163)
	at io.vertx.core.impl.future.FutureImpl.tryComplete(FutureImpl.java:169)
	at io.vertx.core.Promise.succeed(Promise.java:93)
	at io.vertx.core.Promise.complete(Promise.java:61)
	at io.vertx.core.Future.lambda$onComplete$1(Future.java:304)
	at io.vertx.core.impl.future.SucceededFuture.onComplete(SucceededFuture.java:82)
	at io.vertx.core.Future.onComplete(Future.java:303)
	at io.vertx.core.streams.impl.PipeImpl.handleSuccess(PipeImpl.java:114)
	at io.vertx.core.streams.impl.PipeImpl.lambda$to$2(PipeImpl.java:99)
	at io.vertx.core.impl.future.FutureImpl.lambda$onComplete$1(FutureImpl.java:103)
	at io.vertx.core.impl.future.FutureBase.emitResult(FutureBase.java:68)
	at io.vertx.core.impl.future.FutureImpl.completeInternal(FutureImpl.java:163)
	at io.vertx.core.impl.future.FutureImpl.tryComplete(FutureImpl.java:169)
	at io.vertx.core.internal.ContextInternal.dispatch(ContextInternal.java:249)
	at io.vertx.core.internal.ContextInternal.dispatch(ContextInternal.java:231)
	at io.vertx.core.http.impl.HttpEventHandler.handleEnd(HttpEventHandler.java:76)
	at io.vertx.core.http.impl.HttpClientResponseImpl.handleEnd(HttpClientResponseImpl.java:244)
	at io.vertx.core.internal.ContextInternal.dispatch(ContextInternal.java:249)
	at io.vertx.core.http.impl.Http1xClientConnection$StreamImpl$1.handleMessage(Http1xClientConnection.java:455)
	at io.vertx.core.internal.concurrent.InboundMessageQueue.test(InboundMessageQueue.java:86)
	at io.vertx.core.streams.impl.MessagePassingQueue.drain(MessagePassingQueue.java:228)
	at io.vertx.core.streams.impl.MessagePassingQueue.drain(MessagePassingQueue.java:210)
	at io.vertx.core.internal.concurrent.InboundMessageQueue.drainInternal(InboundMessageQueue.java:168)
	at io.vertx.core.internal.concurrent.InboundMessageQueue.drain(InboundMessageQueue.java:145)
	at io.vertx.core.internal.concurrent.InboundMessageQueue.write(InboundMessageQueue.java:132)
	at io.vertx.core.http.impl.Http1xClientConnection$StreamImpl.handleEnd(Http1xClientConnection.java:680)
	at io.vertx.core.http.impl.Http1xClientConnection.handleResponseEnd(Http1xClientConnection.java:928)
	at io.vertx.core.http.impl.Http1xClientConnection.handleHttpMessage(Http1xClientConnection.java:799)
	at io.vertx.core.http.impl.Http1xClientConnection.handleMessage(Http1xClientConnection.java:756)
	at io.vertx.core.net.impl.VertxConnection.read(VertxConnection.java:247)
	at io.vertx.core.net.impl.VertxHandler.channelRead(VertxHandler.java:148)
	at io.netty.channel.AbstractChannelHandlerContext.fireChannelRead(AbstractChannelHandlerContext.java:355)
	at io.netty.channel.CombinedChannelDuplexHandler$DelegatingChannelHandlerContext.fireChannelRead(CombinedChannelDuplexHandler.java:434)
	at io.netty.handler.codec.ByteToMessageDecoder.fireChannelRead(ByteToMessageDecoder.java:361)
	at io.netty.handler.codec.ByteToMessageDecoder.channelRead(ByteToMessageDecoder.java:325)
	at io.netty.channel.CombinedChannelDuplexHandler.channelRead(CombinedChannelDuplexHandler.java:249)
	at io.netty.channel.AbstractChannelHandlerContext.fireChannelRead(AbstractChannelHandlerContext.java:355)
	at io.netty.handler.timeout.IdleStateHandler.channelRead(IdleStateHandler.java:288)
	at io.netty.channel.AbstractChannelHandlerContext.fireChannelRead(AbstractChannelHandlerContext.java:355)
	at io.netty.channel.DefaultChannelPipeline$HeadContext.channelRead(DefaultChannelPipeline.java:1429)
	at io.netty.channel.DefaultChannelPipeline.fireChannelRead(DefaultChannelPipeline.java:918)
	at io.netty.channel.nio.AbstractNioByteChannel$NioByteUnsafe.read(AbstractNioByteChannel.java:176)
	at io.netty.channel.nio.AbstractNioChannel$AbstractNioUnsafe.handle(AbstractNioChannel.java:445)
	at io.netty.channel.nio.NioIoHandler$DefaultNioRegistration.handle(NioIoHandler.java:388)
	at io.netty.channel.nio.NioIoHandler.processSelectedKey(NioIoHandler.java:596)
	at io.netty.channel.nio.NioIoHandler.processSelectedKeysPlain(NioIoHandler.java:541)
	at io.netty.channel.nio.NioIoHandler.processSelectedKeys(NioIoHandler.java:514)
	at io.netty.channel.nio.NioIoHandler.run(NioIoHandler.java:484)
	at io.netty.channel.SingleThreadIoEventLoop.runIo(SingleThreadIoEventLoop.java:225)
	at io.netty.channel.SingleThreadIoEventLoop.run(SingleThreadIoEventLoop.java:196)
	at io.netty.util.concurrent.SingleThreadEventExecutor$5.run(SingleThreadEventExecutor.java:1195)
	at io.netty.util.internal.ThreadExecutorMap$2.run(ThreadExecutorMap.java:74)
	at io.netty.util.concurrent.FastThreadLocalRunnable.run(FastThreadLocalRunnable.java:30)
	at java.base/java.lang.Thread.run(Thread.java:1474)
Caused by: java.net.URISyntaxException: Illegal character in path at index 7: invalid URI
	at java.base/java.net.URI$Parser.fail(URI.java:3003)
	at java.base/java.net.URI$Parser.checkChars(URI.java:3174)
	at java.base/java.net.URI$Parser.parseHierarchical(URI.java:3256)
	at java.base/java.net.URI$Parser.parse(URI.java:3215)
	at java.base/java.net.URI.<init>(URI.java:649)
	at java.base/java.net.URI.create(URI.java:934)
	... 89 common frames omitted
11:49:52.697 [vert.x-eventloop-thread-0] DEBUG d.m.q.a.s.JobStatusReportingService - Job status reported: settlement -> FAILED
11:49:52.697 [main] INFO  dev.mars.quorus.agent.QuorusAgent - Shutting down Quorus Agent (reactive mode)...
11:49:52.697 [main] INFO  dev.mars.quorus.agent.QuorusAgent - Heartbeat timer cancelled: true [ID: 5]
11:49:52.697 [main] INFO  dev.mars.quorus.agent.QuorusAgent - Job polling timer cancelled: true [ID: 7]
11:49:52.698 [main] INFO  d.m.q.a.s.TransferExecutionService - Shutting down transfer execution service...
11:49:52.698 [main] DEBUG d.m.q.transfer.SimpleTransferEngine - shutdown: initiating with timeout=30s
11:49:52.698 [main] INFO  d.m.q.transfer.SimpleTransferEngine - Shutting down transfer engine...
11:49:52.698 [main] DEBUG d.m.q.transfer.SimpleTransferEngine - shutdown: cancelling 0 active transfers
11:49:52.698 [main] DEBUG d.m.q.transfer.SimpleTransferEngine - awaitActiveTransfers: no active transfers
11:49:52.698 [main] INFO  d.m.q.transfer.SimpleTransferEngine - Transfer engine shutdown completed
11:49:52.698 [main] INFO  d.m.q.a.s.TransferExecutionService - Transfer execution service shutdown complete
11:49:52.698 [main] DEBUG d.m.q.agent.service.HeartbeatService - Shutting down HeartbeatService WebClient
11:49:52.698 [main] DEBUG d.m.q.a.service.JobPollingService - Shutting down JobPollingService WebClient
11:49:52.698 [main] DEBUG d.m.q.a.s.JobStatusReportingService - Shutting down JobStatusReportingService WebClient
11:49:52.699 [vert.x-eventloop-thread-0] INFO  d.m.q.agent.service.HealthService - Health service stopped
11:49:52.699 [vert.x-eventloop-thread-0] INFO  d.m.q.a.s.AgentRegistrationService - Deregistering agent payments-agent from controller
11:49:52.700 [vert.x-eventloop-thread-0] INFO  d.m.q.a.s.AgentRegistrationService - Agent payments-agent deregistered successfully
11:49:52.700 [vert.x-eventloop-thread-0] INFO  dev.mars.quorus.agent.QuorusAgent - Agent deregistered from controller
11:49:52.700 [vert.x-eventloop-thread-0] INFO  dev.mars.quorus.agent.QuorusAgent - Quorus Agent shutdown complete (0 threads to cleanup)
[INFO] Tests run: 14, Failures: 0, Errors: 0, Skipped: 0, Time elapsed: 7.474 s -- in dev.mars.quorus.agent.PreExecutionFailureIntegrationTest
[INFO] Running dev.mars.quorus.agent.QuorusAgentTest
11:49:52.777 [main] INFO  dev.mars.quorus.agent.QuorusAgent - Creating QuorusAgent with Vert.x instance: 612928907 (using Vert.x timers, no ScheduledExecutorService)
11:49:52.777 [main] WARN  d.m.q.a.s.ControllerWebClientFactory - INSECURE DEVELOPMENT MODE: agent-to-controller traffic is plaintext
11:49:52.778 [main] DEBUG d.m.q.a.s.AgentRegistrationService - AgentRegistrationService initialized with Vert.x WebClient (connectTimeout=5000ms, idleTimeout=10000ms)
11:49:52.778 [main] WARN  d.m.q.a.s.ControllerWebClientFactory - INSECURE DEVELOPMENT MODE: agent-to-controller traffic is plaintext
11:49:52.778 [main] DEBUG d.m.q.agent.service.HeartbeatService - HeartbeatService initialized with Vert.x WebClient (connectTimeout=5000ms, idleTimeout=10000ms)
11:49:52.778 [main] DEBUG d.m.q.transfer.SimpleTransferEngine - Initializing SimpleTransferEngine: maxConcurrent=5, maxRetries=3, retryDelay=1000ms
11:49:52.778 [main] DEBUG d.m.quorus.protocol.ProtocolFactory - Initializing ProtocolFactory with Vert.x instance
11:49:52.778 [main] DEBUG d.m.quorus.protocol.ProtocolFactory - Registering default transfer protocols
11:49:52.778 [main] DEBUG d.m.quorus.protocol.ProtocolFactory - Creating HttpTransferProtocol instance
11:49:52.778 [main] INFO  d.m.q.protocol.HttpTransferProtocol - HttpTransferProtocol initialized: connectTimeout=30000ms, readTimeout=60000ms, maxFileSize=10737418240 bytes
11:49:52.778 [main] DEBUG d.m.q.protocol.HttpTransferProtocol - HttpTransferProtocol created with Vert.x Web Client (reactive mode)
11:49:52.778 [main] INFO  d.m.quorus.protocol.ProtocolFactory - Registered protocol: http
11:49:52.778 [main] DEBUG d.m.quorus.protocol.ProtocolFactory - Protocol details: name=http, class=HttpTransferProtocol, supportsResume=false, supportsPause=true
11:49:52.778 [main] INFO  d.m.quorus.protocol.ProtocolFactory - Registered protocol alias: https -> http
11:49:52.779 [main] DEBUG d.m.quorus.protocol.ProtocolFactory - Creating SmbTransferProtocol instance
11:49:52.779 [main] INFO  d.m.quorus.protocol.ProtocolFactory - Registered protocol: smb
11:49:52.779 [main] DEBUG d.m.quorus.protocol.ProtocolFactory - Protocol details: name=smb, class=SmbTransferProtocol, supportsResume=false, supportsPause=false
11:49:52.779 [main] INFO  d.m.quorus.protocol.ProtocolFactory - Registered protocol alias: cifs -> smb
11:49:52.779 [main] DEBUG d.m.quorus.protocol.ProtocolFactory - Creating FtpTransferProtocol instance
11:49:52.779 [main] INFO  d.m.quorus.protocol.ProtocolFactory - Registered protocol: ftp
11:49:52.779 [main] DEBUG d.m.quorus.protocol.ProtocolFactory - Protocol details: name=ftp, class=FtpTransferProtocol, supportsResume=false, supportsPause=false
11:49:52.779 [main] INFO  d.m.quorus.protocol.ProtocolFactory - Registered protocol alias: ftps -> ftp
11:49:52.779 [main] DEBUG d.m.quorus.protocol.ProtocolFactory - Creating SftpTransferProtocol instance
11:49:52.779 [main] INFO  d.m.quorus.protocol.ProtocolFactory - Registered protocol: sftp
11:49:52.779 [main] DEBUG d.m.quorus.protocol.ProtocolFactory - Protocol details: name=sftp, class=SftpTransferProtocol, supportsResume=false, supportsPause=false
11:49:52.779 [main] DEBUG d.m.quorus.protocol.ProtocolFactory - Creating NfsTransferProtocol instance
11:49:52.779 [main] DEBUG d.m.q.protocol.NfsTransferProtocol - NfsTransferProtocol initialized with mountRoot=C:\nfs
11:49:52.779 [main] INFO  d.m.quorus.protocol.ProtocolFactory - Registered protocol: nfs
11:49:52.779 [main] DEBUG d.m.quorus.protocol.ProtocolFactory - Protocol details: name=nfs, class=NfsTransferProtocol, supportsResume=false, supportsPause=false
11:49:52.779 [main] INFO  d.m.quorus.protocol.ProtocolFactory - Registered default transfer protocols: count=8, schemes=ftps, ftp, http, smb, sftp, nfs, https, cifs
11:49:52.779 [main] INFO  d.m.q.transfer.SimpleTransferEngine - SimpleTransferEngine initialized with 5 max concurrent transfers (reactive mode, OpenTelemetry enabled)
11:49:52.779 [main] DEBUG d.m.q.transfer.SimpleTransferEngine - SimpleTransferEngine initialization complete - startTime=2026-09-05T03:49:52.779986700Z
11:49:52.779 [main] INFO  d.m.q.a.s.TransferExecutionService - TransferExecutionService initialized (Vert.x reactive mode)
11:49:52.779 [main] WARN  d.m.q.a.s.ControllerWebClientFactory - INSECURE DEVELOPMENT MODE: agent-to-controller traffic is plaintext
11:49:52.780 [main] DEBUG d.m.q.a.service.JobPollingService - JobPollingService initialized with Vert.x WebClient (connectTimeout=5000ms, idleTimeout=10000ms)
11:49:52.780 [main] WARN  d.m.q.a.s.ControllerWebClientFactory - INSECURE DEVELOPMENT MODE: agent-to-controller traffic is plaintext
11:49:52.780 [main] DEBUG d.m.q.a.s.JobStatusReportingService - JobStatusReportingService initialized with Vert.x WebClient (connectTimeout=5000ms, idleTimeout=10000ms)
11:49:52.780 [main] INFO  d.m.q.a.observability.AgentMetrics - AgentMetrics initialized for agent: test-agent-001
11:49:52.780 [main] INFO  dev.mars.quorus.agent.QuorusAgent - Quorus Agent initialized: test-agent-001 (reactive mode with OpenTelemetry)
11:49:52.780 [main] INFO  dev.mars.quorus.agent.QuorusAgent - Foreign-assignment mismatch threshold configured to 3
11:49:52.780 [main] INFO  dev.mars.quorus.agent.QuorusAgent - Agent not running, performing cleanup only
11:49:52.786 [main] INFO  dev.mars.quorus.agent.QuorusAgent - Creating QuorusAgent with Vert.x instance: 612928907 (using Vert.x timers, no ScheduledExecutorService)
11:49:52.786 [main] WARN  d.m.q.a.s.ControllerWebClientFactory - INSECURE DEVELOPMENT MODE: agent-to-controller traffic is plaintext
11:49:52.786 [main] DEBUG d.m.q.a.s.AgentRegistrationService - AgentRegistrationService initialized with Vert.x WebClient (connectTimeout=5000ms, idleTimeout=10000ms)
11:49:52.786 [main] WARN  d.m.q.a.s.ControllerWebClientFactory - INSECURE DEVELOPMENT MODE: agent-to-controller traffic is plaintext
11:49:52.786 [main] DEBUG d.m.q.agent.service.HeartbeatService - HeartbeatService initialized with Vert.x WebClient (connectTimeout=5000ms, idleTimeout=10000ms)
11:49:52.786 [main] DEBUG d.m.q.transfer.SimpleTransferEngine - Initializing SimpleTransferEngine: maxConcurrent=5, maxRetries=3, retryDelay=1000ms
11:49:52.786 [main] DEBUG d.m.quorus.protocol.ProtocolFactory - Initializing ProtocolFactory with Vert.x instance
11:49:52.786 [main] DEBUG d.m.quorus.protocol.ProtocolFactory - Registering default transfer protocols
11:49:52.786 [main] DEBUG d.m.quorus.protocol.ProtocolFactory - Creating HttpTransferProtocol instance
11:49:52.786 [main] INFO  d.m.q.protocol.HttpTransferProtocol - HttpTransferProtocol initialized: connectTimeout=30000ms, readTimeout=60000ms, maxFileSize=10737418240 bytes
11:49:52.786 [main] DEBUG d.m.q.protocol.HttpTransferProtocol - HttpTransferProtocol created with Vert.x Web Client (reactive mode)
11:49:52.786 [main] INFO  d.m.quorus.protocol.ProtocolFactory - Registered protocol: http
11:49:52.786 [main] DEBUG d.m.quorus.protocol.ProtocolFactory - Protocol details: name=http, class=HttpTransferProtocol, supportsResume=false, supportsPause=true
11:49:52.786 [main] INFO  d.m.quorus.protocol.ProtocolFactory - Registered protocol alias: https -> http
11:49:52.786 [main] DEBUG d.m.quorus.protocol.ProtocolFactory - Creating SmbTransferProtocol instance
11:49:52.786 [main] INFO  d.m.quorus.protocol.ProtocolFactory - Registered protocol: smb
11:49:52.786 [main] DEBUG d.m.quorus.protocol.ProtocolFactory - Protocol details: name=smb, class=SmbTransferProtocol, supportsResume=false, supportsPause=false
11:49:52.786 [main] INFO  d.m.quorus.protocol.ProtocolFactory - Registered protocol alias: cifs -> smb
11:49:52.786 [main] DEBUG d.m.quorus.protocol.ProtocolFactory - Creating FtpTransferProtocol instance
11:49:52.786 [main] INFO  d.m.quorus.protocol.ProtocolFactory - Registered protocol: ftp
11:49:52.786 [main] DEBUG d.m.quorus.protocol.ProtocolFactory - Protocol details: name=ftp, class=FtpTransferProtocol, supportsResume=false, supportsPause=false
11:49:52.786 [main] INFO  d.m.quorus.protocol.ProtocolFactory - Registered protocol alias: ftps -> ftp
11:49:52.787 [main] DEBUG d.m.quorus.protocol.ProtocolFactory - Creating SftpTransferProtocol instance
11:49:52.787 [main] INFO  d.m.quorus.protocol.ProtocolFactory - Registered protocol: sftp
11:49:52.787 [main] DEBUG d.m.quorus.protocol.ProtocolFactory - Protocol details: name=sftp, class=SftpTransferProtocol, supportsResume=false, supportsPause=false
11:49:52.787 [main] DEBUG d.m.quorus.protocol.ProtocolFactory - Creating NfsTransferProtocol instance
11:49:52.787 [main] DEBUG d.m.q.protocol.NfsTransferProtocol - NfsTransferProtocol initialized with mountRoot=C:\nfs
11:49:52.787 [main] INFO  d.m.quorus.protocol.ProtocolFactory - Registered protocol: nfs
11:49:52.787 [main] DEBUG d.m.quorus.protocol.ProtocolFactory - Protocol details: name=nfs, class=NfsTransferProtocol, supportsResume=false, supportsPause=false
11:49:52.787 [main] INFO  d.m.quorus.protocol.ProtocolFactory - Registered default transfer protocols: count=8, schemes=ftps, ftp, http, smb, sftp, nfs, https, cifs
11:49:52.787 [main] INFO  d.m.q.transfer.SimpleTransferEngine - SimpleTransferEngine initialized with 5 max concurrent transfers (reactive mode, OpenTelemetry enabled)
11:49:52.787 [main] DEBUG d.m.q.transfer.SimpleTransferEngine - SimpleTransferEngine initialization complete - startTime=2026-09-05T03:49:52.787996500Z
11:49:52.787 [main] INFO  d.m.q.a.s.TransferExecutionService - TransferExecutionService initialized (Vert.x reactive mode)
11:49:52.787 [main] WARN  d.m.q.a.s.ControllerWebClientFactory - INSECURE DEVELOPMENT MODE: agent-to-controller traffic is plaintext
11:49:52.787 [main] DEBUG d.m.q.a.service.JobPollingService - JobPollingService initialized with Vert.x WebClient (connectTimeout=5000ms, idleTimeout=10000ms)
11:49:52.787 [main] WARN  d.m.q.a.s.ControllerWebClientFactory - INSECURE DEVELOPMENT MODE: agent-to-controller traffic is plaintext
11:49:52.788 [main] DEBUG d.m.q.a.s.JobStatusReportingService - JobStatusReportingService initialized with Vert.x WebClient (connectTimeout=5000ms, idleTimeout=10000ms)
11:49:52.788 [main] INFO  d.m.q.a.observability.AgentMetrics - AgentMetrics initialized for agent: test-agent-001
11:49:52.788 [main] INFO  dev.mars.quorus.agent.QuorusAgent - Quorus Agent initialized: test-agent-001 (reactive mode with OpenTelemetry)
11:49:52.788 [main] INFO  dev.mars.quorus.agent.QuorusAgent - Foreign-assignment mismatch threshold configured to 3
11:49:52.788 [main] INFO  dev.mars.quorus.agent.QuorusAgent - Starting Quorus Agent services (Vert.x reactive mode)...
11:49:52.788 [main] INFO  d.m.q.a.s.AgentRegistrationService - Registering agent test-agent-001 with controller at http://localhost:52623/api/v1
11:49:52.789 [main] INFO  dev.mars.quorus.agent.QuorusAgent - Shutting down Quorus Agent (reactive mode)...
11:49:52.789 [main] INFO  d.m.q.a.s.TransferExecutionService - Shutting down transfer execution service...
11:49:52.789 [main] DEBUG d.m.q.transfer.SimpleTransferEngine - shutdown: initiating with timeout=30s
11:49:52.789 [main] INFO  d.m.q.transfer.SimpleTransferEngine - Shutting down transfer engine...
11:49:52.789 [main] DEBUG d.m.q.transfer.SimpleTransferEngine - shutdown: cancelling 0 active transfers
11:49:52.789 [main] DEBUG d.m.q.transfer.SimpleTransferEngine - awaitActiveTransfers: no active transfers
11:49:52.789 [main] INFO  d.m.q.transfer.SimpleTransferEngine - Transfer engine shutdown completed
11:49:52.789 [main] INFO  d.m.q.a.s.TransferExecutionService - Transfer execution service shutdown complete
11:49:52.789 [main] DEBUG d.m.q.agent.service.HeartbeatService - Shutting down HeartbeatService WebClient
11:49:52.789 [main] DEBUG d.m.q.a.service.JobPollingService - Shutting down JobPollingService WebClient
11:49:52.789 [main] DEBUG d.m.q.a.s.JobStatusReportingService - Shutting down JobStatusReportingService WebClient
11:49:52.790 [main] INFO  dev.mars.quorus.agent.QuorusAgent - Agent deregistered from controller
11:49:52.790 [main] INFO  dev.mars.quorus.agent.QuorusAgent - Quorus Agent shutdown complete (0 threads to cleanup)
11:49:52.790 [vert.x-eventloop-thread-0] INFO  d.m.q.agent.service.HealthService - Health service started on port 9090
11:49:52.792 [main] INFO  dev.mars.quorus.agent.QuorusAgent - Creating QuorusAgent with Vert.x instance: 612928907 (using Vert.x timers, no ScheduledExecutorService)
11:49:52.792 [main] WARN  d.m.q.a.s.ControllerWebClientFactory - INSECURE DEVELOPMENT MODE: agent-to-controller traffic is plaintext
11:49:52.792 [main] DEBUG d.m.q.a.s.AgentRegistrationService - AgentRegistrationService initialized with Vert.x WebClient (connectTimeout=5000ms, idleTimeout=10000ms)
11:49:52.792 [main] WARN  d.m.q.a.s.ControllerWebClientFactory - INSECURE DEVELOPMENT MODE: agent-to-controller traffic is plaintext
11:49:52.793 [main] DEBUG d.m.q.agent.service.HeartbeatService - HeartbeatService initialized with Vert.x WebClient (connectTimeout=5000ms, idleTimeout=10000ms)
11:49:52.793 [main] DEBUG d.m.q.transfer.SimpleTransferEngine - Initializing SimpleTransferEngine: maxConcurrent=5, maxRetries=3, retryDelay=1000ms
11:49:52.793 [main] DEBUG d.m.quorus.protocol.ProtocolFactory - Initializing ProtocolFactory with Vert.x instance
11:49:52.793 [main] DEBUG d.m.quorus.protocol.ProtocolFactory - Registering default transfer protocols
11:49:52.793 [main] DEBUG d.m.quorus.protocol.ProtocolFactory - Creating HttpTransferProtocol instance
11:49:52.793 [main] INFO  d.m.q.protocol.HttpTransferProtocol - HttpTransferProtocol initialized: connectTimeout=30000ms, readTimeout=60000ms, maxFileSize=10737418240 bytes
11:49:52.793 [main] DEBUG d.m.q.protocol.HttpTransferProtocol - HttpTransferProtocol created with Vert.x Web Client (reactive mode)
11:49:52.793 [main] INFO  d.m.quorus.protocol.ProtocolFactory - Registered protocol: http
11:49:52.793 [main] DEBUG d.m.quorus.protocol.ProtocolFactory - Protocol details: name=http, class=HttpTransferProtocol, supportsResume=false, supportsPause=true
11:49:52.793 [main] INFO  d.m.quorus.protocol.ProtocolFactory - Registered protocol alias: https -> http
11:49:52.793 [main] DEBUG d.m.quorus.protocol.ProtocolFactory - Creating SmbTransferProtocol instance
11:49:52.793 [main] INFO  d.m.quorus.protocol.ProtocolFactory - Registered protocol: smb
11:49:52.793 [main] DEBUG d.m.quorus.protocol.ProtocolFactory - Protocol details: name=smb, class=SmbTransferProtocol, supportsResume=false, supportsPause=false
11:49:52.793 [main] INFO  d.m.quorus.protocol.ProtocolFactory - Registered protocol alias: cifs -> smb
11:49:52.793 [main] DEBUG d.m.quorus.protocol.ProtocolFactory - Creating FtpTransferProtocol instance
11:49:52.793 [main] INFO  d.m.quorus.protocol.ProtocolFactory - Registered protocol: ftp
11:49:52.793 [main] DEBUG d.m.quorus.protocol.ProtocolFactory - Protocol details: name=ftp, class=FtpTransferProtocol, supportsResume=false, supportsPause=false
11:49:52.794 [main] INFO  d.m.quorus.protocol.ProtocolFactory - Registered protocol alias: ftps -> ftp
11:49:52.794 [main] DEBUG d.m.quorus.protocol.ProtocolFactory - Creating SftpTransferProtocol instance
11:49:52.794 [main] INFO  d.m.quorus.protocol.ProtocolFactory - Registered protocol: sftp
11:49:52.794 [main] DEBUG d.m.quorus.protocol.ProtocolFactory - Protocol details: name=sftp, class=SftpTransferProtocol, supportsResume=false, supportsPause=false
11:49:52.794 [main] DEBUG d.m.quorus.protocol.ProtocolFactory - Creating NfsTransferProtocol instance
11:49:52.794 [main] DEBUG d.m.q.protocol.NfsTransferProtocol - NfsTransferProtocol initialized with mountRoot=C:\nfs
11:49:52.794 [main] INFO  d.m.quorus.protocol.ProtocolFactory - Registered protocol: nfs
11:49:52.794 [main] DEBUG d.m.quorus.protocol.ProtocolFactory - Protocol details: name=nfs, class=NfsTransferProtocol, supportsResume=false, supportsPause=false
11:49:52.794 [main] INFO  d.m.quorus.protocol.ProtocolFactory - Registered default transfer protocols: count=8, schemes=ftps, ftp, http, smb, sftp, nfs, https, cifs
11:49:52.794 [main] INFO  d.m.q.transfer.SimpleTransferEngine - SimpleTransferEngine initialized with 5 max concurrent transfers (reactive mode, OpenTelemetry enabled)
11:49:52.794 [main] DEBUG d.m.q.transfer.SimpleTransferEngine - SimpleTransferEngine initialization complete - startTime=2026-09-05T03:49:52.794988400Z
11:49:52.794 [main] INFO  d.m.q.a.s.TransferExecutionService - TransferExecutionService initialized (Vert.x reactive mode)
11:49:52.794 [main] WARN  d.m.q.a.s.ControllerWebClientFactory - INSECURE DEVELOPMENT MODE: agent-to-controller traffic is plaintext
11:49:52.794 [main] DEBUG d.m.q.a.service.JobPollingService - JobPollingService initialized with Vert.x WebClient (connectTimeout=5000ms, idleTimeout=10000ms)
11:49:52.795 [main] WARN  d.m.q.a.s.ControllerWebClientFactory - INSECURE DEVELOPMENT MODE: agent-to-controller traffic is plaintext
11:49:52.795 [main] DEBUG d.m.q.a.s.JobStatusReportingService - JobStatusReportingService initialized with Vert.x WebClient (connectTimeout=5000ms, idleTimeout=10000ms)
11:49:52.795 [main] INFO  d.m.q.a.observability.AgentMetrics - AgentMetrics initialized for agent: test-agent-001
11:49:52.795 [main] INFO  dev.mars.quorus.agent.QuorusAgent - Quorus Agent initialized: test-agent-001 (reactive mode with OpenTelemetry)
11:49:52.795 [main] INFO  dev.mars.quorus.agent.QuorusAgent - Foreign-assignment mismatch threshold configured to 3
11:49:52.795 [main] INFO  dev.mars.quorus.agent.QuorusAgent - Agent not running, performing cleanup only
11:49:52.795 [main] WARN  dev.mars.quorus.agent.QuorusAgent - Agent already closed, skipping shutdown
11:49:52.795 [main] WARN  dev.mars.quorus.agent.QuorusAgent - Agent already closed, skipping shutdown
11:49:52.795 [vert.x-eventloop-thread-0] INFO  d.m.q.a.s.AgentRegistrationService - Agent test-agent-001 registered successfully
11:49:52.796 [vert.x-eventloop-thread-0] INFO  dev.mars.quorus.agent.QuorusAgent - Agent registered successfully with controller
11:49:52.796 [vert.x-eventloop-thread-0] WARN  dev.mars.quorus.agent.QuorusAgent - Agent was shutdown before background services could start, aborting startup
11:49:52.799 [main] INFO  dev.mars.quorus.agent.QuorusAgent - Creating QuorusAgent with Vert.x instance: 612928907 (using Vert.x timers, no ScheduledExecutorService)
11:49:52.799 [main] WARN  d.m.q.a.s.ControllerWebClientFactory - INSECURE DEVELOPMENT MODE: agent-to-controller traffic is plaintext
11:49:52.800 [main] DEBUG d.m.q.a.s.AgentRegistrationService - AgentRegistrationService initialized with Vert.x WebClient (connectTimeout=5000ms, idleTimeout=10000ms)
11:49:52.800 [main] WARN  d.m.q.a.s.ControllerWebClientFactory - INSECURE DEVELOPMENT MODE: agent-to-controller traffic is plaintext
11:49:52.800 [main] DEBUG d.m.q.agent.service.HeartbeatService - HeartbeatService initialized with Vert.x WebClient (connectTimeout=5000ms, idleTimeout=10000ms)
11:49:52.800 [main] DEBUG d.m.q.transfer.SimpleTransferEngine - Initializing SimpleTransferEngine: maxConcurrent=5, maxRetries=3, retryDelay=1000ms
11:49:52.800 [main] DEBUG d.m.quorus.protocol.ProtocolFactory - Initializing ProtocolFactory with Vert.x instance
11:49:52.800 [main] DEBUG d.m.quorus.protocol.ProtocolFactory - Registering default transfer protocols
11:49:52.800 [main] DEBUG d.m.quorus.protocol.ProtocolFactory - Creating HttpTransferProtocol instance
11:49:52.801 [main] INFO  d.m.q.protocol.HttpTransferProtocol - HttpTransferProtocol initialized: connectTimeout=30000ms, readTimeout=60000ms, maxFileSize=10737418240 bytes
11:49:52.801 [main] DEBUG d.m.q.protocol.HttpTransferProtocol - HttpTransferProtocol created with Vert.x Web Client (reactive mode)
11:49:52.801 [main] INFO  d.m.quorus.protocol.ProtocolFactory - Registered protocol: http
11:49:52.801 [main] DEBUG d.m.quorus.protocol.ProtocolFactory - Protocol details: name=http, class=HttpTransferProtocol, supportsResume=false, supportsPause=true
11:49:52.801 [main] INFO  d.m.quorus.protocol.ProtocolFactory - Registered protocol alias: https -> http
11:49:52.801 [main] DEBUG d.m.quorus.protocol.ProtocolFactory - Creating SmbTransferProtocol instance
11:49:52.801 [main] INFO  d.m.quorus.protocol.ProtocolFactory - Registered protocol: smb
11:49:52.801 [main] DEBUG d.m.quorus.protocol.ProtocolFactory - Protocol details: name=smb, class=SmbTransferProtocol, supportsResume=false, supportsPause=false
11:49:52.801 [main] INFO  d.m.quorus.protocol.ProtocolFactory - Registered protocol alias: cifs -> smb
11:49:52.801 [main] DEBUG d.m.quorus.protocol.ProtocolFactory - Creating FtpTransferProtocol instance
11:49:52.801 [main] INFO  d.m.quorus.protocol.ProtocolFactory - Registered protocol: ftp
11:49:52.801 [main] DEBUG d.m.quorus.protocol.ProtocolFactory - Protocol details: name=ftp, class=FtpTransferProtocol, supportsResume=false, supportsPause=false
11:49:52.801 [main] INFO  d.m.quorus.protocol.ProtocolFactory - Registered protocol alias: ftps -> ftp
11:49:52.801 [main] DEBUG d.m.quorus.protocol.ProtocolFactory - Creating SftpTransferProtocol instance
11:49:52.801 [main] INFO  d.m.quorus.protocol.ProtocolFactory - Registered protocol: sftp
11:49:52.801 [main] DEBUG d.m.quorus.protocol.ProtocolFactory - Protocol details: name=sftp, class=SftpTransferProtocol, supportsResume=false, supportsPause=false
11:49:52.801 [main] DEBUG d.m.quorus.protocol.ProtocolFactory - Creating NfsTransferProtocol instance
11:49:52.801 [main] DEBUG d.m.q.protocol.NfsTransferProtocol - NfsTransferProtocol initialized with mountRoot=C:\nfs
11:49:52.801 [main] INFO  d.m.quorus.protocol.ProtocolFactory - Registered protocol: nfs
11:49:52.801 [main] DEBUG d.m.quorus.protocol.ProtocolFactory - Protocol details: name=nfs, class=NfsTransferProtocol, supportsResume=false, supportsPause=false
11:49:52.802 [main] INFO  d.m.quorus.protocol.ProtocolFactory - Registered default transfer protocols: count=8, schemes=ftps, ftp, http, smb, sftp, nfs, https, cifs
11:49:52.802 [main] INFO  d.m.q.transfer.SimpleTransferEngine - SimpleTransferEngine initialized with 5 max concurrent transfers (reactive mode, OpenTelemetry enabled)
11:49:52.802 [main] DEBUG d.m.q.transfer.SimpleTransferEngine - SimpleTransferEngine initialization complete - startTime=2026-09-05T03:49:52.802986800Z
11:49:52.802 [main] INFO  d.m.q.a.s.TransferExecutionService - TransferExecutionService initialized (Vert.x reactive mode)
11:49:52.802 [main] WARN  d.m.q.a.s.ControllerWebClientFactory - INSECURE DEVELOPMENT MODE: agent-to-controller traffic is plaintext
11:49:52.802 [main] DEBUG d.m.q.a.service.JobPollingService - JobPollingService initialized with Vert.x WebClient (connectTimeout=5000ms, idleTimeout=10000ms)
11:49:52.802 [main] WARN  d.m.q.a.s.ControllerWebClientFactory - INSECURE DEVELOPMENT MODE: agent-to-controller traffic is plaintext
11:49:52.803 [main] DEBUG d.m.q.a.s.JobStatusReportingService - JobStatusReportingService initialized with Vert.x WebClient (connectTimeout=5000ms, idleTimeout=10000ms)
11:49:52.803 [main] INFO  d.m.q.a.observability.AgentMetrics - AgentMetrics initialized for agent: test-agent-001
11:49:52.803 [main] INFO  dev.mars.quorus.agent.QuorusAgent - Quorus Agent initialized: test-agent-001 (reactive mode with OpenTelemetry)
11:49:52.803 [main] INFO  dev.mars.quorus.agent.QuorusAgent - Foreign-assignment mismatch threshold configured to 3
11:49:52.803 [main] ERROR dev.mars.quorus.agent.QuorusAgent - Refusing to process job job-foreign-failfast because assignment agentId wrong-agent does not match local agentId test-agent-001
11:49:52.803 [main] ERROR dev.mars.quorus.agent.QuorusAgent - Foreign assignment mismatch count: 1/3
11:49:52.804 [main] ERROR dev.mars.quorus.agent.QuorusAgent - Refusing to process job job-foreign-failfast because assignment agentId wrong-agent does not match local agentId test-agent-001
11:49:52.804 [main] ERROR dev.mars.quorus.agent.QuorusAgent - Foreign assignment mismatch count: 2/3
11:49:52.804 [main] ERROR dev.mars.quorus.agent.QuorusAgent - Refusing to process job job-foreign-failfast because assignment agentId wrong-agent does not match local agentId test-agent-001
11:49:52.804 [main] ERROR dev.mars.quorus.agent.QuorusAgent - Foreign assignment mismatch count: 3/3
11:49:52.804 [main] ERROR dev.mars.quorus.agent.QuorusAgent - Foreign assignment mismatch threshold reached (3). Initiating fail-fast shutdown.
11:49:52.804 [main] INFO  dev.mars.quorus.agent.QuorusAgent - Agent not running, performing cleanup only
11:49:52.806 [main] INFO  dev.mars.quorus.agent.QuorusAgent - Creating QuorusAgent with Vert.x instance: 612928907 (using Vert.x timers, no ScheduledExecutorService)
11:49:52.807 [main] WARN  d.m.q.a.s.ControllerWebClientFactory - INSECURE DEVELOPMENT MODE: agent-to-controller traffic is plaintext
11:49:52.807 [main] DEBUG d.m.q.a.s.AgentRegistrationService - AgentRegistrationService initialized with Vert.x WebClient (connectTimeout=5000ms, idleTimeout=10000ms)
11:49:52.807 [main] WARN  d.m.q.a.s.ControllerWebClientFactory - INSECURE DEVELOPMENT MODE: agent-to-controller traffic is plaintext
11:49:52.808 [main] DEBUG d.m.q.agent.service.HeartbeatService - HeartbeatService initialized with Vert.x WebClient (connectTimeout=5000ms, idleTimeout=10000ms)
11:49:52.808 [main] DEBUG d.m.q.transfer.SimpleTransferEngine - Initializing SimpleTransferEngine: maxConcurrent=5, maxRetries=3, retryDelay=1000ms
11:49:52.808 [main] DEBUG d.m.quorus.protocol.ProtocolFactory - Initializing ProtocolFactory with Vert.x instance
11:49:52.808 [main] DEBUG d.m.quorus.protocol.ProtocolFactory - Registering default transfer protocols
11:49:52.808 [main] DEBUG d.m.quorus.protocol.ProtocolFactory - Creating HttpTransferProtocol instance
11:49:52.808 [main] INFO  d.m.q.protocol.HttpTransferProtocol - HttpTransferProtocol initialized: connectTimeout=30000ms, readTimeout=60000ms, maxFileSize=10737418240 bytes
11:49:52.808 [main] DEBUG d.m.q.protocol.HttpTransferProtocol - HttpTransferProtocol created with Vert.x Web Client (reactive mode)
11:49:52.808 [main] INFO  d.m.quorus.protocol.ProtocolFactory - Registered protocol: http
11:49:52.808 [main] DEBUG d.m.quorus.protocol.ProtocolFactory - Protocol details: name=http, class=HttpTransferProtocol, supportsResume=false, supportsPause=true
11:49:52.808 [main] INFO  d.m.quorus.protocol.ProtocolFactory - Registered protocol alias: https -> http
11:49:52.808 [main] DEBUG d.m.quorus.protocol.ProtocolFactory - Creating SmbTransferProtocol instance
11:49:52.808 [main] INFO  d.m.quorus.protocol.ProtocolFactory - Registered protocol: smb
11:49:52.808 [main] DEBUG d.m.quorus.protocol.ProtocolFactory - Protocol details: name=smb, class=SmbTransferProtocol, supportsResume=false, supportsPause=false
11:49:52.808 [main] INFO  d.m.quorus.protocol.ProtocolFactory - Registered protocol alias: cifs -> smb
11:49:52.808 [main] DEBUG d.m.quorus.protocol.ProtocolFactory - Creating FtpTransferProtocol instance
11:49:52.808 [main] INFO  d.m.quorus.protocol.ProtocolFactory - Registered protocol: ftp
11:49:52.808 [main] DEBUG d.m.quorus.protocol.ProtocolFactory - Protocol details: name=ftp, class=FtpTransferProtocol, supportsResume=false, supportsPause=false
11:49:52.808 [main] INFO  d.m.quorus.protocol.ProtocolFactory - Registered protocol alias: ftps -> ftp
11:49:52.808 [main] DEBUG d.m.quorus.protocol.ProtocolFactory - Creating SftpTransferProtocol instance
11:49:52.809 [main] INFO  d.m.quorus.protocol.ProtocolFactory - Registered protocol: sftp
11:49:52.809 [main] DEBUG d.m.quorus.protocol.ProtocolFactory - Protocol details: name=sftp, class=SftpTransferProtocol, supportsResume=false, supportsPause=false
11:49:52.809 [main] DEBUG d.m.quorus.protocol.ProtocolFactory - Creating NfsTransferProtocol instance
11:49:52.809 [main] DEBUG d.m.q.protocol.NfsTransferProtocol - NfsTransferProtocol initialized with mountRoot=C:\nfs
11:49:52.809 [main] INFO  d.m.quorus.protocol.ProtocolFactory - Registered protocol: nfs
11:49:52.809 [main] DEBUG d.m.quorus.protocol.ProtocolFactory - Protocol details: name=nfs, class=NfsTransferProtocol, supportsResume=false, supportsPause=false
11:49:52.809 [main] INFO  d.m.quorus.protocol.ProtocolFactory - Registered default transfer protocols: count=8, schemes=ftps, ftp, http, smb, sftp, nfs, https, cifs
11:49:52.809 [main] INFO  d.m.q.transfer.SimpleTransferEngine - SimpleTransferEngine initialized with 5 max concurrent transfers (reactive mode, OpenTelemetry enabled)
11:49:52.809 [main] DEBUG d.m.q.transfer.SimpleTransferEngine - SimpleTransferEngine initialization complete - startTime=2026-09-05T03:49:52.809987200Z
11:49:52.809 [main] INFO  d.m.q.a.s.TransferExecutionService - TransferExecutionService initialized (Vert.x reactive mode)
11:49:52.809 [main] WARN  d.m.q.a.s.ControllerWebClientFactory - INSECURE DEVELOPMENT MODE: agent-to-controller traffic is plaintext
11:49:52.809 [main] DEBUG d.m.q.a.service.JobPollingService - JobPollingService initialized with Vert.x WebClient (connectTimeout=5000ms, idleTimeout=10000ms)
11:49:52.809 [main] WARN  d.m.q.a.s.ControllerWebClientFactory - INSECURE DEVELOPMENT MODE: agent-to-controller traffic is plaintext
11:49:52.809 [main] DEBUG d.m.q.a.s.JobStatusReportingService - JobStatusReportingService initialized with Vert.x WebClient (connectTimeout=5000ms, idleTimeout=10000ms)
11:49:52.810 [main] INFO  d.m.q.a.observability.AgentMetrics - AgentMetrics initialized for agent: test-agent-001
11:49:52.810 [main] INFO  dev.mars.quorus.agent.QuorusAgent - Quorus Agent initialized: test-agent-001 (reactive mode with OpenTelemetry)
11:49:52.810 [main] INFO  dev.mars.quorus.agent.QuorusAgent - Foreign-assignment mismatch threshold configured to 3
11:49:52.810 [main] INFO  dev.mars.quorus.agent.QuorusAgent - Transfer completed successfully: job-success (1024 bytes in 2000ms)
11:49:52.811 [main] WARN  dev.mars.quorus.agent.QuorusAgent - Transfer failed: job-failed - simulated transfer failure
11:49:52.812 [main] ERROR dev.mars.quorus.agent.QuorusAgent - Transfer error: job-error: simulated error
11:49:52.812 [main] DEBUG dev.mars.quorus.agent.QuorusAgent - Stack trace for transfer error: jobId=job-error
java.lang.IllegalStateException: simulated error
	at dev.mars.quorus.agent.QuorusAgentTest.testTransferOutcomeReporting(QuorusAgentTest.java:472)
	at java.base/jdk.internal.reflect.DirectMethodHandleAccessor.invoke(DirectMethodHandleAccessor.java:104)
	at java.base/java.lang.reflect.Method.invoke(Method.java:565)
	at org.junit.platform.commons.util.ReflectionUtils.invokeMethod(ReflectionUtils.java:786)
	at org.junit.platform.commons.support.ReflectionSupport.invokeMethod(ReflectionSupport.java:514)
	at org.junit.jupiter.engine.execution.MethodInvocation.proceed(MethodInvocation.java:60)
	at org.junit.jupiter.engine.execution.InvocationInterceptorChain$ValidatingInvocation.proceed(InvocationInterceptorChain.java:131)
	at io.vertx.junit5.VertxExtension.interceptTestMethod(VertxExtension.java:142)
	at org.junit.jupiter.engine.execution.InterceptingExecutableInvoker$ReflectiveInterceptorCall.lambda$ofVoidMethod$0(InterceptingExecutableInvoker.java:112)
	at org.junit.jupiter.engine.execution.InterceptingExecutableInvoker.lambda$invoke$0(InterceptingExecutableInvoker.java:94)
	at org.junit.jupiter.engine.execution.InvocationInterceptorChain$InterceptedInvocation.proceed(InvocationInterceptorChain.java:106)
	at org.junit.jupiter.engine.extension.TimeoutExtension.intercept(TimeoutExtension.java:161)
	at org.junit.jupiter.engine.extension.TimeoutExtension.interceptTestableMethod(TimeoutExtension.java:152)
	at org.junit.jupiter.engine.extension.TimeoutExtension.interceptTestMethod(TimeoutExtension.java:91)
	at org.junit.jupiter.engine.execution.InterceptingExecutableInvoker$ReflectiveInterceptorCall.lambda$ofVoidMethod$0(InterceptingExecutableInvoker.java:112)
	at org.junit.jupiter.engine.execution.InterceptingExecutableInvoker.lambda$invoke$0(InterceptingExecutableInvoker.java:94)
	at org.junit.jupiter.engine.execution.InvocationInterceptorChain$InterceptedInvocation.proceed(InvocationInterceptorChain.java:106)
	at org.junit.jupiter.engine.execution.InvocationInterceptorChain.proceed(InvocationInterceptorChain.java:64)
	at org.junit.jupiter.engine.execution.InvocationInterceptorChain.chainAndInvoke(InvocationInterceptorChain.java:45)
	at org.junit.jupiter.engine.execution.InvocationInterceptorChain.invoke(InvocationInterceptorChain.java:37)
	at org.junit.jupiter.engine.execution.InterceptingExecutableInvoker.invoke(InterceptingExecutableInvoker.java:93)
	at org.junit.jupiter.engine.execution.InterceptingExecutableInvoker.invoke(InterceptingExecutableInvoker.java:87)
	at org.junit.jupiter.engine.descriptor.TestMethodTestDescriptor.lambda$invokeTestMethod$4(TestMethodTestDescriptor.java:221)
	at org.junit.platform.engine.support.hierarchical.ThrowableCollector.execute(ThrowableCollector.java:73)
	at org.junit.jupiter.engine.descriptor.TestMethodTestDescriptor.invokeTestMethod(TestMethodTestDescriptor.java:217)
	at org.junit.jupiter.engine.descriptor.TestMethodTestDescriptor.execute(TestMethodTestDescriptor.java:159)
	at org.junit.jupiter.engine.descriptor.TestMethodTestDescriptor.execute(TestMethodTestDescriptor.java:70)
	at org.junit.platform.engine.support.hierarchical.NodeTestTask.lambda$executeRecursively$6(NodeTestTask.java:157)
	at org.junit.platform.engine.support.hierarchical.ThrowableCollector.execute(ThrowableCollector.java:73)
	at org.junit.platform.engine.support.hierarchical.NodeTestTask.lambda$executeRecursively$8(NodeTestTask.java:147)
	at org.junit.platform.engine.support.hierarchical.Node.around(Node.java:137)
	at org.junit.platform.engine.support.hierarchical.NodeTestTask.lambda$executeRecursively$9(NodeTestTask.java:145)
	at org.junit.platform.engine.support.hierarchical.ThrowableCollector.execute(ThrowableCollector.java:73)
	at org.junit.platform.engine.support.hierarchical.NodeTestTask.executeRecursively(NodeTestTask.java:144)
	at org.junit.platform.engine.support.hierarchical.NodeTestTask.execute(NodeTestTask.java:101)
	at java.base/java.util.ArrayList.forEach(ArrayList.java:1604)
	at org.junit.platform.engine.support.hierarchical.SameThreadHierarchicalTestExecutorService.invokeAll(SameThreadHierarchicalTestExecutorService.java:41)
	at org.junit.platform.engine.support.hierarchical.NodeTestTask.lambda$executeRecursively$6(NodeTestTask.java:161)
	at org.junit.platform.engine.support.hierarchical.ThrowableCollector.execute(ThrowableCollector.java:73)
	at org.junit.platform.engine.support.hierarchical.NodeTestTask.lambda$executeRecursively$8(NodeTestTask.java:147)
	at org.junit.platform.engine.support.hierarchical.Node.around(Node.java:137)
	at org.junit.platform.engine.support.hierarchical.NodeTestTask.lambda$executeRecursively$9(NodeTestTask.java:145)
	at org.junit.platform.engine.support.hierarchical.ThrowableCollector.execute(ThrowableCollector.java:73)
	at org.junit.platform.engine.support.hierarchical.NodeTestTask.executeRecursively(NodeTestTask.java:144)
	at org.junit.platform.engine.support.hierarchical.NodeTestTask.execute(NodeTestTask.java:101)
	at java.base/java.util.ArrayList.forEach(ArrayList.java:1604)
	at org.junit.platform.engine.support.hierarchical.SameThreadHierarchicalTestExecutorService.invokeAll(SameThreadHierarchicalTestExecutorService.java:41)
	at org.junit.platform.engine.support.hierarchical.NodeTestTask.lambda$executeRecursively$6(NodeTestTask.java:161)
	at org.junit.platform.engine.support.hierarchical.ThrowableCollector.execute(ThrowableCollector.java:73)
	at org.junit.platform.engine.support.hierarchical.NodeTestTask.lambda$executeRecursively$8(NodeTestTask.java:147)
	at org.junit.platform.engine.support.hierarchical.Node.around(Node.java:137)
	at org.junit.platform.engine.support.hierarchical.NodeTestTask.lambda$executeRecursively$9(NodeTestTask.java:145)
	at org.junit.platform.engine.support.hierarchical.ThrowableCollector.execute(ThrowableCollector.java:73)
	at org.junit.platform.engine.support.hierarchical.NodeTestTask.executeRecursively(NodeTestTask.java:144)
	at org.junit.platform.engine.support.hierarchical.NodeTestTask.execute(NodeTestTask.java:101)
	at org.junit.platform.engine.support.hierarchical.SameThreadHierarchicalTestExecutorService.submit(SameThreadHierarchicalTestExecutorService.java:35)
	at org.junit.platform.engine.support.hierarchical.HierarchicalTestExecutor.execute(HierarchicalTestExecutor.java:57)
	at org.junit.platform.engine.support.hierarchical.HierarchicalTestEngine.execute(HierarchicalTestEngine.java:54)
	at org.junit.platform.launcher.core.EngineExecutionOrchestrator.executeEngine(EngineExecutionOrchestrator.java:230)
	at org.junit.platform.launcher.core.EngineExecutionOrchestrator.failOrExecuteEngine(EngineExecutionOrchestrator.java:204)
	at org.junit.platform.launcher.core.EngineExecutionOrchestrator.execute(EngineExecutionOrchestrator.java:172)
	at org.junit.platform.launcher.core.EngineExecutionOrchestrator.execute(EngineExecutionOrchestrator.java:101)
	at org.junit.platform.launcher.core.EngineExecutionOrchestrator.lambda$execute$0(EngineExecutionOrchestrator.java:64)
	at org.junit.platform.launcher.core.EngineExecutionOrchestrator.withInterceptedStreams(EngineExecutionOrchestrator.java:150)
	at org.junit.platform.launcher.core.EngineExecutionOrchestrator.execute(EngineExecutionOrchestrator.java:63)
	at org.junit.platform.launcher.core.DefaultLauncher.execute(DefaultLauncher.java:109)
	at org.junit.platform.launcher.core.DefaultLauncher.execute(DefaultLauncher.java:91)
	at org.junit.platform.launcher.core.DelegatingLauncher.execute(DelegatingLauncher.java:47)
	at org.junit.platform.launcher.core.InterceptingLauncher.lambda$execute$1(InterceptingLauncher.java:39)
	at org.junit.platform.launcher.core.ClasspathAlignmentCheckingLauncherInterceptor.intercept(ClasspathAlignmentCheckingLauncherInterceptor.java:25)
	at org.junit.platform.launcher.core.InterceptingLauncher.execute(InterceptingLauncher.java:38)
	at org.junit.platform.launcher.core.DelegatingLauncher.execute(DelegatingLauncher.java:47)
	at org.apache.maven.surefire.junitplatform.LazyLauncher.execute(LazyLauncher.java:56)
	at org.apache.maven.surefire.junitplatform.JUnitPlatformProvider.execute(JUnitPlatformProvider.java:184)
	at org.apache.maven.surefire.junitplatform.JUnitPlatformProvider.invokeAllTests(JUnitPlatformProvider.java:148)
	at org.apache.maven.surefire.junitplatform.JUnitPlatformProvider.invoke(JUnitPlatformProvider.java:122)
	at org.apache.maven.surefire.booter.ForkedBooter.runSuitesInProcess(ForkedBooter.java:385)
	at org.apache.maven.surefire.booter.ForkedBooter.execute(ForkedBooter.java:162)
	at org.apache.maven.surefire.booter.ForkedBooter.run(ForkedBooter.java:507)
	at org.apache.maven.surefire.booter.ForkedBooter.main(ForkedBooter.java:495)
11:49:52.820 [vert.x-eventloop-thread-0] DEBUG d.m.q.a.s.JobStatusReportingService - Job status reported: job-success -> COMPLETED
11:49:52.820 [vert.x-eventloop-thread-0] DEBUG d.m.q.a.s.JobStatusReportingService - Job status reported: job-failed -> FAILED
11:49:52.821 [vert.x-eventloop-thread-0] DEBUG d.m.q.a.s.JobStatusReportingService - Job status reported: job-error -> FAILED
11:49:52.826 [main] INFO  dev.mars.quorus.agent.QuorusAgent - Creating QuorusAgent with Vert.x instance: 612928907 (using Vert.x timers, no ScheduledExecutorService)
11:49:52.826 [main] WARN  d.m.q.a.s.ControllerWebClientFactory - INSECURE DEVELOPMENT MODE: agent-to-controller traffic is plaintext
11:49:52.826 [main] DEBUG d.m.q.a.s.AgentRegistrationService - AgentRegistrationService initialized with Vert.x WebClient (connectTimeout=5000ms, idleTimeout=10000ms)
11:49:52.827 [main] WARN  d.m.q.a.s.ControllerWebClientFactory - INSECURE DEVELOPMENT MODE: agent-to-controller traffic is plaintext
11:49:52.827 [main] DEBUG d.m.q.agent.service.HeartbeatService - HeartbeatService initialized with Vert.x WebClient (connectTimeout=5000ms, idleTimeout=10000ms)
11:49:52.827 [main] DEBUG d.m.q.transfer.SimpleTransferEngine - Initializing SimpleTransferEngine: maxConcurrent=5, maxRetries=3, retryDelay=1000ms
11:49:52.827 [main] DEBUG d.m.quorus.protocol.ProtocolFactory - Initializing ProtocolFactory with Vert.x instance
11:49:52.827 [main] DEBUG d.m.quorus.protocol.ProtocolFactory - Registering default transfer protocols
11:49:52.827 [main] DEBUG d.m.quorus.protocol.ProtocolFactory - Creating HttpTransferProtocol instance
11:49:52.827 [main] INFO  d.m.q.protocol.HttpTransferProtocol - HttpTransferProtocol initialized: connectTimeout=30000ms, readTimeout=60000ms, maxFileSize=10737418240 bytes
11:49:52.827 [main] DEBUG d.m.q.protocol.HttpTransferProtocol - HttpTransferProtocol created with Vert.x Web Client (reactive mode)
11:49:52.827 [main] INFO  d.m.quorus.protocol.ProtocolFactory - Registered protocol: http
11:49:52.827 [main] DEBUG d.m.quorus.protocol.ProtocolFactory - Protocol details: name=http, class=HttpTransferProtocol, supportsResume=false, supportsPause=true
11:49:52.827 [main] INFO  d.m.quorus.protocol.ProtocolFactory - Registered protocol alias: https -> http
11:49:52.827 [main] DEBUG d.m.quorus.protocol.ProtocolFactory - Creating SmbTransferProtocol instance
11:49:52.827 [main] INFO  d.m.quorus.protocol.ProtocolFactory - Registered protocol: smb
11:49:52.827 [main] DEBUG d.m.quorus.protocol.ProtocolFactory - Protocol details: name=smb, class=SmbTransferProtocol, supportsResume=false, supportsPause=false
11:49:52.827 [main] INFO  d.m.quorus.protocol.ProtocolFactory - Registered protocol alias: cifs -> smb
11:49:52.828 [main] DEBUG d.m.quorus.protocol.ProtocolFactory - Creating FtpTransferProtocol instance
11:49:52.828 [main] INFO  d.m.quorus.protocol.ProtocolFactory - Registered protocol: ftp
11:49:52.828 [main] DEBUG d.m.quorus.protocol.ProtocolFactory - Protocol details: name=ftp, class=FtpTransferProtocol, supportsResume=false, supportsPause=false
11:49:52.828 [main] INFO  d.m.quorus.protocol.ProtocolFactory - Registered protocol alias: ftps -> ftp
11:49:52.828 [main] DEBUG d.m.quorus.protocol.ProtocolFactory - Creating SftpTransferProtocol instance
11:49:52.828 [main] INFO  d.m.quorus.protocol.ProtocolFactory - Registered protocol: sftp
11:49:52.828 [main] DEBUG d.m.quorus.protocol.ProtocolFactory - Protocol details: name=sftp, class=SftpTransferProtocol, supportsResume=false, supportsPause=false
11:49:52.828 [main] DEBUG d.m.quorus.protocol.ProtocolFactory - Creating NfsTransferProtocol instance
11:49:52.828 [main] DEBUG d.m.q.protocol.NfsTransferProtocol - NfsTransferProtocol initialized with mountRoot=C:\nfs
11:49:52.828 [main] INFO  d.m.quorus.protocol.ProtocolFactory - Registered protocol: nfs
11:49:52.828 [main] DEBUG d.m.quorus.protocol.ProtocolFactory - Protocol details: name=nfs, class=NfsTransferProtocol, supportsResume=false, supportsPause=false
11:49:52.828 [main] INFO  d.m.quorus.protocol.ProtocolFactory - Registered default transfer protocols: count=8, schemes=ftps, ftp, http, smb, sftp, nfs, https, cifs
11:49:52.828 [main] INFO  d.m.q.transfer.SimpleTransferEngine - SimpleTransferEngine initialized with 5 max concurrent transfers (reactive mode, OpenTelemetry enabled)
11:49:52.828 [main] DEBUG d.m.q.transfer.SimpleTransferEngine - SimpleTransferEngine initialization complete - startTime=2026-09-05T03:49:52.828154700Z
11:49:52.828 [main] INFO  d.m.q.a.s.TransferExecutionService - TransferExecutionService initialized (Vert.x reactive mode)
11:49:52.828 [main] WARN  d.m.q.a.s.ControllerWebClientFactory - INSECURE DEVELOPMENT MODE: agent-to-controller traffic is plaintext
11:49:52.828 [main] DEBUG d.m.q.a.service.JobPollingService - JobPollingService initialized with Vert.x WebClient (connectTimeout=5000ms, idleTimeout=10000ms)
11:49:52.828 [main] WARN  d.m.q.a.s.ControllerWebClientFactory - INSECURE DEVELOPMENT MODE: agent-to-controller traffic is plaintext
11:49:52.829 [main] DEBUG d.m.q.a.s.JobStatusReportingService - JobStatusReportingService initialized with Vert.x WebClient (connectTimeout=5000ms, idleTimeout=10000ms)
11:49:52.829 [main] INFO  d.m.q.a.observability.AgentMetrics - AgentMetrics initialized for agent: test-agent-001
11:49:52.829 [main] INFO  dev.mars.quorus.agent.QuorusAgent - Quorus Agent initialized: test-agent-001 (reactive mode with OpenTelemetry)
11:49:52.829 [main] INFO  dev.mars.quorus.agent.QuorusAgent - Foreign-assignment mismatch threshold configured to 3
11:49:52.829 [main] INFO  dev.mars.quorus.agent.QuorusAgent - Starting Quorus Agent services (Vert.x reactive mode)...
11:49:52.830 [main] INFO  d.m.q.a.s.AgentRegistrationService - Registering agent test-agent-001 with controller at http://localhost:52623/api/v1
11:49:52.830 [vert.x-eventloop-thread-0] INFO  d.m.q.agent.service.HealthService - Health service started on port 9090
11:49:52.833 [vert.x-eventloop-thread-0] INFO  d.m.q.a.s.AgentRegistrationService - Agent test-agent-001 registered successfully
11:49:52.833 [vert.x-eventloop-thread-0] INFO  dev.mars.quorus.agent.QuorusAgent - Agent registered successfully with controller
11:49:52.833 [vert.x-eventloop-thread-0] INFO  dev.mars.quorus.agent.QuorusAgent - Heartbeat service started (interval: 30000ms) [Vert.x timer ID: 39]
11:49:52.833 [vert.x-eventloop-thread-0] INFO  d.m.q.a.s.TransferExecutionService - Transfer execution service started with 5 max concurrent transfers
11:49:52.833 [vert.x-eventloop-thread-0] INFO  dev.mars.quorus.agent.QuorusAgent - Transfer execution service started
11:49:52.833 [vert.x-eventloop-thread-0] INFO  dev.mars.quorus.agent.QuorusAgent - Quorus Agent started successfully (reactive mode, 0 extra threads)
11:49:52.842 [main] INFO  dev.mars.quorus.agent.QuorusAgent - Shutting down Quorus Agent (reactive mode)...
11:49:52.842 [main] INFO  dev.mars.quorus.agent.QuorusAgent - Heartbeat timer cancelled: true [ID: 39]
11:49:52.842 [main] INFO  d.m.q.a.s.TransferExecutionService - Shutting down transfer execution service...
11:49:52.842 [main] DEBUG d.m.q.transfer.SimpleTransferEngine - shutdown: initiating with timeout=30s
11:49:52.842 [main] INFO  d.m.q.transfer.SimpleTransferEngine - Shutting down transfer engine...
11:49:52.843 [main] DEBUG d.m.q.transfer.SimpleTransferEngine - shutdown: cancelling 0 active transfers
11:49:52.843 [main] DEBUG d.m.q.transfer.SimpleTransferEngine - awaitActiveTransfers: no active transfers
11:49:52.843 [main] INFO  d.m.q.transfer.SimpleTransferEngine - Transfer engine shutdown completed
11:49:52.843 [main] INFO  d.m.q.a.s.TransferExecutionService - Transfer execution service shutdown complete
11:49:52.843 [main] DEBUG d.m.q.agent.service.HeartbeatService - Shutting down HeartbeatService WebClient
11:49:52.843 [main] DEBUG d.m.q.a.service.JobPollingService - Shutting down JobPollingService WebClient
11:49:52.843 [main] DEBUG d.m.q.a.s.JobStatusReportingService - Shutting down JobStatusReportingService WebClient
11:49:52.843 [vert.x-eventloop-thread-0] INFO  d.m.q.agent.service.HealthService - Health service stopped
11:49:52.843 [vert.x-eventloop-thread-0] INFO  d.m.q.a.s.AgentRegistrationService - Deregistering agent test-agent-001 from controller
11:49:52.844 [vert.x-eventloop-thread-0] INFO  d.m.q.a.s.AgentRegistrationService - Agent test-agent-001 deregistered successfully
11:49:52.844 [vert.x-eventloop-thread-0] INFO  dev.mars.quorus.agent.QuorusAgent - Agent deregistered from controller
11:49:52.844 [vert.x-eventloop-thread-0] INFO  dev.mars.quorus.agent.QuorusAgent - Quorus Agent shutdown complete (0 threads to cleanup)
11:49:52.846 [main] INFO  dev.mars.quorus.agent.QuorusAgent - Creating QuorusAgent with Vert.x instance: 612928907 (using Vert.x timers, no ScheduledExecutorService)
11:49:52.846 [main] WARN  d.m.q.a.s.ControllerWebClientFactory - INSECURE DEVELOPMENT MODE: agent-to-controller traffic is plaintext
11:49:52.846 [main] DEBUG d.m.q.a.s.AgentRegistrationService - AgentRegistrationService initialized with Vert.x WebClient (connectTimeout=5000ms, idleTimeout=10000ms)
11:49:52.846 [main] WARN  d.m.q.a.s.ControllerWebClientFactory - INSECURE DEVELOPMENT MODE: agent-to-controller traffic is plaintext
11:49:52.846 [main] DEBUG d.m.q.agent.service.HeartbeatService - HeartbeatService initialized with Vert.x WebClient (connectTimeout=5000ms, idleTimeout=10000ms)
11:49:52.846 [main] DEBUG d.m.q.transfer.SimpleTransferEngine - Initializing SimpleTransferEngine: maxConcurrent=5, maxRetries=3, retryDelay=1000ms
11:49:52.846 [main] DEBUG d.m.quorus.protocol.ProtocolFactory - Initializing ProtocolFactory with Vert.x instance
11:49:52.846 [main] DEBUG d.m.quorus.protocol.ProtocolFactory - Registering default transfer protocols
11:49:52.846 [main] DEBUG d.m.quorus.protocol.ProtocolFactory - Creating HttpTransferProtocol instance
11:49:52.847 [main] INFO  d.m.q.protocol.HttpTransferProtocol - HttpTransferProtocol initialized: connectTimeout=30000ms, readTimeout=60000ms, maxFileSize=10737418240 bytes
11:49:52.847 [main] DEBUG d.m.q.protocol.HttpTransferProtocol - HttpTransferProtocol created with Vert.x Web Client (reactive mode)
11:49:52.847 [main] INFO  d.m.quorus.protocol.ProtocolFactory - Registered protocol: http
11:49:52.847 [main] DEBUG d.m.quorus.protocol.ProtocolFactory - Protocol details: name=http, class=HttpTransferProtocol, supportsResume=false, supportsPause=true
11:49:52.847 [main] INFO  d.m.quorus.protocol.ProtocolFactory - Registered protocol alias: https -> http
11:49:52.847 [main] DEBUG d.m.quorus.protocol.ProtocolFactory - Creating SmbTransferProtocol instance
11:49:52.847 [main] INFO  d.m.quorus.protocol.ProtocolFactory - Registered protocol: smb
11:49:52.847 [main] DEBUG d.m.quorus.protocol.ProtocolFactory - Protocol details: name=smb, class=SmbTransferProtocol, supportsResume=false, supportsPause=false
11:49:52.847 [main] INFO  d.m.quorus.protocol.ProtocolFactory - Registered protocol alias: cifs -> smb
11:49:52.847 [main] DEBUG d.m.quorus.protocol.ProtocolFactory - Creating FtpTransferProtocol instance
11:49:52.847 [main] INFO  d.m.quorus.protocol.ProtocolFactory - Registered protocol: ftp
11:49:52.847 [main] DEBUG d.m.quorus.protocol.ProtocolFactory - Protocol details: name=ftp, class=FtpTransferProtocol, supportsResume=false, supportsPause=false
11:49:52.847 [main] INFO  d.m.quorus.protocol.ProtocolFactory - Registered protocol alias: ftps -> ftp
11:49:52.847 [main] DEBUG d.m.quorus.protocol.ProtocolFactory - Creating SftpTransferProtocol instance
11:49:52.847 [main] INFO  d.m.quorus.protocol.ProtocolFactory - Registered protocol: sftp
11:49:52.847 [main] DEBUG d.m.quorus.protocol.ProtocolFactory - Protocol details: name=sftp, class=SftpTransferProtocol, supportsResume=false, supportsPause=false
11:49:52.847 [main] DEBUG d.m.quorus.protocol.ProtocolFactory - Creating NfsTransferProtocol instance
11:49:52.847 [main] DEBUG d.m.q.protocol.NfsTransferProtocol - NfsTransferProtocol initialized with mountRoot=C:\nfs
11:49:52.847 [main] INFO  d.m.quorus.protocol.ProtocolFactory - Registered protocol: nfs
11:49:52.847 [main] DEBUG d.m.quorus.protocol.ProtocolFactory - Protocol details: name=nfs, class=NfsTransferProtocol, supportsResume=false, supportsPause=false
11:49:52.847 [main] INFO  d.m.quorus.protocol.ProtocolFactory - Registered default transfer protocols: count=8, schemes=ftps, ftp, http, smb, sftp, nfs, https, cifs
11:49:52.847 [main] INFO  d.m.q.transfer.SimpleTransferEngine - SimpleTransferEngine initialized with 5 max concurrent transfers (reactive mode, OpenTelemetry enabled)
11:49:52.847 [main] DEBUG d.m.q.transfer.SimpleTransferEngine - SimpleTransferEngine initialization complete - startTime=2026-09-05T03:49:52.847606400Z
11:49:52.848 [main] INFO  d.m.q.a.s.TransferExecutionService - TransferExecutionService initialized (Vert.x reactive mode)
11:49:52.848 [main] WARN  d.m.q.a.s.ControllerWebClientFactory - INSECURE DEVELOPMENT MODE: agent-to-controller traffic is plaintext
11:49:52.848 [main] DEBUG d.m.q.a.service.JobPollingService - JobPollingService initialized with Vert.x WebClient (connectTimeout=5000ms, idleTimeout=10000ms)
11:49:52.848 [main] WARN  d.m.q.a.s.ControllerWebClientFactory - INSECURE DEVELOPMENT MODE: agent-to-controller traffic is plaintext
11:49:52.848 [main] DEBUG d.m.q.a.s.JobStatusReportingService - JobStatusReportingService initialized with Vert.x WebClient (connectTimeout=5000ms, idleTimeout=10000ms)
11:49:52.848 [main] INFO  d.m.q.a.observability.AgentMetrics - AgentMetrics initialized for agent: test-agent-001
11:49:52.848 [main] INFO  dev.mars.quorus.agent.QuorusAgent - Quorus Agent initialized: test-agent-001 (reactive mode with OpenTelemetry)
11:49:52.848 [main] INFO  dev.mars.quorus.agent.QuorusAgent - Foreign-assignment mismatch threshold configured to 3
11:49:52.921 [main] INFO  dev.mars.quorus.agent.QuorusAgent - Creating QuorusAgent with Vert.x instance: 1562772628 (using Vert.x timers, no ScheduledExecutorService)
11:49:52.922 [main] WARN  d.m.q.a.s.ControllerWebClientFactory - INSECURE DEVELOPMENT MODE: agent-to-controller traffic is plaintext
11:49:52.922 [main] DEBUG d.m.q.a.s.AgentRegistrationService - AgentRegistrationService initialized with Vert.x WebClient (connectTimeout=5000ms, idleTimeout=10000ms)
11:49:52.922 [main] WARN  d.m.q.a.s.ControllerWebClientFactory - INSECURE DEVELOPMENT MODE: agent-to-controller traffic is plaintext
11:49:52.923 [main] DEBUG d.m.q.agent.service.HeartbeatService - HeartbeatService initialized with Vert.x WebClient (connectTimeout=5000ms, idleTimeout=10000ms)
11:49:52.923 [main] DEBUG d.m.q.transfer.SimpleTransferEngine - Initializing SimpleTransferEngine: maxConcurrent=5, maxRetries=3, retryDelay=1000ms
11:49:52.923 [main] DEBUG d.m.quorus.protocol.ProtocolFactory - Initializing ProtocolFactory with Vert.x instance
11:49:52.923 [main] DEBUG d.m.quorus.protocol.ProtocolFactory - Registering default transfer protocols
11:49:52.923 [main] DEBUG d.m.quorus.protocol.ProtocolFactory - Creating HttpTransferProtocol instance
11:49:52.923 [main] INFO  d.m.q.protocol.HttpTransferProtocol - HttpTransferProtocol initialized: connectTimeout=30000ms, readTimeout=60000ms, maxFileSize=10737418240 bytes
11:49:52.923 [main] DEBUG d.m.q.protocol.HttpTransferProtocol - HttpTransferProtocol created with Vert.x Web Client (reactive mode)
11:49:52.923 [main] INFO  d.m.quorus.protocol.ProtocolFactory - Registered protocol: http
11:49:52.923 [main] DEBUG d.m.quorus.protocol.ProtocolFactory - Protocol details: name=http, class=HttpTransferProtocol, supportsResume=false, supportsPause=true
11:49:52.923 [main] INFO  d.m.quorus.protocol.ProtocolFactory - Registered protocol alias: https -> http
11:49:52.923 [main] DEBUG d.m.quorus.protocol.ProtocolFactory - Creating SmbTransferProtocol instance
11:49:52.923 [main] INFO  d.m.quorus.protocol.ProtocolFactory - Registered protocol: smb
11:49:52.923 [main] DEBUG d.m.quorus.protocol.ProtocolFactory - Protocol details: name=smb, class=SmbTransferProtocol, supportsResume=false, supportsPause=false
11:49:52.923 [main] INFO  d.m.quorus.protocol.ProtocolFactory - Registered protocol alias: cifs -> smb
11:49:52.923 [main] DEBUG d.m.quorus.protocol.ProtocolFactory - Creating FtpTransferProtocol instance
11:49:52.923 [main] INFO  d.m.quorus.protocol.ProtocolFactory - Registered protocol: ftp
11:49:52.923 [main] DEBUG d.m.quorus.protocol.ProtocolFactory - Protocol details: name=ftp, class=FtpTransferProtocol, supportsResume=false, supportsPause=false
11:49:52.923 [main] INFO  d.m.quorus.protocol.ProtocolFactory - Registered protocol alias: ftps -> ftp
11:49:52.923 [main] DEBUG d.m.quorus.protocol.ProtocolFactory - Creating SftpTransferProtocol instance
11:49:52.923 [main] INFO  d.m.quorus.protocol.ProtocolFactory - Registered protocol: sftp
11:49:52.923 [main] DEBUG d.m.quorus.protocol.ProtocolFactory - Protocol details: name=sftp, class=SftpTransferProtocol, supportsResume=false, supportsPause=false
11:49:52.923 [main] DEBUG d.m.quorus.protocol.ProtocolFactory - Creating NfsTransferProtocol instance
11:49:52.923 [main] DEBUG d.m.q.protocol.NfsTransferProtocol - NfsTransferProtocol initialized with mountRoot=C:\nfs
11:49:52.923 [main] INFO  d.m.quorus.protocol.ProtocolFactory - Registered protocol: nfs
11:49:52.923 [main] DEBUG d.m.quorus.protocol.ProtocolFactory - Protocol details: name=nfs, class=NfsTransferProtocol, supportsResume=false, supportsPause=false
11:49:52.923 [main] INFO  d.m.quorus.protocol.ProtocolFactory - Registered default transfer protocols: count=8, schemes=ftps, ftp, http, smb, sftp, nfs, https, cifs
11:49:52.923 [main] INFO  d.m.q.transfer.SimpleTransferEngine - SimpleTransferEngine initialized with 5 max concurrent transfers (reactive mode, OpenTelemetry enabled)
11:49:52.923 [main] DEBUG d.m.q.transfer.SimpleTransferEngine - SimpleTransferEngine initialization complete - startTime=2026-09-05T03:49:52.923803900Z
11:49:52.924 [main] INFO  d.m.q.a.s.TransferExecutionService - TransferExecutionService initialized (Vert.x reactive mode)
11:49:52.924 [main] WARN  d.m.q.a.s.ControllerWebClientFactory - INSECURE DEVELOPMENT MODE: agent-to-controller traffic is plaintext
11:49:52.924 [main] DEBUG d.m.q.a.service.JobPollingService - JobPollingService initialized with Vert.x WebClient (connectTimeout=5000ms, idleTimeout=10000ms)
11:49:52.924 [main] WARN  d.m.q.a.s.ControllerWebClientFactory - INSECURE DEVELOPMENT MODE: agent-to-controller traffic is plaintext
11:49:52.924 [main] DEBUG d.m.q.a.s.JobStatusReportingService - JobStatusReportingService initialized with Vert.x WebClient (connectTimeout=5000ms, idleTimeout=10000ms)
11:49:52.924 [main] INFO  d.m.q.a.observability.AgentMetrics - AgentMetrics initialized for agent: test-agent-001
11:49:52.924 [main] INFO  dev.mars.quorus.agent.QuorusAgent - Quorus Agent initialized: test-agent-001 (reactive mode with OpenTelemetry)
11:49:52.924 [main] INFO  dev.mars.quorus.agent.QuorusAgent - Foreign-assignment mismatch threshold configured to 3
11:49:52.924 [main] WARN  dev.mars.quorus.agent.QuorusAgent - Using deprecated constructor - consider passing shared Vert.x instance
11:49:52.924 [main] INFO  dev.mars.quorus.agent.QuorusAgent - Agent not running, performing cleanup only
11:49:52.924 [main] INFO  dev.mars.quorus.agent.QuorusAgent - Closing internally managed Vert.x instance for QuorusAgent
11:49:52.933 [vert.x-eventloop-thread-45] INFO  dev.mars.quorus.agent.QuorusAgent - Internally managed Vert.x instance closed for QuorusAgent
11:49:52.936 [main] INFO  dev.mars.quorus.agent.QuorusAgent - Creating QuorusAgent with Vert.x instance: 612928907 (using Vert.x timers, no ScheduledExecutorService)
11:49:52.937 [main] WARN  d.m.q.a.s.ControllerWebClientFactory - INSECURE DEVELOPMENT MODE: agent-to-controller traffic is plaintext
11:49:52.937 [main] DEBUG d.m.q.a.s.AgentRegistrationService - AgentRegistrationService initialized with Vert.x WebClient (connectTimeout=5000ms, idleTimeout=10000ms)
11:49:52.937 [main] WARN  d.m.q.a.s.ControllerWebClientFactory - INSECURE DEVELOPMENT MODE: agent-to-controller traffic is plaintext
11:49:52.937 [main] DEBUG d.m.q.agent.service.HeartbeatService - HeartbeatService initialized with Vert.x WebClient (connectTimeout=5000ms, idleTimeout=10000ms)
11:49:52.937 [main] DEBUG d.m.q.transfer.SimpleTransferEngine - Initializing SimpleTransferEngine: maxConcurrent=5, maxRetries=3, retryDelay=1000ms
11:49:52.937 [main] DEBUG d.m.quorus.protocol.ProtocolFactory - Initializing ProtocolFactory with Vert.x instance
11:49:52.937 [main] DEBUG d.m.quorus.protocol.ProtocolFactory - Registering default transfer protocols
11:49:52.937 [main] DEBUG d.m.quorus.protocol.ProtocolFactory - Creating HttpTransferProtocol instance
11:49:52.937 [main] INFO  d.m.q.protocol.HttpTransferProtocol - HttpTransferProtocol initialized: connectTimeout=30000ms, readTimeout=60000ms, maxFileSize=10737418240 bytes
11:49:52.938 [main] DEBUG d.m.q.protocol.HttpTransferProtocol - HttpTransferProtocol created with Vert.x Web Client (reactive mode)
11:49:52.938 [main] INFO  d.m.quorus.protocol.ProtocolFactory - Registered protocol: http
11:49:52.938 [main] DEBUG d.m.quorus.protocol.ProtocolFactory - Protocol details: name=http, class=HttpTransferProtocol, supportsResume=false, supportsPause=true
11:49:52.938 [main] INFO  d.m.quorus.protocol.ProtocolFactory - Registered protocol alias: https -> http
11:49:52.938 [main] DEBUG d.m.quorus.protocol.ProtocolFactory - Creating SmbTransferProtocol instance
11:49:52.938 [main] INFO  d.m.quorus.protocol.ProtocolFactory - Registered protocol: smb
11:49:52.938 [main] DEBUG d.m.quorus.protocol.ProtocolFactory - Protocol details: name=smb, class=SmbTransferProtocol, supportsResume=false, supportsPause=false
11:49:52.938 [main] INFO  d.m.quorus.protocol.ProtocolFactory - Registered protocol alias: cifs -> smb
11:49:52.938 [main] DEBUG d.m.quorus.protocol.ProtocolFactory - Creating FtpTransferProtocol instance
11:49:52.938 [main] INFO  d.m.quorus.protocol.ProtocolFactory - Registered protocol: ftp
11:49:52.938 [main] DEBUG d.m.quorus.protocol.ProtocolFactory - Protocol details: name=ftp, class=FtpTransferProtocol, supportsResume=false, supportsPause=false
11:49:52.938 [main] INFO  d.m.quorus.protocol.ProtocolFactory - Registered protocol alias: ftps -> ftp
11:49:52.938 [main] DEBUG d.m.quorus.protocol.ProtocolFactory - Creating SftpTransferProtocol instance
11:49:52.938 [main] INFO  d.m.quorus.protocol.ProtocolFactory - Registered protocol: sftp
11:49:52.938 [main] DEBUG d.m.quorus.protocol.ProtocolFactory - Protocol details: name=sftp, class=SftpTransferProtocol, supportsResume=false, supportsPause=false
11:49:52.938 [main] DEBUG d.m.quorus.protocol.ProtocolFactory - Creating NfsTransferProtocol instance
11:49:52.938 [main] DEBUG d.m.q.protocol.NfsTransferProtocol - NfsTransferProtocol initialized with mountRoot=C:\nfs
11:49:52.939 [main] INFO  d.m.quorus.protocol.ProtocolFactory - Registered protocol: nfs
11:49:52.939 [main] DEBUG d.m.quorus.protocol.ProtocolFactory - Protocol details: name=nfs, class=NfsTransferProtocol, supportsResume=false, supportsPause=false
11:49:52.939 [main] INFO  d.m.quorus.protocol.ProtocolFactory - Registered default transfer protocols: count=8, schemes=ftps, ftp, http, smb, sftp, nfs, https, cifs
11:49:52.939 [main] INFO  d.m.q.transfer.SimpleTransferEngine - SimpleTransferEngine initialized with 5 max concurrent transfers (reactive mode, OpenTelemetry enabled)
11:49:52.939 [main] DEBUG d.m.q.transfer.SimpleTransferEngine - SimpleTransferEngine initialization complete - startTime=2026-09-05T03:49:52.939040100Z
11:49:52.939 [main] INFO  d.m.q.a.s.TransferExecutionService - TransferExecutionService initialized (Vert.x reactive mode)
11:49:52.939 [main] WARN  d.m.q.a.s.ControllerWebClientFactory - INSECURE DEVELOPMENT MODE: agent-to-controller traffic is plaintext
11:49:52.939 [main] DEBUG d.m.q.a.service.JobPollingService - JobPollingService initialized with Vert.x WebClient (connectTimeout=5000ms, idleTimeout=10000ms)
11:49:52.939 [main] WARN  d.m.q.a.s.ControllerWebClientFactory - INSECURE DEVELOPMENT MODE: agent-to-controller traffic is plaintext
11:49:52.939 [main] DEBUG d.m.q.a.s.JobStatusReportingService - JobStatusReportingService initialized with Vert.x WebClient (connectTimeout=5000ms, idleTimeout=10000ms)
11:49:52.939 [main] INFO  d.m.q.a.observability.AgentMetrics - AgentMetrics initialized for agent: test-agent-001
11:49:52.939 [main] INFO  dev.mars.quorus.agent.QuorusAgent - Quorus Agent initialized: test-agent-001 (reactive mode with OpenTelemetry)
11:49:52.939 [main] INFO  dev.mars.quorus.agent.QuorusAgent - Foreign-assignment mismatch threshold configured to 3
11:49:52.940 [main] INFO  dev.mars.quorus.agent.QuorusAgent - Starting Quorus Agent services (Vert.x reactive mode)...
11:49:52.941 [main] INFO  d.m.q.a.s.AgentRegistrationService - Registering agent test-agent-001 with controller at http://localhost:52623/api/v1
11:49:52.941 [vert.x-eventloop-thread-0] INFO  d.m.q.agent.service.HealthService - Health service started on port 9090
11:49:52.942 [main] INFO  dev.mars.quorus.agent.QuorusAgent - Processing job: job-lifecycle (phase 0 lifecycle)
11:49:52.947 [vert.x-eventloop-thread-0] INFO  d.m.q.a.s.AgentRegistrationService - Agent test-agent-001 registered successfully
11:49:52.947 [vert.x-eventloop-thread-0] INFO  dev.mars.quorus.agent.QuorusAgent - Agent registered successfully with controller
11:49:52.947 [vert.x-eventloop-thread-0] INFO  dev.mars.quorus.agent.QuorusAgent - Heartbeat service started (interval: 30000ms) [Vert.x timer ID: 54]
11:49:52.947 [vert.x-eventloop-thread-0] INFO  d.m.q.a.s.TransferExecutionService - Transfer execution service started with 5 max concurrent transfers
11:49:52.947 [vert.x-eventloop-thread-0] INFO  dev.mars.quorus.agent.QuorusAgent - Transfer execution service started
11:49:52.947 [vert.x-eventloop-thread-0] INFO  dev.mars.quorus.agent.QuorusAgent - Quorus Agent started successfully (reactive mode, 0 extra threads)
11:49:52.947 [vert.x-eventloop-thread-0] DEBUG d.m.q.a.s.JobStatusReportingService - Job status reported: job-lifecycle -> ACCEPTED
11:49:52.952 [vert.x-eventloop-thread-0] DEBUG d.m.q.a.s.JobStatusReportingService - Job status reported: job-lifecycle -> IN_PROGRESS
11:49:52.952 [vert.x-eventloop-thread-0] INFO  d.m.q.a.s.TransferExecutionService - Executing transfer: http://localhost:52623/files/lifecycle-test.txt -> file:///C:/Users/mraysmit/AppData/Local/Temp/quorus-phase-0-15078266991841270740.txt
11:49:52.952 [vert.x-eventloop-thread-0] DEBUG d.m.q.transfer.SimpleTransferEngine - submitTransfer: request=job-lifecycle, protocol=http, direction=DOWNLOAD (Remote -> Local)
11:49:52.952 [vert.x-eventloop-thread-0] DEBUG d.m.quorus.protocol.ProtocolFactory - isProtocolSupported: protocol=http, supported=true
11:49:52.952 [vert.x-eventloop-thread-0] DEBUG d.m.quorus.protocol.ProtocolFactory - Protocol found: name=http, implementation=HttpTransferProtocol
11:49:52.952 [vert.x-eventloop-thread-0] DEBUG d.m.q.protocol.HttpTransferProtocol - canHandle: HTTP download check, scheme=http, canHandle=true
11:49:52.952 [vert.x-eventloop-thread-0] DEBUG d.m.q.transfer.SimpleTransferEngine - validateTransferRequest: request job-lifecycle validated successfully (direction=DOWNLOAD (Remote -> Local), protocol=http)
11:49:52.952 [vert.x-eventloop-thread-0] DEBUG d.m.q.transfer.SimpleTransferEngine - submitTransfer: creating job and context
11:49:52.952 [vert.x-eventloop-thread-0] DEBUG d.m.q.transfer.SimpleTransferEngine - submitTransfer: job registered, activeJobs=1
11:49:52.953 [vert.x-eventloop-thread-0] DEBUG d.m.q.transfer.SimpleTransferEngine - submitTransfer: executing transfer via reactive pipeline
11:49:52.953 [vert.x-eventloop-thread-0] INFO  d.m.q.transfer.SimpleTransferEngine - Transfer submitted: job-lifecycle
11:49:52.953 [vert.x-eventloop-thread-0] DEBUG d.m.q.transfer.SimpleTransferEngine - submitTransfer: complete, future registered
11:49:52.953 [vert.x-eventloop-thread-0] INFO  d.m.q.transfer.SimpleTransferEngine - Starting DOWNLOAD (Remote -> Local) transfer: job-lifecycle
11:49:52.953 [vert.x-eventloop-thread-0] DEBUG d.m.q.transfer.SimpleTransferEngine - executeTransfer: starting for jobId=job-lifecycle, protocol=http, direction=DOWNLOAD (Remote -> Local), sourceUri=http://localhost:52623/files/lifecycle-test.txt, destinationUri=file:///C:/Users/mraysmit/AppData/Local/Temp/quorus-phase-0-15078266991841270740.txt
11:49:52.953 [vert.x-eventloop-thread-0] DEBUG d.m.q.transfer.SimpleTransferEngine - executeTransfer: attempt 1 of 4 for jobId=job-lifecycle
11:49:52.953 [vert.x-eventloop-thread-0] DEBUG d.m.quorus.protocol.ProtocolFactory - Protocol found: name=http, implementation=HttpTransferProtocol
11:49:52.953 [vert.x-eventloop-thread-0] DEBUG d.m.q.protocol.HttpTransferProtocol - canHandle: HTTP download check, scheme=http, canHandle=true
11:49:52.954 [vert.x-eventloop-thread-0] DEBUG d.m.q.protocol.HttpTransferProtocol - Starting reactive HTTP transfer: jobId=job-lifecycle, direction=DOWNLOAD (Remote -> Local)
11:49:52.954 [vert.x-eventloop-thread-0] DEBUG d.m.q.protocol.HttpTransferProtocol - Validating HTTP transfer request: requestId=job-lifecycle
11:49:52.954 [vert.x-eventloop-thread-0] DEBUG d.m.q.protocol.HttpTransferProtocol - canHandle: HTTP download check, scheme=http, canHandle=true
11:49:52.954 [vert.x-eventloop-thread-0] DEBUG d.m.q.protocol.HttpTransferProtocol - Request validation passed
11:49:52.954 [vert.x-eventloop-thread-0] DEBUG d.m.q.protocol.HttpTransferProtocol - Routing to HTTP download handler
11:49:52.954 [vert.x-eventloop-thread-0] DEBUG d.m.q.protocol.HttpTransferProtocol - HTTP download: destination=C:\Users\mraysmit\AppData\Local\Temp\quorus-phase-0-15078266991841270740.txt, tempFile=C:\Users\mraysmit\AppData\Local\Temp\quorus-phase-0-15078266991841270740.txt.tmp
11:49:52.954 [vert.x-eventloop-thread-0] DEBUG d.m.q.protocol.HttpTransferProtocol - Created destination directory: C:\Users\mraysmit\AppData\Local\Temp
11:49:52.954 [vert.x-eventloop-thread-0] INFO  d.m.q.protocol.HttpTransferProtocol - Starting reactive HTTP download from http://localhost:52623/files/lifecycle-test.txt
11:49:52.957 [vert.x-eventloop-thread-0] DEBUG d.m.q.protocol.HttpTransferProtocol - HTTP response received: statusCode=200, statusMessage=OK
11:49:52.957 [vert.x-eventloop-thread-0] DEBUG d.m.q.protocol.HttpTransferProtocol - Response body received: 17 bytes
11:49:52.957 [vert.x-eventloop-thread-0] DEBUG d.m.q.protocol.HttpTransferProtocol - Calculating checksum for downloaded content
11:49:52.958 [vert.x-eventloop-thread-0] DEBUG d.m.q.protocol.HttpTransferProtocol - Checksum calculated: c54ce10dd0f2cdb0c1eac2d38560277db6c963458dbbb822aaa564b69ebf2985
11:49:52.958 [vert.x-eventloop-thread-0] DEBUG d.m.q.protocol.HttpTransferProtocol - Writing 17 bytes to temp file: C:\Users\mraysmit\AppData\Local\Temp\quorus-phase-0-15078266991841270740.txt.tmp
11:49:52.960 [vert.x-eventloop-thread-0] DEBUG d.m.q.protocol.HttpTransferProtocol - Moving temp file to destination: C:\Users\mraysmit\AppData\Local\Temp\quorus-phase-0-15078266991841270740.txt.tmp -> C:\Users\mraysmit\AppData\Local\Temp\quorus-phase-0-15078266991841270740.txt
11:49:52.963 [vert.x-eventloop-thread-0] INFO  d.m.q.protocol.HttpTransferProtocol - HTTP download completed: jobId=job-lifecycle, bytesTransferred=17, checksum=c54ce10dd0f2cdb0c1eac2d38560277db6c963458dbbb822aaa564b69ebf2985
11:49:52.963 [vert.x-eventloop-thread-0] INFO  d.m.q.transfer.SimpleTransferEngine - DOWNLOAD (Remote -> Local) transfer completed successfully: job-lifecycle
11:49:52.963 [vert.x-eventloop-thread-0] DEBUG d.m.q.transfer.SimpleTransferEngine - submitTransfer: cleaning up job job-lifecycle from active collections
11:49:52.963 [vert.x-eventloop-thread-0] INFO  d.m.q.a.s.TransferExecutionService - Transfer completed successfully: job-lifecycle (17 bytes in 10ms)
11:49:52.963 [vert.x-eventloop-thread-0] INFO  dev.mars.quorus.agent.QuorusAgent - Transfer completed successfully: job-lifecycle (17 bytes in 10ms)
11:49:52.965 [vert.x-eventloop-thread-0] DEBUG d.m.q.a.s.JobStatusReportingService - Job status reported: job-lifecycle -> COMPLETED
11:49:52.984 [main] INFO  dev.mars.quorus.agent.QuorusAgent - Shutting down Quorus Agent (reactive mode)...
11:49:52.984 [main] INFO  dev.mars.quorus.agent.QuorusAgent - Heartbeat timer cancelled: true [ID: 54]
11:49:52.985 [main] INFO  d.m.q.a.s.TransferExecutionService - Shutting down transfer execution service...
11:49:52.985 [main] DEBUG d.m.q.transfer.SimpleTransferEngine - shutdown: initiating with timeout=30s
11:49:52.985 [main] INFO  d.m.q.transfer.SimpleTransferEngine - Shutting down transfer engine...
11:49:52.985 [main] DEBUG d.m.q.transfer.SimpleTransferEngine - shutdown: cancelling 0 active transfers
11:49:52.985 [main] DEBUG d.m.q.transfer.SimpleTransferEngine - awaitActiveTransfers: no active transfers
11:49:52.985 [main] INFO  d.m.q.transfer.SimpleTransferEngine - Transfer engine shutdown completed
11:49:52.985 [main] INFO  d.m.q.a.s.TransferExecutionService - Transfer execution service shutdown complete
11:49:52.985 [main] DEBUG d.m.q.agent.service.HeartbeatService - Shutting down HeartbeatService WebClient
11:49:52.985 [main] DEBUG d.m.q.a.service.JobPollingService - Shutting down JobPollingService WebClient
11:49:52.985 [main] DEBUG d.m.q.a.s.JobStatusReportingService - Shutting down JobStatusReportingService WebClient
11:49:52.986 [vert.x-eventloop-thread-0] INFO  d.m.q.agent.service.HealthService - Health service stopped
11:49:52.986 [vert.x-eventloop-thread-0] INFO  d.m.q.a.s.AgentRegistrationService - Deregistering agent test-agent-001 from controller
11:49:52.988 [vert.x-eventloop-thread-0] INFO  d.m.q.a.s.AgentRegistrationService - Agent test-agent-001 deregistered successfully
11:49:52.988 [vert.x-eventloop-thread-0] INFO  dev.mars.quorus.agent.QuorusAgent - Agent deregistered from controller
11:49:52.988 [vert.x-eventloop-thread-0] INFO  dev.mars.quorus.agent.QuorusAgent - Quorus Agent shutdown complete (0 threads to cleanup)
11:49:53.003 [main] INFO  dev.mars.quorus.agent.QuorusAgent - Creating QuorusAgent with Vert.x instance: 612928907 (using Vert.x timers, no ScheduledExecutorService)
11:49:53.003 [main] WARN  d.m.q.a.s.ControllerWebClientFactory - INSECURE DEVELOPMENT MODE: agent-to-controller traffic is plaintext
11:49:53.004 [main] DEBUG d.m.q.a.s.AgentRegistrationService - AgentRegistrationService initialized with Vert.x WebClient (connectTimeout=5000ms, idleTimeout=10000ms)
11:49:53.004 [main] WARN  d.m.q.a.s.ControllerWebClientFactory - INSECURE DEVELOPMENT MODE: agent-to-controller traffic is plaintext
11:49:53.004 [main] DEBUG d.m.q.agent.service.HeartbeatService - HeartbeatService initialized with Vert.x WebClient (connectTimeout=5000ms, idleTimeout=10000ms)
11:49:53.004 [main] DEBUG d.m.q.transfer.SimpleTransferEngine - Initializing SimpleTransferEngine: maxConcurrent=5, maxRetries=3, retryDelay=1000ms
11:49:53.004 [main] DEBUG d.m.quorus.protocol.ProtocolFactory - Initializing ProtocolFactory with Vert.x instance
11:49:53.004 [main] DEBUG d.m.quorus.protocol.ProtocolFactory - Registering default transfer protocols
11:49:53.004 [main] DEBUG d.m.quorus.protocol.ProtocolFactory - Creating HttpTransferProtocol instance
11:49:53.004 [main] INFO  d.m.q.protocol.HttpTransferProtocol - HttpTransferProtocol initialized: connectTimeout=30000ms, readTimeout=60000ms, maxFileSize=10737418240 bytes
11:49:53.004 [main] DEBUG d.m.q.protocol.HttpTransferProtocol - HttpTransferProtocol created with Vert.x Web Client (reactive mode)
11:49:53.004 [main] INFO  d.m.quorus.protocol.ProtocolFactory - Registered protocol: http
11:49:53.004 [main] DEBUG d.m.quorus.protocol.ProtocolFactory - Protocol details: name=http, class=HttpTransferProtocol, supportsResume=false, supportsPause=true
11:49:53.005 [main] INFO  d.m.quorus.protocol.ProtocolFactory - Registered protocol alias: https -> http
11:49:53.005 [main] DEBUG d.m.quorus.protocol.ProtocolFactory - Creating SmbTransferProtocol instance
11:49:53.005 [main] INFO  d.m.quorus.protocol.ProtocolFactory - Registered protocol: smb
11:49:53.005 [main] DEBUG d.m.quorus.protocol.ProtocolFactory - Protocol details: name=smb, class=SmbTransferProtocol, supportsResume=false, supportsPause=false
11:49:53.005 [main] INFO  d.m.quorus.protocol.ProtocolFactory - Registered protocol alias: cifs -> smb
11:49:53.005 [main] DEBUG d.m.quorus.protocol.ProtocolFactory - Creating FtpTransferProtocol instance
11:49:53.005 [main] INFO  d.m.quorus.protocol.ProtocolFactory - Registered protocol: ftp
11:49:53.005 [main] DEBUG d.m.quorus.protocol.ProtocolFactory - Protocol details: name=ftp, class=FtpTransferProtocol, supportsResume=false, supportsPause=false
11:49:53.005 [main] INFO  d.m.quorus.protocol.ProtocolFactory - Registered protocol alias: ftps -> ftp
11:49:53.005 [main] DEBUG d.m.quorus.protocol.ProtocolFactory - Creating SftpTransferProtocol instance
11:49:53.005 [main] INFO  d.m.quorus.protocol.ProtocolFactory - Registered protocol: sftp
11:49:53.005 [main] DEBUG d.m.quorus.protocol.ProtocolFactory - Protocol details: name=sftp, class=SftpTransferProtocol, supportsResume=false, supportsPause=false
11:49:53.005 [main] DEBUG d.m.quorus.protocol.ProtocolFactory - Creating NfsTransferProtocol instance
11:49:53.005 [main] DEBUG d.m.q.protocol.NfsTransferProtocol - NfsTransferProtocol initialized with mountRoot=C:\nfs
11:49:53.005 [main] INFO  d.m.quorus.protocol.ProtocolFactory - Registered protocol: nfs
11:49:53.005 [main] DEBUG d.m.quorus.protocol.ProtocolFactory - Protocol details: name=nfs, class=NfsTransferProtocol, supportsResume=false, supportsPause=false
11:49:53.005 [main] INFO  d.m.quorus.protocol.ProtocolFactory - Registered default transfer protocols: count=8, schemes=ftps, ftp, http, smb, sftp, nfs, https, cifs
11:49:53.005 [main] INFO  d.m.q.transfer.SimpleTransferEngine - SimpleTransferEngine initialized with 5 max concurrent transfers (reactive mode, OpenTelemetry enabled)
11:49:53.005 [main] DEBUG d.m.q.transfer.SimpleTransferEngine - SimpleTransferEngine initialization complete - startTime=2026-09-05T03:49:53.005459800Z
11:49:53.006 [main] INFO  d.m.q.a.s.TransferExecutionService - TransferExecutionService initialized (Vert.x reactive mode)
11:49:53.006 [main] WARN  d.m.q.a.s.ControllerWebClientFactory - INSECURE DEVELOPMENT MODE: agent-to-controller traffic is plaintext
11:49:53.006 [main] DEBUG d.m.q.a.service.JobPollingService - JobPollingService initialized with Vert.x WebClient (connectTimeout=5000ms, idleTimeout=10000ms)
11:49:53.006 [main] WARN  d.m.q.a.s.ControllerWebClientFactory - INSECURE DEVELOPMENT MODE: agent-to-controller traffic is plaintext
11:49:53.006 [main] DEBUG d.m.q.a.s.JobStatusReportingService - JobStatusReportingService initialized with Vert.x WebClient (connectTimeout=5000ms, idleTimeout=10000ms)
11:49:53.006 [main] INFO  d.m.q.a.observability.AgentMetrics - AgentMetrics initialized for agent: test-agent-001
11:49:53.006 [main] INFO  dev.mars.quorus.agent.QuorusAgent - Quorus Agent initialized: test-agent-001 (reactive mode with OpenTelemetry)
11:49:53.006 [main] INFO  dev.mars.quorus.agent.QuorusAgent - Foreign-assignment mismatch threshold configured to 3
11:49:53.008 [main] INFO  dev.mars.quorus.agent.QuorusAgent - Creating QuorusAgent with Vert.x instance: 612928907 (using Vert.x timers, no ScheduledExecutorService)
11:49:53.008 [main] WARN  d.m.q.a.s.ControllerWebClientFactory - INSECURE DEVELOPMENT MODE: agent-to-controller traffic is plaintext
11:49:53.008 [main] DEBUG d.m.q.a.s.AgentRegistrationService - AgentRegistrationService initialized with Vert.x WebClient (connectTimeout=250ms, idleTimeout=10000ms)
11:49:53.008 [main] WARN  d.m.q.a.s.ControllerWebClientFactory - INSECURE DEVELOPMENT MODE: agent-to-controller traffic is plaintext
11:49:53.009 [main] DEBUG d.m.q.agent.service.HeartbeatService - HeartbeatService initialized with Vert.x WebClient (connectTimeout=250ms, idleTimeout=10000ms)
11:49:53.009 [main] DEBUG d.m.q.transfer.SimpleTransferEngine - Initializing SimpleTransferEngine: maxConcurrent=5, maxRetries=3, retryDelay=1000ms
11:49:53.009 [main] DEBUG d.m.quorus.protocol.ProtocolFactory - Initializing ProtocolFactory with Vert.x instance
11:49:53.009 [main] DEBUG d.m.quorus.protocol.ProtocolFactory - Registering default transfer protocols
11:49:53.009 [main] DEBUG d.m.quorus.protocol.ProtocolFactory - Creating HttpTransferProtocol instance
11:49:53.009 [main] INFO  d.m.q.protocol.HttpTransferProtocol - HttpTransferProtocol initialized: connectTimeout=30000ms, readTimeout=60000ms, maxFileSize=10737418240 bytes
11:49:53.009 [main] DEBUG d.m.q.protocol.HttpTransferProtocol - HttpTransferProtocol created with Vert.x Web Client (reactive mode)
11:49:53.009 [main] INFO  d.m.quorus.protocol.ProtocolFactory - Registered protocol: http
11:49:53.009 [main] DEBUG d.m.quorus.protocol.ProtocolFactory - Protocol details: name=http, class=HttpTransferProtocol, supportsResume=false, supportsPause=true
11:49:53.009 [main] INFO  d.m.quorus.protocol.ProtocolFactory - Registered protocol alias: https -> http
11:49:53.009 [main] DEBUG d.m.quorus.protocol.ProtocolFactory - Creating SmbTransferProtocol instance
11:49:53.009 [main] INFO  d.m.quorus.protocol.ProtocolFactory - Registered protocol: smb
11:49:53.009 [main] DEBUG d.m.quorus.protocol.ProtocolFactory - Protocol details: name=smb, class=SmbTransferProtocol, supportsResume=false, supportsPause=false
11:49:53.009 [main] INFO  d.m.quorus.protocol.ProtocolFactory - Registered protocol alias: cifs -> smb
11:49:53.009 [main] DEBUG d.m.quorus.protocol.ProtocolFactory - Creating FtpTransferProtocol instance
11:49:53.009 [main] INFO  d.m.quorus.protocol.ProtocolFactory - Registered protocol: ftp
11:49:53.009 [main] DEBUG d.m.quorus.protocol.ProtocolFactory - Protocol details: name=ftp, class=FtpTransferProtocol, supportsResume=false, supportsPause=false
11:49:53.009 [main] INFO  d.m.quorus.protocol.ProtocolFactory - Registered protocol alias: ftps -> ftp
11:49:53.009 [main] DEBUG d.m.quorus.protocol.ProtocolFactory - Creating SftpTransferProtocol instance
11:49:53.009 [main] INFO  d.m.quorus.protocol.ProtocolFactory - Registered protocol: sftp
11:49:53.010 [main] DEBUG d.m.quorus.protocol.ProtocolFactory - Protocol details: name=sftp, class=SftpTransferProtocol, supportsResume=false, supportsPause=false
11:49:53.010 [main] DEBUG d.m.quorus.protocol.ProtocolFactory - Creating NfsTransferProtocol instance
11:49:53.010 [main] DEBUG d.m.q.protocol.NfsTransferProtocol - NfsTransferProtocol initialized with mountRoot=C:\nfs
11:49:53.010 [main] INFO  d.m.quorus.protocol.ProtocolFactory - Registered protocol: nfs
11:49:53.010 [main] DEBUG d.m.quorus.protocol.ProtocolFactory - Protocol details: name=nfs, class=NfsTransferProtocol, supportsResume=false, supportsPause=false
11:49:53.010 [main] INFO  d.m.quorus.protocol.ProtocolFactory - Registered default transfer protocols: count=8, schemes=ftps, ftp, http, smb, sftp, nfs, https, cifs
11:49:53.010 [main] INFO  d.m.q.transfer.SimpleTransferEngine - SimpleTransferEngine initialized with 5 max concurrent transfers (reactive mode, OpenTelemetry enabled)
11:49:53.010 [main] DEBUG d.m.q.transfer.SimpleTransferEngine - SimpleTransferEngine initialization complete - startTime=2026-09-05T03:49:53.010861600Z
11:49:53.010 [main] INFO  d.m.q.a.s.TransferExecutionService - TransferExecutionService initialized (Vert.x reactive mode)
11:49:53.010 [main] WARN  d.m.q.a.s.ControllerWebClientFactory - INSECURE DEVELOPMENT MODE: agent-to-controller traffic is plaintext
11:49:53.010 [main] DEBUG d.m.q.a.service.JobPollingService - JobPollingService initialized with Vert.x WebClient (connectTimeout=250ms, idleTimeout=10000ms)
11:49:53.010 [main] WARN  d.m.q.a.s.ControllerWebClientFactory - INSECURE DEVELOPMENT MODE: agent-to-controller traffic is plaintext
11:49:53.010 [main] DEBUG d.m.q.a.s.JobStatusReportingService - JobStatusReportingService initialized with Vert.x WebClient (connectTimeout=250ms, idleTimeout=10000ms)
11:49:53.010 [main] INFO  d.m.q.a.observability.AgentMetrics - AgentMetrics initialized for agent: test-agent-unreachable
11:49:53.012 [main] INFO  dev.mars.quorus.agent.QuorusAgent - Quorus Agent initialized: test-agent-unreachable (reactive mode with OpenTelemetry)
11:49:53.012 [main] INFO  dev.mars.quorus.agent.QuorusAgent - Foreign-assignment mismatch threshold configured to 3
11:49:53.012 [main] INFO  dev.mars.quorus.agent.QuorusAgent - Starting Quorus Agent services (Vert.x reactive mode)...
11:49:53.012 [main] INFO  d.m.q.a.s.AgentRegistrationService - Registering agent test-agent-unreachable with controller at http://localhost:1/api/v1
11:49:53.014 [vert.x-eventloop-thread-0] INFO  d.m.q.agent.service.HealthService - Health service started on port 9091
11:49:53.018 [vert.x-eventloop-thread-0] ERROR d.m.q.a.s.AgentRegistrationService - Error registering agent test-agent-unreachable: Connection refused: getsockopt: localhost/127.0.0.1:1
11:49:53.019 [vert.x-eventloop-thread-0] ERROR dev.mars.quorus.agent.QuorusAgent - Failed to register with controller
11:49:53.019 [vert.x-eventloop-thread-0] INFO  dev.mars.quorus.agent.QuorusAgent - Shutting down Quorus Agent (reactive mode)...
11:49:53.019 [vert.x-eventloop-thread-0] INFO  d.m.q.a.s.TransferExecutionService - Shutting down transfer execution service...
11:49:53.019 [vert.x-eventloop-thread-0] DEBUG d.m.q.transfer.SimpleTransferEngine - shutdown: initiating with timeout=30s
11:49:53.019 [vert.x-eventloop-thread-0] INFO  d.m.q.transfer.SimpleTransferEngine - Shutting down transfer engine...
11:49:53.019 [vert.x-eventloop-thread-0] DEBUG d.m.q.transfer.SimpleTransferEngine - shutdown: cancelling 0 active transfers
11:49:53.019 [vert.x-eventloop-thread-0] DEBUG d.m.q.transfer.SimpleTransferEngine - awaitActiveTransfers: no active transfers
11:49:53.019 [vert.x-eventloop-thread-0] INFO  d.m.q.transfer.SimpleTransferEngine - Transfer engine shutdown completed
11:49:53.019 [vert.x-eventloop-thread-0] INFO  d.m.q.a.s.TransferExecutionService - Transfer execution service shutdown complete
11:49:53.019 [vert.x-eventloop-thread-0] DEBUG d.m.q.agent.service.HeartbeatService - Shutting down HeartbeatService WebClient
11:49:53.019 [vert.x-eventloop-thread-0] DEBUG d.m.q.a.service.JobPollingService - Shutting down JobPollingService WebClient
11:49:53.020 [vert.x-eventloop-thread-0] DEBUG d.m.q.a.s.JobStatusReportingService - Shutting down JobStatusReportingService WebClient
11:49:53.020 [vert.x-eventloop-thread-0] INFO  d.m.q.agent.service.HealthService - Health service stopped
11:49:53.020 [vert.x-eventloop-thread-0] INFO  dev.mars.quorus.agent.QuorusAgent - Agent deregistered from controller
11:49:53.020 [vert.x-eventloop-thread-0] INFO  dev.mars.quorus.agent.QuorusAgent - Quorus Agent shutdown complete (0 threads to cleanup)
11:49:53.022 [main] INFO  dev.mars.quorus.agent.QuorusAgent - Creating QuorusAgent with Vert.x instance: 612928907 (using Vert.x timers, no ScheduledExecutorService)
11:49:53.023 [main] WARN  d.m.q.a.s.ControllerWebClientFactory - INSECURE DEVELOPMENT MODE: agent-to-controller traffic is plaintext
11:49:53.023 [main] DEBUG d.m.q.a.s.AgentRegistrationService - AgentRegistrationService initialized with Vert.x WebClient (connectTimeout=5000ms, idleTimeout=10000ms)
11:49:53.023 [main] WARN  d.m.q.a.s.ControllerWebClientFactory - INSECURE DEVELOPMENT MODE: agent-to-controller traffic is plaintext
11:49:53.024 [main] DEBUG d.m.q.agent.service.HeartbeatService - HeartbeatService initialized with Vert.x WebClient (connectTimeout=5000ms, idleTimeout=10000ms)
11:49:53.024 [main] DEBUG d.m.q.transfer.SimpleTransferEngine - Initializing SimpleTransferEngine: maxConcurrent=5, maxRetries=3, retryDelay=1000ms
11:49:53.024 [main] DEBUG d.m.quorus.protocol.ProtocolFactory - Initializing ProtocolFactory with Vert.x instance
11:49:53.024 [main] DEBUG d.m.quorus.protocol.ProtocolFactory - Registering default transfer protocols
11:49:53.024 [main] DEBUG d.m.quorus.protocol.ProtocolFactory - Creating HttpTransferProtocol instance
11:49:53.024 [main] INFO  d.m.q.protocol.HttpTransferProtocol - HttpTransferProtocol initialized: connectTimeout=30000ms, readTimeout=60000ms, maxFileSize=10737418240 bytes
11:49:53.024 [main] DEBUG d.m.q.protocol.HttpTransferProtocol - HttpTransferProtocol created with Vert.x Web Client (reactive mode)
11:49:53.024 [main] INFO  d.m.quorus.protocol.ProtocolFactory - Registered protocol: http
11:49:53.024 [main] DEBUG d.m.quorus.protocol.ProtocolFactory - Protocol details: name=http, class=HttpTransferProtocol, supportsResume=false, supportsPause=true
11:49:53.024 [main] INFO  d.m.quorus.protocol.ProtocolFactory - Registered protocol alias: https -> http
11:49:53.024 [main] DEBUG d.m.quorus.protocol.ProtocolFactory - Creating SmbTransferProtocol instance
11:49:53.024 [main] INFO  d.m.quorus.protocol.ProtocolFactory - Registered protocol: smb
11:49:53.024 [main] DEBUG d.m.quorus.protocol.ProtocolFactory - Protocol details: name=smb, class=SmbTransferProtocol, supportsResume=false, supportsPause=false
11:49:53.024 [main] INFO  d.m.quorus.protocol.ProtocolFactory - Registered protocol alias: cifs -> smb
11:49:53.024 [main] DEBUG d.m.quorus.protocol.ProtocolFactory - Creating FtpTransferProtocol instance
11:49:53.024 [main] INFO  d.m.quorus.protocol.ProtocolFactory - Registered protocol: ftp
11:49:53.024 [main] DEBUG d.m.quorus.protocol.ProtocolFactory - Protocol details: name=ftp, class=FtpTransferProtocol, supportsResume=false, supportsPause=false
11:49:53.024 [main] INFO  d.m.quorus.protocol.ProtocolFactory - Registered protocol alias: ftps -> ftp
11:49:53.024 [main] DEBUG d.m.quorus.protocol.ProtocolFactory - Creating SftpTransferProtocol instance
11:49:53.025 [main] INFO  d.m.quorus.protocol.ProtocolFactory - Registered protocol: sftp
11:49:53.025 [main] DEBUG d.m.quorus.protocol.ProtocolFactory - Protocol details: name=sftp, class=SftpTransferProtocol, supportsResume=false, supportsPause=false
11:49:53.025 [main] DEBUG d.m.quorus.protocol.ProtocolFactory - Creating NfsTransferProtocol instance
11:49:53.025 [main] DEBUG d.m.q.protocol.NfsTransferProtocol - NfsTransferProtocol initialized with mountRoot=C:\nfs
11:49:53.025 [main] INFO  d.m.quorus.protocol.ProtocolFactory - Registered protocol: nfs
11:49:53.025 [main] DEBUG d.m.quorus.protocol.ProtocolFactory - Protocol details: name=nfs, class=NfsTransferProtocol, supportsResume=false, supportsPause=false
11:49:53.025 [main] INFO  d.m.quorus.protocol.ProtocolFactory - Registered default transfer protocols: count=8, schemes=ftps, ftp, http, smb, sftp, nfs, https, cifs
11:49:53.025 [main] INFO  d.m.q.transfer.SimpleTransferEngine - SimpleTransferEngine initialized with 5 max concurrent transfers (reactive mode, OpenTelemetry enabled)
11:49:53.025 [main] DEBUG d.m.q.transfer.SimpleTransferEngine - SimpleTransferEngine initialization complete - startTime=2026-09-05T03:49:53.025392100Z
11:49:53.025 [main] INFO  d.m.q.a.s.TransferExecutionService - TransferExecutionService initialized (Vert.x reactive mode)
11:49:53.025 [main] WARN  d.m.q.a.s.ControllerWebClientFactory - INSECURE DEVELOPMENT MODE: agent-to-controller traffic is plaintext
11:49:53.025 [main] DEBUG d.m.q.a.service.JobPollingService - JobPollingService initialized with Vert.x WebClient (connectTimeout=5000ms, idleTimeout=10000ms)
11:49:53.026 [main] WARN  d.m.q.a.s.ControllerWebClientFactory - INSECURE DEVELOPMENT MODE: agent-to-controller traffic is plaintext
11:49:53.026 [main] DEBUG d.m.q.a.s.JobStatusReportingService - JobStatusReportingService initialized with Vert.x WebClient (connectTimeout=5000ms, idleTimeout=10000ms)
11:49:53.026 [main] INFO  d.m.q.a.observability.AgentMetrics - AgentMetrics initialized for agent: test-agent-001
11:49:53.026 [main] INFO  dev.mars.quorus.agent.QuorusAgent - Quorus Agent initialized: test-agent-001 (reactive mode with OpenTelemetry)
11:49:53.026 [main] INFO  dev.mars.quorus.agent.QuorusAgent - Foreign-assignment mismatch threshold configured to 3
11:49:53.026 [main] ERROR dev.mars.quorus.agent.QuorusAgent - Refusing to process job job-foreign-1 because assignment agentId another-agent does not match local agentId test-agent-001
11:49:53.026 [main] ERROR dev.mars.quorus.agent.QuorusAgent - Foreign assignment mismatch count: 1/3
[INFO] Tests run: 17, Failures: 0, Errors: 0, Skipped: 0, Time elapsed: 0.527 s -- in dev.mars.quorus.agent.QuorusAgentTest
[INFO] Running dev.mars.quorus.agent.service.ControllerWebClientFactoryTlsTest
[INFO] Tests run: 4, Failures: 0, Errors: 0, Skipped: 0, Time elapsed: 1.069 s -- in dev.mars.quorus.agent.service.ControllerWebClientFactoryTlsTest
[INFO] 
[INFO] Results:
[INFO] 
[ERROR] Failures: 
[ERROR]   AgentDefaultIsolationBoundaryTest.defaultAgentStopsAfterOneForeignAssignment:39 Future failed
[ERROR]   AgentTransportSecurityTest.defaultBuilderRejectsPlaintextController:17 Expected java.lang.IllegalArgumentException to be thrown, but nothing was thrown.
[INFO] 
[ERROR] Tests run: 49, Failures: 2, Errors: 0, Skipped: 0
[INFO] 
[INFO] ------------------------------------------------------------------------
[INFO] Reactor Summary for Quorus File Transfer System 1.0-SNAPSHOT:
[INFO] 
[INFO] Quorus File Transfer System ........................ SUCCESS [  0.266 s]
[INFO] Quorus Core ........................................ SUCCESS [  1.809 s]
[INFO] Quorus Workflow Engine ............................. SUCCESS [  0.257 s]
[INFO] Quorus Agent ....................................... FAILURE [ 15.171 s]
[INFO] ------------------------------------------------------------------------
[INFO] BUILD FAILURE
[INFO] ------------------------------------------------------------------------
[INFO] Total time:  17.695 s
[INFO] Finished at: 2026-09-05T11:49:54+08:00
[INFO] ------------------------------------------------------------------------
[ERROR] Failed to execute goal org.apache.maven.plugins:maven-surefire-plugin:3.2.2:test (default-test) on project quorus-agent: There are test failures.
[ERROR] 
[ERROR] Please refer to C:\Users\mraysmit\dev\idea-projects\quorus\quorus-agent\target\surefire-reports for the individual test results.
[ERROR] Please refer to dump files (if any exist) [date].dump, [date]-jvmRun[N].dump and [date].dumpstream.
[ERROR] -> [Help 1]
[ERROR] 
[ERROR] To see the full stack trace of the errors, re-run Maven with the -e switch.
[ERROR] Re-run Maven using the -X switch to enable full debug logging.
[ERROR] 
[ERROR] For more information about the errors and possible solutions, please read the following articles:
[ERROR] [Help 1] http://cwiki.apache.org/confluence/display/MAVEN/MojoFailureException
[ERROR] 
[ERROR] After correcting the problems, you can resume the build with the command
[ERROR]   mvn <args> -rf :quorus-agent
