WARNING: A terminally deprecated method in sun.misc.Unsafe has been called
WARNING: sun.misc.Unsafe::staticFieldBase has been called by com.google.inject.internal.aop.HiddenClassDefiner (file:/C:/Users/mraysmit/scoop/apps/maven/current/lib/guice-5.1.0-classes.jar)
WARNING: Please consider reporting this to the maintainers of class com.google.inject.internal.aop.HiddenClassDefiner
WARNING: sun.misc.Unsafe::staticFieldBase will be removed in a future release
[INFO] Scanning for projects...
[INFO] ------------------------------------------------------------------------
[INFO] Reactor Build Order:
[INFO] 
[INFO] Quorus File Transfer System                                        [pom]
[INFO] Quorus Core                                                        [jar]
[INFO] Quorus Workflow Engine                                             [jar]
[INFO] Quorus Agent                                                       [jar]
[INFO] 
[INFO] --------------------------< dev.mars:quorus >---------------------------
[INFO] Building Quorus File Transfer System 1.0-SNAPSHOT                  [1/4]
[INFO]   from pom.xml
[INFO] --------------------------------[ pom ]---------------------------------
[INFO] 
[INFO] --- jacoco:0.8.15:prepare-agent (prepare-agent) @ quorus ---
[INFO] argLine set to -javaagent:C:\\Users\\mraysmit\\.m2\\repository\\org\\jacoco\\org.jacoco.agent\\0.8.15\\org.jacoco.agent-0.8.15-runtime.jar=destfile=C:\\Users\\mraysmit\\dev\\idea-projects\\quorus\\target\\jacoco.exec,excludes=sun/**:jdk/**:java/**:com/sun/**:org/jcp/**
[INFO] 
[INFO] --- jacoco:0.8.15:report (report) @ quorus ---
[INFO] Skipping JaCoCo execution due to missing execution data file.
[INFO] 
[INFO] ------------------------< dev.mars:quorus-core >------------------------
[INFO] Building Quorus Core 1.0-SNAPSHOT                                  [2/4]
[INFO]   from quorus-core\pom.xml
[INFO] --------------------------------[ jar ]---------------------------------
[INFO] 
[INFO] --- jacoco:0.8.15:prepare-agent (prepare-agent) @ quorus-core ---
[INFO] argLine set to -javaagent:C:\\Users\\mraysmit\\.m2\\repository\\org\\jacoco\\org.jacoco.agent\\0.8.15\\org.jacoco.agent-0.8.15-runtime.jar=destfile=C:\\Users\\mraysmit\\dev\\idea-projects\\quorus\\quorus-core\\target\\jacoco.exec,excludes=sun/**:jdk/**:java/**:com/sun/**:org/jcp/**
[INFO] 
[INFO] --- resources:3.3.1:resources (default-resources) @ quorus-core ---
[INFO] Copying 1 resource from src\main\resources to target\classes
[INFO] 
[INFO] --- compiler:3.13.0:compile (default-compile) @ quorus-core ---
[INFO] Nothing to compile - all classes are up to date.
[INFO] 
[INFO] --- resources:3.3.1:testResources (default-testResources) @ quorus-core ---
[INFO] Copying 11 resources from src\test\resources to target\test-classes
[INFO] 
[INFO] --- compiler:3.13.0:testCompile (default-testCompile) @ quorus-core ---
[INFO] Nothing to compile - all classes are up to date.
[INFO] 
[INFO] --- surefire:3.2.2:test (default-test) @ quorus-core ---
[INFO] 
[INFO] --- jacoco:0.8.15:report (report) @ quorus-core ---
[INFO] Loading execution data file C:\Users\mraysmit\dev\idea-projects\quorus\quorus-core\target\jacoco.exec
[INFO] Analyzed bundle 'Quorus Core' with 124 classes
[INFO] 
[INFO] ----------------------< dev.mars:quorus-workflow >----------------------
[INFO] Building Quorus Workflow Engine 1.0-SNAPSHOT                       [3/4]
[INFO]   from quorus-workflow\pom.xml
[INFO] --------------------------------[ jar ]---------------------------------
[INFO] 
[INFO] --- jacoco:0.8.15:prepare-agent (prepare-agent) @ quorus-workflow ---
[INFO] argLine set to -javaagent:C:\\Users\\mraysmit\\.m2\\repository\\org\\jacoco\\org.jacoco.agent\\0.8.15\\org.jacoco.agent-0.8.15-runtime.jar=destfile=C:\\Users\\mraysmit\\dev\\idea-projects\\quorus\\quorus-workflow\\target\\jacoco.exec,excludes=sun/**:jdk/**:java/**:com/sun/**:org/jcp/**
[INFO] 
[INFO] --- resources:3.3.1:resources (default-resources) @ quorus-workflow ---
[INFO] Copying 1 resource from src\main\resources to target\classes
[INFO] 
[INFO] --- compiler:3.13.0:compile (default-compile) @ quorus-workflow ---
[INFO] Nothing to compile - all classes are up to date.
[INFO] 
[INFO] --- resources:3.3.1:testResources (default-testResources) @ quorus-workflow ---
[INFO] Copying 2 resources from src\test\resources to target\test-classes
[INFO] 
[INFO] --- compiler:3.13.0:testCompile (default-testCompile) @ quorus-workflow ---
[INFO] Nothing to compile - all classes are up to date.
[INFO] 
[INFO] --- surefire:3.2.2:test (default-test) @ quorus-workflow ---
[INFO] 
[INFO] --- jacoco:0.8.15:report (report) @ quorus-workflow ---
[INFO] Skipping JaCoCo execution due to missing execution data file.
[INFO] 
[INFO] -----------------------< dev.mars:quorus-agent >------------------------
[INFO] Building Quorus Agent 1.0-SNAPSHOT                                 [4/4]
[INFO]   from quorus-agent\pom.xml
[INFO] --------------------------------[ jar ]---------------------------------
[INFO] 
[INFO] --- jacoco:0.8.15:prepare-agent (prepare-agent) @ quorus-agent ---
[INFO] argLine set to -javaagent:C:\\Users\\mraysmit\\.m2\\repository\\org\\jacoco\\org.jacoco.agent\\0.8.15\\org.jacoco.agent-0.8.15-runtime.jar=destfile=C:\\Users\\mraysmit\\dev\\idea-projects\\quorus\\quorus-agent\\target\\jacoco.exec,excludes=sun/**:jdk/**:java/**:com/sun/**:org/jcp/**
[INFO] 
[INFO] --- resources:3.3.1:resources (default-resources) @ quorus-agent ---
[INFO] Copying 2 resources from src\main\resources to target\classes
[INFO] 
[INFO] --- compiler:3.13.0:compile (default-compile) @ quorus-agent ---
[INFO] Nothing to compile - all classes are up to date.
[INFO] 
[INFO] --- resources:3.3.1:testResources (default-testResources) @ quorus-agent ---
[INFO] Copying 2 resources from src\test\resources to target\test-classes
[INFO] 
[INFO] --- compiler:3.13.0:testCompile (default-testCompile) @ quorus-agent ---
[INFO] Nothing to compile - all classes are up to date.
[INFO] 
[INFO] --- surefire:3.2.2:test (default-test) @ quorus-agent ---
[INFO] Using auto detected provider org.apache.maven.surefire.junitplatform.JUnitPlatformProvider
[INFO] 
[INFO] -------------------------------------------------------
[INFO]  T E S T S
[INFO] -------------------------------------------------------
11:50:30,468 |-INFO in ch.qos.logback.classic.LoggerContext[default] - Found logback-core version 1.5.32
11:50:30,469 |-INFO in ch.qos.logback.classic.util.ContextInitializer@b8a7e43 - No custom configurators were discovered as a service.
11:50:30,469 |-INFO in ch.qos.logback.classic.util.ContextInitializer@b8a7e43 - Trying to configure with ch.qos.logback.classic.util.DefaultJoranConfigurator
11:50:30,472 |-INFO in ch.qos.logback.classic.util.ContextInitializer@b8a7e43 - Constructed configurator of type class ch.qos.logback.classic.util.DefaultJoranConfigurator
11:50:30,474 |-INFO in ch.qos.logback.classic.LoggerContext[default] - Found resource [logback-test.xml] at [file:/C:/Users/mraysmit/dev/idea-projects/quorus/quorus-agent/target/test-classes/logback-test.xml]
11:50:30,476 |-WARN in ch.qos.logback.classic.util.DefaultJoranConfigurator@35835fa - Resource [logback-test.xml] occurs multiple times on the classpath.
11:50:30,476 |-WARN in ch.qos.logback.classic.util.DefaultJoranConfigurator@35835fa - Resource [logback-test.xml] occurs at [file:/C:/Users/mraysmit/dev/idea-projects/quorus/quorus-core/target/test-classes/logback-test.xml]
11:50:30,476 |-WARN in ch.qos.logback.classic.util.DefaultJoranConfigurator@35835fa - Resource [logback-test.xml] occurs at [file:/C:/Users/mraysmit/dev/idea-projects/quorus/quorus-agent/target/test-classes/logback-test.xml]
11:50:30,625 |-INFO in ch.qos.logback.classic.model.processor.ConfigurationModelHandlerFull - Scan attribute not set or set to unrecognized value.
11:50:30,635 |-INFO in ch.qos.logback.core.model.processor.ModelInterpretationContext@56f71edb - value "../test-logs/quorus-test-2026-09-05_03-50-26.log" substituted for "../test-logs/quorus-test-${testRunTimestamp}.log"
11:50:30,637 |-INFO in ch.qos.logback.core.model.processor.AppenderModelHandler - Processing appender named [CONSOLE]
11:50:30,637 |-INFO in ch.qos.logback.core.model.processor.AppenderModelHandler - About to instantiate appender of type [ch.qos.logback.core.ConsoleAppender]
11:50:30,652 |-INFO in ch.qos.logback.core.model.processor.ImplicitModelHandler - Assuming default type [ch.qos.logback.classic.encoder.PatternLayoutEncoder] for [encoder] property
11:50:30,732 |-INFO in ch.qos.logback.core.ConsoleAppender[CONSOLE] - NOTE: Writing to the console can be slow. Try to avoid logging to the 
11:50:30,732 |-INFO in ch.qos.logback.core.ConsoleAppender[CONSOLE] - console in production environments, especially in high volume systems.
11:50:30,732 |-INFO in ch.qos.logback.core.ConsoleAppender[CONSOLE] - See also https://logback.qos.ch/codes.html#slowConsole
11:50:30,734 |-INFO in ch.qos.logback.core.model.processor.AppenderModelHandler - Processing appender named [FILE]
11:50:30,734 |-INFO in ch.qos.logback.core.model.processor.AppenderModelHandler - About to instantiate appender of type [ch.qos.logback.core.FileAppender]
11:50:30,736 |-INFO in ch.qos.logback.core.model.processor.ModelInterpretationContext@56f71edb - value "../test-logs/quorus-test-2026-09-05_03-50-26.log" substituted for "../test-logs/quorus-test-${testRunTimestamp}.log"
11:50:30,741 |-INFO in ch.qos.logback.core.model.processor.ImplicitModelHandler - Assuming default type [ch.qos.logback.classic.encoder.PatternLayoutEncoder] for [encoder] property
11:50:30,742 |-INFO in ch.qos.logback.core.FileAppender[FILE] - File property is set to [../test-logs/quorus-test-2026-09-05_03-50-26.log]
11:50:30,747 |-INFO in ch.qos.logback.classic.model.processor.LoggerModelHandler - Setting level of logger [dev.mars.quorus] to DEBUG
11:50:30,747 |-INFO in ch.qos.logback.classic.model.processor.LoggerModelHandler - Setting level of logger [org.apache] to WARN
11:50:30,747 |-INFO in ch.qos.logback.classic.model.processor.LoggerModelHandler - Setting level of logger [io.vertx] to WARN
11:50:30,747 |-INFO in ch.qos.logback.classic.model.processor.LoggerModelHandler - Setting level of logger [io.netty] to WARN
11:50:30,747 |-INFO in ch.qos.logback.classic.model.processor.RootLoggerModelHandler - Setting level of ROOT logger to INFO
11:50:30,748 |-INFO in ch.qos.logback.core.model.processor.AppenderRefModelHandler - Attaching appender named [CONSOLE] to Logger[ROOT]
11:50:30,749 |-INFO in ch.qos.logback.core.model.processor.AppenderRefModelHandler - Attaching appender named [FILE] to Logger[ROOT]
11:50:30,749 |-INFO in ch.qos.logback.core.model.processor.DefaultProcessor@7207cb51 - End of configuration.
11:50:30,751 |-INFO in ch.qos.logback.classic.joran.JoranConfigurator@2a27cb34 - Registering current configuration as safe fallback point
11:50:30,755 |-INFO in ch.qos.logback.classic.util.ContextInitializer@b8a7e43 - ch.qos.logback.classic.util.DefaultJoranConfigurator.configure() call lasted 280 milliseconds. ExecutionStatus=DO_NOT_INVOKE_NEXT_IF_ANY

[INFO] Running dev.mars.quorus.agent.AgentDefaultIsolationBoundaryTest
11:50:31.342 [main] INFO  d.m.quorus.agent.config.AgentConfig - Loaded configuration from quorus-agent.properties
11:50:31.345 [main] INFO  d.m.quorus.agent.config.AgentConfig - === Quorus Agent Configuration ===
11:50:31.346 [main] WARN  d.m.quorus.agent.config.AgentConfig - Agent ID not configured, derived from hostname: agent-NUC10A
11:50:31.347 [main] INFO  d.m.quorus.agent.config.AgentConfig -   Agent ID:             agent-NUC10A
11:50:31.347 [main] WARN  d.m.quorus.agent.config.AgentConfig -   Tenant ID:            NOT CONFIGURED
11:50:31.356 [main] INFO  d.m.quorus.agent.config.AgentConfig -   Agent Port:           8080
11:50:31.356 [main] INFO  d.m.quorus.agent.config.AgentConfig -   Controller URL:       https://localhost:8080/api/v1
11:50:31.357 [main] INFO  d.m.quorus.agent.config.AgentConfig -   Region:               default
11:50:31.357 [main] INFO  d.m.quorus.agent.config.AgentConfig -   Datacenter:           default
11:50:31.357 [main] INFO  d.m.quorus.agent.config.AgentConfig -   Supported Protocols:  HTTP,HTTPS
11:50:31.357 [main] INFO  d.m.quorus.agent.config.AgentConfig -   Version:              1.0.0
11:50:31.357 [main] INFO  d.m.quorus.agent.config.AgentConfig -   --- Transfer ---
11:50:31.357 [main] INFO  d.m.quorus.agent.config.AgentConfig -   Max Concurrent:       5
11:50:31.357 [main] INFO  d.m.quorus.agent.config.AgentConfig -   --- Heartbeat ---
11:50:31.357 [main] INFO  d.m.quorus.agent.config.AgentConfig -   Interval:             30000ms
11:50:31.358 [main] INFO  d.m.quorus.agent.config.AgentConfig -   --- Job Polling ---
11:50:31.358 [main] INFO  d.m.quorus.agent.config.AgentConfig -   Initial Delay:        5000ms
11:50:31.358 [main] INFO  d.m.quorus.agent.config.AgentConfig -   Poll Interval:        10000ms
11:50:31.359 [main] INFO  d.m.quorus.agent.config.AgentConfig -   --- Security ---
11:50:31.359 [main] INFO  d.m.quorus.agent.config.AgentConfig -   Foreign Assignment Threshold: 1
11:50:31.359 [main] INFO  d.m.quorus.agent.config.AgentConfig -   --- Telemetry ---
11:50:31.359 [main] INFO  d.m.quorus.agent.config.AgentConfig -   Enabled:              true
11:50:31.359 [main] INFO  d.m.quorus.agent.config.AgentConfig -   Prometheus Port:      9465
11:50:31.359 [main] INFO  d.m.quorus.agent.config.AgentConfig -   OTLP Endpoint:        http://localhost:4317
11:50:31.360 [main] INFO  d.m.quorus.agent.config.AgentConfig - ==================================
11:50:31.362 [main] INFO  dev.mars.quorus.agent.QuorusAgent - Creating QuorusAgent with Vert.x instance: 1712003741 (using Vert.x timers, no ScheduledExecutorService)
11:50:31.373 [main] WARN  d.m.q.a.s.ControllerWebClientFactory - INSECURE DEVELOPMENT MODE: agent-to-controller traffic is plaintext
11:50:31.395 [main] DEBUG d.m.q.a.s.AgentRegistrationService - AgentRegistrationService initialized with Vert.x WebClient (connectTimeout=5000ms, idleTimeout=10000ms)
11:50:31.403 [main] WARN  d.m.q.a.s.ControllerWebClientFactory - INSECURE DEVELOPMENT MODE: agent-to-controller traffic is plaintext
11:50:31.404 [main] DEBUG d.m.q.agent.service.HeartbeatService - HeartbeatService initialized with Vert.x WebClient (connectTimeout=5000ms, idleTimeout=10000ms)
11:50:31.418 [main] DEBUG d.m.q.transfer.SimpleTransferEngine - Initializing SimpleTransferEngine: maxConcurrent=5, maxRetries=3, retryDelay=1000ms
11:50:31.420 [main] DEBUG d.m.quorus.protocol.ProtocolFactory - Initializing ProtocolFactory with Vert.x instance
11:50:31.420 [main] DEBUG d.m.quorus.protocol.ProtocolFactory - Registering default transfer protocols
11:50:31.420 [main] DEBUG d.m.quorus.protocol.ProtocolFactory - Creating HttpTransferProtocol instance
11:50:31.423 [main] INFO  d.m.q.protocol.HttpTransferProtocol - HttpTransferProtocol initialized: connectTimeout=30000ms, readTimeout=60000ms, maxFileSize=10737418240 bytes
11:50:31.424 [main] DEBUG d.m.q.protocol.HttpTransferProtocol - HttpTransferProtocol created with Vert.x Web Client (reactive mode)
11:50:31.424 [main] INFO  d.m.quorus.protocol.ProtocolFactory - Registered protocol: http
11:50:31.424 [main] DEBUG d.m.quorus.protocol.ProtocolFactory - Protocol details: name=http, class=HttpTransferProtocol, supportsResume=false, supportsPause=true
11:50:31.424 [main] INFO  d.m.quorus.protocol.ProtocolFactory - Registered protocol alias: https -> http
11:50:31.424 [main] DEBUG d.m.quorus.protocol.ProtocolFactory - Creating SmbTransferProtocol instance
11:50:31.426 [main] INFO  d.m.quorus.protocol.ProtocolFactory - Registered protocol: smb
11:50:31.426 [main] DEBUG d.m.quorus.protocol.ProtocolFactory - Protocol details: name=smb, class=SmbTransferProtocol, supportsResume=false, supportsPause=false
11:50:31.427 [main] INFO  d.m.quorus.protocol.ProtocolFactory - Registered protocol alias: cifs -> smb
11:50:31.427 [main] DEBUG d.m.quorus.protocol.ProtocolFactory - Creating FtpTransferProtocol instance
11:50:31.429 [main] INFO  d.m.quorus.protocol.ProtocolFactory - Registered protocol: ftp
11:50:31.429 [main] DEBUG d.m.quorus.protocol.ProtocolFactory - Protocol details: name=ftp, class=FtpTransferProtocol, supportsResume=false, supportsPause=false
11:50:31.429 [main] INFO  d.m.quorus.protocol.ProtocolFactory - Registered protocol alias: ftps -> ftp
11:50:31.430 [main] DEBUG d.m.quorus.protocol.ProtocolFactory - Creating SftpTransferProtocol instance
11:50:31.433 [main] INFO  d.m.quorus.protocol.ProtocolFactory - Registered protocol: sftp
11:50:31.433 [main] DEBUG d.m.quorus.protocol.ProtocolFactory - Protocol details: name=sftp, class=SftpTransferProtocol, supportsResume=false, supportsPause=false
11:50:31.433 [main] DEBUG d.m.quorus.protocol.ProtocolFactory - Creating NfsTransferProtocol instance
11:50:31.435 [main] DEBUG d.m.q.protocol.NfsTransferProtocol - NfsTransferProtocol initialized with mountRoot=C:\nfs
11:50:31.435 [main] INFO  d.m.quorus.protocol.ProtocolFactory - Registered protocol: nfs
11:50:31.435 [main] DEBUG d.m.quorus.protocol.ProtocolFactory - Protocol details: name=nfs, class=NfsTransferProtocol, supportsResume=false, supportsPause=false
11:50:31.436 [main] INFO  d.m.quorus.protocol.ProtocolFactory - Registered default transfer protocols: count=8, schemes=ftps, ftp, http, smb, sftp, nfs, https, cifs
11:50:31.456 [main] INFO  d.m.q.t.o.TransferTelemetryMetrics - TransferTelemetryMetrics initialized
11:50:31.456 [main] INFO  d.m.q.transfer.SimpleTransferEngine - SimpleTransferEngine initialized with 5 max concurrent transfers (reactive mode, OpenTelemetry enabled)
11:50:31.456 [main] DEBUG d.m.q.transfer.SimpleTransferEngine - SimpleTransferEngine initialization complete - startTime=2026-09-05T03:50:31.436877100Z
11:50:31.461 [main] INFO  d.m.q.a.s.TransferExecutionService - TransferExecutionService initialized (Vert.x reactive mode)
11:50:31.463 [main] WARN  d.m.q.a.s.ControllerWebClientFactory - INSECURE DEVELOPMENT MODE: agent-to-controller traffic is plaintext
11:50:31.464 [main] DEBUG d.m.q.a.service.JobPollingService - JobPollingService initialized with Vert.x WebClient (connectTimeout=5000ms, idleTimeout=10000ms)
11:50:31.466 [main] WARN  d.m.q.a.s.ControllerWebClientFactory - INSECURE DEVELOPMENT MODE: agent-to-controller traffic is plaintext
11:50:31.466 [main] DEBUG d.m.q.a.s.JobStatusReportingService - JobStatusReportingService initialized with Vert.x WebClient (connectTimeout=5000ms, idleTimeout=10000ms)
11:50:31.468 [main] INFO  d.m.q.a.observability.AgentMetrics - AgentMetrics initialized for agent: local
11:50:31.468 [main] INFO  dev.mars.quorus.agent.QuorusAgent - Quorus Agent initialized: local (reactive mode with OpenTelemetry)
11:50:31.468 [main] INFO  dev.mars.quorus.agent.QuorusAgent - Foreign-assignment mismatch threshold configured to 1
11:50:31.468 [main] INFO  dev.mars.quorus.agent.QuorusAgent - Starting Quorus Agent services (Vert.x reactive mode)...
11:50:31.469 [main] INFO  d.m.q.a.s.AgentRegistrationService - Registering agent local with controller at http://localhost:53811/api/v1
11:50:31.470 [vert.x-eventloop-thread-0] INFO  d.m.q.agent.service.HealthService - Health service started on port 53812
11:50:32.027 [vert.x-eventloop-thread-0] INFO  d.m.q.a.s.AgentRegistrationService - Agent local registered successfully
11:50:32.030 [vert.x-eventloop-thread-0] INFO  dev.mars.quorus.agent.QuorusAgent - Agent registered successfully with controller
11:50:32.031 [vert.x-eventloop-thread-0] INFO  dev.mars.quorus.agent.QuorusAgent - Heartbeat service started (interval: 30000ms) [Vert.x timer ID: 6]
11:50:32.031 [vert.x-eventloop-thread-0] INFO  d.m.q.a.s.TransferExecutionService - Transfer execution service started with 5 max concurrent transfers
11:50:32.031 [vert.x-eventloop-thread-0] INFO  dev.mars.quorus.agent.QuorusAgent - Transfer execution service started
11:50:32.032 [vert.x-eventloop-thread-0] INFO  dev.mars.quorus.agent.QuorusAgent - Quorus Agent started successfully (reactive mode, 0 extra threads)
11:50:32.034 [vert.x-eventloop-thread-0] INFO  dev.mars.quorus.agent.QuorusAgent - Job polling started (interval: 20ms) [Vert.x timer ID: 8]
11:50:32.108 [vert.x-eventloop-thread-0] DEBUG d.m.q.a.service.JobPollingService - Polled for jobs: found 1 pending jobs
11:50:32.108 [vert.x-eventloop-thread-0] INFO  dev.mars.quorus.agent.QuorusAgent - Found 1 pending job(s)
11:50:32.108 [vert.x-eventloop-thread-0] ERROR dev.mars.quorus.agent.QuorusAgent - Refusing to process job foreign because assignment agentId other does not match local agentId local
11:50:32.108 [vert.x-eventloop-thread-0] ERROR dev.mars.quorus.agent.QuorusAgent - Foreign assignment mismatch count: 1/1
11:50:32.108 [vert.x-eventloop-thread-0] ERROR dev.mars.quorus.agent.QuorusAgent - Foreign assignment mismatch threshold reached (1). Initiating fail-fast shutdown.
11:50:32.109 [vert.x-eventloop-thread-0] INFO  dev.mars.quorus.agent.QuorusAgent - Shutting down Quorus Agent (reactive mode)...
11:50:32.109 [vert.x-eventloop-thread-0] INFO  dev.mars.quorus.agent.QuorusAgent - Heartbeat timer cancelled: true [ID: 6]
11:50:32.109 [vert.x-eventloop-thread-0] INFO  dev.mars.quorus.agent.QuorusAgent - Job polling timer cancelled: true [ID: 8]
11:50:32.109 [vert.x-eventloop-thread-0] INFO  d.m.q.a.s.TransferExecutionService - Shutting down transfer execution service...
11:50:32.109 [vert.x-eventloop-thread-0] DEBUG d.m.q.transfer.SimpleTransferEngine - shutdown: initiating with timeout=30s
11:50:32.109 [vert.x-eventloop-thread-0] INFO  d.m.q.transfer.SimpleTransferEngine - Shutting down transfer engine...
11:50:32.109 [vert.x-eventloop-thread-0] DEBUG d.m.q.transfer.SimpleTransferEngine - shutdown: cancelling 0 active transfers
11:50:32.110 [vert.x-eventloop-thread-0] DEBUG d.m.q.transfer.SimpleTransferEngine - awaitActiveTransfers: no active transfers
11:50:32.111 [vert.x-eventloop-thread-0] INFO  d.m.q.transfer.SimpleTransferEngine - Transfer engine shutdown completed
11:50:32.111 [vert.x-eventloop-thread-0] INFO  d.m.q.a.s.TransferExecutionService - Transfer execution service shutdown complete
11:50:32.111 [vert.x-eventloop-thread-0] DEBUG d.m.q.agent.service.HeartbeatService - Shutting down HeartbeatService WebClient
11:50:32.116 [vert.x-eventloop-thread-0] DEBUG d.m.q.a.service.JobPollingService - Shutting down JobPollingService WebClient
11:50:32.119 [vert.x-eventloop-thread-0] DEBUG d.m.q.a.s.JobStatusReportingService - Shutting down JobStatusReportingService WebClient
11:50:32.121 [vert.x-eventloop-thread-0] INFO  d.m.q.agent.service.HealthService - Health service stopped
11:50:32.122 [vert.x-eventloop-thread-0] INFO  d.m.q.a.s.AgentRegistrationService - Deregistering agent local from controller
11:50:32.125 [vert.x-eventloop-thread-0] INFO  d.m.q.a.s.AgentRegistrationService - Agent local deregistered successfully
11:50:32.126 [vert.x-eventloop-thread-0] INFO  dev.mars.quorus.agent.QuorusAgent - Agent deregistered from controller
11:50:32.126 [main] WARN  dev.mars.quorus.agent.QuorusAgent - Agent already closed, skipping shutdown
11:50:32.126 [vert.x-eventloop-thread-0] INFO  dev.mars.quorus.agent.QuorusAgent - Quorus Agent shutdown complete (0 threads to cleanup)
[INFO] Tests run: 1, Failures: 0, Errors: 0, Skipped: 0, Time elapsed: 1.375 s -- in dev.mars.quorus.agent.AgentDefaultIsolationBoundaryTest
[INFO] Running dev.mars.quorus.agent.config.AgentConfigTest
11:50:32.161 [main] INFO  d.m.quorus.agent.config.AgentConfig - Loaded configuration from quorus-agent.properties
11:50:32.162 [main] DEBUG d.m.quorus.agent.config.AgentConfig - Optional configuration profile quorus-agent-test.properties not found
11:50:32.162 [main] INFO  d.m.quorus.agent.config.AgentConfig - === Quorus Agent Configuration ===
11:50:32.162 [main] WARN  d.m.quorus.agent.config.AgentConfig - Agent ID not configured, derived from hostname: agent-NUC10A
11:50:32.162 [main] INFO  d.m.quorus.agent.config.AgentConfig -   Agent ID:             agent-NUC10A
11:50:32.162 [main] WARN  d.m.quorus.agent.config.AgentConfig -   Tenant ID:            NOT CONFIGURED
11:50:32.162 [main] INFO  d.m.quorus.agent.config.AgentConfig -   Agent Port:           8080
11:50:32.162 [main] INFO  d.m.quorus.agent.config.AgentConfig -   Controller URL:       https://localhost:8080/api/v1
11:50:32.162 [main] INFO  d.m.quorus.agent.config.AgentConfig -   Region:               default
11:50:32.162 [main] INFO  d.m.quorus.agent.config.AgentConfig -   Datacenter:           default
11:50:32.162 [main] INFO  d.m.quorus.agent.config.AgentConfig -   Supported Protocols:  HTTP,HTTPS
11:50:32.162 [main] INFO  d.m.quorus.agent.config.AgentConfig -   Version:              1.0.0
11:50:32.162 [main] INFO  d.m.quorus.agent.config.AgentConfig -   --- Transfer ---
11:50:32.163 [main] INFO  d.m.quorus.agent.config.AgentConfig -   Max Concurrent:       5
11:50:32.163 [main] INFO  d.m.quorus.agent.config.AgentConfig -   --- Heartbeat ---
11:50:32.163 [main] INFO  d.m.quorus.agent.config.AgentConfig -   Interval:             30000ms
11:50:32.163 [main] INFO  d.m.quorus.agent.config.AgentConfig -   --- Job Polling ---
11:50:32.163 [main] INFO  d.m.quorus.agent.config.AgentConfig -   Initial Delay:        5000ms
11:50:32.163 [main] INFO  d.m.quorus.agent.config.AgentConfig -   Poll Interval:        10000ms
11:50:32.163 [main] INFO  d.m.quorus.agent.config.AgentConfig -   --- Security ---
11:50:32.163 [main] INFO  d.m.quorus.agent.config.AgentConfig -   Foreign Assignment Threshold: 1
11:50:32.163 [main] INFO  d.m.quorus.agent.config.AgentConfig -   --- Telemetry ---
11:50:32.163 [main] INFO  d.m.quorus.agent.config.AgentConfig -   Enabled:              true
11:50:32.163 [main] INFO  d.m.quorus.agent.config.AgentConfig -   Prometheus Port:      9465
11:50:32.163 [main] INFO  d.m.quorus.agent.config.AgentConfig -   OTLP Endpoint:        http://localhost:4317
11:50:32.164 [main] INFO  d.m.quorus.agent.config.AgentConfig - ==================================
11:50:32.168 [main] INFO  d.m.quorus.agent.config.AgentConfig - Loaded configuration from quorus-agent.properties
11:50:32.168 [main] DEBUG d.m.quorus.agent.config.AgentConfig - Optional configuration profile quorus-agent-test.properties not found
11:50:32.169 [main] INFO  d.m.quorus.agent.config.AgentConfig - === Quorus Agent Configuration ===
11:50:32.169 [main] WARN  d.m.quorus.agent.config.AgentConfig - Agent ID not configured, derived from hostname: agent-NUC10A
11:50:32.169 [main] INFO  d.m.quorus.agent.config.AgentConfig -   Agent ID:             agent-NUC10A
11:50:32.169 [main] WARN  d.m.quorus.agent.config.AgentConfig -   Tenant ID:            NOT CONFIGURED
11:50:32.169 [main] WARN  d.m.quorus.agent.config.AgentConfig - Invalid integer value for quorus.agent.port: 'invalid', using default 8080
11:50:32.169 [main] INFO  d.m.quorus.agent.config.AgentConfig -   Agent Port:           8080
11:50:32.169 [main] INFO  d.m.quorus.agent.config.AgentConfig -   Controller URL:       https://localhost:8080/api/v1
11:50:32.169 [main] INFO  d.m.quorus.agent.config.AgentConfig -   Region:               default
11:50:32.170 [main] INFO  d.m.quorus.agent.config.AgentConfig -   Datacenter:           default
11:50:32.170 [main] INFO  d.m.quorus.agent.config.AgentConfig -   Supported Protocols:  HTTP,HTTPS
11:50:32.170 [main] INFO  d.m.quorus.agent.config.AgentConfig -   Version:              1.0.0
11:50:32.170 [main] INFO  d.m.quorus.agent.config.AgentConfig -   --- Transfer ---
11:50:32.170 [main] INFO  d.m.quorus.agent.config.AgentConfig -   Max Concurrent:       5
11:50:32.170 [main] INFO  d.m.quorus.agent.config.AgentConfig -   --- Heartbeat ---
11:50:32.170 [main] INFO  d.m.quorus.agent.config.AgentConfig -   Interval:             30000ms
11:50:32.170 [main] INFO  d.m.quorus.agent.config.AgentConfig -   --- Job Polling ---
11:50:32.170 [main] INFO  d.m.quorus.agent.config.AgentConfig -   Initial Delay:        5000ms
11:50:32.170 [main] INFO  d.m.quorus.agent.config.AgentConfig -   Poll Interval:        10000ms
11:50:32.170 [main] INFO  d.m.quorus.agent.config.AgentConfig -   --- Security ---
11:50:32.170 [main] INFO  d.m.quorus.agent.config.AgentConfig -   Foreign Assignment Threshold: 1
11:50:32.170 [main] INFO  d.m.quorus.agent.config.AgentConfig -   --- Telemetry ---
11:50:32.170 [main] INFO  d.m.quorus.agent.config.AgentConfig -   Enabled:              true
11:50:32.170 [main] INFO  d.m.quorus.agent.config.AgentConfig -   Prometheus Port:      9465
11:50:32.170 [main] INFO  d.m.quorus.agent.config.AgentConfig -   OTLP Endpoint:        http://localhost:4317
11:50:32.170 [main] INFO  d.m.quorus.agent.config.AgentConfig - ==================================
11:50:32.170 [main] WARN  d.m.quorus.agent.config.AgentConfig - Invalid integer value for quorus.agent.port: 'invalid', using default 8080
11:50:32.171 [main] INFO  d.m.quorus.agent.config.AgentConfig - Loaded configuration from quorus-agent.properties
11:50:32.171 [main] DEBUG d.m.quorus.agent.config.AgentConfig - Optional configuration profile quorus-agent-test.properties not found
11:50:32.171 [main] INFO  d.m.quorus.agent.config.AgentConfig - === Quorus Agent Configuration ===
11:50:32.171 [main] WARN  d.m.quorus.agent.config.AgentConfig - Agent ID not configured, derived from hostname: agent-NUC10A
11:50:32.171 [main] INFO  d.m.quorus.agent.config.AgentConfig -   Agent ID:             agent-NUC10A
11:50:32.171 [main] WARN  d.m.quorus.agent.config.AgentConfig -   Tenant ID:            NOT CONFIGURED
11:50:32.171 [main] INFO  d.m.quorus.agent.config.AgentConfig -   Agent Port:           8080
11:50:32.171 [main] INFO  d.m.quorus.agent.config.AgentConfig -   Controller URL:       https://localhost:8080/api/v1
11:50:32.172 [main] INFO  d.m.quorus.agent.config.AgentConfig -   Region:               default
11:50:32.172 [main] INFO  d.m.quorus.agent.config.AgentConfig -   Datacenter:           default
11:50:32.172 [main] INFO  d.m.quorus.agent.config.AgentConfig -   Supported Protocols:  HTTP,HTTPS
11:50:32.172 [main] INFO  d.m.quorus.agent.config.AgentConfig -   Version:              1.0.0
11:50:32.172 [main] INFO  d.m.quorus.agent.config.AgentConfig -   --- Transfer ---
11:50:32.172 [main] INFO  d.m.quorus.agent.config.AgentConfig -   Max Concurrent:       5
11:50:32.172 [main] INFO  d.m.quorus.agent.config.AgentConfig -   --- Heartbeat ---
11:50:32.172 [main] INFO  d.m.quorus.agent.config.AgentConfig -   Interval:             30000ms
11:50:32.172 [main] INFO  d.m.quorus.agent.config.AgentConfig -   --- Job Polling ---
11:50:32.172 [main] INFO  d.m.quorus.agent.config.AgentConfig -   Initial Delay:        5000ms
11:50:32.172 [main] WARN  d.m.quorus.agent.config.AgentConfig - Invalid long value for quorus.agent.jobs.polling.interval-ms: 'invalid', using default 10000
11:50:32.172 [main] INFO  d.m.quorus.agent.config.AgentConfig -   Poll Interval:        10000ms
11:50:32.172 [main] INFO  d.m.quorus.agent.config.AgentConfig -   --- Security ---
11:50:32.172 [main] INFO  d.m.quorus.agent.config.AgentConfig -   Foreign Assignment Threshold: 1
11:50:32.172 [main] INFO  d.m.quorus.agent.config.AgentConfig -   --- Telemetry ---
11:50:32.172 [main] INFO  d.m.quorus.agent.config.AgentConfig -   Enabled:              true
11:50:32.172 [main] INFO  d.m.quorus.agent.config.AgentConfig -   Prometheus Port:      9465
11:50:32.172 [main] INFO  d.m.quorus.agent.config.AgentConfig -   OTLP Endpoint:        http://localhost:4317
11:50:32.172 [main] INFO  d.m.quorus.agent.config.AgentConfig - ==================================
11:50:32.172 [main] WARN  d.m.quorus.agent.config.AgentConfig - Invalid long value for quorus.agent.jobs.polling.interval-ms: 'invalid', using default 10000
11:50:32.174 [main] INFO  d.m.quorus.agent.config.AgentConfig - Loaded configuration from quorus-agent.properties
11:50:32.174 [main] DEBUG d.m.quorus.agent.config.AgentConfig - Optional configuration profile quorus-agent-test.properties not found
11:50:32.174 [main] INFO  d.m.quorus.agent.config.AgentConfig - === Quorus Agent Configuration ===
11:50:32.174 [main] WARN  d.m.quorus.agent.config.AgentConfig - Agent ID not configured, derived from hostname: agent-NUC10A
11:50:32.174 [main] INFO  d.m.quorus.agent.config.AgentConfig -   Agent ID:             agent-NUC10A
11:50:32.174 [main] WARN  d.m.quorus.agent.config.AgentConfig -   Tenant ID:            NOT CONFIGURED
11:50:32.174 [main] INFO  d.m.quorus.agent.config.AgentConfig -   Agent Port:           8080
11:50:32.175 [main] INFO  d.m.quorus.agent.config.AgentConfig -   Controller URL:       https://localhost:8080/api/v1
11:50:32.175 [main] INFO  d.m.quorus.agent.config.AgentConfig -   Region:               default
11:50:32.175 [main] INFO  d.m.quorus.agent.config.AgentConfig -   Datacenter:           default
11:50:32.175 [main] INFO  d.m.quorus.agent.config.AgentConfig -   Supported Protocols:  HTTP,HTTPS
11:50:32.175 [main] INFO  d.m.quorus.agent.config.AgentConfig -   Version:              1.0.0
11:50:32.175 [main] INFO  d.m.quorus.agent.config.AgentConfig -   --- Transfer ---
11:50:32.175 [main] INFO  d.m.quorus.agent.config.AgentConfig -   Max Concurrent:       5
11:50:32.175 [main] INFO  d.m.quorus.agent.config.AgentConfig -   --- Heartbeat ---
11:50:32.175 [main] INFO  d.m.quorus.agent.config.AgentConfig -   Interval:             30000ms
11:50:32.175 [main] INFO  d.m.quorus.agent.config.AgentConfig -   --- Job Polling ---
11:50:32.175 [main] INFO  d.m.quorus.agent.config.AgentConfig -   Initial Delay:        5000ms
11:50:32.175 [main] INFO  d.m.quorus.agent.config.AgentConfig -   Poll Interval:        10000ms
11:50:32.175 [main] INFO  d.m.quorus.agent.config.AgentConfig -   --- Security ---
11:50:32.175 [main] INFO  d.m.quorus.agent.config.AgentConfig -   Foreign Assignment Threshold: 1
11:50:32.175 [main] INFO  d.m.quorus.agent.config.AgentConfig -   --- Telemetry ---
11:50:32.175 [main] INFO  d.m.quorus.agent.config.AgentConfig -   Enabled:              true
11:50:32.175 [main] INFO  d.m.quorus.agent.config.AgentConfig -   Prometheus Port:      9465
11:50:32.175 [main] INFO  d.m.quorus.agent.config.AgentConfig -   OTLP Endpoint:        http://localhost:4317
11:50:32.175 [main] INFO  d.m.quorus.agent.config.AgentConfig - ==================================
11:50:32.175 [main] WARN  d.m.quorus.agent.config.AgentConfig - Agent ID not configured, derived from hostname: agent-NUC10A
11:50:32.176 [main] WARN  d.m.quorus.agent.config.AgentConfig - Agent ID not configured, derived from hostname: agent-NUC10A
11:50:32.177 [main] INFO  d.m.quorus.agent.config.AgentConfig - Loaded configuration from quorus-agent.properties
11:50:32.177 [main] DEBUG d.m.quorus.agent.config.AgentConfig - Optional configuration profile quorus-agent-test.properties not found
11:50:32.177 [main] INFO  d.m.quorus.agent.config.AgentConfig - === Quorus Agent Configuration ===
11:50:32.177 [main] INFO  d.m.quorus.agent.config.AgentConfig -   Agent ID:             explicit-agent
11:50:32.177 [main] WARN  d.m.quorus.agent.config.AgentConfig -   Tenant ID:            NOT CONFIGURED
11:50:32.177 [main] INFO  d.m.quorus.agent.config.AgentConfig -   Agent Port:           8080
11:50:32.177 [main] INFO  d.m.quorus.agent.config.AgentConfig -   Controller URL:       https://localhost:8080/api/v1
11:50:32.177 [main] INFO  d.m.quorus.agent.config.AgentConfig -   Region:               default
11:50:32.177 [main] INFO  d.m.quorus.agent.config.AgentConfig -   Datacenter:           default
11:50:32.177 [main] INFO  d.m.quorus.agent.config.AgentConfig -   Supported Protocols:  HTTP,HTTPS
11:50:32.177 [main] INFO  d.m.quorus.agent.config.AgentConfig -   Version:              1.0.0
11:50:32.178 [main] INFO  d.m.quorus.agent.config.AgentConfig -   --- Transfer ---
11:50:32.178 [main] INFO  d.m.quorus.agent.config.AgentConfig -   Max Concurrent:       5
11:50:32.178 [main] INFO  d.m.quorus.agent.config.AgentConfig -   --- Heartbeat ---
11:50:32.178 [main] INFO  d.m.quorus.agent.config.AgentConfig -   Interval:             30000ms
11:50:32.178 [main] INFO  d.m.quorus.agent.config.AgentConfig -   --- Job Polling ---
11:50:32.178 [main] INFO  d.m.quorus.agent.config.AgentConfig -   Initial Delay:        5000ms
11:50:32.178 [main] INFO  d.m.quorus.agent.config.AgentConfig -   Poll Interval:        10000ms
11:50:32.178 [main] INFO  d.m.quorus.agent.config.AgentConfig -   --- Security ---
11:50:32.178 [main] INFO  d.m.quorus.agent.config.AgentConfig -   Foreign Assignment Threshold: 1
11:50:32.178 [main] INFO  d.m.quorus.agent.config.AgentConfig -   --- Telemetry ---
11:50:32.178 [main] INFO  d.m.quorus.agent.config.AgentConfig -   Enabled:              true
11:50:32.178 [main] INFO  d.m.quorus.agent.config.AgentConfig -   Prometheus Port:      9465
11:50:32.178 [main] INFO  d.m.quorus.agent.config.AgentConfig -   OTLP Endpoint:        http://localhost:4317
11:50:32.178 [main] INFO  d.m.quorus.agent.config.AgentConfig - ==================================
11:50:32.180 [main] INFO  d.m.quorus.agent.config.AgentConfig - Loaded configuration from quorus-agent.properties
11:50:32.181 [main] DEBUG d.m.quorus.agent.config.AgentConfig - Optional configuration profile quorus-agent-test.properties not found
11:50:32.181 [main] INFO  d.m.quorus.agent.config.AgentConfig - === Quorus Agent Configuration ===
11:50:32.181 [main] INFO  d.m.quorus.agent.config.AgentConfig -   Agent ID:             validation-agent
11:50:32.181 [main] INFO  d.m.quorus.agent.config.AgentConfig -   Tenant ID:            validation-tenant
11:50:32.181 [main] INFO  d.m.quorus.agent.config.AgentConfig -   Agent Port:           70000
11:50:32.182 [main] INFO  d.m.quorus.agent.config.AgentConfig -   Controller URL:       https://localhost:8080/api/v1
11:50:32.182 [main] INFO  d.m.quorus.agent.config.AgentConfig -   Region:               default
11:50:32.182 [main] INFO  d.m.quorus.agent.config.AgentConfig -   Datacenter:           default
11:50:32.182 [main] INFO  d.m.quorus.agent.config.AgentConfig -   Supported Protocols:  HTTP,HTTPS
11:50:32.182 [main] INFO  d.m.quorus.agent.config.AgentConfig -   Version:              1.0.0
11:50:32.182 [main] INFO  d.m.quorus.agent.config.AgentConfig -   --- Transfer ---
11:50:32.182 [main] INFO  d.m.quorus.agent.config.AgentConfig -   Max Concurrent:       5
11:50:32.182 [main] INFO  d.m.quorus.agent.config.AgentConfig -   --- Heartbeat ---
11:50:32.182 [main] INFO  d.m.quorus.agent.config.AgentConfig -   Interval:             30000ms
11:50:32.182 [main] INFO  d.m.quorus.agent.config.AgentConfig -   --- Job Polling ---
11:50:32.182 [main] INFO  d.m.quorus.agent.config.AgentConfig -   Initial Delay:        5000ms
11:50:32.182 [main] INFO  d.m.quorus.agent.config.AgentConfig -   Poll Interval:        10000ms
11:50:32.182 [main] INFO  d.m.quorus.agent.config.AgentConfig -   --- Security ---
11:50:32.183 [main] INFO  d.m.quorus.agent.config.AgentConfig -   Foreign Assignment Threshold: 1
11:50:32.183 [main] INFO  d.m.quorus.agent.config.AgentConfig -   --- Telemetry ---
11:50:32.183 [main] INFO  d.m.quorus.agent.config.AgentConfig -   Enabled:              true
11:50:32.183 [main] INFO  d.m.quorus.agent.config.AgentConfig -   Prometheus Port:      9465
11:50:32.183 [main] INFO  d.m.quorus.agent.config.AgentConfig -   OTLP Endpoint:        http://localhost:4317
11:50:32.183 [main] INFO  d.m.quorus.agent.config.AgentConfig - ==================================
11:50:32.187 [main] INFO  d.m.quorus.agent.config.AgentConfig - Loaded configuration from quorus-agent.properties
11:50:32.188 [main] DEBUG d.m.quorus.agent.config.AgentConfig - Optional configuration profile quorus-agent-test.properties not found
11:50:32.188 [main] INFO  d.m.quorus.agent.config.AgentConfig - === Quorus Agent Configuration ===
11:50:32.188 [main] INFO  d.m.quorus.agent.config.AgentConfig -   Agent ID:             explicit-agent
11:50:32.188 [main] WARN  d.m.quorus.agent.config.AgentConfig -   Tenant ID:            NOT CONFIGURED
11:50:32.188 [main] INFO  d.m.quorus.agent.config.AgentConfig -   Agent Port:           8080
11:50:32.188 [main] INFO  d.m.quorus.agent.config.AgentConfig -   Controller URL:       https://localhost:8080/api/v1
11:50:32.188 [main] INFO  d.m.quorus.agent.config.AgentConfig -   Region:               default
11:50:32.188 [main] INFO  d.m.quorus.agent.config.AgentConfig -   Datacenter:           default
11:50:32.188 [main] INFO  d.m.quorus.agent.config.AgentConfig -   Supported Protocols:  HTTP,HTTPS
11:50:32.188 [main] INFO  d.m.quorus.agent.config.AgentConfig -   Version:              1.0.0
11:50:32.188 [main] INFO  d.m.quorus.agent.config.AgentConfig -   --- Transfer ---
11:50:32.188 [main] INFO  d.m.quorus.agent.config.AgentConfig -   Max Concurrent:       5
11:50:32.188 [main] INFO  d.m.quorus.agent.config.AgentConfig -   --- Heartbeat ---
11:50:32.188 [main] INFO  d.m.quorus.agent.config.AgentConfig -   Interval:             30000ms
11:50:32.188 [main] INFO  d.m.quorus.agent.config.AgentConfig -   --- Job Polling ---
11:50:32.188 [main] INFO  d.m.quorus.agent.config.AgentConfig -   Initial Delay:        5000ms
11:50:32.189 [main] INFO  d.m.quorus.agent.config.AgentConfig -   Poll Interval:        10000ms
11:50:32.189 [main] INFO  d.m.quorus.agent.config.AgentConfig -   --- Security ---
11:50:32.189 [main] INFO  d.m.quorus.agent.config.AgentConfig -   Foreign Assignment Threshold: 1
11:50:32.189 [main] INFO  d.m.quorus.agent.config.AgentConfig -   --- Telemetry ---
11:50:32.189 [main] INFO  d.m.quorus.agent.config.AgentConfig -   Enabled:              true
11:50:32.189 [main] INFO  d.m.quorus.agent.config.AgentConfig -   Prometheus Port:      9465
11:50:32.189 [main] INFO  d.m.quorus.agent.config.AgentConfig -   OTLP Endpoint:        http://localhost:4317
11:50:32.189 [main] INFO  d.m.quorus.agent.config.AgentConfig - ==================================
11:50:32.190 [main] INFO  d.m.quorus.agent.config.AgentConfig - Loaded configuration from quorus-agent.properties
11:50:32.190 [main] DEBUG d.m.quorus.agent.config.AgentConfig - Optional configuration profile quorus-agent-test.properties not found
11:50:32.191 [main] INFO  d.m.quorus.agent.config.AgentConfig - === Quorus Agent Configuration ===
11:50:32.191 [main] INFO  d.m.quorus.agent.config.AgentConfig -   Agent ID:             agent-one
11:50:32.191 [main] WARN  d.m.quorus.agent.config.AgentConfig -   Tenant ID:            NOT CONFIGURED
11:50:32.191 [main] INFO  d.m.quorus.agent.config.AgentConfig -   Agent Port:           8080
11:50:32.191 [main] INFO  d.m.quorus.agent.config.AgentConfig -   Controller URL:       https://localhost:8080/api/v1
11:50:32.191 [main] INFO  d.m.quorus.agent.config.AgentConfig -   Region:               default
11:50:32.191 [main] INFO  d.m.quorus.agent.config.AgentConfig -   Datacenter:           default
11:50:32.191 [main] INFO  d.m.quorus.agent.config.AgentConfig -   Supported Protocols:  HTTP,HTTPS
11:50:32.191 [main] INFO  d.m.quorus.agent.config.AgentConfig -   Version:              1.0.0
11:50:32.191 [main] INFO  d.m.quorus.agent.config.AgentConfig -   --- Transfer ---
11:50:32.191 [main] INFO  d.m.quorus.agent.config.AgentConfig -   Max Concurrent:       5
11:50:32.191 [main] INFO  d.m.quorus.agent.config.AgentConfig -   --- Heartbeat ---
11:50:32.191 [main] INFO  d.m.quorus.agent.config.AgentConfig -   Interval:             30000ms
11:50:32.191 [main] INFO  d.m.quorus.agent.config.AgentConfig -   --- Job Polling ---
11:50:32.191 [main] INFO  d.m.quorus.agent.config.AgentConfig -   Initial Delay:        5000ms
11:50:32.191 [main] INFO  d.m.quorus.agent.config.AgentConfig -   Poll Interval:        10000ms
11:50:32.191 [main] INFO  d.m.quorus.agent.config.AgentConfig -   --- Security ---
11:50:32.191 [main] INFO  d.m.quorus.agent.config.AgentConfig -   Foreign Assignment Threshold: 1
11:50:32.191 [main] INFO  d.m.quorus.agent.config.AgentConfig -   --- Telemetry ---
11:50:32.191 [main] INFO  d.m.quorus.agent.config.AgentConfig -   Enabled:              true
11:50:32.191 [main] INFO  d.m.quorus.agent.config.AgentConfig -   Prometheus Port:      9465
11:50:32.191 [main] INFO  d.m.quorus.agent.config.AgentConfig -   OTLP Endpoint:        http://localhost:4317
11:50:32.191 [main] INFO  d.m.quorus.agent.config.AgentConfig - ==================================
11:50:32.191 [main] INFO  d.m.quorus.agent.config.AgentConfig - Loaded configuration from quorus-agent.properties
11:50:32.192 [main] DEBUG d.m.quorus.agent.config.AgentConfig - Optional configuration profile quorus-agent-test.properties not found
11:50:32.192 [main] INFO  d.m.quorus.agent.config.AgentConfig - === Quorus Agent Configuration ===
11:50:32.192 [main] INFO  d.m.quorus.agent.config.AgentConfig -   Agent ID:             agent-two
11:50:32.192 [main] WARN  d.m.quorus.agent.config.AgentConfig -   Tenant ID:            NOT CONFIGURED
11:50:32.192 [main] INFO  d.m.quorus.agent.config.AgentConfig -   Agent Port:           8080
11:50:32.192 [main] INFO  d.m.quorus.agent.config.AgentConfig -   Controller URL:       https://localhost:8080/api/v1
11:50:32.192 [main] INFO  d.m.quorus.agent.config.AgentConfig -   Region:               default
11:50:32.192 [main] INFO  d.m.quorus.agent.config.AgentConfig -   Datacenter:           default
11:50:32.192 [main] INFO  d.m.quorus.agent.config.AgentConfig -   Supported Protocols:  HTTP,HTTPS
11:50:32.192 [main] INFO  d.m.quorus.agent.config.AgentConfig -   Version:              1.0.0
11:50:32.192 [main] INFO  d.m.quorus.agent.config.AgentConfig -   --- Transfer ---
11:50:32.192 [main] INFO  d.m.quorus.agent.config.AgentConfig -   Max Concurrent:       5
11:50:32.192 [main] INFO  d.m.quorus.agent.config.AgentConfig -   --- Heartbeat ---
11:50:32.192 [main] INFO  d.m.quorus.agent.config.AgentConfig -   Interval:             30000ms
11:50:32.192 [main] INFO  d.m.quorus.agent.config.AgentConfig -   --- Job Polling ---
11:50:32.192 [main] INFO  d.m.quorus.agent.config.AgentConfig -   Initial Delay:        5000ms
11:50:32.192 [main] INFO  d.m.quorus.agent.config.AgentConfig -   Poll Interval:        10000ms
11:50:32.192 [main] INFO  d.m.quorus.agent.config.AgentConfig -   --- Security ---
11:50:32.192 [main] INFO  d.m.quorus.agent.config.AgentConfig -   Foreign Assignment Threshold: 1
11:50:32.192 [main] INFO  d.m.quorus.agent.config.AgentConfig -   --- Telemetry ---
11:50:32.192 [main] INFO  d.m.quorus.agent.config.AgentConfig -   Enabled:              true
11:50:32.192 [main] INFO  d.m.quorus.agent.config.AgentConfig -   Prometheus Port:      9465
11:50:32.192 [main] INFO  d.m.quorus.agent.config.AgentConfig -   OTLP Endpoint:        http://localhost:4317
11:50:32.192 [main] INFO  d.m.quorus.agent.config.AgentConfig - ==================================
11:50:32.194 [main] INFO  d.m.quorus.agent.config.AgentConfig - Loaded configuration from quorus-agent.properties
11:50:32.194 [main] DEBUG d.m.quorus.agent.config.AgentConfig - Optional configuration profile quorus-agent-test.properties not found
11:50:32.194 [main] INFO  d.m.quorus.agent.config.AgentConfig - === Quorus Agent Configuration ===
11:50:32.194 [main] WARN  d.m.quorus.agent.config.AgentConfig - Agent ID not configured, derived from hostname: agent-NUC10A
11:50:32.194 [main] INFO  d.m.quorus.agent.config.AgentConfig -   Agent ID:             agent-NUC10A
11:50:32.194 [main] WARN  d.m.quorus.agent.config.AgentConfig -   Tenant ID:            NOT CONFIGURED
11:50:32.194 [main] INFO  d.m.quorus.agent.config.AgentConfig -   Agent Port:           8080
11:50:32.194 [main] INFO  d.m.quorus.agent.config.AgentConfig -   Controller URL:       https://localhost:8080/api/v1
11:50:32.194 [main] INFO  d.m.quorus.agent.config.AgentConfig -   Region:               default
11:50:32.194 [main] INFO  d.m.quorus.agent.config.AgentConfig -   Datacenter:           default
11:50:32.194 [main] INFO  d.m.quorus.agent.config.AgentConfig -   Supported Protocols:  HTTP,HTTPS
11:50:32.194 [main] INFO  d.m.quorus.agent.config.AgentConfig -   Version:              1.0.0
11:50:32.194 [main] INFO  d.m.quorus.agent.config.AgentConfig -   --- Transfer ---
11:50:32.194 [main] INFO  d.m.quorus.agent.config.AgentConfig -   Max Concurrent:       5
11:50:32.194 [main] INFO  d.m.quorus.agent.config.AgentConfig -   --- Heartbeat ---
11:50:32.194 [main] INFO  d.m.quorus.agent.config.AgentConfig -   Interval:             30000ms
11:50:32.194 [main] INFO  d.m.quorus.agent.config.AgentConfig -   --- Job Polling ---
11:50:32.194 [main] INFO  d.m.quorus.agent.config.AgentConfig -   Initial Delay:        5000ms
11:50:32.194 [main] INFO  d.m.quorus.agent.config.AgentConfig -   Poll Interval:        10000ms
11:50:32.195 [main] INFO  d.m.quorus.agent.config.AgentConfig -   --- Security ---
11:50:32.195 [main] INFO  d.m.quorus.agent.config.AgentConfig -   Foreign Assignment Threshold: 1
11:50:32.195 [main] INFO  d.m.quorus.agent.config.AgentConfig -   --- Telemetry ---
11:50:32.195 [main] INFO  d.m.quorus.agent.config.AgentConfig -   Enabled:              true
11:50:32.195 [main] INFO  d.m.quorus.agent.config.AgentConfig -   Prometheus Port:      9465
11:50:32.195 [main] INFO  d.m.quorus.agent.config.AgentConfig -   OTLP Endpoint:        http://localhost:4317
11:50:32.195 [main] INFO  d.m.quorus.agent.config.AgentConfig - ==================================
11:50:32.199 [main] INFO  d.m.quorus.agent.config.AgentConfig - Loaded configuration from quorus-agent.properties
11:50:32.200 [main] DEBUG d.m.quorus.agent.config.AgentConfig - Optional configuration profile quorus-agent-test.properties not found
11:50:32.200 [main] INFO  d.m.quorus.agent.config.AgentConfig - === Quorus Agent Configuration ===
11:50:32.200 [main] INFO  d.m.quorus.agent.config.AgentConfig -   Agent ID:             legacy-agent
11:50:32.200 [main] INFO  d.m.quorus.agent.config.AgentConfig -   Tenant ID:            legacy-tenant
11:50:32.200 [main] INFO  d.m.quorus.agent.config.AgentConfig -   Agent Port:           8080
11:50:32.200 [main] INFO  d.m.quorus.agent.config.AgentConfig -   Controller URL:       https://localhost:8080/api/v1
11:50:32.200 [main] INFO  d.m.quorus.agent.config.AgentConfig -   Region:               default
11:50:32.201 [main] INFO  d.m.quorus.agent.config.AgentConfig -   Datacenter:           default
11:50:32.201 [main] INFO  d.m.quorus.agent.config.AgentConfig -   Supported Protocols:  HTTP,HTTPS
11:50:32.201 [main] INFO  d.m.quorus.agent.config.AgentConfig -   Version:              1.0.0
11:50:32.201 [main] INFO  d.m.quorus.agent.config.AgentConfig -   --- Transfer ---
11:50:32.201 [main] INFO  d.m.quorus.agent.config.AgentConfig -   Max Concurrent:       5
11:50:32.201 [main] INFO  d.m.quorus.agent.config.AgentConfig -   --- Heartbeat ---
11:50:32.201 [main] INFO  d.m.quorus.agent.config.AgentConfig -   Interval:             15000ms
11:50:32.201 [main] INFO  d.m.quorus.agent.config.AgentConfig -   --- Job Polling ---
11:50:32.201 [main] INFO  d.m.quorus.agent.config.AgentConfig -   Initial Delay:        5000ms
11:50:32.201 [main] INFO  d.m.quorus.agent.config.AgentConfig -   Poll Interval:        10000ms
11:50:32.201 [main] INFO  d.m.quorus.agent.config.AgentConfig -   --- Security ---
11:50:32.202 [main] INFO  d.m.quorus.agent.config.AgentConfig -   Foreign Assignment Threshold: 1
11:50:32.202 [main] INFO  d.m.quorus.agent.config.AgentConfig -   --- Telemetry ---
11:50:32.202 [main] INFO  d.m.quorus.agent.config.AgentConfig -   Enabled:              true
11:50:32.202 [main] INFO  d.m.quorus.agent.config.AgentConfig -   Prometheus Port:      9465
11:50:32.202 [main] INFO  d.m.quorus.agent.config.AgentConfig -   OTLP Endpoint:        http://localhost:4317
11:50:32.202 [main] INFO  d.m.quorus.agent.config.AgentConfig - ==================================
11:50:32.205 [main] INFO  d.m.quorus.agent.config.AgentConfig - Loaded configuration from quorus-agent.properties
11:50:32.206 [main] DEBUG d.m.quorus.agent.config.AgentConfig - Optional configuration profile quorus-agent-test.properties not found
11:50:32.206 [main] INFO  d.m.quorus.agent.config.AgentConfig - === Quorus Agent Configuration ===
11:50:32.206 [main] INFO  d.m.quorus.agent.config.AgentConfig -   Agent ID:             documented-agent
11:50:32.207 [main] WARN  d.m.quorus.agent.config.AgentConfig -   Tenant ID:            NOT CONFIGURED
11:50:32.207 [main] INFO  d.m.quorus.agent.config.AgentConfig -   Agent Port:           8080
11:50:32.207 [main] INFO  d.m.quorus.agent.config.AgentConfig -   Controller URL:       https://localhost:8080/api/v1
11:50:32.207 [main] INFO  d.m.quorus.agent.config.AgentConfig -   Region:               documented-region
11:50:32.207 [main] INFO  d.m.quorus.agent.config.AgentConfig -   Datacenter:           default
11:50:32.207 [main] INFO  d.m.quorus.agent.config.AgentConfig -   Supported Protocols:  HTTP,HTTPS
11:50:32.207 [main] INFO  d.m.quorus.agent.config.AgentConfig -   Version:              1.0.0
11:50:32.207 [main] INFO  d.m.quorus.agent.config.AgentConfig -   --- Transfer ---
11:50:32.207 [main] INFO  d.m.quorus.agent.config.AgentConfig -   Max Concurrent:       7
11:50:32.207 [main] INFO  d.m.quorus.agent.config.AgentConfig -   --- Heartbeat ---
11:50:32.207 [main] INFO  d.m.quorus.agent.config.AgentConfig -   Interval:             30000ms
11:50:32.207 [main] INFO  d.m.quorus.agent.config.AgentConfig -   --- Job Polling ---
11:50:32.207 [main] INFO  d.m.quorus.agent.config.AgentConfig -   Initial Delay:        5000ms
11:50:32.207 [main] INFO  d.m.quorus.agent.config.AgentConfig -   Poll Interval:        10000ms
11:50:32.207 [main] INFO  d.m.quorus.agent.config.AgentConfig -   --- Security ---
11:50:32.207 [main] INFO  d.m.quorus.agent.config.AgentConfig -   Foreign Assignment Threshold: 1
11:50:32.207 [main] INFO  d.m.quorus.agent.config.AgentConfig -   --- Telemetry ---
11:50:32.207 [main] INFO  d.m.quorus.agent.config.AgentConfig -   Enabled:              true
11:50:32.207 [main] INFO  d.m.quorus.agent.config.AgentConfig -   Prometheus Port:      9465
11:50:32.207 [main] INFO  d.m.quorus.agent.config.AgentConfig -   OTLP Endpoint:        http://localhost:4317
11:50:32.207 [main] INFO  d.m.quorus.agent.config.AgentConfig - ==================================
11:50:32.213 [main] INFO  d.m.quorus.agent.config.AgentConfig - Loaded configuration from quorus-agent.properties
11:50:32.217 [main] DEBUG d.m.quorus.agent.config.AgentConfig - Optional configuration profile quorus-agent-test.properties not found
11:50:32.218 [main] INFO  d.m.quorus.agent.config.AgentConfig - === Quorus Agent Configuration ===
11:50:32.218 [main] WARN  d.m.quorus.agent.config.AgentConfig - Agent ID not configured, derived from hostname: agent-NUC10A
11:50:32.218 [main] INFO  d.m.quorus.agent.config.AgentConfig -   Agent ID:             agent-NUC10A
11:50:32.219 [main] WARN  d.m.quorus.agent.config.AgentConfig -   Tenant ID:            NOT CONFIGURED
11:50:32.219 [main] INFO  d.m.quorus.agent.config.AgentConfig -   Agent Port:           8080
11:50:32.219 [main] INFO  d.m.quorus.agent.config.AgentConfig -   Controller URL:       https://localhost:8080/api/v1
11:50:32.219 [main] INFO  d.m.quorus.agent.config.AgentConfig -   Region:               default
11:50:32.219 [main] INFO  d.m.quorus.agent.config.AgentConfig -   Datacenter:           default
11:50:32.219 [main] INFO  d.m.quorus.agent.config.AgentConfig -   Supported Protocols:  HTTP,HTTPS
11:50:32.219 [main] INFO  d.m.quorus.agent.config.AgentConfig -   Version:              1.0.0
11:50:32.219 [main] INFO  d.m.quorus.agent.config.AgentConfig -   --- Transfer ---
11:50:32.219 [main] INFO  d.m.quorus.agent.config.AgentConfig -   Max Concurrent:       5
11:50:32.219 [main] INFO  d.m.quorus.agent.config.AgentConfig -   --- Heartbeat ---
11:50:32.220 [main] INFO  d.m.quorus.agent.config.AgentConfig -   Interval:             30000ms
11:50:32.220 [main] INFO  d.m.quorus.agent.config.AgentConfig -   --- Job Polling ---
11:50:32.220 [main] INFO  d.m.quorus.agent.config.AgentConfig -   Initial Delay:        5000ms
11:50:32.220 [main] INFO  d.m.quorus.agent.config.AgentConfig -   Poll Interval:        10000ms
11:50:32.220 [main] INFO  d.m.quorus.agent.config.AgentConfig -   --- Security ---
11:50:32.220 [main] INFO  d.m.quorus.agent.config.AgentConfig -   Foreign Assignment Threshold: 1
11:50:32.220 [main] INFO  d.m.quorus.agent.config.AgentConfig -   --- Telemetry ---
11:50:32.220 [main] INFO  d.m.quorus.agent.config.AgentConfig -   Enabled:              true
11:50:32.220 [main] INFO  d.m.quorus.agent.config.AgentConfig -   Prometheus Port:      19465
11:50:32.220 [main] INFO  d.m.quorus.agent.config.AgentConfig -   OTLP Endpoint:        http://localhost:4317
11:50:32.220 [main] INFO  d.m.quorus.agent.config.AgentConfig - ==================================
[INFO] Tests run: 11, Failures: 0, Errors: 0, Skipped: 0, Time elapsed: 0.062 s -- in dev.mars.quorus.agent.config.AgentConfigTest
[INFO] Running dev.mars.quorus.agent.config.AgentTransportSecurityTest
11:50:32.227 [main] INFO  d.m.quorus.agent.config.AgentConfig - Loaded configuration from quorus-agent.properties
11:50:32.228 [main] INFO  d.m.quorus.agent.config.AgentConfig - === Quorus Agent Configuration ===
11:50:32.229 [main] WARN  d.m.quorus.agent.config.AgentConfig - Agent ID not configured, derived from hostname: agent-NUC10A
11:50:32.229 [main] INFO  d.m.quorus.agent.config.AgentConfig -   Agent ID:             agent-NUC10A
11:50:32.229 [main] WARN  d.m.quorus.agent.config.AgentConfig -   Tenant ID:            NOT CONFIGURED
11:50:32.229 [main] INFO  d.m.quorus.agent.config.AgentConfig -   Agent Port:           8080
11:50:32.230 [main] INFO  d.m.quorus.agent.config.AgentConfig -   Controller URL:       https://localhost:8080/api/v1
11:50:32.230 [main] INFO  d.m.quorus.agent.config.AgentConfig -   Region:               default
11:50:32.230 [main] INFO  d.m.quorus.agent.config.AgentConfig -   Datacenter:           default
11:50:32.230 [main] INFO  d.m.quorus.agent.config.AgentConfig -   Supported Protocols:  HTTP,HTTPS
11:50:32.230 [main] INFO  d.m.quorus.agent.config.AgentConfig -   Version:              1.0.0
11:50:32.230 [main] INFO  d.m.quorus.agent.config.AgentConfig -   --- Transfer ---
11:50:32.230 [main] INFO  d.m.quorus.agent.config.AgentConfig -   Max Concurrent:       5
11:50:32.230 [main] INFO  d.m.quorus.agent.config.AgentConfig -   --- Heartbeat ---
11:50:32.230 [main] INFO  d.m.quorus.agent.config.AgentConfig -   Interval:             30000ms
11:50:32.230 [main] INFO  d.m.quorus.agent.config.AgentConfig -   --- Job Polling ---
11:50:32.230 [main] INFO  d.m.quorus.agent.config.AgentConfig -   Initial Delay:        5000ms
11:50:32.230 [main] INFO  d.m.quorus.agent.config.AgentConfig -   Poll Interval:        10000ms
11:50:32.230 [main] INFO  d.m.quorus.agent.config.AgentConfig -   --- Security ---
11:50:32.230 [main] INFO  d.m.quorus.agent.config.AgentConfig -   Foreign Assignment Threshold: 1
11:50:32.230 [main] INFO  d.m.quorus.agent.config.AgentConfig -   --- Telemetry ---
11:50:32.230 [main] INFO  d.m.quorus.agent.config.AgentConfig -   Enabled:              true
11:50:32.230 [main] INFO  d.m.quorus.agent.config.AgentConfig -   Prometheus Port:      9465
11:50:32.231 [main] INFO  d.m.quorus.agent.config.AgentConfig -   OTLP Endpoint:        http://localhost:4317
11:50:32.231 [main] INFO  d.m.quorus.agent.config.AgentConfig - ==================================
11:50:32.235 [main] INFO  d.m.quorus.agent.config.AgentConfig - Loaded configuration from quorus-agent.properties
11:50:32.236 [main] INFO  d.m.quorus.agent.config.AgentConfig - === Quorus Agent Configuration ===
11:50:32.236 [main] WARN  d.m.quorus.agent.config.AgentConfig - Agent ID not configured, derived from hostname: agent-NUC10A
11:50:32.236 [main] INFO  d.m.quorus.agent.config.AgentConfig -   Agent ID:             agent-NUC10A
11:50:32.236 [main] WARN  d.m.quorus.agent.config.AgentConfig -   Tenant ID:            NOT CONFIGURED
11:50:32.236 [main] INFO  d.m.quorus.agent.config.AgentConfig -   Agent Port:           8080
11:50:32.236 [main] INFO  d.m.quorus.agent.config.AgentConfig -   Controller URL:       https://localhost:8080/api/v1
11:50:32.236 [main] INFO  d.m.quorus.agent.config.AgentConfig -   Region:               default
11:50:32.236 [main] INFO  d.m.quorus.agent.config.AgentConfig -   Datacenter:           default
11:50:32.236 [main] INFO  d.m.quorus.agent.config.AgentConfig -   Supported Protocols:  HTTP,HTTPS
11:50:32.236 [main] INFO  d.m.quorus.agent.config.AgentConfig -   Version:              1.0.0
11:50:32.236 [main] INFO  d.m.quorus.agent.config.AgentConfig -   --- Transfer ---
11:50:32.236 [main] INFO  d.m.quorus.agent.config.AgentConfig -   Max Concurrent:       5
11:50:32.236 [main] INFO  d.m.quorus.agent.config.AgentConfig -   --- Heartbeat ---
11:50:32.236 [main] INFO  d.m.quorus.agent.config.AgentConfig -   Interval:             30000ms
11:50:32.236 [main] INFO  d.m.quorus.agent.config.AgentConfig -   --- Job Polling ---
11:50:32.237 [main] INFO  d.m.quorus.agent.config.AgentConfig -   Initial Delay:        5000ms
11:50:32.237 [main] INFO  d.m.quorus.agent.config.AgentConfig -   Poll Interval:        10000ms
11:50:32.237 [main] INFO  d.m.quorus.agent.config.AgentConfig -   --- Security ---
11:50:32.237 [main] INFO  d.m.quorus.agent.config.AgentConfig -   Foreign Assignment Threshold: 1
11:50:32.237 [main] INFO  d.m.quorus.agent.config.AgentConfig -   --- Telemetry ---
11:50:32.237 [main] INFO  d.m.quorus.agent.config.AgentConfig -   Enabled:              true
11:50:32.237 [main] INFO  d.m.quorus.agent.config.AgentConfig -   Prometheus Port:      9465
11:50:32.237 [main] INFO  d.m.quorus.agent.config.AgentConfig -   OTLP Endpoint:        http://localhost:4317
11:50:32.237 [main] INFO  d.m.quorus.agent.config.AgentConfig - ==================================
[INFO] Tests run: 2, Failures: 0, Errors: 0, Skipped: 0, Time elapsed: 0.016 s -- in dev.mars.quorus.agent.config.AgentTransportSecurityTest
[INFO] Running dev.mars.quorus.agent.PreExecutionFailureIntegrationTest
11:50:32.434 [main] INFO  d.m.quorus.agent.config.AgentConfig - Loaded configuration from quorus-agent.properties
11:50:32.434 [main] INFO  d.m.quorus.agent.config.AgentConfig - === Quorus Agent Configuration ===
11:50:32.434 [main] WARN  d.m.quorus.agent.config.AgentConfig - Agent ID not configured, derived from hostname: agent-NUC10A
11:50:32.434 [main] INFO  d.m.quorus.agent.config.AgentConfig -   Agent ID:             agent-NUC10A
11:50:32.434 [main] WARN  d.m.quorus.agent.config.AgentConfig -   Tenant ID:            NOT CONFIGURED
11:50:32.434 [main] INFO  d.m.quorus.agent.config.AgentConfig -   Agent Port:           8080
11:50:32.434 [main] INFO  d.m.quorus.agent.config.AgentConfig -   Controller URL:       https://localhost:8080/api/v1
11:50:32.434 [main] INFO  d.m.quorus.agent.config.AgentConfig -   Region:               default
11:50:32.434 [main] INFO  d.m.quorus.agent.config.AgentConfig -   Datacenter:           default
11:50:32.434 [main] INFO  d.m.quorus.agent.config.AgentConfig -   Supported Protocols:  HTTP,HTTPS
11:50:32.434 [main] INFO  d.m.quorus.agent.config.AgentConfig -   Version:              1.0.0
11:50:32.434 [main] INFO  d.m.quorus.agent.config.AgentConfig -   --- Transfer ---
11:50:32.434 [main] INFO  d.m.quorus.agent.config.AgentConfig -   Max Concurrent:       5
11:50:32.434 [main] INFO  d.m.quorus.agent.config.AgentConfig -   --- Heartbeat ---
11:50:32.434 [main] INFO  d.m.quorus.agent.config.AgentConfig -   Interval:             30000ms
11:50:32.434 [main] INFO  d.m.quorus.agent.config.AgentConfig -   --- Job Polling ---
11:50:32.434 [main] INFO  d.m.quorus.agent.config.AgentConfig -   Initial Delay:        5000ms
11:50:32.434 [main] INFO  d.m.quorus.agent.config.AgentConfig -   Poll Interval:        10000ms
11:50:32.434 [main] INFO  d.m.quorus.agent.config.AgentConfig -   --- Security ---
11:50:32.434 [main] INFO  d.m.quorus.agent.config.AgentConfig -   Foreign Assignment Threshold: 1
11:50:32.434 [main] INFO  d.m.quorus.agent.config.AgentConfig -   --- Telemetry ---
11:50:32.434 [main] INFO  d.m.quorus.agent.config.AgentConfig -   Enabled:              true
11:50:32.434 [main] INFO  d.m.quorus.agent.config.AgentConfig -   Prometheus Port:      9465
11:50:32.434 [main] INFO  d.m.quorus.agent.config.AgentConfig -   OTLP Endpoint:        http://localhost:4317
11:50:32.434 [main] INFO  d.m.quorus.agent.config.AgentConfig - ==================================
11:50:32.435 [main] INFO  dev.mars.quorus.agent.QuorusAgent - Creating QuorusAgent with Vert.x instance: 1522872841 (using Vert.x timers, no ScheduledExecutorService)
11:50:32.435 [main] WARN  d.m.q.a.s.ControllerWebClientFactory - INSECURE DEVELOPMENT MODE: agent-to-controller traffic is plaintext
11:50:32.435 [main] DEBUG d.m.q.a.s.AgentRegistrationService - AgentRegistrationService initialized with Vert.x WebClient (connectTimeout=5000ms, idleTimeout=500ms)
11:50:32.435 [main] WARN  d.m.q.a.s.ControllerWebClientFactory - INSECURE DEVELOPMENT MODE: agent-to-controller traffic is plaintext
11:50:32.435 [main] DEBUG d.m.q.agent.service.HeartbeatService - HeartbeatService initialized with Vert.x WebClient (connectTimeout=5000ms, idleTimeout=500ms)
11:50:32.435 [main] DEBUG d.m.q.transfer.SimpleTransferEngine - Initializing SimpleTransferEngine: maxConcurrent=5, maxRetries=3, retryDelay=1000ms
11:50:32.435 [main] DEBUG d.m.quorus.protocol.ProtocolFactory - Initializing ProtocolFactory with Vert.x instance
11:50:32.435 [main] DEBUG d.m.quorus.protocol.ProtocolFactory - Registering default transfer protocols
11:50:32.435 [main] DEBUG d.m.quorus.protocol.ProtocolFactory - Creating HttpTransferProtocol instance
11:50:32.436 [main] INFO  d.m.q.protocol.HttpTransferProtocol - HttpTransferProtocol initialized: connectTimeout=30000ms, readTimeout=60000ms, maxFileSize=10737418240 bytes
11:50:32.436 [main] DEBUG d.m.q.protocol.HttpTransferProtocol - HttpTransferProtocol created with Vert.x Web Client (reactive mode)
11:50:32.436 [main] INFO  d.m.quorus.protocol.ProtocolFactory - Registered protocol: http
11:50:32.436 [main] DEBUG d.m.quorus.protocol.ProtocolFactory - Protocol details: name=http, class=HttpTransferProtocol, supportsResume=false, supportsPause=true
11:50:32.436 [main] INFO  d.m.quorus.protocol.ProtocolFactory - Registered protocol alias: https -> http
11:50:32.436 [main] DEBUG d.m.quorus.protocol.ProtocolFactory - Creating SmbTransferProtocol instance
11:50:32.436 [main] INFO  d.m.quorus.protocol.ProtocolFactory - Registered protocol: smb
11:50:32.436 [main] DEBUG d.m.quorus.protocol.ProtocolFactory - Protocol details: name=smb, class=SmbTransferProtocol, supportsResume=false, supportsPause=false
11:50:32.436 [main] INFO  d.m.quorus.protocol.ProtocolFactory - Registered protocol alias: cifs -> smb
11:50:32.436 [main] DEBUG d.m.quorus.protocol.ProtocolFactory - Creating FtpTransferProtocol instance
11:50:32.436 [main] INFO  d.m.quorus.protocol.ProtocolFactory - Registered protocol: ftp
11:50:32.436 [main] DEBUG d.m.quorus.protocol.ProtocolFactory - Protocol details: name=ftp, class=FtpTransferProtocol, supportsResume=false, supportsPause=false
11:50:32.436 [main] INFO  d.m.quorus.protocol.ProtocolFactory - Registered protocol alias: ftps -> ftp
11:50:32.436 [main] DEBUG d.m.quorus.protocol.ProtocolFactory - Creating SftpTransferProtocol instance
11:50:32.436 [main] INFO  d.m.quorus.protocol.ProtocolFactory - Registered protocol: sftp
11:50:32.436 [main] DEBUG d.m.quorus.protocol.ProtocolFactory - Protocol details: name=sftp, class=SftpTransferProtocol, supportsResume=false, supportsPause=false
11:50:32.436 [main] DEBUG d.m.quorus.protocol.ProtocolFactory - Creating NfsTransferProtocol instance
11:50:32.436 [main] DEBUG d.m.q.protocol.NfsTransferProtocol - NfsTransferProtocol initialized with mountRoot=C:\nfs
11:50:32.436 [main] INFO  d.m.quorus.protocol.ProtocolFactory - Registered protocol: nfs
11:50:32.436 [main] DEBUG d.m.quorus.protocol.ProtocolFactory - Protocol details: name=nfs, class=NfsTransferProtocol, supportsResume=false, supportsPause=false
11:50:32.436 [main] INFO  d.m.quorus.protocol.ProtocolFactory - Registered default transfer protocols: count=8, schemes=ftps, ftp, http, smb, sftp, nfs, https, cifs
11:50:32.436 [main] INFO  d.m.q.transfer.SimpleTransferEngine - SimpleTransferEngine initialized with 5 max concurrent transfers (reactive mode, OpenTelemetry enabled)
11:50:32.436 [main] DEBUG d.m.q.transfer.SimpleTransferEngine - SimpleTransferEngine initialization complete - startTime=2026-09-05T03:50:32.436531100Z
11:50:32.436 [main] INFO  d.m.q.a.s.TransferExecutionService - TransferExecutionService initialized (Vert.x reactive mode)
11:50:32.436 [main] WARN  d.m.q.a.s.ControllerWebClientFactory - INSECURE DEVELOPMENT MODE: agent-to-controller traffic is plaintext
11:50:32.436 [main] DEBUG d.m.q.a.service.JobPollingService - JobPollingService initialized with Vert.x WebClient (connectTimeout=5000ms, idleTimeout=500ms)
11:50:32.437 [main] WARN  d.m.q.a.s.ControllerWebClientFactory - INSECURE DEVELOPMENT MODE: agent-to-controller traffic is plaintext
11:50:32.437 [main] DEBUG d.m.q.a.s.JobStatusReportingService - JobStatusReportingService initialized with Vert.x WebClient (connectTimeout=5000ms, idleTimeout=500ms)
11:50:32.437 [main] INFO  d.m.q.a.observability.AgentMetrics - AgentMetrics initialized for agent: payments-agent
11:50:32.437 [main] INFO  dev.mars.quorus.agent.QuorusAgent - Quorus Agent initialized: payments-agent (reactive mode with OpenTelemetry)
11:50:32.437 [main] INFO  dev.mars.quorus.agent.QuorusAgent - Foreign-assignment mismatch threshold configured to 1
11:50:32.437 [main] INFO  dev.mars.quorus.agent.QuorusAgent - Starting Quorus Agent services (Vert.x reactive mode)...
11:50:32.437 [main] INFO  d.m.q.a.s.AgentRegistrationService - Registering agent payments-agent with controller at http://localhost:53816/api/v1
11:50:32.439 [vert.x-eventloop-thread-0] INFO  d.m.q.agent.service.HealthService - Health service started on port 53817
11:50:32.445 [vert.x-eventloop-thread-0] INFO  d.m.q.a.s.AgentRegistrationService - Agent payments-agent registered successfully
11:50:32.445 [vert.x-eventloop-thread-0] INFO  dev.mars.quorus.agent.QuorusAgent - Agent registered successfully with controller
11:50:32.445 [vert.x-eventloop-thread-0] INFO  dev.mars.quorus.agent.QuorusAgent - Heartbeat service started (interval: 30000ms) [Vert.x timer ID: 5]
11:50:32.445 [vert.x-eventloop-thread-0] INFO  d.m.q.a.s.TransferExecutionService - Transfer execution service started with 5 max concurrent transfers
11:50:32.445 [vert.x-eventloop-thread-0] INFO  dev.mars.quorus.agent.QuorusAgent - Transfer execution service started
11:50:32.445 [vert.x-eventloop-thread-0] INFO  dev.mars.quorus.agent.QuorusAgent - Quorus Agent started successfully (reactive mode, 0 extra threads)
11:50:32.447 [vert.x-eventloop-thread-0] INFO  dev.mars.quorus.agent.QuorusAgent - Job polling started (interval: 20ms) [Vert.x timer ID: 7]
11:50:32.479 [vert.x-eventloop-thread-0] DEBUG d.m.q.a.service.JobPollingService - Polled for jobs: found 1 pending jobs
11:50:32.479 [vert.x-eventloop-thread-0] INFO  dev.mars.quorus.agent.QuorusAgent - Found 1 pending job(s)
11:50:32.484 [vert.x-eventloop-thread-0] INFO  dev.mars.quorus.agent.QuorusAgent - Processing job: settlement (null)
11:50:32.493 [vert.x-eventloop-thread-0] DEBUG d.m.q.a.service.JobPollingService - Polled for jobs: found 0 pending jobs
11:50:32.493 [vert.x-eventloop-thread-0] DEBUG dev.mars.quorus.agent.QuorusAgent - No pending jobs found
11:50:32.511 [vert.x-eventloop-thread-0] DEBUG d.m.q.a.service.JobPollingService - Polled for jobs: found 0 pending jobs
11:50:32.511 [vert.x-eventloop-thread-0] DEBUG dev.mars.quorus.agent.QuorusAgent - No pending jobs found
11:50:32.532 [vert.x-eventloop-thread-0] DEBUG d.m.q.a.service.JobPollingService - Polled for jobs: found 0 pending jobs
11:50:32.533 [vert.x-eventloop-thread-0] DEBUG dev.mars.quorus.agent.QuorusAgent - No pending jobs found
11:50:32.551 [vert.x-eventloop-thread-0] DEBUG d.m.q.a.service.JobPollingService - Polled for jobs: found 0 pending jobs
11:50:32.552 [vert.x-eventloop-thread-0] DEBUG dev.mars.quorus.agent.QuorusAgent - No pending jobs found
11:50:32.570 [vert.x-eventloop-thread-0] DEBUG d.m.q.a.service.JobPollingService - Polled for jobs: found 0 pending jobs
11:50:32.570 [vert.x-eventloop-thread-0] DEBUG dev.mars.quorus.agent.QuorusAgent - No pending jobs found
11:50:32.590 [vert.x-eventloop-thread-0] DEBUG d.m.q.a.service.JobPollingService - Polled for jobs: found 0 pending jobs
11:50:32.590 [vert.x-eventloop-thread-0] DEBUG dev.mars.quorus.agent.QuorusAgent - No pending jobs found
11:50:32.602 [vert.x-eventloop-thread-0] DEBUG d.m.q.a.s.JobStatusReportingService - Job status reported: settlement -> ACCEPTED
11:50:32.610 [vert.x-eventloop-thread-0] DEBUG d.m.q.a.service.JobPollingService - Polled for jobs: found 0 pending jobs
11:50:32.611 [vert.x-eventloop-thread-0] DEBUG dev.mars.quorus.agent.QuorusAgent - No pending jobs found
11:50:32.612 [vert.x-eventloop-thread-0] DEBUG d.m.q.a.s.JobStatusReportingService - Job status reported: settlement -> IN_PROGRESS
11:50:32.612 [vert.x-eventloop-thread-0] INFO  d.m.q.a.s.TransferExecutionService - Executing transfer: http://localhost:53816/in/settlement.dat -> file:///C:/Users/mraysmit/AppData/Local/Temp/junit-5561731692432251508/settlement.dat
11:50:32.613 [vert.x-eventloop-thread-0] DEBUG d.m.q.transfer.SimpleTransferEngine - submitTransfer: request=settlement, protocol=http, direction=DOWNLOAD (Remote -> Local)
11:50:32.613 [vert.x-eventloop-thread-0] DEBUG d.m.quorus.protocol.ProtocolFactory - isProtocolSupported: protocol=http, supported=true
11:50:32.613 [vert.x-eventloop-thread-0] DEBUG d.m.quorus.protocol.ProtocolFactory - Protocol found: name=http, implementation=HttpTransferProtocol
11:50:32.614 [vert.x-eventloop-thread-0] DEBUG d.m.q.protocol.HttpTransferProtocol - canHandle: HTTP download check, scheme=http, canHandle=true
11:50:32.614 [vert.x-eventloop-thread-0] DEBUG d.m.q.transfer.SimpleTransferEngine - validateTransferRequest: request settlement validated successfully (direction=DOWNLOAD (Remote -> Local), protocol=http)
11:50:32.614 [vert.x-eventloop-thread-0] DEBUG d.m.q.transfer.SimpleTransferEngine - submitTransfer: creating job and context
11:50:32.616 [vert.x-eventloop-thread-0] DEBUG d.m.q.transfer.SimpleTransferEngine - submitTransfer: job registered, activeJobs=1
11:50:32.617 [vert.x-eventloop-thread-0] DEBUG d.m.q.transfer.SimpleTransferEngine - submitTransfer: executing transfer via reactive pipeline
11:50:32.619 [vert.x-eventloop-thread-0] INFO  d.m.q.transfer.SimpleTransferEngine - Transfer submitted: settlement
11:50:32.619 [vert.x-eventloop-thread-0] DEBUG d.m.q.transfer.SimpleTransferEngine - submitTransfer: complete, future registered
11:50:32.619 [vert.x-eventloop-thread-0] INFO  d.m.q.transfer.SimpleTransferEngine - Starting DOWNLOAD (Remote -> Local) transfer: settlement
11:50:32.621 [vert.x-eventloop-thread-0] DEBUG d.m.q.transfer.SimpleTransferEngine - executeTransfer: starting for jobId=settlement, protocol=http, direction=DOWNLOAD (Remote -> Local), sourceUri=http://localhost:53816/in/settlement.dat, destinationUri=file:///C:/Users/mraysmit/AppData/Local/Temp/junit-5561731692432251508/settlement.dat
11:50:32.633 [vert.x-eventloop-thread-0] DEBUG d.m.q.transfer.SimpleTransferEngine - executeTransfer: attempt 1 of 4 for jobId=settlement
11:50:32.634 [vert.x-eventloop-thread-0] DEBUG d.m.quorus.protocol.ProtocolFactory - Protocol found: name=http, implementation=HttpTransferProtocol
11:50:32.634 [vert.x-eventloop-thread-0] DEBUG d.m.q.protocol.HttpTransferProtocol - canHandle: HTTP download check, scheme=http, canHandle=true
11:50:32.635 [vert.x-eventloop-thread-0] DEBUG d.m.q.protocol.HttpTransferProtocol - Starting reactive HTTP transfer: jobId=settlement, direction=DOWNLOAD (Remote -> Local)
11:50:32.635 [vert.x-eventloop-thread-0] DEBUG d.m.q.protocol.HttpTransferProtocol - Validating HTTP transfer request: requestId=settlement
11:50:32.635 [vert.x-eventloop-thread-0] DEBUG d.m.q.protocol.HttpTransferProtocol - canHandle: HTTP download check, scheme=http, canHandle=true
11:50:32.635 [vert.x-eventloop-thread-0] DEBUG d.m.q.protocol.HttpTransferProtocol - Request validation passed
11:50:32.635 [vert.x-eventloop-thread-0] DEBUG d.m.q.protocol.HttpTransferProtocol - Routing to HTTP download handler
11:50:32.635 [vert.x-eventloop-thread-0] DEBUG d.m.q.protocol.HttpTransferProtocol - HTTP download: destination=C:\Users\mraysmit\AppData\Local\Temp\junit-5561731692432251508\settlement.dat, tempFile=C:\Users\mraysmit\AppData\Local\Temp\junit-5561731692432251508\settlement.dat.tmp
11:50:32.636 [vert.x-eventloop-thread-0] DEBUG d.m.q.protocol.HttpTransferProtocol - Created destination directory: C:\Users\mraysmit\AppData\Local\Temp\junit-5561731692432251508
11:50:32.638 [vert.x-eventloop-thread-0] INFO  d.m.q.protocol.HttpTransferProtocol - Starting reactive HTTP download from http://localhost:53816/in/settlement.dat
11:50:32.654 [vert.x-eventloop-thread-0] DEBUG d.m.q.a.service.JobPollingService - Polled for jobs: found 0 pending jobs
11:50:32.654 [vert.x-eventloop-thread-0] DEBUG dev.mars.quorus.agent.QuorusAgent - No pending jobs found
11:50:32.656 [vert.x-eventloop-thread-0] DEBUG d.m.q.protocol.HttpTransferProtocol - HTTP response received: statusCode=200, statusMessage=OK
11:50:32.657 [vert.x-eventloop-thread-0] DEBUG d.m.q.protocol.HttpTransferProtocol - Response body received: 7 bytes
11:50:32.657 [vert.x-eventloop-thread-0] DEBUG d.m.q.protocol.HttpTransferProtocol - Calculating checksum for downloaded content
11:50:32.659 [vert.x-eventloop-thread-0] DEBUG d.m.q.protocol.HttpTransferProtocol - Checksum calculated: 040ffd5925d40e11c67b7238a7fc9957850b8b9a46e9729fab88c24d6a98aff2
11:50:32.659 [vert.x-eventloop-thread-0] DEBUG d.m.q.protocol.HttpTransferProtocol - Writing 7 bytes to temp file: C:\Users\mraysmit\AppData\Local\Temp\junit-5561731692432251508\settlement.dat.tmp
11:50:32.662 [vert.x-eventloop-thread-0] DEBUG d.m.q.protocol.HttpTransferProtocol - Moving temp file to destination: C:\Users\mraysmit\AppData\Local\Temp\junit-5561731692432251508\settlement.dat.tmp -> C:\Users\mraysmit\AppData\Local\Temp\junit-5561731692432251508\settlement.dat
11:50:32.666 [vert.x-eventloop-thread-0] INFO  d.m.q.protocol.HttpTransferProtocol - HTTP download completed: jobId=settlement, bytesTransferred=7, checksum=040ffd5925d40e11c67b7238a7fc9957850b8b9a46e9729fab88c24d6a98aff2
11:50:32.667 [vert.x-eventloop-thread-0] INFO  d.m.q.transfer.SimpleTransferEngine - DOWNLOAD (Remote -> Local) transfer completed successfully: settlement
11:50:32.669 [vert.x-eventloop-thread-0] DEBUG d.m.q.transfer.SimpleTransferEngine - submitTransfer: cleaning up job settlement from active collections
11:50:32.670 [vert.x-eventloop-thread-0] INFO  d.m.q.a.s.TransferExecutionService - Transfer completed successfully: settlement (7 bytes in 33ms)
11:50:32.670 [vert.x-eventloop-thread-0] INFO  dev.mars.quorus.agent.QuorusAgent - Transfer completed successfully: settlement (7 bytes in 33ms)
11:50:32.674 [vert.x-eventloop-thread-0] DEBUG d.m.q.a.service.JobPollingService - Polled for jobs: found 0 pending jobs
11:50:32.674 [vert.x-eventloop-thread-0] DEBUG dev.mars.quorus.agent.QuorusAgent - No pending jobs found
11:50:32.678 [vert.x-eventloop-thread-0] DEBUG d.m.q.a.s.JobStatusReportingService - Job status reported: settlement -> COMPLETED
11:50:32.679 [vert.x-eventloop-thread-0] DEBUG d.m.q.a.service.JobPollingService - Polled for jobs: found 0 pending jobs
11:50:32.680 [vert.x-eventloop-thread-0] DEBUG dev.mars.quorus.agent.QuorusAgent - No pending jobs found
11:50:32.680 [main] INFO  dev.mars.quorus.agent.QuorusAgent - Shutting down Quorus Agent (reactive mode)...
11:50:32.680 [main] INFO  dev.mars.quorus.agent.QuorusAgent - Heartbeat timer cancelled: true [ID: 5]
11:50:32.680 [main] INFO  dev.mars.quorus.agent.QuorusAgent - Job polling timer cancelled: true [ID: 7]
11:50:32.680 [main] INFO  d.m.q.a.s.TransferExecutionService - Shutting down transfer execution service...
11:50:32.680 [main] DEBUG d.m.q.transfer.SimpleTransferEngine - shutdown: initiating with timeout=30s
11:50:32.680 [main] INFO  d.m.q.transfer.SimpleTransferEngine - Shutting down transfer engine...
11:50:32.680 [main] DEBUG d.m.q.transfer.SimpleTransferEngine - shutdown: cancelling 0 active transfers
11:50:32.680 [main] DEBUG d.m.q.transfer.SimpleTransferEngine - awaitActiveTransfers: no active transfers
11:50:32.680 [main] INFO  d.m.q.transfer.SimpleTransferEngine - Transfer engine shutdown completed
11:50:32.680 [main] INFO  d.m.q.a.s.TransferExecutionService - Transfer execution service shutdown complete
11:50:32.680 [main] DEBUG d.m.q.agent.service.HeartbeatService - Shutting down HeartbeatService WebClient
11:50:32.680 [main] DEBUG d.m.q.a.service.JobPollingService - Shutting down JobPollingService WebClient
11:50:32.681 [main] DEBUG d.m.q.a.s.JobStatusReportingService - Shutting down JobStatusReportingService WebClient
11:50:32.683 [vert.x-eventloop-thread-0] INFO  d.m.q.agent.service.HealthService - Health service stopped
11:50:32.683 [vert.x-eventloop-thread-0] INFO  d.m.q.a.s.AgentRegistrationService - Deregistering agent payments-agent from controller
11:50:32.685 [vert.x-eventloop-thread-0] INFO  d.m.q.a.s.AgentRegistrationService - Agent payments-agent deregistered successfully
11:50:32.686 [vert.x-eventloop-thread-0] INFO  dev.mars.quorus.agent.QuorusAgent - Agent deregistered from controller
11:50:32.686 [vert.x-eventloop-thread-0] INFO  dev.mars.quorus.agent.QuorusAgent - Quorus Agent shutdown complete (0 threads to cleanup)
11:50:32.771 [main] INFO  d.m.quorus.agent.config.AgentConfig - Loaded configuration from quorus-agent.properties
11:50:32.772 [main] INFO  d.m.quorus.agent.config.AgentConfig - === Quorus Agent Configuration ===
11:50:32.772 [main] WARN  d.m.quorus.agent.config.AgentConfig - Agent ID not configured, derived from hostname: agent-NUC10A
11:50:32.772 [main] INFO  d.m.quorus.agent.config.AgentConfig -   Agent ID:             agent-NUC10A
11:50:32.772 [main] WARN  d.m.quorus.agent.config.AgentConfig -   Tenant ID:            NOT CONFIGURED
11:50:32.772 [main] INFO  d.m.quorus.agent.config.AgentConfig -   Agent Port:           8080
11:50:32.772 [main] INFO  d.m.quorus.agent.config.AgentConfig -   Controller URL:       https://localhost:8080/api/v1
11:50:32.772 [main] INFO  d.m.quorus.agent.config.AgentConfig -   Region:               default
11:50:32.772 [main] INFO  d.m.quorus.agent.config.AgentConfig -   Datacenter:           default
11:50:32.772 [main] INFO  d.m.quorus.agent.config.AgentConfig -   Supported Protocols:  HTTP,HTTPS
11:50:32.772 [main] INFO  d.m.quorus.agent.config.AgentConfig -   Version:              1.0.0
11:50:32.772 [main] INFO  d.m.quorus.agent.config.AgentConfig -   --- Transfer ---
11:50:32.772 [main] INFO  d.m.quorus.agent.config.AgentConfig -   Max Concurrent:       5
11:50:32.772 [main] INFO  d.m.quorus.agent.config.AgentConfig -   --- Heartbeat ---
11:50:32.772 [main] INFO  d.m.quorus.agent.config.AgentConfig -   Interval:             30000ms
11:50:32.772 [main] INFO  d.m.quorus.agent.config.AgentConfig -   --- Job Polling ---
11:50:32.772 [main] INFO  d.m.quorus.agent.config.AgentConfig -   Initial Delay:        5000ms
11:50:32.772 [main] INFO  d.m.quorus.agent.config.AgentConfig -   Poll Interval:        10000ms
11:50:32.772 [main] INFO  d.m.quorus.agent.config.AgentConfig -   --- Security ---
11:50:32.772 [main] INFO  d.m.quorus.agent.config.AgentConfig -   Foreign Assignment Threshold: 1
11:50:32.772 [main] INFO  d.m.quorus.agent.config.AgentConfig -   --- Telemetry ---
11:50:32.773 [main] INFO  d.m.quorus.agent.config.AgentConfig -   Enabled:              true
11:50:32.773 [main] INFO  d.m.quorus.agent.config.AgentConfig -   Prometheus Port:      9465
11:50:32.773 [main] INFO  d.m.quorus.agent.config.AgentConfig -   OTLP Endpoint:        http://localhost:4317
11:50:32.773 [main] INFO  d.m.quorus.agent.config.AgentConfig - ==================================
11:50:32.773 [main] INFO  dev.mars.quorus.agent.QuorusAgent - Creating QuorusAgent with Vert.x instance: 1184092751 (using Vert.x timers, no ScheduledExecutorService)
11:50:32.773 [main] WARN  d.m.q.a.s.ControllerWebClientFactory - INSECURE DEVELOPMENT MODE: agent-to-controller traffic is plaintext
11:50:32.773 [main] DEBUG d.m.q.a.s.AgentRegistrationService - AgentRegistrationService initialized with Vert.x WebClient (connectTimeout=5000ms, idleTimeout=500ms)
11:50:32.773 [main] WARN  d.m.q.a.s.ControllerWebClientFactory - INSECURE DEVELOPMENT MODE: agent-to-controller traffic is plaintext
11:50:32.774 [main] DEBUG d.m.q.agent.service.HeartbeatService - HeartbeatService initialized with Vert.x WebClient (connectTimeout=5000ms, idleTimeout=500ms)
11:50:32.774 [main] DEBUG d.m.q.transfer.SimpleTransferEngine - Initializing SimpleTransferEngine: maxConcurrent=5, maxRetries=3, retryDelay=1000ms
11:50:32.774 [main] DEBUG d.m.quorus.protocol.ProtocolFactory - Initializing ProtocolFactory with Vert.x instance
11:50:32.774 [main] DEBUG d.m.quorus.protocol.ProtocolFactory - Registering default transfer protocols
11:50:32.774 [main] DEBUG d.m.quorus.protocol.ProtocolFactory - Creating HttpTransferProtocol instance
11:50:32.774 [main] INFO  d.m.q.protocol.HttpTransferProtocol - HttpTransferProtocol initialized: connectTimeout=30000ms, readTimeout=60000ms, maxFileSize=10737418240 bytes
11:50:32.774 [main] DEBUG d.m.q.protocol.HttpTransferProtocol - HttpTransferProtocol created with Vert.x Web Client (reactive mode)
11:50:32.774 [main] INFO  d.m.quorus.protocol.ProtocolFactory - Registered protocol: http
11:50:32.774 [main] DEBUG d.m.quorus.protocol.ProtocolFactory - Protocol details: name=http, class=HttpTransferProtocol, supportsResume=false, supportsPause=true
11:50:32.774 [main] INFO  d.m.quorus.protocol.ProtocolFactory - Registered protocol alias: https -> http
11:50:32.774 [main] DEBUG d.m.quorus.protocol.ProtocolFactory - Creating SmbTransferProtocol instance
11:50:32.774 [main] INFO  d.m.quorus.protocol.ProtocolFactory - Registered protocol: smb
11:50:32.774 [main] DEBUG d.m.quorus.protocol.ProtocolFactory - Protocol details: name=smb, class=SmbTransferProtocol, supportsResume=false, supportsPause=false
11:50:32.774 [main] INFO  d.m.quorus.protocol.ProtocolFactory - Registered protocol alias: cifs -> smb
11:50:32.774 [main] DEBUG d.m.quorus.protocol.ProtocolFactory - Creating FtpTransferProtocol instance
11:50:32.775 [main] INFO  d.m.quorus.protocol.ProtocolFactory - Registered protocol: ftp
11:50:32.775 [main] DEBUG d.m.quorus.protocol.ProtocolFactory - Protocol details: name=ftp, class=FtpTransferProtocol, supportsResume=false, supportsPause=false
11:50:32.775 [main] INFO  d.m.quorus.protocol.ProtocolFactory - Registered protocol alias: ftps -> ftp
11:50:32.775 [main] DEBUG d.m.quorus.protocol.ProtocolFactory - Creating SftpTransferProtocol instance
11:50:32.775 [main] INFO  d.m.quorus.protocol.ProtocolFactory - Registered protocol: sftp
11:50:32.775 [main] DEBUG d.m.quorus.protocol.ProtocolFactory - Protocol details: name=sftp, class=SftpTransferProtocol, supportsResume=false, supportsPause=false
11:50:32.775 [main] DEBUG d.m.quorus.protocol.ProtocolFactory - Creating NfsTransferProtocol instance
11:50:32.775 [main] DEBUG d.m.q.protocol.NfsTransferProtocol - NfsTransferProtocol initialized with mountRoot=C:\nfs
11:50:32.775 [main] INFO  d.m.quorus.protocol.ProtocolFactory - Registered protocol: nfs
11:50:32.775 [main] DEBUG d.m.quorus.protocol.ProtocolFactory - Protocol details: name=nfs, class=NfsTransferProtocol, supportsResume=false, supportsPause=false
11:50:32.775 [main] INFO  d.m.quorus.protocol.ProtocolFactory - Registered default transfer protocols: count=8, schemes=ftps, ftp, http, smb, sftp, nfs, https, cifs
11:50:32.775 [main] INFO  d.m.q.transfer.SimpleTransferEngine - SimpleTransferEngine initialized with 5 max concurrent transfers (reactive mode, OpenTelemetry enabled)
11:50:32.775 [main] DEBUG d.m.q.transfer.SimpleTransferEngine - SimpleTransferEngine initialization complete - startTime=2026-09-05T03:50:32.775288900Z
11:50:32.775 [main] INFO  d.m.q.a.s.TransferExecutionService - TransferExecutionService initialized (Vert.x reactive mode)
11:50:32.775 [main] WARN  d.m.q.a.s.ControllerWebClientFactory - INSECURE DEVELOPMENT MODE: agent-to-controller traffic is plaintext
11:50:32.775 [main] DEBUG d.m.q.a.service.JobPollingService - JobPollingService initialized with Vert.x WebClient (connectTimeout=5000ms, idleTimeout=500ms)
11:50:32.775 [main] WARN  d.m.q.a.s.ControllerWebClientFactory - INSECURE DEVELOPMENT MODE: agent-to-controller traffic is plaintext
11:50:32.776 [main] DEBUG d.m.q.a.s.JobStatusReportingService - JobStatusReportingService initialized with Vert.x WebClient (connectTimeout=5000ms, idleTimeout=500ms)
11:50:32.776 [main] INFO  d.m.q.a.observability.AgentMetrics - AgentMetrics initialized for agent: payments-agent
11:50:32.776 [main] INFO  dev.mars.quorus.agent.QuorusAgent - Quorus Agent initialized: payments-agent (reactive mode with OpenTelemetry)
11:50:32.776 [main] INFO  dev.mars.quorus.agent.QuorusAgent - Foreign-assignment mismatch threshold configured to 1
11:50:32.776 [main] INFO  dev.mars.quorus.agent.QuorusAgent - Starting Quorus Agent services (Vert.x reactive mode)...
11:50:32.776 [main] INFO  d.m.q.a.s.AgentRegistrationService - Registering agent payments-agent with controller at http://localhost:53824/api/v1
11:50:32.778 [vert.x-eventloop-thread-0] INFO  d.m.q.agent.service.HealthService - Health service started on port 53825
11:50:32.785 [vert.x-eventloop-thread-0] INFO  d.m.q.a.s.AgentRegistrationService - Agent payments-agent registered successfully
11:50:32.785 [vert.x-eventloop-thread-0] INFO  dev.mars.quorus.agent.QuorusAgent - Agent registered successfully with controller
11:50:32.785 [vert.x-eventloop-thread-0] INFO  dev.mars.quorus.agent.QuorusAgent - Heartbeat service started (interval: 30000ms) [Vert.x timer ID: 5]
11:50:32.785 [vert.x-eventloop-thread-0] INFO  d.m.q.a.s.TransferExecutionService - Transfer execution service started with 5 max concurrent transfers
11:50:32.785 [vert.x-eventloop-thread-0] INFO  dev.mars.quorus.agent.QuorusAgent - Transfer execution service started
11:50:32.785 [vert.x-eventloop-thread-0] INFO  dev.mars.quorus.agent.QuorusAgent - Quorus Agent started successfully (reactive mode, 0 extra threads)
11:50:32.786 [vert.x-eventloop-thread-0] INFO  dev.mars.quorus.agent.QuorusAgent - Job polling started (interval: 20ms) [Vert.x timer ID: 7]
11:50:32.811 [vert.x-eventloop-thread-0] DEBUG d.m.q.a.service.JobPollingService - Polled for jobs: found 1 pending jobs
11:50:32.811 [vert.x-eventloop-thread-0] INFO  dev.mars.quorus.agent.QuorusAgent - Found 1 pending job(s)
11:50:32.811 [vert.x-eventloop-thread-0] INFO  dev.mars.quorus.agent.QuorusAgent - Processing job: settlement (null)
11:50:32.817 [vert.x-eventloop-thread-0] DEBUG d.m.q.a.s.JobStatusReportingService - Job status reported: settlement -> ACCEPTED
11:50:32.829 [vert.x-eventloop-thread-0] DEBUG d.m.q.a.service.JobPollingService - Polled for jobs: found 0 pending jobs
11:50:32.829 [vert.x-eventloop-thread-0] DEBUG dev.mars.quorus.agent.QuorusAgent - No pending jobs found
11:50:32.851 [vert.x-eventloop-thread-0] DEBUG d.m.q.a.service.JobPollingService - Polled for jobs: found 0 pending jobs
11:50:32.851 [vert.x-eventloop-thread-0] DEBUG dev.mars.quorus.agent.QuorusAgent - No pending jobs found
11:50:32.872 [vert.x-eventloop-thread-0] DEBUG d.m.q.a.service.JobPollingService - Polled for jobs: found 0 pending jobs
11:50:32.872 [vert.x-eventloop-thread-0] DEBUG dev.mars.quorus.agent.QuorusAgent - No pending jobs found
11:50:32.890 [vert.x-eventloop-thread-0] DEBUG d.m.q.a.service.JobPollingService - Polled for jobs: found 0 pending jobs
11:50:32.890 [vert.x-eventloop-thread-0] DEBUG dev.mars.quorus.agent.QuorusAgent - No pending jobs found
11:50:32.911 [vert.x-eventloop-thread-0] DEBUG d.m.q.a.service.JobPollingService - Polled for jobs: found 0 pending jobs
11:50:32.911 [vert.x-eventloop-thread-0] DEBUG dev.mars.quorus.agent.QuorusAgent - No pending jobs found
11:50:32.930 [vert.x-eventloop-thread-0] DEBUG d.m.q.a.s.JobStatusReportingService - Job status reported: settlement -> IN_PROGRESS
11:50:32.930 [vert.x-eventloop-thread-0] INFO  d.m.q.a.s.TransferExecutionService - Executing transfer: http://localhost:53824/in/settlement.dat -> file:///C:/Users/mraysmit/AppData/Local/Temp/junit-531982792046494223/settlement.dat
11:50:32.930 [vert.x-eventloop-thread-0] DEBUG d.m.q.transfer.SimpleTransferEngine - submitTransfer: request=settlement, protocol=http, direction=DOWNLOAD (Remote -> Local)
11:50:32.930 [vert.x-eventloop-thread-0] DEBUG d.m.quorus.protocol.ProtocolFactory - isProtocolSupported: protocol=http, supported=true
11:50:32.930 [vert.x-eventloop-thread-0] DEBUG d.m.quorus.protocol.ProtocolFactory - Protocol found: name=http, implementation=HttpTransferProtocol
11:50:32.930 [vert.x-eventloop-thread-0] DEBUG d.m.q.protocol.HttpTransferProtocol - canHandle: HTTP download check, scheme=http, canHandle=true
11:50:32.930 [vert.x-eventloop-thread-0] DEBUG d.m.q.transfer.SimpleTransferEngine - validateTransferRequest: request settlement validated successfully (direction=DOWNLOAD (Remote -> Local), protocol=http)
11:50:32.930 [vert.x-eventloop-thread-0] DEBUG d.m.q.transfer.SimpleTransferEngine - submitTransfer: creating job and context
11:50:32.930 [vert.x-eventloop-thread-0] DEBUG d.m.q.transfer.SimpleTransferEngine - submitTransfer: job registered, activeJobs=1
11:50:32.930 [vert.x-eventloop-thread-0] DEBUG d.m.q.transfer.SimpleTransferEngine - submitTransfer: executing transfer via reactive pipeline
11:50:32.930 [vert.x-eventloop-thread-0] INFO  d.m.q.transfer.SimpleTransferEngine - Transfer submitted: settlement
11:50:32.930 [vert.x-eventloop-thread-0] DEBUG d.m.q.transfer.SimpleTransferEngine - submitTransfer: complete, future registered
11:50:32.930 [vert.x-eventloop-thread-0] INFO  d.m.q.transfer.SimpleTransferEngine - Starting DOWNLOAD (Remote -> Local) transfer: settlement
11:50:32.931 [vert.x-eventloop-thread-0] DEBUG d.m.q.transfer.SimpleTransferEngine - executeTransfer: starting for jobId=settlement, protocol=http, direction=DOWNLOAD (Remote -> Local), sourceUri=http://localhost:53824/in/settlement.dat, destinationUri=file:///C:/Users/mraysmit/AppData/Local/Temp/junit-531982792046494223/settlement.dat
11:50:32.931 [vert.x-eventloop-thread-0] DEBUG d.m.q.transfer.SimpleTransferEngine - executeTransfer: attempt 1 of 4 for jobId=settlement
11:50:32.931 [vert.x-eventloop-thread-0] DEBUG d.m.quorus.protocol.ProtocolFactory - Protocol found: name=http, implementation=HttpTransferProtocol
11:50:32.931 [vert.x-eventloop-thread-0] DEBUG d.m.q.protocol.HttpTransferProtocol - canHandle: HTTP download check, scheme=http, canHandle=true
11:50:32.931 [vert.x-eventloop-thread-0] DEBUG d.m.q.protocol.HttpTransferProtocol - Starting reactive HTTP transfer: jobId=settlement, direction=DOWNLOAD (Remote -> Local)
11:50:32.931 [vert.x-eventloop-thread-0] DEBUG d.m.q.protocol.HttpTransferProtocol - Validating HTTP transfer request: requestId=settlement
11:50:32.931 [vert.x-eventloop-thread-0] DEBUG d.m.q.protocol.HttpTransferProtocol - canHandle: HTTP download check, scheme=http, canHandle=true
11:50:32.931 [vert.x-eventloop-thread-0] DEBUG d.m.q.protocol.HttpTransferProtocol - Request validation passed
11:50:32.931 [vert.x-eventloop-thread-0] DEBUG d.m.q.protocol.HttpTransferProtocol - Routing to HTTP download handler
11:50:32.931 [vert.x-eventloop-thread-0] DEBUG d.m.q.protocol.HttpTransferProtocol - HTTP download: destination=C:\Users\mraysmit\AppData\Local\Temp\junit-531982792046494223\settlement.dat, tempFile=C:\Users\mraysmit\AppData\Local\Temp\junit-531982792046494223\settlement.dat.tmp
11:50:32.932 [vert.x-eventloop-thread-0] DEBUG d.m.q.protocol.HttpTransferProtocol - Created destination directory: C:\Users\mraysmit\AppData\Local\Temp\junit-531982792046494223
11:50:32.932 [vert.x-eventloop-thread-0] INFO  d.m.q.protocol.HttpTransferProtocol - Starting reactive HTTP download from http://localhost:53824/in/settlement.dat
11:50:32.936 [vert.x-eventloop-thread-0] DEBUG d.m.q.a.service.JobPollingService - Polled for jobs: found 0 pending jobs
11:50:32.936 [vert.x-eventloop-thread-0] DEBUG dev.mars.quorus.agent.QuorusAgent - No pending jobs found
11:50:32.941 [vert.x-eventloop-thread-0] DEBUG d.m.q.protocol.HttpTransferProtocol - HTTP response received: statusCode=200, statusMessage=OK
11:50:32.941 [vert.x-eventloop-thread-0] DEBUG d.m.q.protocol.HttpTransferProtocol - Response body received: 7 bytes
11:50:32.941 [vert.x-eventloop-thread-0] DEBUG d.m.q.protocol.HttpTransferProtocol - Calculating checksum for downloaded content
11:50:32.942 [vert.x-eventloop-thread-0] DEBUG d.m.q.protocol.HttpTransferProtocol - Checksum calculated: 040ffd5925d40e11c67b7238a7fc9957850b8b9a46e9729fab88c24d6a98aff2
11:50:32.942 [vert.x-eventloop-thread-0] DEBUG d.m.q.protocol.HttpTransferProtocol - Writing 7 bytes to temp file: C:\Users\mraysmit\AppData\Local\Temp\junit-531982792046494223\settlement.dat.tmp
11:50:32.944 [vert.x-eventloop-thread-0] DEBUG d.m.q.protocol.HttpTransferProtocol - Moving temp file to destination: C:\Users\mraysmit\AppData\Local\Temp\junit-531982792046494223\settlement.dat.tmp -> C:\Users\mraysmit\AppData\Local\Temp\junit-531982792046494223\settlement.dat
11:50:32.946 [vert.x-eventloop-thread-0] INFO  d.m.q.protocol.HttpTransferProtocol - HTTP download completed: jobId=settlement, bytesTransferred=7, checksum=040ffd5925d40e11c67b7238a7fc9957850b8b9a46e9729fab88c24d6a98aff2
11:50:32.946 [vert.x-eventloop-thread-0] INFO  d.m.q.transfer.SimpleTransferEngine - DOWNLOAD (Remote -> Local) transfer completed successfully: settlement
11:50:32.946 [vert.x-eventloop-thread-0] DEBUG d.m.q.transfer.SimpleTransferEngine - submitTransfer: cleaning up job settlement from active collections
11:50:32.946 [vert.x-eventloop-thread-0] INFO  d.m.q.a.s.TransferExecutionService - Transfer completed successfully: settlement (7 bytes in 15ms)
11:50:32.946 [vert.x-eventloop-thread-0] INFO  dev.mars.quorus.agent.QuorusAgent - Transfer completed successfully: settlement (7 bytes in 15ms)
11:50:32.952 [vert.x-eventloop-thread-0] DEBUG d.m.q.a.s.JobStatusReportingService - Job status reported: settlement -> COMPLETED
11:50:32.952 [main] INFO  dev.mars.quorus.agent.QuorusAgent - Shutting down Quorus Agent (reactive mode)...
11:50:32.952 [main] INFO  dev.mars.quorus.agent.QuorusAgent - Heartbeat timer cancelled: true [ID: 5]
11:50:32.952 [main] INFO  dev.mars.quorus.agent.QuorusAgent - Job polling timer cancelled: true [ID: 7]
11:50:32.952 [main] INFO  d.m.q.a.s.TransferExecutionService - Shutting down transfer execution service...
11:50:32.953 [main] DEBUG d.m.q.transfer.SimpleTransferEngine - shutdown: initiating with timeout=30s
11:50:32.953 [main] INFO  d.m.q.transfer.SimpleTransferEngine - Shutting down transfer engine...
11:50:32.953 [main] DEBUG d.m.q.transfer.SimpleTransferEngine - shutdown: cancelling 0 active transfers
11:50:32.953 [main] DEBUG d.m.q.transfer.SimpleTransferEngine - awaitActiveTransfers: no active transfers
11:50:32.953 [main] INFO  d.m.q.transfer.SimpleTransferEngine - Transfer engine shutdown completed
11:50:32.953 [main] INFO  d.m.q.a.s.TransferExecutionService - Transfer execution service shutdown complete
11:50:32.953 [main] DEBUG d.m.q.agent.service.HeartbeatService - Shutting down HeartbeatService WebClient
11:50:32.953 [main] DEBUG d.m.q.a.service.JobPollingService - Shutting down JobPollingService WebClient
11:50:32.953 [vert.x-eventloop-thread-0] DEBUG d.m.q.a.service.JobPollingService - Polled for jobs: found 0 pending jobs
11:50:32.953 [vert.x-eventloop-thread-0] DEBUG dev.mars.quorus.agent.QuorusAgent - No pending jobs found
11:50:32.953 [main] DEBUG d.m.q.a.s.JobStatusReportingService - Shutting down JobStatusReportingService WebClient
11:50:32.955 [vert.x-eventloop-thread-0] INFO  d.m.q.agent.service.HealthService - Health service stopped
11:50:32.955 [vert.x-eventloop-thread-0] INFO  d.m.q.a.s.AgentRegistrationService - Deregistering agent payments-agent from controller
11:50:32.957 [vert.x-eventloop-thread-0] INFO  d.m.q.a.s.AgentRegistrationService - Agent payments-agent deregistered successfully
11:50:32.957 [vert.x-eventloop-thread-0] INFO  dev.mars.quorus.agent.QuorusAgent - Agent deregistered from controller
11:50:32.957 [vert.x-eventloop-thread-0] INFO  dev.mars.quorus.agent.QuorusAgent - Quorus Agent shutdown complete (0 threads to cleanup)
11:50:33.037 [main] INFO  d.m.quorus.agent.config.AgentConfig - Loaded configuration from quorus-agent.properties
11:50:33.037 [main] INFO  d.m.quorus.agent.config.AgentConfig - === Quorus Agent Configuration ===
11:50:33.037 [main] WARN  d.m.quorus.agent.config.AgentConfig - Agent ID not configured, derived from hostname: agent-NUC10A
11:50:33.037 [main] INFO  d.m.quorus.agent.config.AgentConfig -   Agent ID:             agent-NUC10A
11:50:33.037 [main] WARN  d.m.quorus.agent.config.AgentConfig -   Tenant ID:            NOT CONFIGURED
11:50:33.037 [main] INFO  d.m.quorus.agent.config.AgentConfig -   Agent Port:           8080
11:50:33.037 [main] INFO  d.m.quorus.agent.config.AgentConfig -   Controller URL:       https://localhost:8080/api/v1
11:50:33.037 [main] INFO  d.m.quorus.agent.config.AgentConfig -   Region:               default
11:50:33.037 [main] INFO  d.m.quorus.agent.config.AgentConfig -   Datacenter:           default
11:50:33.037 [main] INFO  d.m.quorus.agent.config.AgentConfig -   Supported Protocols:  HTTP,HTTPS
11:50:33.038 [main] INFO  d.m.quorus.agent.config.AgentConfig -   Version:              1.0.0
11:50:33.038 [main] INFO  d.m.quorus.agent.config.AgentConfig -   --- Transfer ---
11:50:33.038 [main] INFO  d.m.quorus.agent.config.AgentConfig -   Max Concurrent:       5
11:50:33.038 [main] INFO  d.m.quorus.agent.config.AgentConfig -   --- Heartbeat ---
11:50:33.038 [main] INFO  d.m.quorus.agent.config.AgentConfig -   Interval:             30000ms
11:50:33.038 [main] INFO  d.m.quorus.agent.config.AgentConfig -   --- Job Polling ---
11:50:33.038 [main] INFO  d.m.quorus.agent.config.AgentConfig -   Initial Delay:        5000ms
11:50:33.038 [main] INFO  d.m.quorus.agent.config.AgentConfig -   Poll Interval:        10000ms
11:50:33.038 [main] INFO  d.m.quorus.agent.config.AgentConfig -   --- Security ---
11:50:33.038 [main] INFO  d.m.quorus.agent.config.AgentConfig -   Foreign Assignment Threshold: 1
11:50:33.038 [main] INFO  d.m.quorus.agent.config.AgentConfig -   --- Telemetry ---
11:50:33.038 [main] INFO  d.m.quorus.agent.config.AgentConfig -   Enabled:              true
11:50:33.038 [main] INFO  d.m.quorus.agent.config.AgentConfig -   Prometheus Port:      9465
11:50:33.038 [main] INFO  d.m.quorus.agent.config.AgentConfig -   OTLP Endpoint:        http://localhost:4317
11:50:33.038 [main] INFO  d.m.quorus.agent.config.AgentConfig - ==================================
11:50:33.038 [main] INFO  dev.mars.quorus.agent.QuorusAgent - Creating QuorusAgent with Vert.x instance: 1415884524 (using Vert.x timers, no ScheduledExecutorService)
11:50:33.038 [main] WARN  d.m.q.a.s.ControllerWebClientFactory - INSECURE DEVELOPMENT MODE: agent-to-controller traffic is plaintext
11:50:33.039 [main] DEBUG d.m.q.a.s.AgentRegistrationService - AgentRegistrationService initialized with Vert.x WebClient (connectTimeout=5000ms, idleTimeout=500ms)
11:50:33.039 [main] WARN  d.m.q.a.s.ControllerWebClientFactory - INSECURE DEVELOPMENT MODE: agent-to-controller traffic is plaintext
11:50:33.039 [main] DEBUG d.m.q.agent.service.HeartbeatService - HeartbeatService initialized with Vert.x WebClient (connectTimeout=5000ms, idleTimeout=500ms)
11:50:33.039 [main] DEBUG d.m.q.transfer.SimpleTransferEngine - Initializing SimpleTransferEngine: maxConcurrent=5, maxRetries=3, retryDelay=1000ms
11:50:33.039 [main] DEBUG d.m.quorus.protocol.ProtocolFactory - Initializing ProtocolFactory with Vert.x instance
11:50:33.039 [main] DEBUG d.m.quorus.protocol.ProtocolFactory - Registering default transfer protocols
11:50:33.039 [main] DEBUG d.m.quorus.protocol.ProtocolFactory - Creating HttpTransferProtocol instance
11:50:33.039 [main] INFO  d.m.q.protocol.HttpTransferProtocol - HttpTransferProtocol initialized: connectTimeout=30000ms, readTimeout=60000ms, maxFileSize=10737418240 bytes
11:50:33.039 [main] DEBUG d.m.q.protocol.HttpTransferProtocol - HttpTransferProtocol created with Vert.x Web Client (reactive mode)
11:50:33.039 [main] INFO  d.m.quorus.protocol.ProtocolFactory - Registered protocol: http
11:50:33.039 [main] DEBUG d.m.quorus.protocol.ProtocolFactory - Protocol details: name=http, class=HttpTransferProtocol, supportsResume=false, supportsPause=true
11:50:33.040 [main] INFO  d.m.quorus.protocol.ProtocolFactory - Registered protocol alias: https -> http
11:50:33.040 [main] DEBUG d.m.quorus.protocol.ProtocolFactory - Creating SmbTransferProtocol instance
11:50:33.040 [main] INFO  d.m.quorus.protocol.ProtocolFactory - Registered protocol: smb
11:50:33.040 [main] DEBUG d.m.quorus.protocol.ProtocolFactory - Protocol details: name=smb, class=SmbTransferProtocol, supportsResume=false, supportsPause=false
11:50:33.040 [main] INFO  d.m.quorus.protocol.ProtocolFactory - Registered protocol alias: cifs -> smb
11:50:33.040 [main] DEBUG d.m.quorus.protocol.ProtocolFactory - Creating FtpTransferProtocol instance
11:50:33.040 [main] INFO  d.m.quorus.protocol.ProtocolFactory - Registered protocol: ftp
11:50:33.040 [main] DEBUG d.m.quorus.protocol.ProtocolFactory - Protocol details: name=ftp, class=FtpTransferProtocol, supportsResume=false, supportsPause=false
11:50:33.040 [main] INFO  d.m.quorus.protocol.ProtocolFactory - Registered protocol alias: ftps -> ftp
11:50:33.040 [main] DEBUG d.m.quorus.protocol.ProtocolFactory - Creating SftpTransferProtocol instance
11:50:33.040 [main] INFO  d.m.quorus.protocol.ProtocolFactory - Registered protocol: sftp
11:50:33.040 [main] DEBUG d.m.quorus.protocol.ProtocolFactory - Protocol details: name=sftp, class=SftpTransferProtocol, supportsResume=false, supportsPause=false
11:50:33.040 [main] DEBUG d.m.quorus.protocol.ProtocolFactory - Creating NfsTransferProtocol instance
11:50:33.040 [main] DEBUG d.m.q.protocol.NfsTransferProtocol - NfsTransferProtocol initialized with mountRoot=C:\nfs
11:50:33.040 [main] INFO  d.m.quorus.protocol.ProtocolFactory - Registered protocol: nfs
11:50:33.040 [main] DEBUG d.m.quorus.protocol.ProtocolFactory - Protocol details: name=nfs, class=NfsTransferProtocol, supportsResume=false, supportsPause=false
11:50:33.040 [main] INFO  d.m.quorus.protocol.ProtocolFactory - Registered default transfer protocols: count=8, schemes=ftps, ftp, http, smb, sftp, nfs, https, cifs
11:50:33.040 [main] INFO  d.m.q.transfer.SimpleTransferEngine - SimpleTransferEngine initialized with 5 max concurrent transfers (reactive mode, OpenTelemetry enabled)
11:50:33.040 [main] DEBUG d.m.q.transfer.SimpleTransferEngine - SimpleTransferEngine initialization complete - startTime=2026-09-05T03:50:33.040899Z
11:50:33.040 [main] INFO  d.m.q.a.s.TransferExecutionService - TransferExecutionService initialized (Vert.x reactive mode)
11:50:33.040 [main] WARN  d.m.q.a.s.ControllerWebClientFactory - INSECURE DEVELOPMENT MODE: agent-to-controller traffic is plaintext
11:50:33.041 [main] DEBUG d.m.q.a.service.JobPollingService - JobPollingService initialized with Vert.x WebClient (connectTimeout=5000ms, idleTimeout=500ms)
11:50:33.041 [main] WARN  d.m.q.a.s.ControllerWebClientFactory - INSECURE DEVELOPMENT MODE: agent-to-controller traffic is plaintext
11:50:33.041 [main] DEBUG d.m.q.a.s.JobStatusReportingService - JobStatusReportingService initialized with Vert.x WebClient (connectTimeout=5000ms, idleTimeout=500ms)
11:50:33.041 [main] INFO  d.m.q.a.observability.AgentMetrics - AgentMetrics initialized for agent: payments-agent
11:50:33.041 [main] INFO  dev.mars.quorus.agent.QuorusAgent - Quorus Agent initialized: payments-agent (reactive mode with OpenTelemetry)
11:50:33.041 [main] INFO  dev.mars.quorus.agent.QuorusAgent - Foreign-assignment mismatch threshold configured to 1
11:50:33.041 [main] INFO  dev.mars.quorus.agent.QuorusAgent - Starting Quorus Agent services (Vert.x reactive mode)...
11:50:33.042 [main] INFO  d.m.q.a.s.AgentRegistrationService - Registering agent payments-agent with controller at http://localhost:53831/api/v1
11:50:33.043 [vert.x-eventloop-thread-0] INFO  d.m.q.agent.service.HealthService - Health service started on port 53832
11:50:33.048 [vert.x-eventloop-thread-0] INFO  d.m.q.a.s.AgentRegistrationService - Agent payments-agent registered successfully
11:50:33.048 [vert.x-eventloop-thread-0] INFO  dev.mars.quorus.agent.QuorusAgent - Agent registered successfully with controller
11:50:33.048 [vert.x-eventloop-thread-0] INFO  dev.mars.quorus.agent.QuorusAgent - Heartbeat service started (interval: 30000ms) [Vert.x timer ID: 5]
11:50:33.048 [vert.x-eventloop-thread-0] INFO  d.m.q.a.s.TransferExecutionService - Transfer execution service started with 5 max concurrent transfers
11:50:33.048 [vert.x-eventloop-thread-0] INFO  dev.mars.quorus.agent.QuorusAgent - Transfer execution service started
11:50:33.048 [vert.x-eventloop-thread-0] INFO  dev.mars.quorus.agent.QuorusAgent - Quorus Agent started successfully (reactive mode, 0 extra threads)
11:50:33.051 [vert.x-eventloop-thread-0] INFO  dev.mars.quorus.agent.QuorusAgent - Job polling started (interval: 20ms) [Vert.x timer ID: 7]
11:50:33.078 [vert.x-eventloop-thread-0] DEBUG d.m.q.a.service.JobPollingService - Polled for jobs: found 1 pending jobs
11:50:33.079 [vert.x-eventloop-thread-0] INFO  dev.mars.quorus.agent.QuorusAgent - Found 1 pending job(s)
11:50:33.079 [vert.x-eventloop-thread-0] INFO  dev.mars.quorus.agent.QuorusAgent - Processing job: settlement (null)
11:50:33.085 [vert.x-eventloop-thread-0] DEBUG d.m.q.a.s.JobStatusReportingService - Job status reported: settlement -> ACCEPTED
11:50:33.090 [vert.x-eventloop-thread-0] DEBUG d.m.q.a.s.JobStatusReportingService - Job status reported: settlement -> IN_PROGRESS
11:50:33.090 [vert.x-eventloop-thread-0] INFO  d.m.q.a.s.TransferExecutionService - Executing transfer: http://localhost:53831/in/settlement.dat -> file:///C:/Users/mraysmit/AppData/Local/Temp/junit-3583619805036334929/settlement.dat
11:50:33.090 [vert.x-eventloop-thread-0] DEBUG d.m.q.transfer.SimpleTransferEngine - submitTransfer: request=settlement, protocol=http, direction=DOWNLOAD (Remote -> Local)
11:50:33.090 [vert.x-eventloop-thread-0] DEBUG d.m.quorus.protocol.ProtocolFactory - isProtocolSupported: protocol=http, supported=true
11:50:33.090 [vert.x-eventloop-thread-0] DEBUG d.m.quorus.protocol.ProtocolFactory - Protocol found: name=http, implementation=HttpTransferProtocol
11:50:33.090 [vert.x-eventloop-thread-0] DEBUG d.m.q.protocol.HttpTransferProtocol - canHandle: HTTP download check, scheme=http, canHandle=true
11:50:33.090 [vert.x-eventloop-thread-0] DEBUG d.m.q.transfer.SimpleTransferEngine - validateTransferRequest: request settlement validated successfully (direction=DOWNLOAD (Remote -> Local), protocol=http)
11:50:33.090 [vert.x-eventloop-thread-0] DEBUG d.m.q.transfer.SimpleTransferEngine - submitTransfer: creating job and context
11:50:33.090 [vert.x-eventloop-thread-0] DEBUG d.m.q.transfer.SimpleTransferEngine - submitTransfer: job registered, activeJobs=1
11:50:33.090 [vert.x-eventloop-thread-0] DEBUG d.m.q.transfer.SimpleTransferEngine - submitTransfer: executing transfer via reactive pipeline
11:50:33.090 [vert.x-eventloop-thread-0] INFO  d.m.q.transfer.SimpleTransferEngine - Transfer submitted: settlement
11:50:33.090 [vert.x-eventloop-thread-0] DEBUG d.m.q.transfer.SimpleTransferEngine - submitTransfer: complete, future registered
11:50:33.090 [vert.x-eventloop-thread-0] INFO  d.m.q.transfer.SimpleTransferEngine - Starting DOWNLOAD (Remote -> Local) transfer: settlement
11:50:33.090 [vert.x-eventloop-thread-0] DEBUG d.m.q.transfer.SimpleTransferEngine - executeTransfer: starting for jobId=settlement, protocol=http, direction=DOWNLOAD (Remote -> Local), sourceUri=http://localhost:53831/in/settlement.dat, destinationUri=file:///C:/Users/mraysmit/AppData/Local/Temp/junit-3583619805036334929/settlement.dat
11:50:33.090 [vert.x-eventloop-thread-0] DEBUG d.m.q.transfer.SimpleTransferEngine - executeTransfer: attempt 1 of 4 for jobId=settlement
11:50:33.091 [vert.x-eventloop-thread-0] DEBUG d.m.quorus.protocol.ProtocolFactory - Protocol found: name=http, implementation=HttpTransferProtocol
11:50:33.091 [vert.x-eventloop-thread-0] DEBUG d.m.q.protocol.HttpTransferProtocol - canHandle: HTTP download check, scheme=http, canHandle=true
11:50:33.091 [vert.x-eventloop-thread-0] DEBUG d.m.q.protocol.HttpTransferProtocol - Starting reactive HTTP transfer: jobId=settlement, direction=DOWNLOAD (Remote -> Local)
11:50:33.091 [vert.x-eventloop-thread-0] DEBUG d.m.q.protocol.HttpTransferProtocol - Validating HTTP transfer request: requestId=settlement
11:50:33.091 [vert.x-eventloop-thread-0] DEBUG d.m.q.protocol.HttpTransferProtocol - canHandle: HTTP download check, scheme=http, canHandle=true
11:50:33.091 [vert.x-eventloop-thread-0] DEBUG d.m.q.protocol.HttpTransferProtocol - Request validation passed
11:50:33.091 [vert.x-eventloop-thread-0] DEBUG d.m.q.protocol.HttpTransferProtocol - Routing to HTTP download handler
11:50:33.091 [vert.x-eventloop-thread-0] DEBUG d.m.q.protocol.HttpTransferProtocol - HTTP download: destination=C:\Users\mraysmit\AppData\Local\Temp\junit-3583619805036334929\settlement.dat, tempFile=C:\Users\mraysmit\AppData\Local\Temp\junit-3583619805036334929\settlement.dat.tmp
11:50:33.091 [vert.x-eventloop-thread-0] DEBUG d.m.q.protocol.HttpTransferProtocol - Created destination directory: C:\Users\mraysmit\AppData\Local\Temp\junit-3583619805036334929
11:50:33.092 [vert.x-eventloop-thread-0] INFO  d.m.q.protocol.HttpTransferProtocol - Starting reactive HTTP download from http://localhost:53831/in/settlement.dat
11:50:33.097 [vert.x-eventloop-thread-0] DEBUG d.m.q.protocol.HttpTransferProtocol - HTTP response received: statusCode=200, statusMessage=OK
11:50:33.097 [vert.x-eventloop-thread-0] DEBUG d.m.q.protocol.HttpTransferProtocol - Response body received: 7 bytes
11:50:33.097 [vert.x-eventloop-thread-0] DEBUG d.m.q.protocol.HttpTransferProtocol - Calculating checksum for downloaded content
11:50:33.098 [vert.x-eventloop-thread-0] DEBUG d.m.q.protocol.HttpTransferProtocol - Checksum calculated: 040ffd5925d40e11c67b7238a7fc9957850b8b9a46e9729fab88c24d6a98aff2
11:50:33.098 [vert.x-eventloop-thread-0] DEBUG d.m.q.protocol.HttpTransferProtocol - Writing 7 bytes to temp file: C:\Users\mraysmit\AppData\Local\Temp\junit-3583619805036334929\settlement.dat.tmp
11:50:33.099 [vert.x-eventloop-thread-0] DEBUG d.m.q.a.service.JobPollingService - Polled for jobs: found 0 pending jobs
11:50:33.100 [vert.x-eventloop-thread-0] DEBUG dev.mars.quorus.agent.QuorusAgent - No pending jobs found
11:50:33.101 [vert.x-eventloop-thread-0] DEBUG d.m.q.protocol.HttpTransferProtocol - Moving temp file to destination: C:\Users\mraysmit\AppData\Local\Temp\junit-3583619805036334929\settlement.dat.tmp -> C:\Users\mraysmit\AppData\Local\Temp\junit-3583619805036334929\settlement.dat
11:50:33.103 [vert.x-eventloop-thread-0] INFO  d.m.q.protocol.HttpTransferProtocol - HTTP download completed: jobId=settlement, bytesTransferred=7, checksum=040ffd5925d40e11c67b7238a7fc9957850b8b9a46e9729fab88c24d6a98aff2
11:50:33.103 [vert.x-eventloop-thread-0] INFO  d.m.q.transfer.SimpleTransferEngine - DOWNLOAD (Remote -> Local) transfer completed successfully: settlement
11:50:33.103 [vert.x-eventloop-thread-0] DEBUG d.m.q.transfer.SimpleTransferEngine - submitTransfer: cleaning up job settlement from active collections
11:50:33.103 [vert.x-eventloop-thread-0] INFO  d.m.q.a.s.TransferExecutionService - Transfer completed successfully: settlement (7 bytes in 12ms)
11:50:33.103 [vert.x-eventloop-thread-0] INFO  dev.mars.quorus.agent.QuorusAgent - Transfer completed successfully: settlement (7 bytes in 12ms)
11:50:33.115 [vert.x-eventloop-thread-0] DEBUG d.m.q.a.service.JobPollingService - Polled for jobs: found 0 pending jobs
11:50:33.115 [vert.x-eventloop-thread-0] DEBUG dev.mars.quorus.agent.QuorusAgent - No pending jobs found
11:50:33.135 [vert.x-eventloop-thread-0] DEBUG d.m.q.a.service.JobPollingService - Polled for jobs: found 0 pending jobs
11:50:33.135 [vert.x-eventloop-thread-0] DEBUG dev.mars.quorus.agent.QuorusAgent - No pending jobs found
11:50:33.154 [vert.x-eventloop-thread-0] DEBUG d.m.q.a.service.JobPollingService - Polled for jobs: found 0 pending jobs
11:50:33.154 [vert.x-eventloop-thread-0] DEBUG dev.mars.quorus.agent.QuorusAgent - No pending jobs found
11:50:33.176 [vert.x-eventloop-thread-0] DEBUG d.m.q.a.service.JobPollingService - Polled for jobs: found 0 pending jobs
11:50:33.176 [vert.x-eventloop-thread-0] DEBUG dev.mars.quorus.agent.QuorusAgent - No pending jobs found
11:50:33.195 [vert.x-eventloop-thread-0] DEBUG d.m.q.a.service.JobPollingService - Polled for jobs: found 0 pending jobs
11:50:33.195 [vert.x-eventloop-thread-0] DEBUG dev.mars.quorus.agent.QuorusAgent - No pending jobs found
11:50:33.211 [vert.x-eventloop-thread-0] DEBUG d.m.q.a.s.JobStatusReportingService - Job status reported: settlement -> COMPLETED
11:50:33.212 [main] INFO  dev.mars.quorus.agent.QuorusAgent - Shutting down Quorus Agent (reactive mode)...
11:50:33.213 [main] INFO  dev.mars.quorus.agent.QuorusAgent - Heartbeat timer cancelled: true [ID: 5]
11:50:33.213 [main] INFO  dev.mars.quorus.agent.QuorusAgent - Job polling timer cancelled: true [ID: 7]
11:50:33.213 [main] INFO  d.m.q.a.s.TransferExecutionService - Shutting down transfer execution service...
11:50:33.213 [main] DEBUG d.m.q.transfer.SimpleTransferEngine - shutdown: initiating with timeout=30s
11:50:33.213 [main] INFO  d.m.q.transfer.SimpleTransferEngine - Shutting down transfer engine...
11:50:33.213 [main] DEBUG d.m.q.transfer.SimpleTransferEngine - shutdown: cancelling 0 active transfers
11:50:33.213 [main] DEBUG d.m.q.transfer.SimpleTransferEngine - awaitActiveTransfers: no active transfers
11:50:33.213 [main] INFO  d.m.q.transfer.SimpleTransferEngine - Transfer engine shutdown completed
11:50:33.213 [vert.x-eventloop-thread-0] DEBUG d.m.q.a.service.JobPollingService - Polled for jobs: found 0 pending jobs
11:50:33.213 [main] INFO  d.m.q.a.s.TransferExecutionService - Transfer execution service shutdown complete
11:50:33.213 [vert.x-eventloop-thread-0] DEBUG dev.mars.quorus.agent.QuorusAgent - No pending jobs found
11:50:33.213 [main] DEBUG d.m.q.agent.service.HeartbeatService - Shutting down HeartbeatService WebClient
11:50:33.213 [main] DEBUG d.m.q.a.service.JobPollingService - Shutting down JobPollingService WebClient
11:50:33.213 [main] DEBUG d.m.q.a.s.JobStatusReportingService - Shutting down JobStatusReportingService WebClient
11:50:33.215 [vert.x-eventloop-thread-0] INFO  d.m.q.agent.service.HealthService - Health service stopped
11:50:33.215 [vert.x-eventloop-thread-0] INFO  d.m.q.a.s.AgentRegistrationService - Deregistering agent payments-agent from controller
11:50:33.219 [vert.x-eventloop-thread-0] INFO  d.m.q.a.s.AgentRegistrationService - Agent payments-agent deregistered successfully
11:50:33.219 [vert.x-eventloop-thread-0] INFO  dev.mars.quorus.agent.QuorusAgent - Agent deregistered from controller
11:50:33.219 [vert.x-eventloop-thread-0] INFO  dev.mars.quorus.agent.QuorusAgent - Quorus Agent shutdown complete (0 threads to cleanup)
11:50:33.300 [main] INFO  d.m.quorus.agent.config.AgentConfig - Loaded configuration from quorus-agent.properties
11:50:33.300 [main] INFO  d.m.quorus.agent.config.AgentConfig - === Quorus Agent Configuration ===
11:50:33.300 [main] WARN  d.m.quorus.agent.config.AgentConfig - Agent ID not configured, derived from hostname: agent-NUC10A
11:50:33.300 [main] INFO  d.m.quorus.agent.config.AgentConfig -   Agent ID:             agent-NUC10A
11:50:33.300 [main] WARN  d.m.quorus.agent.config.AgentConfig -   Tenant ID:            NOT CONFIGURED
11:50:33.300 [main] INFO  d.m.quorus.agent.config.AgentConfig -   Agent Port:           8080
11:50:33.300 [main] INFO  d.m.quorus.agent.config.AgentConfig -   Controller URL:       https://localhost:8080/api/v1
11:50:33.300 [main] INFO  d.m.quorus.agent.config.AgentConfig -   Region:               default
11:50:33.300 [main] INFO  d.m.quorus.agent.config.AgentConfig -   Datacenter:           default
11:50:33.301 [main] INFO  d.m.quorus.agent.config.AgentConfig -   Supported Protocols:  HTTP,HTTPS
11:50:33.301 [main] INFO  d.m.quorus.agent.config.AgentConfig -   Version:              1.0.0
11:50:33.301 [main] INFO  d.m.quorus.agent.config.AgentConfig -   --- Transfer ---
11:50:33.301 [main] INFO  d.m.quorus.agent.config.AgentConfig -   Max Concurrent:       5
11:50:33.301 [main] INFO  d.m.quorus.agent.config.AgentConfig -   --- Heartbeat ---
11:50:33.301 [main] INFO  d.m.quorus.agent.config.AgentConfig -   Interval:             30000ms
11:50:33.301 [main] INFO  d.m.quorus.agent.config.AgentConfig -   --- Job Polling ---
11:50:33.301 [main] INFO  d.m.quorus.agent.config.AgentConfig -   Initial Delay:        5000ms
11:50:33.301 [main] INFO  d.m.quorus.agent.config.AgentConfig -   Poll Interval:        10000ms
11:50:33.301 [main] INFO  d.m.quorus.agent.config.AgentConfig -   --- Security ---
11:50:33.301 [main] INFO  d.m.quorus.agent.config.AgentConfig -   Foreign Assignment Threshold: 1
11:50:33.301 [main] INFO  d.m.quorus.agent.config.AgentConfig -   --- Telemetry ---
11:50:33.301 [main] INFO  d.m.quorus.agent.config.AgentConfig -   Enabled:              true
11:50:33.301 [main] INFO  d.m.quorus.agent.config.AgentConfig -   Prometheus Port:      9465
11:50:33.301 [main] INFO  d.m.quorus.agent.config.AgentConfig -   OTLP Endpoint:        http://localhost:4317
11:50:33.301 [main] INFO  d.m.quorus.agent.config.AgentConfig - ==================================
11:50:33.301 [main] INFO  dev.mars.quorus.agent.QuorusAgent - Creating QuorusAgent with Vert.x instance: 635569126 (using Vert.x timers, no ScheduledExecutorService)
11:50:33.301 [main] WARN  d.m.q.a.s.ControllerWebClientFactory - INSECURE DEVELOPMENT MODE: agent-to-controller traffic is plaintext
11:50:33.301 [main] DEBUG d.m.q.a.s.AgentRegistrationService - AgentRegistrationService initialized with Vert.x WebClient (connectTimeout=5000ms, idleTimeout=500ms)
11:50:33.301 [main] WARN  d.m.q.a.s.ControllerWebClientFactory - INSECURE DEVELOPMENT MODE: agent-to-controller traffic is plaintext
11:50:33.301 [main] DEBUG d.m.q.agent.service.HeartbeatService - HeartbeatService initialized with Vert.x WebClient (connectTimeout=5000ms, idleTimeout=500ms)
11:50:33.301 [main] DEBUG d.m.q.transfer.SimpleTransferEngine - Initializing SimpleTransferEngine: maxConcurrent=5, maxRetries=3, retryDelay=1000ms
11:50:33.301 [main] DEBUG d.m.quorus.protocol.ProtocolFactory - Initializing ProtocolFactory with Vert.x instance
11:50:33.301 [main] DEBUG d.m.quorus.protocol.ProtocolFactory - Registering default transfer protocols
11:50:33.301 [main] DEBUG d.m.quorus.protocol.ProtocolFactory - Creating HttpTransferProtocol instance
11:50:33.301 [main] INFO  d.m.q.protocol.HttpTransferProtocol - HttpTransferProtocol initialized: connectTimeout=30000ms, readTimeout=60000ms, maxFileSize=10737418240 bytes
11:50:33.302 [main] DEBUG d.m.q.protocol.HttpTransferProtocol - HttpTransferProtocol created with Vert.x Web Client (reactive mode)
11:50:33.302 [main] INFO  d.m.quorus.protocol.ProtocolFactory - Registered protocol: http
11:50:33.302 [main] DEBUG d.m.quorus.protocol.ProtocolFactory - Protocol details: name=http, class=HttpTransferProtocol, supportsResume=false, supportsPause=true
11:50:33.302 [main] INFO  d.m.quorus.protocol.ProtocolFactory - Registered protocol alias: https -> http
11:50:33.302 [main] DEBUG d.m.quorus.protocol.ProtocolFactory - Creating SmbTransferProtocol instance
11:50:33.302 [main] INFO  d.m.quorus.protocol.ProtocolFactory - Registered protocol: smb
11:50:33.302 [main] DEBUG d.m.quorus.protocol.ProtocolFactory - Protocol details: name=smb, class=SmbTransferProtocol, supportsResume=false, supportsPause=false
11:50:33.302 [main] INFO  d.m.quorus.protocol.ProtocolFactory - Registered protocol alias: cifs -> smb
11:50:33.302 [main] DEBUG d.m.quorus.protocol.ProtocolFactory - Creating FtpTransferProtocol instance
11:50:33.302 [main] INFO  d.m.quorus.protocol.ProtocolFactory - Registered protocol: ftp
11:50:33.302 [main] DEBUG d.m.quorus.protocol.ProtocolFactory - Protocol details: name=ftp, class=FtpTransferProtocol, supportsResume=false, supportsPause=false
11:50:33.302 [main] INFO  d.m.quorus.protocol.ProtocolFactory - Registered protocol alias: ftps -> ftp
11:50:33.302 [main] DEBUG d.m.quorus.protocol.ProtocolFactory - Creating SftpTransferProtocol instance
11:50:33.302 [main] INFO  d.m.quorus.protocol.ProtocolFactory - Registered protocol: sftp
11:50:33.302 [main] DEBUG d.m.quorus.protocol.ProtocolFactory - Protocol details: name=sftp, class=SftpTransferProtocol, supportsResume=false, supportsPause=false
11:50:33.302 [main] DEBUG d.m.quorus.protocol.ProtocolFactory - Creating NfsTransferProtocol instance
11:50:33.302 [main] DEBUG d.m.q.protocol.NfsTransferProtocol - NfsTransferProtocol initialized with mountRoot=C:\nfs
11:50:33.302 [main] INFO  d.m.quorus.protocol.ProtocolFactory - Registered protocol: nfs
11:50:33.302 [main] DEBUG d.m.quorus.protocol.ProtocolFactory - Protocol details: name=nfs, class=NfsTransferProtocol, supportsResume=false, supportsPause=false
11:50:33.302 [main] INFO  d.m.quorus.protocol.ProtocolFactory - Registered default transfer protocols: count=8, schemes=ftps, ftp, http, smb, sftp, nfs, https, cifs
11:50:33.302 [main] INFO  d.m.q.transfer.SimpleTransferEngine - SimpleTransferEngine initialized with 5 max concurrent transfers (reactive mode, OpenTelemetry enabled)
11:50:33.302 [main] DEBUG d.m.q.transfer.SimpleTransferEngine - SimpleTransferEngine initialization complete - startTime=2026-09-05T03:50:33.302085400Z
11:50:33.302 [main] INFO  d.m.q.a.s.TransferExecutionService - TransferExecutionService initialized (Vert.x reactive mode)
11:50:33.302 [main] WARN  d.m.q.a.s.ControllerWebClientFactory - INSECURE DEVELOPMENT MODE: agent-to-controller traffic is plaintext
11:50:33.302 [main] DEBUG d.m.q.a.service.JobPollingService - JobPollingService initialized with Vert.x WebClient (connectTimeout=5000ms, idleTimeout=500ms)
11:50:33.302 [main] WARN  d.m.q.a.s.ControllerWebClientFactory - INSECURE DEVELOPMENT MODE: agent-to-controller traffic is plaintext
11:50:33.302 [main] DEBUG d.m.q.a.s.JobStatusReportingService - JobStatusReportingService initialized with Vert.x WebClient (connectTimeout=5000ms, idleTimeout=500ms)
11:50:33.302 [main] INFO  d.m.q.a.observability.AgentMetrics - AgentMetrics initialized for agent: payments-agent
11:50:33.302 [main] INFO  dev.mars.quorus.agent.QuorusAgent - Quorus Agent initialized: payments-agent (reactive mode with OpenTelemetry)
11:50:33.303 [main] INFO  dev.mars.quorus.agent.QuorusAgent - Foreign-assignment mismatch threshold configured to 1
11:50:33.303 [main] INFO  dev.mars.quorus.agent.QuorusAgent - Starting Quorus Agent services (Vert.x reactive mode)...
11:50:33.303 [main] INFO  d.m.q.a.s.AgentRegistrationService - Registering agent payments-agent with controller at http://localhost:53838/api/v1
11:50:33.305 [vert.x-eventloop-thread-0] INFO  d.m.q.agent.service.HealthService - Health service started on port 53839
11:50:33.309 [vert.x-eventloop-thread-0] INFO  d.m.q.a.s.AgentRegistrationService - Agent payments-agent registered successfully
11:50:33.309 [vert.x-eventloop-thread-0] INFO  dev.mars.quorus.agent.QuorusAgent - Agent registered successfully with controller
11:50:33.309 [vert.x-eventloop-thread-0] INFO  dev.mars.quorus.agent.QuorusAgent - Heartbeat service started (interval: 30000ms) [Vert.x timer ID: 5]
11:50:33.309 [vert.x-eventloop-thread-0] INFO  d.m.q.a.s.TransferExecutionService - Transfer execution service started with 5 max concurrent transfers
11:50:33.309 [vert.x-eventloop-thread-0] INFO  dev.mars.quorus.agent.QuorusAgent - Transfer execution service started
11:50:33.309 [vert.x-eventloop-thread-0] INFO  dev.mars.quorus.agent.QuorusAgent - Quorus Agent started successfully (reactive mode, 0 extra threads)
11:50:33.312 [vert.x-eventloop-thread-0] INFO  dev.mars.quorus.agent.QuorusAgent - Job polling started (interval: 20ms) [Vert.x timer ID: 7]
11:50:33.338 [vert.x-eventloop-thread-0] DEBUG d.m.q.a.service.JobPollingService - Polled for jobs: found 1 pending jobs
11:50:33.339 [vert.x-eventloop-thread-0] INFO  dev.mars.quorus.agent.QuorusAgent - Found 1 pending job(s)
11:50:33.339 [vert.x-eventloop-thread-0] INFO  dev.mars.quorus.agent.QuorusAgent - Processing job: settlement (null)
11:50:33.347 [vert.x-eventloop-thread-0] DEBUG d.m.q.a.s.JobStatusReportingService - Job status reported: settlement -> ACCEPTED
11:50:33.358 [vert.x-eventloop-thread-0] DEBUG d.m.q.a.service.JobPollingService - Polled for jobs: found 0 pending jobs
11:50:33.359 [vert.x-eventloop-thread-0] DEBUG dev.mars.quorus.agent.QuorusAgent - No pending jobs found
11:50:33.375 [vert.x-eventloop-thread-0] DEBUG d.m.q.a.service.JobPollingService - Polled for jobs: found 0 pending jobs
11:50:33.385 [vert.x-eventloop-thread-0] DEBUG dev.mars.quorus.agent.QuorusAgent - No pending jobs found
11:50:33.394 [vert.x-eventloop-thread-0] DEBUG d.m.q.a.service.JobPollingService - Polled for jobs: found 0 pending jobs
11:50:33.394 [vert.x-eventloop-thread-0] DEBUG dev.mars.quorus.agent.QuorusAgent - No pending jobs found
11:50:33.415 [vert.x-eventloop-thread-0] DEBUG d.m.q.a.service.JobPollingService - Polled for jobs: found 0 pending jobs
11:50:33.415 [vert.x-eventloop-thread-0] DEBUG dev.mars.quorus.agent.QuorusAgent - No pending jobs found
11:50:33.435 [vert.x-eventloop-thread-0] DEBUG d.m.q.a.service.JobPollingService - Polled for jobs: found 0 pending jobs
11:50:33.435 [vert.x-eventloop-thread-0] DEBUG dev.mars.quorus.agent.QuorusAgent - No pending jobs found
11:50:33.455 [vert.x-eventloop-thread-0] DEBUG d.m.q.a.service.JobPollingService - Polled for jobs: found 0 pending jobs
11:50:33.455 [vert.x-eventloop-thread-0] DEBUG dev.mars.quorus.agent.QuorusAgent - No pending jobs found
11:50:33.462 [vert.x-eventloop-thread-0] DEBUG d.m.q.a.s.JobStatusReportingService - Job status reported: settlement -> IN_PROGRESS
11:50:33.462 [vert.x-eventloop-thread-0] INFO  d.m.q.a.s.TransferExecutionService - Executing transfer: http://localhost:53838/in/settlement.dat -> file:///C:/Users/mraysmit/AppData/Local/Temp/junit-11478391049877925606/settlement.dat
11:50:33.462 [vert.x-eventloop-thread-0] DEBUG d.m.q.transfer.SimpleTransferEngine - submitTransfer: request=settlement, protocol=http, direction=DOWNLOAD (Remote -> Local)
11:50:33.462 [vert.x-eventloop-thread-0] DEBUG d.m.quorus.protocol.ProtocolFactory - isProtocolSupported: protocol=http, supported=true
11:50:33.462 [vert.x-eventloop-thread-0] DEBUG d.m.quorus.protocol.ProtocolFactory - Protocol found: name=http, implementation=HttpTransferProtocol
11:50:33.462 [vert.x-eventloop-thread-0] DEBUG d.m.q.protocol.HttpTransferProtocol - canHandle: HTTP download check, scheme=http, canHandle=true
11:50:33.462 [vert.x-eventloop-thread-0] DEBUG d.m.q.transfer.SimpleTransferEngine - validateTransferRequest: request settlement validated successfully (direction=DOWNLOAD (Remote -> Local), protocol=http)
11:50:33.462 [vert.x-eventloop-thread-0] DEBUG d.m.q.transfer.SimpleTransferEngine - submitTransfer: creating job and context
11:50:33.462 [vert.x-eventloop-thread-0] DEBUG d.m.q.transfer.SimpleTransferEngine - submitTransfer: job registered, activeJobs=1
11:50:33.462 [vert.x-eventloop-thread-0] DEBUG d.m.q.transfer.SimpleTransferEngine - submitTransfer: executing transfer via reactive pipeline
11:50:33.462 [vert.x-eventloop-thread-0] INFO  d.m.q.transfer.SimpleTransferEngine - Transfer submitted: settlement
11:50:33.462 [vert.x-eventloop-thread-0] DEBUG d.m.q.transfer.SimpleTransferEngine - submitTransfer: complete, future registered
11:50:33.462 [vert.x-eventloop-thread-0] INFO  d.m.q.transfer.SimpleTransferEngine - Starting DOWNLOAD (Remote -> Local) transfer: settlement
11:50:33.462 [vert.x-eventloop-thread-0] DEBUG d.m.q.transfer.SimpleTransferEngine - executeTransfer: starting for jobId=settlement, protocol=http, direction=DOWNLOAD (Remote -> Local), sourceUri=http://localhost:53838/in/settlement.dat, destinationUri=file:///C:/Users/mraysmit/AppData/Local/Temp/junit-11478391049877925606/settlement.dat
11:50:33.462 [vert.x-eventloop-thread-0] DEBUG d.m.q.transfer.SimpleTransferEngine - executeTransfer: attempt 1 of 4 for jobId=settlement
11:50:33.462 [vert.x-eventloop-thread-0] DEBUG d.m.quorus.protocol.ProtocolFactory - Protocol found: name=http, implementation=HttpTransferProtocol
11:50:33.462 [vert.x-eventloop-thread-0] DEBUG d.m.q.protocol.HttpTransferProtocol - canHandle: HTTP download check, scheme=http, canHandle=true
11:50:33.462 [vert.x-eventloop-thread-0] DEBUG d.m.q.protocol.HttpTransferProtocol - Starting reactive HTTP transfer: jobId=settlement, direction=DOWNLOAD (Remote -> Local)
11:50:33.462 [vert.x-eventloop-thread-0] DEBUG d.m.q.protocol.HttpTransferProtocol - Validating HTTP transfer request: requestId=settlement
11:50:33.462 [vert.x-eventloop-thread-0] DEBUG d.m.q.protocol.HttpTransferProtocol - canHandle: HTTP download check, scheme=http, canHandle=true
11:50:33.462 [vert.x-eventloop-thread-0] DEBUG d.m.q.protocol.HttpTransferProtocol - Request validation passed
11:50:33.462 [vert.x-eventloop-thread-0] DEBUG d.m.q.protocol.HttpTransferProtocol - Routing to HTTP download handler
11:50:33.462 [vert.x-eventloop-thread-0] DEBUG d.m.q.protocol.HttpTransferProtocol - HTTP download: destination=C:\Users\mraysmit\AppData\Local\Temp\junit-11478391049877925606\settlement.dat, tempFile=C:\Users\mraysmit\AppData\Local\Temp\junit-11478391049877925606\settlement.dat.tmp
11:50:33.463 [vert.x-eventloop-thread-0] DEBUG d.m.q.protocol.HttpTransferProtocol - Created destination directory: C:\Users\mraysmit\AppData\Local\Temp\junit-11478391049877925606
11:50:33.463 [vert.x-eventloop-thread-0] INFO  d.m.q.protocol.HttpTransferProtocol - Starting reactive HTTP download from http://localhost:53838/in/settlement.dat
11:50:33.466 [vert.x-eventloop-thread-0] DEBUG d.m.q.protocol.HttpTransferProtocol - HTTP response received: statusCode=200, statusMessage=OK
11:50:33.467 [vert.x-eventloop-thread-0] DEBUG d.m.q.protocol.HttpTransferProtocol - Response body received: 7 bytes
11:50:33.467 [vert.x-eventloop-thread-0] DEBUG d.m.q.protocol.HttpTransferProtocol - Calculating checksum for downloaded content
11:50:33.468 [vert.x-eventloop-thread-0] DEBUG d.m.q.protocol.HttpTransferProtocol - Checksum calculated: 040ffd5925d40e11c67b7238a7fc9957850b8b9a46e9729fab88c24d6a98aff2
11:50:33.468 [vert.x-eventloop-thread-0] DEBUG d.m.q.protocol.HttpTransferProtocol - Writing 7 bytes to temp file: C:\Users\mraysmit\AppData\Local\Temp\junit-11478391049877925606\settlement.dat.tmp
11:50:33.470 [vert.x-eventloop-thread-0] DEBUG d.m.q.protocol.HttpTransferProtocol - Moving temp file to destination: C:\Users\mraysmit\AppData\Local\Temp\junit-11478391049877925606\settlement.dat.tmp -> C:\Users\mraysmit\AppData\Local\Temp\junit-11478391049877925606\settlement.dat
11:50:33.472 [vert.x-eventloop-thread-0] INFO  d.m.q.protocol.HttpTransferProtocol - HTTP download completed: jobId=settlement, bytesTransferred=7, checksum=040ffd5925d40e11c67b7238a7fc9957850b8b9a46e9729fab88c24d6a98aff2
11:50:33.473 [vert.x-eventloop-thread-0] INFO  d.m.q.transfer.SimpleTransferEngine - DOWNLOAD (Remote -> Local) transfer completed successfully: settlement
11:50:33.473 [vert.x-eventloop-thread-0] DEBUG d.m.q.transfer.SimpleTransferEngine - submitTransfer: cleaning up job settlement from active collections
11:50:33.473 [vert.x-eventloop-thread-0] INFO  d.m.q.a.s.TransferExecutionService - Transfer completed successfully: settlement (7 bytes in 10ms)
11:50:33.473 [vert.x-eventloop-thread-0] INFO  dev.mars.quorus.agent.QuorusAgent - Transfer completed successfully: settlement (7 bytes in 10ms)
11:50:33.474 [vert.x-eventloop-thread-0] DEBUG d.m.q.a.service.JobPollingService - Polled for jobs: found 0 pending jobs
11:50:33.474 [vert.x-eventloop-thread-0] DEBUG dev.mars.quorus.agent.QuorusAgent - No pending jobs found
11:50:33.475 [vert.x-eventloop-thread-0] DEBUG d.m.q.a.s.JobStatusReportingService - Job status reported: settlement -> COMPLETED
11:50:33.476 [main] INFO  dev.mars.quorus.agent.QuorusAgent - Shutting down Quorus Agent (reactive mode)...
11:50:33.476 [main] INFO  dev.mars.quorus.agent.QuorusAgent - Heartbeat timer cancelled: true [ID: 5]
11:50:33.476 [main] INFO  dev.mars.quorus.agent.QuorusAgent - Job polling timer cancelled: true [ID: 7]
11:50:33.476 [main] INFO  d.m.q.a.s.TransferExecutionService - Shutting down transfer execution service...
11:50:33.476 [main] DEBUG d.m.q.transfer.SimpleTransferEngine - shutdown: initiating with timeout=30s
11:50:33.476 [main] INFO  d.m.q.transfer.SimpleTransferEngine - Shutting down transfer engine...
11:50:33.476 [main] DEBUG d.m.q.transfer.SimpleTransferEngine - shutdown: cancelling 0 active transfers
11:50:33.476 [main] DEBUG d.m.q.transfer.SimpleTransferEngine - awaitActiveTransfers: no active transfers
11:50:33.476 [main] INFO  d.m.q.transfer.SimpleTransferEngine - Transfer engine shutdown completed
11:50:33.476 [main] INFO  d.m.q.a.s.TransferExecutionService - Transfer execution service shutdown complete
11:50:33.476 [main] DEBUG d.m.q.agent.service.HeartbeatService - Shutting down HeartbeatService WebClient
11:50:33.476 [main] DEBUG d.m.q.a.service.JobPollingService - Shutting down JobPollingService WebClient
11:50:33.476 [main] DEBUG d.m.q.a.s.JobStatusReportingService - Shutting down JobStatusReportingService WebClient
11:50:33.477 [vert.x-eventloop-thread-0] INFO  d.m.q.agent.service.HealthService - Health service stopped
11:50:33.477 [vert.x-eventloop-thread-0] INFO  d.m.q.a.s.AgentRegistrationService - Deregistering agent payments-agent from controller
11:50:33.478 [vert.x-eventloop-thread-0] INFO  d.m.q.a.s.AgentRegistrationService - Agent payments-agent deregistered successfully
11:50:33.478 [vert.x-eventloop-thread-0] INFO  dev.mars.quorus.agent.QuorusAgent - Agent deregistered from controller
11:50:33.478 [vert.x-eventloop-thread-0] INFO  dev.mars.quorus.agent.QuorusAgent - Quorus Agent shutdown complete (0 threads to cleanup)
11:50:33.534 [main] INFO  d.m.quorus.agent.config.AgentConfig - Loaded configuration from quorus-agent.properties
11:50:33.535 [main] INFO  d.m.quorus.agent.config.AgentConfig - === Quorus Agent Configuration ===
11:50:33.535 [main] WARN  d.m.quorus.agent.config.AgentConfig - Agent ID not configured, derived from hostname: agent-NUC10A
11:50:33.535 [main] INFO  d.m.quorus.agent.config.AgentConfig -   Agent ID:             agent-NUC10A
11:50:33.535 [main] WARN  d.m.quorus.agent.config.AgentConfig -   Tenant ID:            NOT CONFIGURED
11:50:33.535 [main] INFO  d.m.quorus.agent.config.AgentConfig -   Agent Port:           8080
11:50:33.535 [main] INFO  d.m.quorus.agent.config.AgentConfig -   Controller URL:       https://localhost:8080/api/v1
11:50:33.535 [main] INFO  d.m.quorus.agent.config.AgentConfig -   Region:               default
11:50:33.535 [main] INFO  d.m.quorus.agent.config.AgentConfig -   Datacenter:           default
11:50:33.535 [main] INFO  d.m.quorus.agent.config.AgentConfig -   Supported Protocols:  HTTP,HTTPS
11:50:33.535 [main] INFO  d.m.quorus.agent.config.AgentConfig -   Version:              1.0.0
11:50:33.535 [main] INFO  d.m.quorus.agent.config.AgentConfig -   --- Transfer ---
11:50:33.535 [main] INFO  d.m.quorus.agent.config.AgentConfig -   Max Concurrent:       5
11:50:33.535 [main] INFO  d.m.quorus.agent.config.AgentConfig -   --- Heartbeat ---
11:50:33.535 [main] INFO  d.m.quorus.agent.config.AgentConfig -   Interval:             30000ms
11:50:33.535 [main] INFO  d.m.quorus.agent.config.AgentConfig -   --- Job Polling ---
11:50:33.535 [main] INFO  d.m.quorus.agent.config.AgentConfig -   Initial Delay:        5000ms
11:50:33.535 [main] INFO  d.m.quorus.agent.config.AgentConfig -   Poll Interval:        10000ms
11:50:33.535 [main] INFO  d.m.quorus.agent.config.AgentConfig -   --- Security ---
11:50:33.535 [main] INFO  d.m.quorus.agent.config.AgentConfig -   Foreign Assignment Threshold: 1
11:50:33.535 [main] INFO  d.m.quorus.agent.config.AgentConfig -   --- Telemetry ---
11:50:33.535 [main] INFO  d.m.quorus.agent.config.AgentConfig -   Enabled:              true
11:50:33.535 [main] INFO  d.m.quorus.agent.config.AgentConfig -   Prometheus Port:      9465
11:50:33.535 [main] INFO  d.m.quorus.agent.config.AgentConfig -   OTLP Endpoint:        http://localhost:4317
11:50:33.535 [main] INFO  d.m.quorus.agent.config.AgentConfig - ==================================
11:50:33.535 [main] INFO  dev.mars.quorus.agent.QuorusAgent - Creating QuorusAgent with Vert.x instance: 1904811371 (using Vert.x timers, no ScheduledExecutorService)
11:50:33.536 [main] WARN  d.m.q.a.s.ControllerWebClientFactory - INSECURE DEVELOPMENT MODE: agent-to-controller traffic is plaintext
11:50:33.536 [main] DEBUG d.m.q.a.s.AgentRegistrationService - AgentRegistrationService initialized with Vert.x WebClient (connectTimeout=5000ms, idleTimeout=500ms)
11:50:33.536 [main] WARN  d.m.q.a.s.ControllerWebClientFactory - INSECURE DEVELOPMENT MODE: agent-to-controller traffic is plaintext
11:50:33.536 [main] DEBUG d.m.q.agent.service.HeartbeatService - HeartbeatService initialized with Vert.x WebClient (connectTimeout=5000ms, idleTimeout=500ms)
11:50:33.536 [main] DEBUG d.m.q.transfer.SimpleTransferEngine - Initializing SimpleTransferEngine: maxConcurrent=5, maxRetries=3, retryDelay=1000ms
11:50:33.536 [main] DEBUG d.m.quorus.protocol.ProtocolFactory - Initializing ProtocolFactory with Vert.x instance
11:50:33.536 [main] DEBUG d.m.quorus.protocol.ProtocolFactory - Registering default transfer protocols
11:50:33.536 [main] DEBUG d.m.quorus.protocol.ProtocolFactory - Creating HttpTransferProtocol instance
11:50:33.537 [main] INFO  d.m.q.protocol.HttpTransferProtocol - HttpTransferProtocol initialized: connectTimeout=30000ms, readTimeout=60000ms, maxFileSize=10737418240 bytes
11:50:33.537 [main] DEBUG d.m.q.protocol.HttpTransferProtocol - HttpTransferProtocol created with Vert.x Web Client (reactive mode)
11:50:33.537 [main] INFO  d.m.quorus.protocol.ProtocolFactory - Registered protocol: http
11:50:33.537 [main] DEBUG d.m.quorus.protocol.ProtocolFactory - Protocol details: name=http, class=HttpTransferProtocol, supportsResume=false, supportsPause=true
11:50:33.537 [main] INFO  d.m.quorus.protocol.ProtocolFactory - Registered protocol alias: https -> http
11:50:33.537 [main] DEBUG d.m.quorus.protocol.ProtocolFactory - Creating SmbTransferProtocol instance
11:50:33.537 [main] INFO  d.m.quorus.protocol.ProtocolFactory - Registered protocol: smb
11:50:33.537 [main] DEBUG d.m.quorus.protocol.ProtocolFactory - Protocol details: name=smb, class=SmbTransferProtocol, supportsResume=false, supportsPause=false
11:50:33.537 [main] INFO  d.m.quorus.protocol.ProtocolFactory - Registered protocol alias: cifs -> smb
11:50:33.537 [main] DEBUG d.m.quorus.protocol.ProtocolFactory - Creating FtpTransferProtocol instance
11:50:33.537 [main] INFO  d.m.quorus.protocol.ProtocolFactory - Registered protocol: ftp
11:50:33.537 [main] DEBUG d.m.quorus.protocol.ProtocolFactory - Protocol details: name=ftp, class=FtpTransferProtocol, supportsResume=false, supportsPause=false
11:50:33.537 [main] INFO  d.m.quorus.protocol.ProtocolFactory - Registered protocol alias: ftps -> ftp
11:50:33.537 [main] DEBUG d.m.quorus.protocol.ProtocolFactory - Creating SftpTransferProtocol instance
11:50:33.537 [main] INFO  d.m.quorus.protocol.ProtocolFactory - Registered protocol: sftp
11:50:33.537 [main] DEBUG d.m.quorus.protocol.ProtocolFactory - Protocol details: name=sftp, class=SftpTransferProtocol, supportsResume=false, supportsPause=false
11:50:33.537 [main] DEBUG d.m.quorus.protocol.ProtocolFactory - Creating NfsTransferProtocol instance
11:50:33.537 [main] DEBUG d.m.q.protocol.NfsTransferProtocol - NfsTransferProtocol initialized with mountRoot=C:\nfs
11:50:33.537 [main] INFO  d.m.quorus.protocol.ProtocolFactory - Registered protocol: nfs
11:50:33.537 [main] DEBUG d.m.quorus.protocol.ProtocolFactory - Protocol details: name=nfs, class=NfsTransferProtocol, supportsResume=false, supportsPause=false
11:50:33.537 [main] INFO  d.m.quorus.protocol.ProtocolFactory - Registered default transfer protocols: count=8, schemes=ftps, ftp, http, smb, sftp, nfs, https, cifs
11:50:33.537 [main] INFO  d.m.q.transfer.SimpleTransferEngine - SimpleTransferEngine initialized with 5 max concurrent transfers (reactive mode, OpenTelemetry enabled)
11:50:33.537 [main] DEBUG d.m.q.transfer.SimpleTransferEngine - SimpleTransferEngine initialization complete - startTime=2026-09-05T03:50:33.537622900Z
11:50:33.537 [main] INFO  d.m.q.a.s.TransferExecutionService - TransferExecutionService initialized (Vert.x reactive mode)
11:50:33.538 [main] WARN  d.m.q.a.s.ControllerWebClientFactory - INSECURE DEVELOPMENT MODE: agent-to-controller traffic is plaintext
11:50:33.538 [main] DEBUG d.m.q.a.service.JobPollingService - JobPollingService initialized with Vert.x WebClient (connectTimeout=5000ms, idleTimeout=500ms)
11:50:33.538 [main] WARN  d.m.q.a.s.ControllerWebClientFactory - INSECURE DEVELOPMENT MODE: agent-to-controller traffic is plaintext
11:50:33.538 [main] DEBUG d.m.q.a.s.JobStatusReportingService - JobStatusReportingService initialized with Vert.x WebClient (connectTimeout=5000ms, idleTimeout=500ms)
11:50:33.538 [main] INFO  d.m.q.a.observability.AgentMetrics - AgentMetrics initialized for agent: payments-agent
11:50:33.538 [main] INFO  dev.mars.quorus.agent.QuorusAgent - Quorus Agent initialized: payments-agent (reactive mode with OpenTelemetry)
11:50:33.538 [main] INFO  dev.mars.quorus.agent.QuorusAgent - Foreign-assignment mismatch threshold configured to 1
11:50:33.538 [main] INFO  dev.mars.quorus.agent.QuorusAgent - Starting Quorus Agent services (Vert.x reactive mode)...
11:50:33.539 [main] INFO  d.m.q.a.s.AgentRegistrationService - Registering agent payments-agent with controller at http://localhost:53845/api/v1
11:50:33.541 [vert.x-eventloop-thread-0] INFO  d.m.q.agent.service.HealthService - Health service started on port 53846
11:50:33.545 [vert.x-eventloop-thread-0] INFO  d.m.q.a.s.AgentRegistrationService - Agent payments-agent registered successfully
11:50:33.545 [vert.x-eventloop-thread-0] INFO  dev.mars.quorus.agent.QuorusAgent - Agent registered successfully with controller
11:50:33.545 [vert.x-eventloop-thread-0] INFO  dev.mars.quorus.agent.QuorusAgent - Heartbeat service started (interval: 30000ms) [Vert.x timer ID: 5]
11:50:33.545 [vert.x-eventloop-thread-0] INFO  d.m.q.a.s.TransferExecutionService - Transfer execution service started with 5 max concurrent transfers
11:50:33.545 [vert.x-eventloop-thread-0] INFO  dev.mars.quorus.agent.QuorusAgent - Transfer execution service started
11:50:33.545 [vert.x-eventloop-thread-0] INFO  dev.mars.quorus.agent.QuorusAgent - Quorus Agent started successfully (reactive mode, 0 extra threads)
11:50:33.548 [vert.x-eventloop-thread-0] INFO  dev.mars.quorus.agent.QuorusAgent - Job polling started (interval: 20ms) [Vert.x timer ID: 7]
11:50:33.572 [vert.x-eventloop-thread-0] DEBUG d.m.q.a.service.JobPollingService - Polled for jobs: found 1 pending jobs
11:50:33.572 [vert.x-eventloop-thread-0] INFO  dev.mars.quorus.agent.QuorusAgent - Found 1 pending job(s)
11:50:33.572 [vert.x-eventloop-thread-0] INFO  dev.mars.quorus.agent.QuorusAgent - Processing job: settlement (null)
11:50:33.575 [vert.x-eventloop-thread-0] DEBUG d.m.q.a.s.JobStatusReportingService - Job status reported: settlement -> ACCEPTED
11:50:33.578 [vert.x-eventloop-thread-0] ERROR d.m.q.a.s.JobStatusReportingService - Status report unresolved or rejected: jobId=settlement, status=IN_PROGRESS, attemptId=settlement-attempt-1, sequence=2: Q-REPORT-REJECTED: HTTP 403
11:50:33.578 [vert.x-eventloop-thread-0] ERROR dev.mars.quorus.agent.QuorusAgent - Job settlement was not executed because its start report was rejected or unresolved: Q-REPORT-REJECTED: HTTP 403
11:50:33.590 [vert.x-eventloop-thread-0] DEBUG d.m.q.a.service.JobPollingService - Polled for jobs: found 0 pending jobs
11:50:33.590 [vert.x-eventloop-thread-0] DEBUG dev.mars.quorus.agent.QuorusAgent - No pending jobs found
11:50:33.611 [vert.x-eventloop-thread-0] DEBUG d.m.q.a.service.JobPollingService - Polled for jobs: found 0 pending jobs
11:50:33.611 [vert.x-eventloop-thread-0] DEBUG dev.mars.quorus.agent.QuorusAgent - No pending jobs found
11:50:33.632 [vert.x-eventloop-thread-0] DEBUG d.m.q.a.service.JobPollingService - Polled for jobs: found 0 pending jobs
11:50:33.632 [vert.x-eventloop-thread-0] DEBUG dev.mars.quorus.agent.QuorusAgent - No pending jobs found
11:50:33.652 [vert.x-eventloop-thread-0] DEBUG d.m.q.a.service.JobPollingService - Polled for jobs: found 0 pending jobs
11:50:33.652 [vert.x-eventloop-thread-0] DEBUG dev.mars.quorus.agent.QuorusAgent - No pending jobs found
11:50:33.671 [vert.x-eventloop-thread-0] DEBUG d.m.q.a.service.JobPollingService - Polled for jobs: found 0 pending jobs
11:50:33.671 [vert.x-eventloop-thread-0] DEBUG dev.mars.quorus.agent.QuorusAgent - No pending jobs found
11:50:33.690 [vert.x-eventloop-thread-0] DEBUG d.m.q.a.service.JobPollingService - Polled for jobs: found 0 pending jobs
11:50:33.690 [vert.x-eventloop-thread-0] DEBUG dev.mars.quorus.agent.QuorusAgent - No pending jobs found
11:50:33.711 [vert.x-eventloop-thread-0] DEBUG d.m.q.a.service.JobPollingService - Polled for jobs: found 0 pending jobs
11:50:33.711 [vert.x-eventloop-thread-0] DEBUG dev.mars.quorus.agent.QuorusAgent - No pending jobs found
11:50:33.731 [vert.x-eventloop-thread-0] DEBUG d.m.q.a.service.JobPollingService - Polled for jobs: found 0 pending jobs
11:50:33.731 [vert.x-eventloop-thread-0] DEBUG dev.mars.quorus.agent.QuorusAgent - No pending jobs found
11:50:33.752 [vert.x-eventloop-thread-0] DEBUG d.m.q.a.service.JobPollingService - Polled for jobs: found 0 pending jobs
11:50:33.752 [vert.x-eventloop-thread-0] DEBUG dev.mars.quorus.agent.QuorusAgent - No pending jobs found
11:50:33.770 [vert.x-eventloop-thread-0] DEBUG d.m.q.a.service.JobPollingService - Polled for jobs: found 0 pending jobs
11:50:33.770 [vert.x-eventloop-thread-0] DEBUG dev.mars.quorus.agent.QuorusAgent - No pending jobs found
11:50:33.792 [vert.x-eventloop-thread-0] DEBUG d.m.q.a.service.JobPollingService - Polled for jobs: found 0 pending jobs
11:50:33.792 [vert.x-eventloop-thread-0] DEBUG dev.mars.quorus.agent.QuorusAgent - No pending jobs found
11:50:33.812 [vert.x-eventloop-thread-0] DEBUG d.m.q.a.service.JobPollingService - Polled for jobs: found 0 pending jobs
11:50:33.812 [vert.x-eventloop-thread-0] DEBUG dev.mars.quorus.agent.QuorusAgent - No pending jobs found
11:50:33.830 [vert.x-eventloop-thread-0] DEBUG d.m.q.a.service.JobPollingService - Polled for jobs: found 0 pending jobs
11:50:33.830 [vert.x-eventloop-thread-0] DEBUG dev.mars.quorus.agent.QuorusAgent - No pending jobs found
11:50:33.851 [vert.x-eventloop-thread-0] DEBUG d.m.q.a.service.JobPollingService - Polled for jobs: found 0 pending jobs
11:50:33.851 [vert.x-eventloop-thread-0] DEBUG dev.mars.quorus.agent.QuorusAgent - No pending jobs found
11:50:33.870 [vert.x-eventloop-thread-0] DEBUG d.m.q.a.service.JobPollingService - Polled for jobs: found 0 pending jobs
11:50:33.870 [vert.x-eventloop-thread-0] DEBUG dev.mars.quorus.agent.QuorusAgent - No pending jobs found
11:50:33.892 [vert.x-eventloop-thread-0] DEBUG d.m.q.a.service.JobPollingService - Polled for jobs: found 0 pending jobs
11:50:33.892 [vert.x-eventloop-thread-0] DEBUG dev.mars.quorus.agent.QuorusAgent - No pending jobs found
11:50:33.910 [vert.x-eventloop-thread-0] DEBUG d.m.q.a.service.JobPollingService - Polled for jobs: found 0 pending jobs
11:50:33.911 [vert.x-eventloop-thread-0] DEBUG dev.mars.quorus.agent.QuorusAgent - No pending jobs found
11:50:33.930 [vert.x-eventloop-thread-0] DEBUG d.m.q.a.service.JobPollingService - Polled for jobs: found 0 pending jobs
11:50:33.931 [vert.x-eventloop-thread-0] DEBUG dev.mars.quorus.agent.QuorusAgent - No pending jobs found
11:50:33.951 [vert.x-eventloop-thread-0] DEBUG d.m.q.a.service.JobPollingService - Polled for jobs: found 0 pending jobs
11:50:33.951 [vert.x-eventloop-thread-0] DEBUG dev.mars.quorus.agent.QuorusAgent - No pending jobs found
11:50:33.971 [vert.x-eventloop-thread-0] DEBUG d.m.q.a.service.JobPollingService - Polled for jobs: found 0 pending jobs
11:50:33.972 [vert.x-eventloop-thread-0] DEBUG dev.mars.quorus.agent.QuorusAgent - No pending jobs found
11:50:33.990 [vert.x-eventloop-thread-0] DEBUG d.m.q.a.service.JobPollingService - Polled for jobs: found 0 pending jobs
11:50:33.990 [vert.x-eventloop-thread-0] DEBUG dev.mars.quorus.agent.QuorusAgent - No pending jobs found
11:50:34.011 [vert.x-eventloop-thread-0] DEBUG d.m.q.a.service.JobPollingService - Polled for jobs: found 0 pending jobs
11:50:34.011 [vert.x-eventloop-thread-0] DEBUG dev.mars.quorus.agent.QuorusAgent - No pending jobs found
11:50:34.030 [vert.x-eventloop-thread-0] DEBUG d.m.q.a.service.JobPollingService - Polled for jobs: found 0 pending jobs
11:50:34.031 [vert.x-eventloop-thread-0] DEBUG dev.mars.quorus.agent.QuorusAgent - No pending jobs found
11:50:34.051 [vert.x-eventloop-thread-0] DEBUG d.m.q.a.service.JobPollingService - Polled for jobs: found 0 pending jobs
11:50:34.052 [vert.x-eventloop-thread-0] DEBUG dev.mars.quorus.agent.QuorusAgent - No pending jobs found
11:50:34.071 [vert.x-eventloop-thread-0] DEBUG d.m.q.a.service.JobPollingService - Polled for jobs: found 0 pending jobs
11:50:34.071 [vert.x-eventloop-thread-0] DEBUG dev.mars.quorus.agent.QuorusAgent - No pending jobs found
11:50:34.090 [vert.x-eventloop-thread-0] DEBUG d.m.q.a.service.JobPollingService - Polled for jobs: found 0 pending jobs
11:50:34.091 [vert.x-eventloop-thread-0] DEBUG dev.mars.quorus.agent.QuorusAgent - No pending jobs found
11:50:34.111 [vert.x-eventloop-thread-0] DEBUG d.m.q.a.service.JobPollingService - Polled for jobs: found 0 pending jobs
11:50:34.111 [vert.x-eventloop-thread-0] DEBUG dev.mars.quorus.agent.QuorusAgent - No pending jobs found
11:50:34.131 [vert.x-eventloop-thread-0] DEBUG d.m.q.a.service.JobPollingService - Polled for jobs: found 0 pending jobs
11:50:34.131 [vert.x-eventloop-thread-0] DEBUG dev.mars.quorus.agent.QuorusAgent - No pending jobs found
11:50:34.154 [vert.x-eventloop-thread-0] DEBUG d.m.q.a.service.JobPollingService - Polled for jobs: found 0 pending jobs
11:50:34.154 [vert.x-eventloop-thread-0] DEBUG dev.mars.quorus.agent.QuorusAgent - No pending jobs found
11:50:34.171 [vert.x-eventloop-thread-0] DEBUG d.m.q.a.service.JobPollingService - Polled for jobs: found 0 pending jobs
11:50:34.171 [vert.x-eventloop-thread-0] DEBUG dev.mars.quorus.agent.QuorusAgent - No pending jobs found
11:50:34.190 [vert.x-eventloop-thread-0] DEBUG d.m.q.a.service.JobPollingService - Polled for jobs: found 0 pending jobs
11:50:34.191 [vert.x-eventloop-thread-0] DEBUG dev.mars.quorus.agent.QuorusAgent - No pending jobs found
11:50:34.211 [vert.x-eventloop-thread-0] DEBUG d.m.q.a.service.JobPollingService - Polled for jobs: found 0 pending jobs
11:50:34.211 [vert.x-eventloop-thread-0] DEBUG dev.mars.quorus.agent.QuorusAgent - No pending jobs found
11:50:34.230 [vert.x-eventloop-thread-0] DEBUG d.m.q.a.service.JobPollingService - Polled for jobs: found 0 pending jobs
11:50:34.231 [vert.x-eventloop-thread-0] DEBUG dev.mars.quorus.agent.QuorusAgent - No pending jobs found
11:50:34.252 [vert.x-eventloop-thread-0] DEBUG d.m.q.a.service.JobPollingService - Polled for jobs: found 0 pending jobs
11:50:34.253 [vert.x-eventloop-thread-0] DEBUG dev.mars.quorus.agent.QuorusAgent - No pending jobs found
11:50:34.270 [vert.x-eventloop-thread-0] DEBUG d.m.q.a.service.JobPollingService - Polled for jobs: found 0 pending jobs
11:50:34.270 [vert.x-eventloop-thread-0] DEBUG dev.mars.quorus.agent.QuorusAgent - No pending jobs found
11:50:34.290 [vert.x-eventloop-thread-0] DEBUG d.m.q.a.service.JobPollingService - Polled for jobs: found 0 pending jobs
11:50:34.291 [vert.x-eventloop-thread-0] DEBUG dev.mars.quorus.agent.QuorusAgent - No pending jobs found
11:50:34.310 [vert.x-eventloop-thread-0] DEBUG d.m.q.a.service.JobPollingService - Polled for jobs: found 0 pending jobs
11:50:34.311 [vert.x-eventloop-thread-0] DEBUG dev.mars.quorus.agent.QuorusAgent - No pending jobs found
11:50:34.330 [vert.x-eventloop-thread-0] DEBUG d.m.q.a.service.JobPollingService - Polled for jobs: found 0 pending jobs
11:50:34.330 [vert.x-eventloop-thread-0] DEBUG dev.mars.quorus.agent.QuorusAgent - No pending jobs found
11:50:34.351 [vert.x-eventloop-thread-0] DEBUG d.m.q.a.service.JobPollingService - Polled for jobs: found 0 pending jobs
11:50:34.352 [vert.x-eventloop-thread-0] DEBUG dev.mars.quorus.agent.QuorusAgent - No pending jobs found
11:50:34.370 [vert.x-eventloop-thread-0] DEBUG d.m.q.a.service.JobPollingService - Polled for jobs: found 0 pending jobs
11:50:34.371 [vert.x-eventloop-thread-0] DEBUG dev.mars.quorus.agent.QuorusAgent - No pending jobs found
11:50:34.391 [vert.x-eventloop-thread-0] DEBUG d.m.q.a.service.JobPollingService - Polled for jobs: found 0 pending jobs
11:50:34.392 [vert.x-eventloop-thread-0] DEBUG dev.mars.quorus.agent.QuorusAgent - No pending jobs found
11:50:34.411 [vert.x-eventloop-thread-0] DEBUG d.m.q.a.service.JobPollingService - Polled for jobs: found 0 pending jobs
11:50:34.411 [vert.x-eventloop-thread-0] DEBUG dev.mars.quorus.agent.QuorusAgent - No pending jobs found
11:50:34.431 [vert.x-eventloop-thread-0] DEBUG d.m.q.a.service.JobPollingService - Polled for jobs: found 0 pending jobs
11:50:34.431 [vert.x-eventloop-thread-0] DEBUG dev.mars.quorus.agent.QuorusAgent - No pending jobs found
11:50:34.452 [vert.x-eventloop-thread-0] DEBUG d.m.q.a.service.JobPollingService - Polled for jobs: found 0 pending jobs
11:50:34.453 [vert.x-eventloop-thread-0] DEBUG dev.mars.quorus.agent.QuorusAgent - No pending jobs found
11:50:34.471 [vert.x-eventloop-thread-0] DEBUG d.m.q.a.service.JobPollingService - Polled for jobs: found 0 pending jobs
11:50:34.472 [vert.x-eventloop-thread-0] DEBUG dev.mars.quorus.agent.QuorusAgent - No pending jobs found
11:50:34.492 [vert.x-eventloop-thread-0] DEBUG d.m.q.a.service.JobPollingService - Polled for jobs: found 0 pending jobs
11:50:34.492 [vert.x-eventloop-thread-0] DEBUG dev.mars.quorus.agent.QuorusAgent - No pending jobs found
11:50:34.511 [vert.x-eventloop-thread-0] DEBUG d.m.q.a.service.JobPollingService - Polled for jobs: found 0 pending jobs
11:50:34.511 [vert.x-eventloop-thread-0] DEBUG dev.mars.quorus.agent.QuorusAgent - No pending jobs found
11:50:34.532 [vert.x-eventloop-thread-0] DEBUG d.m.q.a.service.JobPollingService - Polled for jobs: found 0 pending jobs
11:50:34.532 [vert.x-eventloop-thread-0] DEBUG dev.mars.quorus.agent.QuorusAgent - No pending jobs found
11:50:34.551 [vert.x-eventloop-thread-0] DEBUG d.m.q.a.service.JobPollingService - Polled for jobs: found 0 pending jobs
11:50:34.551 [vert.x-eventloop-thread-0] DEBUG dev.mars.quorus.agent.QuorusAgent - No pending jobs found
11:50:34.569 [vert.x-eventloop-thread-0] DEBUG d.m.q.a.service.JobPollingService - Polled for jobs: found 0 pending jobs
11:50:34.570 [vert.x-eventloop-thread-0] DEBUG dev.mars.quorus.agent.QuorusAgent - No pending jobs found
11:50:34.591 [vert.x-eventloop-thread-0] DEBUG d.m.q.a.service.JobPollingService - Polled for jobs: found 0 pending jobs
11:50:34.591 [vert.x-eventloop-thread-0] DEBUG dev.mars.quorus.agent.QuorusAgent - No pending jobs found
11:50:34.610 [vert.x-eventloop-thread-0] DEBUG d.m.q.a.service.JobPollingService - Polled for jobs: found 0 pending jobs
11:50:34.611 [vert.x-eventloop-thread-0] DEBUG dev.mars.quorus.agent.QuorusAgent - No pending jobs found
11:50:34.631 [vert.x-eventloop-thread-0] DEBUG d.m.q.a.service.JobPollingService - Polled for jobs: found 0 pending jobs
11:50:34.631 [vert.x-eventloop-thread-0] DEBUG dev.mars.quorus.agent.QuorusAgent - No pending jobs found
11:50:34.651 [vert.x-eventloop-thread-0] DEBUG d.m.q.a.service.JobPollingService - Polled for jobs: found 0 pending jobs
11:50:34.651 [vert.x-eventloop-thread-0] DEBUG dev.mars.quorus.agent.QuorusAgent - No pending jobs found
11:50:34.671 [vert.x-eventloop-thread-0] DEBUG d.m.q.a.service.JobPollingService - Polled for jobs: found 0 pending jobs
11:50:34.671 [vert.x-eventloop-thread-0] DEBUG dev.mars.quorus.agent.QuorusAgent - No pending jobs found
11:50:34.690 [vert.x-eventloop-thread-0] DEBUG d.m.q.a.service.JobPollingService - Polled for jobs: found 0 pending jobs
11:50:34.690 [vert.x-eventloop-thread-0] DEBUG dev.mars.quorus.agent.QuorusAgent - No pending jobs found
11:50:34.710 [vert.x-eventloop-thread-0] DEBUG d.m.q.a.service.JobPollingService - Polled for jobs: found 0 pending jobs
11:50:34.710 [vert.x-eventloop-thread-0] DEBUG dev.mars.quorus.agent.QuorusAgent - No pending jobs found
11:50:34.732 [vert.x-eventloop-thread-0] DEBUG d.m.q.a.service.JobPollingService - Polled for jobs: found 0 pending jobs
11:50:34.732 [vert.x-eventloop-thread-0] DEBUG dev.mars.quorus.agent.QuorusAgent - No pending jobs found
11:50:34.754 [vert.x-eventloop-thread-0] DEBUG d.m.q.a.service.JobPollingService - Polled for jobs: found 0 pending jobs
11:50:34.761 [vert.x-eventloop-thread-0] DEBUG dev.mars.quorus.agent.QuorusAgent - No pending jobs found
11:50:34.770 [vert.x-eventloop-thread-0] DEBUG d.m.q.a.service.JobPollingService - Polled for jobs: found 0 pending jobs
11:50:34.770 [vert.x-eventloop-thread-0] DEBUG dev.mars.quorus.agent.QuorusAgent - No pending jobs found
11:50:34.791 [vert.x-eventloop-thread-0] DEBUG d.m.q.a.service.JobPollingService - Polled for jobs: found 0 pending jobs
11:50:34.791 [vert.x-eventloop-thread-0] DEBUG dev.mars.quorus.agent.QuorusAgent - No pending jobs found
11:50:34.812 [vert.x-eventloop-thread-0] DEBUG d.m.q.a.service.JobPollingService - Polled for jobs: found 0 pending jobs
11:50:34.812 [vert.x-eventloop-thread-0] DEBUG dev.mars.quorus.agent.QuorusAgent - No pending jobs found
11:50:34.830 [vert.x-eventloop-thread-0] DEBUG d.m.q.a.service.JobPollingService - Polled for jobs: found 0 pending jobs
11:50:34.830 [vert.x-eventloop-thread-0] DEBUG dev.mars.quorus.agent.QuorusAgent - No pending jobs found
11:50:34.851 [vert.x-eventloop-thread-0] DEBUG d.m.q.a.service.JobPollingService - Polled for jobs: found 0 pending jobs
11:50:34.851 [vert.x-eventloop-thread-0] DEBUG dev.mars.quorus.agent.QuorusAgent - No pending jobs found
11:50:34.871 [vert.x-eventloop-thread-0] DEBUG d.m.q.a.service.JobPollingService - Polled for jobs: found 0 pending jobs
11:50:34.871 [vert.x-eventloop-thread-0] DEBUG dev.mars.quorus.agent.QuorusAgent - No pending jobs found
11:50:34.890 [vert.x-eventloop-thread-0] DEBUG d.m.q.a.service.JobPollingService - Polled for jobs: found 0 pending jobs
11:50:34.890 [vert.x-eventloop-thread-0] DEBUG dev.mars.quorus.agent.QuorusAgent - No pending jobs found
11:50:34.911 [vert.x-eventloop-thread-0] DEBUG d.m.q.a.service.JobPollingService - Polled for jobs: found 0 pending jobs
11:50:34.911 [vert.x-eventloop-thread-0] DEBUG dev.mars.quorus.agent.QuorusAgent - No pending jobs found
11:50:34.931 [vert.x-eventloop-thread-0] DEBUG d.m.q.a.service.JobPollingService - Polled for jobs: found 0 pending jobs
11:50:34.931 [vert.x-eventloop-thread-0] DEBUG dev.mars.quorus.agent.QuorusAgent - No pending jobs found
11:50:34.950 [vert.x-eventloop-thread-0] DEBUG d.m.q.a.service.JobPollingService - Polled for jobs: found 0 pending jobs
11:50:34.950 [vert.x-eventloop-thread-0] DEBUG dev.mars.quorus.agent.QuorusAgent - No pending jobs found
11:50:34.971 [vert.x-eventloop-thread-0] DEBUG d.m.q.a.service.JobPollingService - Polled for jobs: found 0 pending jobs
11:50:34.971 [vert.x-eventloop-thread-0] DEBUG dev.mars.quorus.agent.QuorusAgent - No pending jobs found
11:50:34.991 [vert.x-eventloop-thread-0] DEBUG d.m.q.a.service.JobPollingService - Polled for jobs: found 0 pending jobs
11:50:34.991 [vert.x-eventloop-thread-0] DEBUG dev.mars.quorus.agent.QuorusAgent - No pending jobs found
11:50:35.011 [vert.x-eventloop-thread-0] DEBUG d.m.q.a.service.JobPollingService - Polled for jobs: found 0 pending jobs
11:50:35.011 [vert.x-eventloop-thread-0] DEBUG dev.mars.quorus.agent.QuorusAgent - No pending jobs found
11:50:35.030 [vert.x-eventloop-thread-0] DEBUG d.m.q.a.service.JobPollingService - Polled for jobs: found 0 pending jobs
11:50:35.030 [vert.x-eventloop-thread-0] DEBUG dev.mars.quorus.agent.QuorusAgent - No pending jobs found
11:50:35.051 [vert.x-eventloop-thread-0] DEBUG d.m.q.a.service.JobPollingService - Polled for jobs: found 0 pending jobs
11:50:35.051 [vert.x-eventloop-thread-0] DEBUG dev.mars.quorus.agent.QuorusAgent - No pending jobs found
11:50:35.070 [vert.x-eventloop-thread-0] DEBUG d.m.q.a.service.JobPollingService - Polled for jobs: found 0 pending jobs
11:50:35.070 [vert.x-eventloop-thread-0] DEBUG dev.mars.quorus.agent.QuorusAgent - No pending jobs found
11:50:35.080 [main] INFO  dev.mars.quorus.agent.QuorusAgent - Shutting down Quorus Agent (reactive mode)...
11:50:35.080 [main] INFO  dev.mars.quorus.agent.QuorusAgent - Heartbeat timer cancelled: true [ID: 5]
11:50:35.080 [main] INFO  dev.mars.quorus.agent.QuorusAgent - Job polling timer cancelled: true [ID: 7]
11:50:35.080 [main] INFO  d.m.q.a.s.TransferExecutionService - Shutting down transfer execution service...
11:50:35.080 [main] DEBUG d.m.q.transfer.SimpleTransferEngine - shutdown: initiating with timeout=30s
11:50:35.080 [main] INFO  d.m.q.transfer.SimpleTransferEngine - Shutting down transfer engine...
11:50:35.080 [main] DEBUG d.m.q.transfer.SimpleTransferEngine - shutdown: cancelling 0 active transfers
11:50:35.080 [main] DEBUG d.m.q.transfer.SimpleTransferEngine - awaitActiveTransfers: no active transfers
11:50:35.080 [main] INFO  d.m.q.transfer.SimpleTransferEngine - Transfer engine shutdown completed
11:50:35.080 [main] INFO  d.m.q.a.s.TransferExecutionService - Transfer execution service shutdown complete
11:50:35.080 [main] DEBUG d.m.q.agent.service.HeartbeatService - Shutting down HeartbeatService WebClient
11:50:35.080 [main] DEBUG d.m.q.a.service.JobPollingService - Shutting down JobPollingService WebClient
11:50:35.080 [main] DEBUG d.m.q.a.s.JobStatusReportingService - Shutting down JobStatusReportingService WebClient
11:50:35.081 [vert.x-eventloop-thread-0] INFO  d.m.q.agent.service.HealthService - Health service stopped
11:50:35.081 [vert.x-eventloop-thread-0] INFO  d.m.q.a.s.AgentRegistrationService - Deregistering agent payments-agent from controller
11:50:35.083 [vert.x-eventloop-thread-0] INFO  d.m.q.a.s.AgentRegistrationService - Agent payments-agent deregistered successfully
11:50:35.083 [vert.x-eventloop-thread-0] INFO  dev.mars.quorus.agent.QuorusAgent - Agent deregistered from controller
11:50:35.083 [vert.x-eventloop-thread-0] INFO  dev.mars.quorus.agent.QuorusAgent - Quorus Agent shutdown complete (0 threads to cleanup)
11:50:35.150 [main] INFO  d.m.quorus.agent.config.AgentConfig - Loaded configuration from quorus-agent.properties
11:50:35.151 [main] INFO  d.m.quorus.agent.config.AgentConfig - === Quorus Agent Configuration ===
11:50:35.152 [main] WARN  d.m.quorus.agent.config.AgentConfig - Agent ID not configured, derived from hostname: agent-NUC10A
11:50:35.152 [main] INFO  d.m.quorus.agent.config.AgentConfig -   Agent ID:             agent-NUC10A
11:50:35.152 [main] WARN  d.m.quorus.agent.config.AgentConfig -   Tenant ID:            NOT CONFIGURED
11:50:35.152 [main] INFO  d.m.quorus.agent.config.AgentConfig -   Agent Port:           8080
11:50:35.152 [main] INFO  d.m.quorus.agent.config.AgentConfig -   Controller URL:       https://localhost:8080/api/v1
11:50:35.152 [main] INFO  d.m.quorus.agent.config.AgentConfig -   Region:               default
11:50:35.152 [main] INFO  d.m.quorus.agent.config.AgentConfig -   Datacenter:           default
11:50:35.152 [main] INFO  d.m.quorus.agent.config.AgentConfig -   Supported Protocols:  HTTP,HTTPS
11:50:35.152 [main] INFO  d.m.quorus.agent.config.AgentConfig -   Version:              1.0.0
11:50:35.152 [main] INFO  d.m.quorus.agent.config.AgentConfig -   --- Transfer ---
11:50:35.152 [main] INFO  d.m.quorus.agent.config.AgentConfig -   Max Concurrent:       5
11:50:35.152 [main] INFO  d.m.quorus.agent.config.AgentConfig -   --- Heartbeat ---
11:50:35.152 [main] INFO  d.m.quorus.agent.config.AgentConfig -   Interval:             30000ms
11:50:35.152 [main] INFO  d.m.quorus.agent.config.AgentConfig -   --- Job Polling ---
11:50:35.152 [main] INFO  d.m.quorus.agent.config.AgentConfig -   Initial Delay:        5000ms
11:50:35.152 [main] INFO  d.m.quorus.agent.config.AgentConfig -   Poll Interval:        10000ms
11:50:35.152 [main] INFO  d.m.quorus.agent.config.AgentConfig -   --- Security ---
11:50:35.153 [main] INFO  d.m.quorus.agent.config.AgentConfig -   Foreign Assignment Threshold: 1
11:50:35.153 [main] INFO  d.m.quorus.agent.config.AgentConfig -   --- Telemetry ---
11:50:35.153 [main] INFO  d.m.quorus.agent.config.AgentConfig -   Enabled:              true
11:50:35.153 [main] INFO  d.m.quorus.agent.config.AgentConfig -   Prometheus Port:      9465
11:50:35.153 [main] INFO  d.m.quorus.agent.config.AgentConfig -   OTLP Endpoint:        http://localhost:4317
11:50:35.153 [main] INFO  d.m.quorus.agent.config.AgentConfig - ==================================
11:50:35.153 [main] INFO  dev.mars.quorus.agent.QuorusAgent - Creating QuorusAgent with Vert.x instance: 954225330 (using Vert.x timers, no ScheduledExecutorService)
11:50:35.153 [main] WARN  d.m.q.a.s.ControllerWebClientFactory - INSECURE DEVELOPMENT MODE: agent-to-controller traffic is plaintext
11:50:35.153 [main] DEBUG d.m.q.a.s.AgentRegistrationService - AgentRegistrationService initialized with Vert.x WebClient (connectTimeout=5000ms, idleTimeout=500ms)
11:50:35.153 [main] WARN  d.m.q.a.s.ControllerWebClientFactory - INSECURE DEVELOPMENT MODE: agent-to-controller traffic is plaintext
11:50:35.153 [main] DEBUG d.m.q.agent.service.HeartbeatService - HeartbeatService initialized with Vert.x WebClient (connectTimeout=5000ms, idleTimeout=500ms)
11:50:35.154 [main] DEBUG d.m.q.transfer.SimpleTransferEngine - Initializing SimpleTransferEngine: maxConcurrent=5, maxRetries=3, retryDelay=1000ms
11:50:35.154 [main] DEBUG d.m.quorus.protocol.ProtocolFactory - Initializing ProtocolFactory with Vert.x instance
11:50:35.154 [main] DEBUG d.m.quorus.protocol.ProtocolFactory - Registering default transfer protocols
11:50:35.154 [main] DEBUG d.m.quorus.protocol.ProtocolFactory - Creating HttpTransferProtocol instance
11:50:35.154 [main] INFO  d.m.q.protocol.HttpTransferProtocol - HttpTransferProtocol initialized: connectTimeout=30000ms, readTimeout=60000ms, maxFileSize=10737418240 bytes
11:50:35.154 [main] DEBUG d.m.q.protocol.HttpTransferProtocol - HttpTransferProtocol created with Vert.x Web Client (reactive mode)
11:50:35.154 [main] INFO  d.m.quorus.protocol.ProtocolFactory - Registered protocol: http
11:50:35.154 [main] DEBUG d.m.quorus.protocol.ProtocolFactory - Protocol details: name=http, class=HttpTransferProtocol, supportsResume=false, supportsPause=true
11:50:35.154 [main] INFO  d.m.quorus.protocol.ProtocolFactory - Registered protocol alias: https -> http
11:50:35.154 [main] DEBUG d.m.quorus.protocol.ProtocolFactory - Creating SmbTransferProtocol instance
11:50:35.154 [main] INFO  d.m.quorus.protocol.ProtocolFactory - Registered protocol: smb
11:50:35.154 [main] DEBUG d.m.quorus.protocol.ProtocolFactory - Protocol details: name=smb, class=SmbTransferProtocol, supportsResume=false, supportsPause=false
11:50:35.154 [main] INFO  d.m.quorus.protocol.ProtocolFactory - Registered protocol alias: cifs -> smb
11:50:35.154 [main] DEBUG d.m.quorus.protocol.ProtocolFactory - Creating FtpTransferProtocol instance
11:50:35.154 [main] INFO  d.m.quorus.protocol.ProtocolFactory - Registered protocol: ftp
11:50:35.154 [main] DEBUG d.m.quorus.protocol.ProtocolFactory - Protocol details: name=ftp, class=FtpTransferProtocol, supportsResume=false, supportsPause=false
11:50:35.154 [main] INFO  d.m.quorus.protocol.ProtocolFactory - Registered protocol alias: ftps -> ftp
11:50:35.154 [main] DEBUG d.m.quorus.protocol.ProtocolFactory - Creating SftpTransferProtocol instance
11:50:35.154 [main] INFO  d.m.quorus.protocol.ProtocolFactory - Registered protocol: sftp
11:50:35.154 [main] DEBUG d.m.quorus.protocol.ProtocolFactory - Protocol details: name=sftp, class=SftpTransferProtocol, supportsResume=false, supportsPause=false
11:50:35.154 [main] DEBUG d.m.quorus.protocol.ProtocolFactory - Creating NfsTransferProtocol instance
11:50:35.154 [main] DEBUG d.m.q.protocol.NfsTransferProtocol - NfsTransferProtocol initialized with mountRoot=C:\nfs
11:50:35.154 [main] INFO  d.m.quorus.protocol.ProtocolFactory - Registered protocol: nfs
11:50:35.154 [main] DEBUG d.m.quorus.protocol.ProtocolFactory - Protocol details: name=nfs, class=NfsTransferProtocol, supportsResume=false, supportsPause=false
11:50:35.154 [main] INFO  d.m.quorus.protocol.ProtocolFactory - Registered default transfer protocols: count=8, schemes=ftps, ftp, http, smb, sftp, nfs, https, cifs
11:50:35.154 [main] INFO  d.m.q.transfer.SimpleTransferEngine - SimpleTransferEngine initialized with 5 max concurrent transfers (reactive mode, OpenTelemetry enabled)
11:50:35.154 [main] DEBUG d.m.q.transfer.SimpleTransferEngine - SimpleTransferEngine initialization complete - startTime=2026-09-05T03:50:35.154012200Z
11:50:35.155 [main] INFO  d.m.q.a.s.TransferExecutionService - TransferExecutionService initialized (Vert.x reactive mode)
11:50:35.155 [main] WARN  d.m.q.a.s.ControllerWebClientFactory - INSECURE DEVELOPMENT MODE: agent-to-controller traffic is plaintext
11:50:35.155 [main] DEBUG d.m.q.a.service.JobPollingService - JobPollingService initialized with Vert.x WebClient (connectTimeout=5000ms, idleTimeout=500ms)
11:50:35.155 [main] WARN  d.m.q.a.s.ControllerWebClientFactory - INSECURE DEVELOPMENT MODE: agent-to-controller traffic is plaintext
11:50:35.155 [main] DEBUG d.m.q.a.s.JobStatusReportingService - JobStatusReportingService initialized with Vert.x WebClient (connectTimeout=5000ms, idleTimeout=500ms)
11:50:35.155 [main] INFO  d.m.q.a.observability.AgentMetrics - AgentMetrics initialized for agent: payments-agent
11:50:35.155 [main] INFO  dev.mars.quorus.agent.QuorusAgent - Quorus Agent initialized: payments-agent (reactive mode with OpenTelemetry)
11:50:35.155 [main] INFO  dev.mars.quorus.agent.QuorusAgent - Foreign-assignment mismatch threshold configured to 1
11:50:35.155 [main] INFO  dev.mars.quorus.agent.QuorusAgent - Starting Quorus Agent services (Vert.x reactive mode)...
11:50:35.156 [main] INFO  d.m.q.a.s.AgentRegistrationService - Registering agent payments-agent with controller at http://localhost:53851/api/v1
11:50:35.157 [vert.x-eventloop-thread-0] INFO  d.m.q.agent.service.HealthService - Health service started on port 53852
11:50:35.164 [vert.x-eventloop-thread-0] INFO  d.m.q.a.s.AgentRegistrationService - Agent payments-agent registered successfully
11:50:35.164 [vert.x-eventloop-thread-0] INFO  dev.mars.quorus.agent.QuorusAgent - Agent registered successfully with controller
11:50:35.164 [vert.x-eventloop-thread-0] INFO  dev.mars.quorus.agent.QuorusAgent - Heartbeat service started (interval: 30000ms) [Vert.x timer ID: 5]
11:50:35.164 [vert.x-eventloop-thread-0] INFO  d.m.q.a.s.TransferExecutionService - Transfer execution service started with 5 max concurrent transfers
11:50:35.164 [vert.x-eventloop-thread-0] INFO  dev.mars.quorus.agent.QuorusAgent - Transfer execution service started
11:50:35.164 [vert.x-eventloop-thread-0] INFO  dev.mars.quorus.agent.QuorusAgent - Quorus Agent started successfully (reactive mode, 0 extra threads)
11:50:35.167 [vert.x-eventloop-thread-0] INFO  dev.mars.quorus.agent.QuorusAgent - Job polling started (interval: 20ms) [Vert.x timer ID: 7]
11:50:35.191 [vert.x-eventloop-thread-0] DEBUG d.m.q.a.service.JobPollingService - Polled for jobs: found 1 pending jobs
11:50:35.191 [vert.x-eventloop-thread-0] INFO  dev.mars.quorus.agent.QuorusAgent - Found 1 pending job(s)
11:50:35.191 [vert.x-eventloop-thread-0] INFO  dev.mars.quorus.agent.QuorusAgent - Processing job: settlement (null)
11:50:35.194 [vert.x-eventloop-thread-0] DEBUG d.m.q.a.s.JobStatusReportingService - Job status reported: settlement -> ACCEPTED
11:50:35.197 [vert.x-eventloop-thread-0] ERROR d.m.q.a.s.JobStatusReportingService - Status report unresolved or rejected: jobId=settlement, status=IN_PROGRESS, attemptId=settlement-attempt-1, sequence=2: Q-REPORT-REJECTED: HTTP 409
11:50:35.197 [vert.x-eventloop-thread-0] ERROR dev.mars.quorus.agent.QuorusAgent - Job settlement was not executed because its start report was rejected or unresolved: Q-REPORT-REJECTED: HTTP 409
11:50:35.208 [vert.x-eventloop-thread-0] DEBUG d.m.q.a.service.JobPollingService - Polled for jobs: found 0 pending jobs
11:50:35.208 [vert.x-eventloop-thread-0] DEBUG dev.mars.quorus.agent.QuorusAgent - No pending jobs found
11:50:35.229 [vert.x-eventloop-thread-0] DEBUG d.m.q.a.service.JobPollingService - Polled for jobs: found 0 pending jobs
11:50:35.229 [vert.x-eventloop-thread-0] DEBUG dev.mars.quorus.agent.QuorusAgent - No pending jobs found
11:50:35.249 [vert.x-eventloop-thread-0] DEBUG d.m.q.a.service.JobPollingService - Polled for jobs: found 0 pending jobs
11:50:35.249 [vert.x-eventloop-thread-0] DEBUG dev.mars.quorus.agent.QuorusAgent - No pending jobs found
11:50:35.270 [vert.x-eventloop-thread-0] DEBUG d.m.q.a.service.JobPollingService - Polled for jobs: found 0 pending jobs
11:50:35.270 [vert.x-eventloop-thread-0] DEBUG dev.mars.quorus.agent.QuorusAgent - No pending jobs found
11:50:35.290 [vert.x-eventloop-thread-0] DEBUG d.m.q.a.service.JobPollingService - Polled for jobs: found 0 pending jobs
11:50:35.290 [vert.x-eventloop-thread-0] DEBUG dev.mars.quorus.agent.QuorusAgent - No pending jobs found
11:50:35.308 [vert.x-eventloop-thread-0] DEBUG d.m.q.a.service.JobPollingService - Polled for jobs: found 0 pending jobs
11:50:35.308 [vert.x-eventloop-thread-0] DEBUG dev.mars.quorus.agent.QuorusAgent - No pending jobs found
11:50:35.329 [vert.x-eventloop-thread-0] DEBUG d.m.q.a.service.JobPollingService - Polled for jobs: found 0 pending jobs
11:50:35.329 [vert.x-eventloop-thread-0] DEBUG dev.mars.quorus.agent.QuorusAgent - No pending jobs found
11:50:35.348 [vert.x-eventloop-thread-0] DEBUG d.m.q.a.service.JobPollingService - Polled for jobs: found 0 pending jobs
11:50:35.349 [vert.x-eventloop-thread-0] DEBUG dev.mars.quorus.agent.QuorusAgent - No pending jobs found
11:50:35.369 [vert.x-eventloop-thread-0] DEBUG d.m.q.a.service.JobPollingService - Polled for jobs: found 0 pending jobs
11:50:35.369 [vert.x-eventloop-thread-0] DEBUG dev.mars.quorus.agent.QuorusAgent - No pending jobs found
11:50:35.388 [vert.x-eventloop-thread-0] DEBUG d.m.q.a.service.JobPollingService - Polled for jobs: found 0 pending jobs
11:50:35.388 [vert.x-eventloop-thread-0] DEBUG dev.mars.quorus.agent.QuorusAgent - No pending jobs found
11:50:35.409 [vert.x-eventloop-thread-0] DEBUG d.m.q.a.service.JobPollingService - Polled for jobs: found 0 pending jobs
11:50:35.409 [vert.x-eventloop-thread-0] DEBUG dev.mars.quorus.agent.QuorusAgent - No pending jobs found
11:50:35.429 [vert.x-eventloop-thread-0] DEBUG d.m.q.a.service.JobPollingService - Polled for jobs: found 0 pending jobs
11:50:35.429 [vert.x-eventloop-thread-0] DEBUG dev.mars.quorus.agent.QuorusAgent - No pending jobs found
11:50:35.448 [vert.x-eventloop-thread-0] DEBUG d.m.q.a.service.JobPollingService - Polled for jobs: found 0 pending jobs
11:50:35.448 [vert.x-eventloop-thread-0] DEBUG dev.mars.quorus.agent.QuorusAgent - No pending jobs found
11:50:35.468 [vert.x-eventloop-thread-0] DEBUG d.m.q.a.service.JobPollingService - Polled for jobs: found 0 pending jobs
11:50:35.469 [vert.x-eventloop-thread-0] DEBUG dev.mars.quorus.agent.QuorusAgent - No pending jobs found
11:50:35.489 [vert.x-eventloop-thread-0] DEBUG d.m.q.a.service.JobPollingService - Polled for jobs: found 0 pending jobs
11:50:35.489 [vert.x-eventloop-thread-0] DEBUG dev.mars.quorus.agent.QuorusAgent - No pending jobs found
11:50:35.508 [vert.x-eventloop-thread-0] DEBUG d.m.q.a.service.JobPollingService - Polled for jobs: found 0 pending jobs
11:50:35.508 [vert.x-eventloop-thread-0] DEBUG dev.mars.quorus.agent.QuorusAgent - No pending jobs found
11:50:35.528 [vert.x-eventloop-thread-0] DEBUG d.m.q.a.service.JobPollingService - Polled for jobs: found 0 pending jobs
11:50:35.528 [vert.x-eventloop-thread-0] DEBUG dev.mars.quorus.agent.QuorusAgent - No pending jobs found
11:50:35.548 [vert.x-eventloop-thread-0] DEBUG d.m.q.a.service.JobPollingService - Polled for jobs: found 0 pending jobs
11:50:35.549 [vert.x-eventloop-thread-0] DEBUG dev.mars.quorus.agent.QuorusAgent - No pending jobs found
11:50:35.569 [vert.x-eventloop-thread-0] DEBUG d.m.q.a.service.JobPollingService - Polled for jobs: found 0 pending jobs
11:50:35.569 [vert.x-eventloop-thread-0] DEBUG dev.mars.quorus.agent.QuorusAgent - No pending jobs found
11:50:35.588 [vert.x-eventloop-thread-0] DEBUG d.m.q.a.service.JobPollingService - Polled for jobs: found 0 pending jobs
11:50:35.588 [vert.x-eventloop-thread-0] DEBUG dev.mars.quorus.agent.QuorusAgent - No pending jobs found
11:50:35.609 [vert.x-eventloop-thread-0] DEBUG d.m.q.a.service.JobPollingService - Polled for jobs: found 0 pending jobs
11:50:35.609 [vert.x-eventloop-thread-0] DEBUG dev.mars.quorus.agent.QuorusAgent - No pending jobs found
11:50:35.628 [vert.x-eventloop-thread-0] DEBUG d.m.q.a.service.JobPollingService - Polled for jobs: found 0 pending jobs
11:50:35.628 [vert.x-eventloop-thread-0] DEBUG dev.mars.quorus.agent.QuorusAgent - No pending jobs found
11:50:35.648 [vert.x-eventloop-thread-0] DEBUG d.m.q.a.service.JobPollingService - Polled for jobs: found 0 pending jobs
11:50:35.650 [vert.x-eventloop-thread-0] DEBUG dev.mars.quorus.agent.QuorusAgent - No pending jobs found
11:50:35.669 [vert.x-eventloop-thread-0] DEBUG d.m.q.a.service.JobPollingService - Polled for jobs: found 0 pending jobs
11:50:35.669 [vert.x-eventloop-thread-0] DEBUG dev.mars.quorus.agent.QuorusAgent - No pending jobs found
11:50:35.688 [vert.x-eventloop-thread-0] DEBUG d.m.q.a.service.JobPollingService - Polled for jobs: found 0 pending jobs
11:50:35.689 [vert.x-eventloop-thread-0] DEBUG dev.mars.quorus.agent.QuorusAgent - No pending jobs found
11:50:35.708 [vert.x-eventloop-thread-0] DEBUG d.m.q.a.service.JobPollingService - Polled for jobs: found 0 pending jobs
11:50:35.708 [vert.x-eventloop-thread-0] DEBUG dev.mars.quorus.agent.QuorusAgent - No pending jobs found
11:50:35.730 [vert.x-eventloop-thread-0] DEBUG d.m.q.a.service.JobPollingService - Polled for jobs: found 0 pending jobs
11:50:35.730 [vert.x-eventloop-thread-0] DEBUG dev.mars.quorus.agent.QuorusAgent - No pending jobs found
11:50:35.750 [vert.x-eventloop-thread-0] DEBUG d.m.q.a.service.JobPollingService - Polled for jobs: found 0 pending jobs
11:50:35.750 [vert.x-eventloop-thread-0] DEBUG dev.mars.quorus.agent.QuorusAgent - No pending jobs found
11:50:35.768 [vert.x-eventloop-thread-0] DEBUG d.m.q.a.service.JobPollingService - Polled for jobs: found 0 pending jobs
11:50:35.769 [vert.x-eventloop-thread-0] DEBUG dev.mars.quorus.agent.QuorusAgent - No pending jobs found
11:50:35.788 [vert.x-eventloop-thread-0] DEBUG d.m.q.a.service.JobPollingService - Polled for jobs: found 0 pending jobs
11:50:35.788 [vert.x-eventloop-thread-0] DEBUG dev.mars.quorus.agent.QuorusAgent - No pending jobs found
11:50:35.809 [vert.x-eventloop-thread-0] DEBUG d.m.q.a.service.JobPollingService - Polled for jobs: found 0 pending jobs
11:50:35.809 [vert.x-eventloop-thread-0] DEBUG dev.mars.quorus.agent.QuorusAgent - No pending jobs found
11:50:35.829 [vert.x-eventloop-thread-0] DEBUG d.m.q.a.service.JobPollingService - Polled for jobs: found 0 pending jobs
11:50:35.829 [vert.x-eventloop-thread-0] DEBUG dev.mars.quorus.agent.QuorusAgent - No pending jobs found
11:50:35.850 [vert.x-eventloop-thread-0] DEBUG d.m.q.a.service.JobPollingService - Polled for jobs: found 0 pending jobs
11:50:35.851 [vert.x-eventloop-thread-0] DEBUG dev.mars.quorus.agent.QuorusAgent - No pending jobs found
11:50:35.870 [vert.x-eventloop-thread-0] DEBUG d.m.q.a.service.JobPollingService - Polled for jobs: found 0 pending jobs
11:50:35.870 [vert.x-eventloop-thread-0] DEBUG dev.mars.quorus.agent.QuorusAgent - No pending jobs found
11:50:35.888 [vert.x-eventloop-thread-0] DEBUG d.m.q.a.service.JobPollingService - Polled for jobs: found 0 pending jobs
11:50:35.888 [vert.x-eventloop-thread-0] DEBUG dev.mars.quorus.agent.QuorusAgent - No pending jobs found
11:50:35.909 [vert.x-eventloop-thread-0] DEBUG d.m.q.a.service.JobPollingService - Polled for jobs: found 0 pending jobs
11:50:35.909 [vert.x-eventloop-thread-0] DEBUG dev.mars.quorus.agent.QuorusAgent - No pending jobs found
11:50:35.929 [vert.x-eventloop-thread-0] DEBUG d.m.q.a.service.JobPollingService - Polled for jobs: found 0 pending jobs
11:50:35.929 [vert.x-eventloop-thread-0] DEBUG dev.mars.quorus.agent.QuorusAgent - No pending jobs found
11:50:35.949 [vert.x-eventloop-thread-0] DEBUG d.m.q.a.service.JobPollingService - Polled for jobs: found 0 pending jobs
11:50:35.950 [vert.x-eventloop-thread-0] DEBUG dev.mars.quorus.agent.QuorusAgent - No pending jobs found
11:50:35.968 [vert.x-eventloop-thread-0] DEBUG d.m.q.a.service.JobPollingService - Polled for jobs: found 0 pending jobs
11:50:35.969 [vert.x-eventloop-thread-0] DEBUG dev.mars.quorus.agent.QuorusAgent - No pending jobs found
11:50:35.988 [vert.x-eventloop-thread-0] DEBUG d.m.q.a.service.JobPollingService - Polled for jobs: found 0 pending jobs
11:50:35.988 [vert.x-eventloop-thread-0] DEBUG dev.mars.quorus.agent.QuorusAgent - No pending jobs found
11:50:36.008 [vert.x-eventloop-thread-0] DEBUG d.m.q.a.service.JobPollingService - Polled for jobs: found 0 pending jobs
11:50:36.009 [vert.x-eventloop-thread-0] DEBUG dev.mars.quorus.agent.QuorusAgent - No pending jobs found
11:50:36.029 [vert.x-eventloop-thread-0] DEBUG d.m.q.a.service.JobPollingService - Polled for jobs: found 0 pending jobs
11:50:36.029 [vert.x-eventloop-thread-0] DEBUG dev.mars.quorus.agent.QuorusAgent - No pending jobs found
11:50:36.048 [vert.x-eventloop-thread-0] DEBUG d.m.q.a.service.JobPollingService - Polled for jobs: found 0 pending jobs
11:50:36.048 [vert.x-eventloop-thread-0] DEBUG dev.mars.quorus.agent.QuorusAgent - No pending jobs found
11:50:36.068 [vert.x-eventloop-thread-0] DEBUG d.m.q.a.service.JobPollingService - Polled for jobs: found 0 pending jobs
11:50:36.069 [vert.x-eventloop-thread-0] DEBUG dev.mars.quorus.agent.QuorusAgent - No pending jobs found
11:50:36.088 [vert.x-eventloop-thread-0] DEBUG d.m.q.a.service.JobPollingService - Polled for jobs: found 0 pending jobs
11:50:36.088 [vert.x-eventloop-thread-0] DEBUG dev.mars.quorus.agent.QuorusAgent - No pending jobs found
11:50:36.109 [vert.x-eventloop-thread-0] DEBUG d.m.q.a.service.JobPollingService - Polled for jobs: found 0 pending jobs
11:50:36.110 [vert.x-eventloop-thread-0] DEBUG dev.mars.quorus.agent.QuorusAgent - No pending jobs found
11:50:36.129 [vert.x-eventloop-thread-0] DEBUG d.m.q.a.service.JobPollingService - Polled for jobs: found 0 pending jobs
11:50:36.129 [vert.x-eventloop-thread-0] DEBUG dev.mars.quorus.agent.QuorusAgent - No pending jobs found
11:50:36.148 [vert.x-eventloop-thread-0] DEBUG d.m.q.a.service.JobPollingService - Polled for jobs: found 0 pending jobs
11:50:36.148 [vert.x-eventloop-thread-0] DEBUG dev.mars.quorus.agent.QuorusAgent - No pending jobs found
11:50:36.170 [vert.x-eventloop-thread-0] DEBUG d.m.q.a.service.JobPollingService - Polled for jobs: found 0 pending jobs
11:50:36.170 [vert.x-eventloop-thread-0] DEBUG dev.mars.quorus.agent.QuorusAgent - No pending jobs found
11:50:36.188 [vert.x-eventloop-thread-0] DEBUG d.m.q.a.service.JobPollingService - Polled for jobs: found 0 pending jobs
11:50:36.188 [vert.x-eventloop-thread-0] DEBUG dev.mars.quorus.agent.QuorusAgent - No pending jobs found
11:50:36.210 [vert.x-eventloop-thread-0] DEBUG d.m.q.a.service.JobPollingService - Polled for jobs: found 0 pending jobs
11:50:36.210 [vert.x-eventloop-thread-0] DEBUG dev.mars.quorus.agent.QuorusAgent - No pending jobs found
11:50:36.229 [vert.x-eventloop-thread-0] DEBUG d.m.q.a.service.JobPollingService - Polled for jobs: found 0 pending jobs
11:50:36.230 [vert.x-eventloop-thread-0] DEBUG dev.mars.quorus.agent.QuorusAgent - No pending jobs found
11:50:36.250 [vert.x-eventloop-thread-0] DEBUG d.m.q.a.service.JobPollingService - Polled for jobs: found 0 pending jobs
11:50:36.250 [vert.x-eventloop-thread-0] DEBUG dev.mars.quorus.agent.QuorusAgent - No pending jobs found
11:50:36.270 [vert.x-eventloop-thread-0] DEBUG d.m.q.a.service.JobPollingService - Polled for jobs: found 0 pending jobs
11:50:36.270 [vert.x-eventloop-thread-0] DEBUG dev.mars.quorus.agent.QuorusAgent - No pending jobs found
11:50:36.289 [vert.x-eventloop-thread-0] DEBUG d.m.q.a.service.JobPollingService - Polled for jobs: found 0 pending jobs
11:50:36.289 [vert.x-eventloop-thread-0] DEBUG dev.mars.quorus.agent.QuorusAgent - No pending jobs found
11:50:36.310 [vert.x-eventloop-thread-0] DEBUG d.m.q.a.service.JobPollingService - Polled for jobs: found 0 pending jobs
11:50:36.310 [vert.x-eventloop-thread-0] DEBUG dev.mars.quorus.agent.QuorusAgent - No pending jobs found
11:50:36.328 [vert.x-eventloop-thread-0] DEBUG d.m.q.a.service.JobPollingService - Polled for jobs: found 0 pending jobs
11:50:36.328 [vert.x-eventloop-thread-0] DEBUG dev.mars.quorus.agent.QuorusAgent - No pending jobs found
11:50:36.349 [vert.x-eventloop-thread-0] DEBUG d.m.q.a.service.JobPollingService - Polled for jobs: found 0 pending jobs
11:50:36.349 [vert.x-eventloop-thread-0] DEBUG dev.mars.quorus.agent.QuorusAgent - No pending jobs found
11:50:36.369 [vert.x-eventloop-thread-0] DEBUG d.m.q.a.service.JobPollingService - Polled for jobs: found 0 pending jobs
11:50:36.369 [vert.x-eventloop-thread-0] DEBUG dev.mars.quorus.agent.QuorusAgent - No pending jobs found
11:50:36.388 [vert.x-eventloop-thread-0] DEBUG d.m.q.a.service.JobPollingService - Polled for jobs: found 0 pending jobs
11:50:36.389 [vert.x-eventloop-thread-0] DEBUG dev.mars.quorus.agent.QuorusAgent - No pending jobs found
11:50:36.410 [vert.x-eventloop-thread-0] DEBUG d.m.q.a.service.JobPollingService - Polled for jobs: found 0 pending jobs
11:50:36.410 [vert.x-eventloop-thread-0] DEBUG dev.mars.quorus.agent.QuorusAgent - No pending jobs found
11:50:36.428 [vert.x-eventloop-thread-0] DEBUG d.m.q.a.service.JobPollingService - Polled for jobs: found 0 pending jobs
11:50:36.428 [vert.x-eventloop-thread-0] DEBUG dev.mars.quorus.agent.QuorusAgent - No pending jobs found
11:50:36.448 [vert.x-eventloop-thread-0] DEBUG d.m.q.a.service.JobPollingService - Polled for jobs: found 0 pending jobs
11:50:36.449 [vert.x-eventloop-thread-0] DEBUG dev.mars.quorus.agent.QuorusAgent - No pending jobs found
11:50:36.471 [vert.x-eventloop-thread-0] DEBUG d.m.q.a.service.JobPollingService - Polled for jobs: found 0 pending jobs
11:50:36.471 [vert.x-eventloop-thread-0] DEBUG dev.mars.quorus.agent.QuorusAgent - No pending jobs found
11:50:36.489 [vert.x-eventloop-thread-0] DEBUG d.m.q.a.service.JobPollingService - Polled for jobs: found 0 pending jobs
11:50:36.489 [vert.x-eventloop-thread-0] DEBUG dev.mars.quorus.agent.QuorusAgent - No pending jobs found
11:50:36.509 [vert.x-eventloop-thread-0] DEBUG d.m.q.a.service.JobPollingService - Polled for jobs: found 0 pending jobs
11:50:36.509 [vert.x-eventloop-thread-0] DEBUG dev.mars.quorus.agent.QuorusAgent - No pending jobs found
11:50:36.529 [vert.x-eventloop-thread-0] DEBUG d.m.q.a.service.JobPollingService - Polled for jobs: found 0 pending jobs
11:50:36.529 [vert.x-eventloop-thread-0] DEBUG dev.mars.quorus.agent.QuorusAgent - No pending jobs found
11:50:36.549 [vert.x-eventloop-thread-0] DEBUG d.m.q.a.service.JobPollingService - Polled for jobs: found 0 pending jobs
11:50:36.549 [vert.x-eventloop-thread-0] DEBUG dev.mars.quorus.agent.QuorusAgent - No pending jobs found
11:50:36.569 [vert.x-eventloop-thread-0] DEBUG d.m.q.a.service.JobPollingService - Polled for jobs: found 0 pending jobs
11:50:36.569 [vert.x-eventloop-thread-0] DEBUG dev.mars.quorus.agent.QuorusAgent - No pending jobs found
11:50:36.589 [vert.x-eventloop-thread-0] DEBUG d.m.q.a.service.JobPollingService - Polled for jobs: found 0 pending jobs
11:50:36.589 [vert.x-eventloop-thread-0] DEBUG dev.mars.quorus.agent.QuorusAgent - No pending jobs found
11:50:36.608 [vert.x-eventloop-thread-0] DEBUG d.m.q.a.service.JobPollingService - Polled for jobs: found 0 pending jobs
11:50:36.608 [vert.x-eventloop-thread-0] DEBUG dev.mars.quorus.agent.QuorusAgent - No pending jobs found
11:50:36.629 [vert.x-eventloop-thread-0] DEBUG d.m.q.a.service.JobPollingService - Polled for jobs: found 0 pending jobs
11:50:36.629 [vert.x-eventloop-thread-0] DEBUG dev.mars.quorus.agent.QuorusAgent - No pending jobs found
11:50:36.648 [vert.x-eventloop-thread-0] DEBUG d.m.q.a.service.JobPollingService - Polled for jobs: found 0 pending jobs
11:50:36.648 [vert.x-eventloop-thread-0] DEBUG dev.mars.quorus.agent.QuorusAgent - No pending jobs found
11:50:36.668 [vert.x-eventloop-thread-0] DEBUG d.m.q.a.service.JobPollingService - Polled for jobs: found 0 pending jobs
11:50:36.670 [vert.x-eventloop-thread-0] DEBUG dev.mars.quorus.agent.QuorusAgent - No pending jobs found
11:50:36.688 [vert.x-eventloop-thread-0] DEBUG d.m.q.a.service.JobPollingService - Polled for jobs: found 0 pending jobs
11:50:36.688 [vert.x-eventloop-thread-0] DEBUG dev.mars.quorus.agent.QuorusAgent - No pending jobs found
11:50:36.698 [main] INFO  dev.mars.quorus.agent.QuorusAgent - Shutting down Quorus Agent (reactive mode)...
11:50:36.698 [main] INFO  dev.mars.quorus.agent.QuorusAgent - Heartbeat timer cancelled: true [ID: 5]
11:50:36.698 [main] INFO  dev.mars.quorus.agent.QuorusAgent - Job polling timer cancelled: true [ID: 7]
11:50:36.698 [main] INFO  d.m.q.a.s.TransferExecutionService - Shutting down transfer execution service...
11:50:36.698 [main] DEBUG d.m.q.transfer.SimpleTransferEngine - shutdown: initiating with timeout=30s
11:50:36.698 [main] INFO  d.m.q.transfer.SimpleTransferEngine - Shutting down transfer engine...
11:50:36.698 [main] DEBUG d.m.q.transfer.SimpleTransferEngine - shutdown: cancelling 0 active transfers
11:50:36.698 [main] DEBUG d.m.q.transfer.SimpleTransferEngine - awaitActiveTransfers: no active transfers
11:50:36.698 [main] INFO  d.m.q.transfer.SimpleTransferEngine - Transfer engine shutdown completed
11:50:36.698 [main] INFO  d.m.q.a.s.TransferExecutionService - Transfer execution service shutdown complete
11:50:36.698 [main] DEBUG d.m.q.agent.service.HeartbeatService - Shutting down HeartbeatService WebClient
11:50:36.699 [main] DEBUG d.m.q.a.service.JobPollingService - Shutting down JobPollingService WebClient
11:50:36.699 [main] DEBUG d.m.q.a.s.JobStatusReportingService - Shutting down JobStatusReportingService WebClient
11:50:36.701 [vert.x-eventloop-thread-0] INFO  d.m.q.agent.service.HealthService - Health service stopped
11:50:36.701 [vert.x-eventloop-thread-0] INFO  d.m.q.a.s.AgentRegistrationService - Deregistering agent payments-agent from controller
11:50:36.703 [vert.x-eventloop-thread-0] INFO  d.m.q.a.s.AgentRegistrationService - Agent payments-agent deregistered successfully
11:50:36.703 [vert.x-eventloop-thread-0] INFO  dev.mars.quorus.agent.QuorusAgent - Agent deregistered from controller
11:50:36.703 [vert.x-eventloop-thread-0] INFO  dev.mars.quorus.agent.QuorusAgent - Quorus Agent shutdown complete (0 threads to cleanup)
11:50:36.774 [main] INFO  d.m.quorus.agent.config.AgentConfig - Loaded configuration from quorus-agent.properties
11:50:36.775 [main] INFO  d.m.quorus.agent.config.AgentConfig - === Quorus Agent Configuration ===
11:50:36.775 [main] WARN  d.m.quorus.agent.config.AgentConfig - Agent ID not configured, derived from hostname: agent-NUC10A
11:50:36.775 [main] INFO  d.m.quorus.agent.config.AgentConfig -   Agent ID:             agent-NUC10A
11:50:36.775 [main] WARN  d.m.quorus.agent.config.AgentConfig -   Tenant ID:            NOT CONFIGURED
11:50:36.775 [main] INFO  d.m.quorus.agent.config.AgentConfig -   Agent Port:           8080
11:50:36.775 [main] INFO  d.m.quorus.agent.config.AgentConfig -   Controller URL:       https://localhost:8080/api/v1
11:50:36.775 [main] INFO  d.m.quorus.agent.config.AgentConfig -   Region:               default
11:50:36.775 [main] INFO  d.m.quorus.agent.config.AgentConfig -   Datacenter:           default
11:50:36.775 [main] INFO  d.m.quorus.agent.config.AgentConfig -   Supported Protocols:  HTTP,HTTPS
11:50:36.775 [main] INFO  d.m.quorus.agent.config.AgentConfig -   Version:              1.0.0
11:50:36.775 [main] INFO  d.m.quorus.agent.config.AgentConfig -   --- Transfer ---
11:50:36.775 [main] INFO  d.m.quorus.agent.config.AgentConfig -   Max Concurrent:       5
11:50:36.775 [main] INFO  d.m.quorus.agent.config.AgentConfig -   --- Heartbeat ---
11:50:36.775 [main] INFO  d.m.quorus.agent.config.AgentConfig -   Interval:             30000ms
11:50:36.775 [main] INFO  d.m.quorus.agent.config.AgentConfig -   --- Job Polling ---
11:50:36.775 [main] INFO  d.m.quorus.agent.config.AgentConfig -   Initial Delay:        5000ms
11:50:36.775 [main] INFO  d.m.quorus.agent.config.AgentConfig -   Poll Interval:        10000ms
11:50:36.775 [main] INFO  d.m.quorus.agent.config.AgentConfig -   --- Security ---
11:50:36.775 [main] INFO  d.m.quorus.agent.config.AgentConfig -   Foreign Assignment Threshold: 1
11:50:36.775 [main] INFO  d.m.quorus.agent.config.AgentConfig -   --- Telemetry ---
11:50:36.775 [main] INFO  d.m.quorus.agent.config.AgentConfig -   Enabled:              true
11:50:36.775 [main] INFO  d.m.quorus.agent.config.AgentConfig -   Prometheus Port:      9465
11:50:36.775 [main] INFO  d.m.quorus.agent.config.AgentConfig -   OTLP Endpoint:        http://localhost:4317
11:50:36.775 [main] INFO  d.m.quorus.agent.config.AgentConfig - ==================================
11:50:36.775 [main] INFO  dev.mars.quorus.agent.QuorusAgent - Creating QuorusAgent with Vert.x instance: 1317171156 (using Vert.x timers, no ScheduledExecutorService)
11:50:36.775 [main] WARN  d.m.q.a.s.ControllerWebClientFactory - INSECURE DEVELOPMENT MODE: agent-to-controller traffic is plaintext
11:50:36.775 [main] DEBUG d.m.q.a.s.AgentRegistrationService - AgentRegistrationService initialized with Vert.x WebClient (connectTimeout=5000ms, idleTimeout=500ms)
11:50:36.775 [main] WARN  d.m.q.a.s.ControllerWebClientFactory - INSECURE DEVELOPMENT MODE: agent-to-controller traffic is plaintext
11:50:36.776 [main] DEBUG d.m.q.agent.service.HeartbeatService - HeartbeatService initialized with Vert.x WebClient (connectTimeout=5000ms, idleTimeout=500ms)
11:50:36.776 [main] DEBUG d.m.q.transfer.SimpleTransferEngine - Initializing SimpleTransferEngine: maxConcurrent=5, maxRetries=3, retryDelay=1000ms
11:50:36.776 [main] DEBUG d.m.quorus.protocol.ProtocolFactory - Initializing ProtocolFactory with Vert.x instance
11:50:36.776 [main] DEBUG d.m.quorus.protocol.ProtocolFactory - Registering default transfer protocols
11:50:36.776 [main] DEBUG d.m.quorus.protocol.ProtocolFactory - Creating HttpTransferProtocol instance
11:50:36.776 [main] INFO  d.m.q.protocol.HttpTransferProtocol - HttpTransferProtocol initialized: connectTimeout=30000ms, readTimeout=60000ms, maxFileSize=10737418240 bytes
11:50:36.776 [main] DEBUG d.m.q.protocol.HttpTransferProtocol - HttpTransferProtocol created with Vert.x Web Client (reactive mode)
11:50:36.776 [main] INFO  d.m.quorus.protocol.ProtocolFactory - Registered protocol: http
11:50:36.776 [main] DEBUG d.m.quorus.protocol.ProtocolFactory - Protocol details: name=http, class=HttpTransferProtocol, supportsResume=false, supportsPause=true
11:50:36.776 [main] INFO  d.m.quorus.protocol.ProtocolFactory - Registered protocol alias: https -> http
11:50:36.776 [main] DEBUG d.m.quorus.protocol.ProtocolFactory - Creating SmbTransferProtocol instance
11:50:36.776 [main] INFO  d.m.quorus.protocol.ProtocolFactory - Registered protocol: smb
11:50:36.776 [main] DEBUG d.m.quorus.protocol.ProtocolFactory - Protocol details: name=smb, class=SmbTransferProtocol, supportsResume=false, supportsPause=false
11:50:36.776 [main] INFO  d.m.quorus.protocol.ProtocolFactory - Registered protocol alias: cifs -> smb
11:50:36.776 [main] DEBUG d.m.quorus.protocol.ProtocolFactory - Creating FtpTransferProtocol instance
11:50:36.776 [main] INFO  d.m.quorus.protocol.ProtocolFactory - Registered protocol: ftp
11:50:36.776 [main] DEBUG d.m.quorus.protocol.ProtocolFactory - Protocol details: name=ftp, class=FtpTransferProtocol, supportsResume=false, supportsPause=false
11:50:36.776 [main] INFO  d.m.quorus.protocol.ProtocolFactory - Registered protocol alias: ftps -> ftp
11:50:36.776 [main] DEBUG d.m.quorus.protocol.ProtocolFactory - Creating SftpTransferProtocol instance
11:50:36.776 [main] INFO  d.m.quorus.protocol.ProtocolFactory - Registered protocol: sftp
11:50:36.776 [main] DEBUG d.m.quorus.protocol.ProtocolFactory - Protocol details: name=sftp, class=SftpTransferProtocol, supportsResume=false, supportsPause=false
11:50:36.776 [main] DEBUG d.m.quorus.protocol.ProtocolFactory - Creating NfsTransferProtocol instance
11:50:36.776 [main] DEBUG d.m.q.protocol.NfsTransferProtocol - NfsTransferProtocol initialized with mountRoot=C:\nfs
11:50:36.776 [main] INFO  d.m.quorus.protocol.ProtocolFactory - Registered protocol: nfs
11:50:36.776 [main] DEBUG d.m.quorus.protocol.ProtocolFactory - Protocol details: name=nfs, class=NfsTransferProtocol, supportsResume=false, supportsPause=false
11:50:36.776 [main] INFO  d.m.quorus.protocol.ProtocolFactory - Registered default transfer protocols: count=8, schemes=ftps, ftp, http, smb, sftp, nfs, https, cifs
11:50:36.776 [main] INFO  d.m.q.transfer.SimpleTransferEngine - SimpleTransferEngine initialized with 5 max concurrent transfers (reactive mode, OpenTelemetry enabled)
11:50:36.776 [main] DEBUG d.m.q.transfer.SimpleTransferEngine - SimpleTransferEngine initialization complete - startTime=2026-09-05T03:50:36.776870500Z
11:50:36.777 [main] INFO  d.m.q.a.s.TransferExecutionService - TransferExecutionService initialized (Vert.x reactive mode)
11:50:36.777 [main] WARN  d.m.q.a.s.ControllerWebClientFactory - INSECURE DEVELOPMENT MODE: agent-to-controller traffic is plaintext
11:50:36.777 [main] DEBUG d.m.q.a.service.JobPollingService - JobPollingService initialized with Vert.x WebClient (connectTimeout=5000ms, idleTimeout=500ms)
11:50:36.777 [main] WARN  d.m.q.a.s.ControllerWebClientFactory - INSECURE DEVELOPMENT MODE: agent-to-controller traffic is plaintext
11:50:36.777 [main] DEBUG d.m.q.a.s.JobStatusReportingService - JobStatusReportingService initialized with Vert.x WebClient (connectTimeout=5000ms, idleTimeout=500ms)
11:50:36.777 [main] INFO  d.m.q.a.observability.AgentMetrics - AgentMetrics initialized for agent: payments-agent
11:50:36.777 [main] INFO  dev.mars.quorus.agent.QuorusAgent - Quorus Agent initialized: payments-agent (reactive mode with OpenTelemetry)
11:50:36.777 [main] INFO  dev.mars.quorus.agent.QuorusAgent - Foreign-assignment mismatch threshold configured to 1
11:50:36.777 [main] INFO  dev.mars.quorus.agent.QuorusAgent - Starting Quorus Agent services (Vert.x reactive mode)...
11:50:36.778 [main] INFO  d.m.q.a.s.AgentRegistrationService - Registering agent payments-agent with controller at http://localhost:53863/api/v1
11:50:36.779 [vert.x-eventloop-thread-0] INFO  d.m.q.agent.service.HealthService - Health service started on port 53864
11:50:36.785 [vert.x-eventloop-thread-0] INFO  d.m.q.a.s.AgentRegistrationService - Agent payments-agent registered successfully
11:50:36.786 [vert.x-eventloop-thread-0] INFO  dev.mars.quorus.agent.QuorusAgent - Agent registered successfully with controller
11:50:36.786 [vert.x-eventloop-thread-0] INFO  dev.mars.quorus.agent.QuorusAgent - Heartbeat service started (interval: 30000ms) [Vert.x timer ID: 5]
11:50:36.787 [vert.x-eventloop-thread-0] INFO  d.m.q.a.s.TransferExecutionService - Transfer execution service started with 5 max concurrent transfers
11:50:36.787 [vert.x-eventloop-thread-0] INFO  dev.mars.quorus.agent.QuorusAgent - Transfer execution service started
11:50:36.787 [vert.x-eventloop-thread-0] INFO  dev.mars.quorus.agent.QuorusAgent - Quorus Agent started successfully (reactive mode, 0 extra threads)
11:50:36.788 [vert.x-eventloop-thread-0] INFO  dev.mars.quorus.agent.QuorusAgent - Job polling started (interval: 20ms) [Vert.x timer ID: 7]
11:50:36.815 [vert.x-eventloop-thread-0] DEBUG d.m.q.a.service.JobPollingService - Polled for jobs: found 1 pending jobs
11:50:36.815 [vert.x-eventloop-thread-0] INFO  dev.mars.quorus.agent.QuorusAgent - Found 1 pending job(s)
11:50:36.815 [vert.x-eventloop-thread-0] INFO  dev.mars.quorus.agent.QuorusAgent - Processing job: settlement (null)
11:50:36.820 [vert.x-eventloop-thread-0] DEBUG d.m.q.a.s.JobStatusReportingService - Job status reported: settlement -> ACCEPTED
11:50:36.830 [vert.x-eventloop-thread-0] DEBUG d.m.q.a.service.JobPollingService - Polled for jobs: found 0 pending jobs
11:50:36.830 [vert.x-eventloop-thread-0] DEBUG dev.mars.quorus.agent.QuorusAgent - No pending jobs found
11:50:36.850 [vert.x-eventloop-thread-0] DEBUG d.m.q.a.service.JobPollingService - Polled for jobs: found 0 pending jobs
11:50:36.851 [vert.x-eventloop-thread-0] DEBUG dev.mars.quorus.agent.QuorusAgent - No pending jobs found
11:50:36.872 [vert.x-eventloop-thread-0] DEBUG d.m.q.a.service.JobPollingService - Polled for jobs: found 0 pending jobs
11:50:36.872 [vert.x-eventloop-thread-0] DEBUG dev.mars.quorus.agent.QuorusAgent - No pending jobs found
11:50:36.890 [vert.x-eventloop-thread-0] DEBUG d.m.q.a.service.JobPollingService - Polled for jobs: found 0 pending jobs
11:50:36.891 [vert.x-eventloop-thread-0] DEBUG dev.mars.quorus.agent.QuorusAgent - No pending jobs found
11:50:36.911 [vert.x-eventloop-thread-0] DEBUG d.m.q.a.service.JobPollingService - Polled for jobs: found 0 pending jobs
11:50:36.911 [vert.x-eventloop-thread-0] DEBUG dev.mars.quorus.agent.QuorusAgent - No pending jobs found
11:50:36.931 [vert.x-eventloop-thread-0] DEBUG d.m.q.a.service.JobPollingService - Polled for jobs: found 0 pending jobs
11:50:36.931 [vert.x-eventloop-thread-0] DEBUG dev.mars.quorus.agent.QuorusAgent - No pending jobs found
11:50:36.950 [vert.x-eventloop-thread-0] DEBUG d.m.q.a.service.JobPollingService - Polled for jobs: found 0 pending jobs
11:50:36.950 [vert.x-eventloop-thread-0] DEBUG dev.mars.quorus.agent.QuorusAgent - No pending jobs found
11:50:36.969 [vert.x-eventloop-thread-0] DEBUG d.m.q.a.service.JobPollingService - Polled for jobs: found 0 pending jobs
11:50:36.970 [vert.x-eventloop-thread-0] DEBUG dev.mars.quorus.agent.QuorusAgent - No pending jobs found
11:50:36.991 [vert.x-eventloop-thread-0] DEBUG d.m.q.a.service.JobPollingService - Polled for jobs: found 0 pending jobs
11:50:36.991 [vert.x-eventloop-thread-0] DEBUG dev.mars.quorus.agent.QuorusAgent - No pending jobs found
11:50:37.011 [vert.x-eventloop-thread-0] DEBUG d.m.q.a.service.JobPollingService - Polled for jobs: found 0 pending jobs
11:50:37.011 [vert.x-eventloop-thread-0] DEBUG dev.mars.quorus.agent.QuorusAgent - No pending jobs found
11:50:37.030 [vert.x-eventloop-thread-0] DEBUG d.m.q.a.service.JobPollingService - Polled for jobs: found 0 pending jobs
11:50:37.031 [vert.x-eventloop-thread-0] DEBUG dev.mars.quorus.agent.QuorusAgent - No pending jobs found
11:50:37.050 [vert.x-eventloop-thread-0] DEBUG d.m.q.a.service.JobPollingService - Polled for jobs: found 0 pending jobs
11:50:37.051 [vert.x-eventloop-thread-0] DEBUG dev.mars.quorus.agent.QuorusAgent - No pending jobs found
11:50:37.071 [vert.x-eventloop-thread-0] DEBUG d.m.q.a.service.JobPollingService - Polled for jobs: found 0 pending jobs
11:50:37.071 [vert.x-eventloop-thread-0] DEBUG dev.mars.quorus.agent.QuorusAgent - No pending jobs found
11:50:37.091 [vert.x-eventloop-thread-0] DEBUG d.m.q.a.service.JobPollingService - Polled for jobs: found 0 pending jobs
11:50:37.091 [vert.x-eventloop-thread-0] DEBUG dev.mars.quorus.agent.QuorusAgent - No pending jobs found
11:50:37.110 [vert.x-eventloop-thread-0] DEBUG d.m.q.a.service.JobPollingService - Polled for jobs: found 0 pending jobs
11:50:37.111 [vert.x-eventloop-thread-0] DEBUG dev.mars.quorus.agent.QuorusAgent - No pending jobs found
11:50:37.132 [vert.x-eventloop-thread-0] DEBUG d.m.q.a.service.JobPollingService - Polled for jobs: found 0 pending jobs
11:50:37.132 [vert.x-eventloop-thread-0] DEBUG dev.mars.quorus.agent.QuorusAgent - No pending jobs found
11:50:37.133 [vert.x-eventloop-thread-0] ERROR d.m.q.a.s.JobStatusReportingService - Status report unresolved or rejected: jobId=settlement, status=IN_PROGRESS, attemptId=settlement-attempt-1, sequence=2: Q-REPORT-UNRESOLVED: HTTP 503
11:50:37.133 [vert.x-eventloop-thread-0] ERROR dev.mars.quorus.agent.QuorusAgent - Job settlement was not executed because its start report was rejected or unresolved: Q-REPORT-UNRESOLVED: HTTP 503
11:50:37.150 [vert.x-eventloop-thread-0] DEBUG d.m.q.a.service.JobPollingService - Polled for jobs: found 0 pending jobs
11:50:37.150 [vert.x-eventloop-thread-0] DEBUG dev.mars.quorus.agent.QuorusAgent - No pending jobs found
11:50:37.170 [vert.x-eventloop-thread-0] DEBUG d.m.q.a.service.JobPollingService - Polled for jobs: found 0 pending jobs
11:50:37.170 [vert.x-eventloop-thread-0] DEBUG dev.mars.quorus.agent.QuorusAgent - No pending jobs found
11:50:37.190 [vert.x-eventloop-thread-0] DEBUG d.m.q.a.service.JobPollingService - Polled for jobs: found 0 pending jobs
11:50:37.190 [vert.x-eventloop-thread-0] DEBUG dev.mars.quorus.agent.QuorusAgent - No pending jobs found
11:50:37.210 [vert.x-eventloop-thread-0] DEBUG d.m.q.a.service.JobPollingService - Polled for jobs: found 0 pending jobs
11:50:37.210 [vert.x-eventloop-thread-0] DEBUG dev.mars.quorus.agent.QuorusAgent - No pending jobs found
11:50:37.230 [vert.x-eventloop-thread-0] DEBUG d.m.q.a.service.JobPollingService - Polled for jobs: found 0 pending jobs
11:50:37.230 [vert.x-eventloop-thread-0] DEBUG dev.mars.quorus.agent.QuorusAgent - No pending jobs found
11:50:37.250 [vert.x-eventloop-thread-0] DEBUG d.m.q.a.service.JobPollingService - Polled for jobs: found 0 pending jobs
11:50:37.250 [vert.x-eventloop-thread-0] DEBUG dev.mars.quorus.agent.QuorusAgent - No pending jobs found
11:50:37.271 [vert.x-eventloop-thread-0] DEBUG d.m.q.a.service.JobPollingService - Polled for jobs: found 0 pending jobs
11:50:37.271 [vert.x-eventloop-thread-0] DEBUG dev.mars.quorus.agent.QuorusAgent - No pending jobs found
11:50:37.294 [vert.x-eventloop-thread-0] DEBUG d.m.q.a.service.JobPollingService - Polled for jobs: found 0 pending jobs
11:50:37.294 [vert.x-eventloop-thread-0] DEBUG dev.mars.quorus.agent.QuorusAgent - No pending jobs found
11:50:37.313 [vert.x-eventloop-thread-0] DEBUG d.m.q.a.service.JobPollingService - Polled for jobs: found 0 pending jobs
11:50:37.313 [vert.x-eventloop-thread-0] DEBUG dev.mars.quorus.agent.QuorusAgent - No pending jobs found
11:50:37.332 [vert.x-eventloop-thread-0] DEBUG d.m.q.a.service.JobPollingService - Polled for jobs: found 0 pending jobs
11:50:37.332 [vert.x-eventloop-thread-0] DEBUG dev.mars.quorus.agent.QuorusAgent - No pending jobs found
11:50:37.349 [vert.x-eventloop-thread-0] DEBUG d.m.q.a.service.JobPollingService - Polled for jobs: found 0 pending jobs
11:50:37.350 [vert.x-eventloop-thread-0] DEBUG dev.mars.quorus.agent.QuorusAgent - No pending jobs found
11:50:37.370 [vert.x-eventloop-thread-0] DEBUG d.m.q.a.service.JobPollingService - Polled for jobs: found 0 pending jobs
11:50:37.370 [vert.x-eventloop-thread-0] DEBUG dev.mars.quorus.agent.QuorusAgent - No pending jobs found
11:50:37.391 [vert.x-eventloop-thread-0] DEBUG d.m.q.a.service.JobPollingService - Polled for jobs: found 0 pending jobs
11:50:37.391 [vert.x-eventloop-thread-0] DEBUG dev.mars.quorus.agent.QuorusAgent - No pending jobs found
11:50:37.410 [vert.x-eventloop-thread-0] DEBUG d.m.q.a.service.JobPollingService - Polled for jobs: found 0 pending jobs
11:50:37.410 [vert.x-eventloop-thread-0] DEBUG dev.mars.quorus.agent.QuorusAgent - No pending jobs found
11:50:37.429 [vert.x-eventloop-thread-0] DEBUG d.m.q.a.service.JobPollingService - Polled for jobs: found 0 pending jobs
11:50:37.429 [vert.x-eventloop-thread-0] DEBUG dev.mars.quorus.agent.QuorusAgent - No pending jobs found
11:50:37.450 [vert.x-eventloop-thread-0] DEBUG d.m.q.a.service.JobPollingService - Polled for jobs: found 0 pending jobs
11:50:37.450 [vert.x-eventloop-thread-0] DEBUG dev.mars.quorus.agent.QuorusAgent - No pending jobs found
11:50:37.470 [vert.x-eventloop-thread-0] DEBUG d.m.q.a.service.JobPollingService - Polled for jobs: found 0 pending jobs
11:50:37.473 [vert.x-eventloop-thread-0] DEBUG dev.mars.quorus.agent.QuorusAgent - No pending jobs found
11:50:37.490 [vert.x-eventloop-thread-0] DEBUG d.m.q.a.service.JobPollingService - Polled for jobs: found 0 pending jobs
11:50:37.490 [vert.x-eventloop-thread-0] DEBUG dev.mars.quorus.agent.QuorusAgent - No pending jobs found
11:50:37.511 [vert.x-eventloop-thread-0] DEBUG d.m.q.a.service.JobPollingService - Polled for jobs: found 0 pending jobs
11:50:37.511 [vert.x-eventloop-thread-0] DEBUG dev.mars.quorus.agent.QuorusAgent - No pending jobs found
11:50:37.530 [vert.x-eventloop-thread-0] DEBUG d.m.q.a.service.JobPollingService - Polled for jobs: found 0 pending jobs
11:50:37.530 [vert.x-eventloop-thread-0] DEBUG dev.mars.quorus.agent.QuorusAgent - No pending jobs found
11:50:37.550 [vert.x-eventloop-thread-0] DEBUG d.m.q.a.service.JobPollingService - Polled for jobs: found 0 pending jobs
11:50:37.550 [vert.x-eventloop-thread-0] DEBUG dev.mars.quorus.agent.QuorusAgent - No pending jobs found
11:50:37.569 [vert.x-eventloop-thread-0] DEBUG d.m.q.a.service.JobPollingService - Polled for jobs: found 0 pending jobs
11:50:37.569 [vert.x-eventloop-thread-0] DEBUG dev.mars.quorus.agent.QuorusAgent - No pending jobs found
11:50:37.590 [vert.x-eventloop-thread-0] DEBUG d.m.q.a.service.JobPollingService - Polled for jobs: found 0 pending jobs
11:50:37.590 [vert.x-eventloop-thread-0] DEBUG dev.mars.quorus.agent.QuorusAgent - No pending jobs found
11:50:37.609 [vert.x-eventloop-thread-0] DEBUG d.m.q.a.service.JobPollingService - Polled for jobs: found 0 pending jobs
11:50:37.609 [vert.x-eventloop-thread-0] DEBUG dev.mars.quorus.agent.QuorusAgent - No pending jobs found
11:50:37.629 [vert.x-eventloop-thread-0] DEBUG d.m.q.a.service.JobPollingService - Polled for jobs: found 0 pending jobs
11:50:37.629 [vert.x-eventloop-thread-0] DEBUG dev.mars.quorus.agent.QuorusAgent - No pending jobs found
11:50:37.649 [vert.x-eventloop-thread-0] DEBUG d.m.q.a.service.JobPollingService - Polled for jobs: found 0 pending jobs
11:50:37.649 [vert.x-eventloop-thread-0] DEBUG dev.mars.quorus.agent.QuorusAgent - No pending jobs found
11:50:37.670 [vert.x-eventloop-thread-0] DEBUG d.m.q.a.service.JobPollingService - Polled for jobs: found 0 pending jobs
11:50:37.671 [vert.x-eventloop-thread-0] DEBUG dev.mars.quorus.agent.QuorusAgent - No pending jobs found
11:50:37.689 [vert.x-eventloop-thread-0] DEBUG d.m.q.a.service.JobPollingService - Polled for jobs: found 0 pending jobs
11:50:37.690 [vert.x-eventloop-thread-0] DEBUG dev.mars.quorus.agent.QuorusAgent - No pending jobs found
11:50:37.711 [vert.x-eventloop-thread-0] DEBUG d.m.q.a.service.JobPollingService - Polled for jobs: found 0 pending jobs
11:50:37.711 [vert.x-eventloop-thread-0] DEBUG dev.mars.quorus.agent.QuorusAgent - No pending jobs found
11:50:37.729 [vert.x-eventloop-thread-0] DEBUG d.m.q.a.service.JobPollingService - Polled for jobs: found 0 pending jobs
11:50:37.729 [vert.x-eventloop-thread-0] DEBUG dev.mars.quorus.agent.QuorusAgent - No pending jobs found
11:50:37.749 [vert.x-eventloop-thread-0] DEBUG d.m.q.a.service.JobPollingService - Polled for jobs: found 0 pending jobs
11:50:37.749 [vert.x-eventloop-thread-0] DEBUG dev.mars.quorus.agent.QuorusAgent - No pending jobs found
11:50:37.771 [vert.x-eventloop-thread-0] DEBUG d.m.q.a.service.JobPollingService - Polled for jobs: found 0 pending jobs
11:50:37.771 [vert.x-eventloop-thread-0] DEBUG dev.mars.quorus.agent.QuorusAgent - No pending jobs found
11:50:37.789 [vert.x-eventloop-thread-0] DEBUG d.m.q.a.service.JobPollingService - Polled for jobs: found 0 pending jobs
11:50:37.789 [vert.x-eventloop-thread-0] DEBUG dev.mars.quorus.agent.QuorusAgent - No pending jobs found
11:50:37.809 [vert.x-eventloop-thread-0] DEBUG d.m.q.a.service.JobPollingService - Polled for jobs: found 0 pending jobs
11:50:37.809 [vert.x-eventloop-thread-0] DEBUG dev.mars.quorus.agent.QuorusAgent - No pending jobs found
11:50:37.829 [vert.x-eventloop-thread-0] DEBUG d.m.q.a.service.JobPollingService - Polled for jobs: found 0 pending jobs
11:50:37.829 [vert.x-eventloop-thread-0] DEBUG dev.mars.quorus.agent.QuorusAgent - No pending jobs found
11:50:37.850 [vert.x-eventloop-thread-0] DEBUG d.m.q.a.service.JobPollingService - Polled for jobs: found 0 pending jobs
11:50:37.850 [vert.x-eventloop-thread-0] DEBUG dev.mars.quorus.agent.QuorusAgent - No pending jobs found
11:50:37.869 [vert.x-eventloop-thread-0] DEBUG d.m.q.a.service.JobPollingService - Polled for jobs: found 0 pending jobs
11:50:37.870 [vert.x-eventloop-thread-0] DEBUG dev.mars.quorus.agent.QuorusAgent - No pending jobs found
11:50:37.890 [vert.x-eventloop-thread-0] DEBUG d.m.q.a.service.JobPollingService - Polled for jobs: found 0 pending jobs
11:50:37.891 [vert.x-eventloop-thread-0] DEBUG dev.mars.quorus.agent.QuorusAgent - No pending jobs found
11:50:37.910 [vert.x-eventloop-thread-0] DEBUG d.m.q.a.service.JobPollingService - Polled for jobs: found 0 pending jobs
11:50:37.911 [vert.x-eventloop-thread-0] DEBUG dev.mars.quorus.agent.QuorusAgent - No pending jobs found
11:50:37.930 [vert.x-eventloop-thread-0] DEBUG d.m.q.a.service.JobPollingService - Polled for jobs: found 0 pending jobs
11:50:37.930 [vert.x-eventloop-thread-0] DEBUG dev.mars.quorus.agent.QuorusAgent - No pending jobs found
11:50:37.950 [vert.x-eventloop-thread-0] DEBUG d.m.q.a.service.JobPollingService - Polled for jobs: found 0 pending jobs
11:50:37.950 [vert.x-eventloop-thread-0] DEBUG dev.mars.quorus.agent.QuorusAgent - No pending jobs found
11:50:37.969 [vert.x-eventloop-thread-0] DEBUG d.m.q.a.service.JobPollingService - Polled for jobs: found 0 pending jobs
11:50:37.970 [vert.x-eventloop-thread-0] DEBUG dev.mars.quorus.agent.QuorusAgent - No pending jobs found
11:50:37.991 [vert.x-eventloop-thread-0] DEBUG d.m.q.a.service.JobPollingService - Polled for jobs: found 0 pending jobs
11:50:37.991 [vert.x-eventloop-thread-0] DEBUG dev.mars.quorus.agent.QuorusAgent - No pending jobs found
11:50:38.009 [vert.x-eventloop-thread-0] DEBUG d.m.q.a.service.JobPollingService - Polled for jobs: found 0 pending jobs
11:50:38.009 [vert.x-eventloop-thread-0] DEBUG dev.mars.quorus.agent.QuorusAgent - No pending jobs found
11:50:38.030 [vert.x-eventloop-thread-0] DEBUG d.m.q.a.service.JobPollingService - Polled for jobs: found 0 pending jobs
11:50:38.030 [vert.x-eventloop-thread-0] DEBUG dev.mars.quorus.agent.QuorusAgent - No pending jobs found
11:50:38.050 [vert.x-eventloop-thread-0] DEBUG d.m.q.a.service.JobPollingService - Polled for jobs: found 0 pending jobs
11:50:38.051 [vert.x-eventloop-thread-0] DEBUG dev.mars.quorus.agent.QuorusAgent - No pending jobs found
11:50:38.070 [vert.x-eventloop-thread-0] DEBUG d.m.q.a.service.JobPollingService - Polled for jobs: found 0 pending jobs
11:50:38.070 [vert.x-eventloop-thread-0] DEBUG dev.mars.quorus.agent.QuorusAgent - No pending jobs found
11:50:38.090 [vert.x-eventloop-thread-0] DEBUG d.m.q.a.service.JobPollingService - Polled for jobs: found 0 pending jobs
11:50:38.091 [vert.x-eventloop-thread-0] DEBUG dev.mars.quorus.agent.QuorusAgent - No pending jobs found
11:50:38.109 [vert.x-eventloop-thread-0] DEBUG d.m.q.a.service.JobPollingService - Polled for jobs: found 0 pending jobs
11:50:38.109 [vert.x-eventloop-thread-0] DEBUG dev.mars.quorus.agent.QuorusAgent - No pending jobs found
11:50:38.130 [vert.x-eventloop-thread-0] DEBUG d.m.q.a.service.JobPollingService - Polled for jobs: found 0 pending jobs
11:50:38.130 [vert.x-eventloop-thread-0] DEBUG dev.mars.quorus.agent.QuorusAgent - No pending jobs found
11:50:38.149 [vert.x-eventloop-thread-0] DEBUG d.m.q.a.service.JobPollingService - Polled for jobs: found 0 pending jobs
11:50:38.149 [vert.x-eventloop-thread-0] DEBUG dev.mars.quorus.agent.QuorusAgent - No pending jobs found
11:50:38.171 [vert.x-eventloop-thread-0] DEBUG d.m.q.a.service.JobPollingService - Polled for jobs: found 0 pending jobs
11:50:38.171 [vert.x-eventloop-thread-0] DEBUG dev.mars.quorus.agent.QuorusAgent - No pending jobs found
11:50:38.189 [vert.x-eventloop-thread-0] DEBUG d.m.q.a.service.JobPollingService - Polled for jobs: found 0 pending jobs
11:50:38.189 [vert.x-eventloop-thread-0] DEBUG dev.mars.quorus.agent.QuorusAgent - No pending jobs found
11:50:38.209 [vert.x-eventloop-thread-0] DEBUG d.m.q.a.service.JobPollingService - Polled for jobs: found 0 pending jobs
11:50:38.209 [vert.x-eventloop-thread-0] DEBUG dev.mars.quorus.agent.QuorusAgent - No pending jobs found
11:50:38.230 [vert.x-eventloop-thread-0] DEBUG d.m.q.a.service.JobPollingService - Polled for jobs: found 0 pending jobs
11:50:38.230 [vert.x-eventloop-thread-0] DEBUG dev.mars.quorus.agent.QuorusAgent - No pending jobs found
11:50:38.250 [vert.x-eventloop-thread-0] DEBUG d.m.q.a.service.JobPollingService - Polled for jobs: found 0 pending jobs
11:50:38.250 [vert.x-eventloop-thread-0] DEBUG dev.mars.quorus.agent.QuorusAgent - No pending jobs found
11:50:38.270 [vert.x-eventloop-thread-0] DEBUG d.m.q.a.service.JobPollingService - Polled for jobs: found 0 pending jobs
11:50:38.270 [vert.x-eventloop-thread-0] DEBUG dev.mars.quorus.agent.QuorusAgent - No pending jobs found
11:50:38.290 [vert.x-eventloop-thread-0] DEBUG d.m.q.a.service.JobPollingService - Polled for jobs: found 0 pending jobs
11:50:38.290 [vert.x-eventloop-thread-0] DEBUG dev.mars.quorus.agent.QuorusAgent - No pending jobs found
11:50:38.309 [vert.x-eventloop-thread-0] DEBUG d.m.q.a.service.JobPollingService - Polled for jobs: found 0 pending jobs
11:50:38.309 [vert.x-eventloop-thread-0] DEBUG dev.mars.quorus.agent.QuorusAgent - No pending jobs found
11:50:38.328 [main] INFO  dev.mars.quorus.agent.QuorusAgent - Shutting down Quorus Agent (reactive mode)...
11:50:38.328 [main] INFO  dev.mars.quorus.agent.QuorusAgent - Heartbeat timer cancelled: true [ID: 5]
11:50:38.328 [main] INFO  dev.mars.quorus.agent.QuorusAgent - Job polling timer cancelled: true [ID: 7]
11:50:38.328 [main] INFO  d.m.q.a.s.TransferExecutionService - Shutting down transfer execution service...
11:50:38.328 [main] DEBUG d.m.q.transfer.SimpleTransferEngine - shutdown: initiating with timeout=30s
11:50:38.328 [main] INFO  d.m.q.transfer.SimpleTransferEngine - Shutting down transfer engine...
11:50:38.328 [main] DEBUG d.m.q.transfer.SimpleTransferEngine - shutdown: cancelling 0 active transfers
11:50:38.328 [main] DEBUG d.m.q.transfer.SimpleTransferEngine - awaitActiveTransfers: no active transfers
11:50:38.328 [main] INFO  d.m.q.transfer.SimpleTransferEngine - Transfer engine shutdown completed
11:50:38.328 [main] INFO  d.m.q.a.s.TransferExecutionService - Transfer execution service shutdown complete
11:50:38.328 [main] DEBUG d.m.q.agent.service.HeartbeatService - Shutting down HeartbeatService WebClient
11:50:38.328 [main] DEBUG d.m.q.a.service.JobPollingService - Shutting down JobPollingService WebClient
11:50:38.328 [main] DEBUG d.m.q.a.s.JobStatusReportingService - Shutting down JobStatusReportingService WebClient
11:50:38.330 [vert.x-eventloop-thread-0] INFO  d.m.q.agent.service.HealthService - Health service stopped
11:50:38.330 [vert.x-eventloop-thread-0] INFO  d.m.q.a.s.AgentRegistrationService - Deregistering agent payments-agent from controller
11:50:38.332 [vert.x-eventloop-thread-0] INFO  d.m.q.a.s.AgentRegistrationService - Agent payments-agent deregistered successfully
11:50:38.332 [vert.x-eventloop-thread-0] INFO  dev.mars.quorus.agent.QuorusAgent - Agent deregistered from controller
11:50:38.332 [vert.x-eventloop-thread-0] INFO  dev.mars.quorus.agent.QuorusAgent - Quorus Agent shutdown complete (0 threads to cleanup)
11:50:38.392 [main] INFO  d.m.quorus.agent.config.AgentConfig - Loaded configuration from quorus-agent.properties
11:50:38.393 [main] INFO  d.m.quorus.agent.config.AgentConfig - === Quorus Agent Configuration ===
11:50:38.393 [main] WARN  d.m.quorus.agent.config.AgentConfig - Agent ID not configured, derived from hostname: agent-NUC10A
11:50:38.393 [main] INFO  d.m.quorus.agent.config.AgentConfig -   Agent ID:             agent-NUC10A
11:50:38.393 [main] WARN  d.m.quorus.agent.config.AgentConfig -   Tenant ID:            NOT CONFIGURED
11:50:38.393 [main] INFO  d.m.quorus.agent.config.AgentConfig -   Agent Port:           8080
11:50:38.393 [main] INFO  d.m.quorus.agent.config.AgentConfig -   Controller URL:       https://localhost:8080/api/v1
11:50:38.393 [main] INFO  d.m.quorus.agent.config.AgentConfig -   Region:               default
11:50:38.393 [main] INFO  d.m.quorus.agent.config.AgentConfig -   Datacenter:           default
11:50:38.393 [main] INFO  d.m.quorus.agent.config.AgentConfig -   Supported Protocols:  HTTP,HTTPS
11:50:38.393 [main] INFO  d.m.quorus.agent.config.AgentConfig -   Version:              1.0.0
11:50:38.393 [main] INFO  d.m.quorus.agent.config.AgentConfig -   --- Transfer ---
11:50:38.393 [main] INFO  d.m.quorus.agent.config.AgentConfig -   Max Concurrent:       5
11:50:38.393 [main] INFO  d.m.quorus.agent.config.AgentConfig -   --- Heartbeat ---
11:50:38.393 [main] INFO  d.m.quorus.agent.config.AgentConfig -   Interval:             30000ms
11:50:38.393 [main] INFO  d.m.quorus.agent.config.AgentConfig -   --- Job Polling ---
11:50:38.393 [main] INFO  d.m.quorus.agent.config.AgentConfig -   Initial Delay:        5000ms
11:50:38.393 [main] INFO  d.m.quorus.agent.config.AgentConfig -   Poll Interval:        10000ms
11:50:38.393 [main] INFO  d.m.quorus.agent.config.AgentConfig -   --- Security ---
11:50:38.393 [main] INFO  d.m.quorus.agent.config.AgentConfig -   Foreign Assignment Threshold: 1
11:50:38.393 [main] INFO  d.m.quorus.agent.config.AgentConfig -   --- Telemetry ---
11:50:38.393 [main] INFO  d.m.quorus.agent.config.AgentConfig -   Enabled:              true
11:50:38.393 [main] INFO  d.m.quorus.agent.config.AgentConfig -   Prometheus Port:      9465
11:50:38.393 [main] INFO  d.m.quorus.agent.config.AgentConfig -   OTLP Endpoint:        http://localhost:4317
11:50:38.393 [main] INFO  d.m.quorus.agent.config.AgentConfig - ==================================
11:50:38.393 [main] INFO  dev.mars.quorus.agent.QuorusAgent - Creating QuorusAgent with Vert.x instance: 718712504 (using Vert.x timers, no ScheduledExecutorService)
11:50:38.394 [main] WARN  d.m.q.a.s.ControllerWebClientFactory - INSECURE DEVELOPMENT MODE: agent-to-controller traffic is plaintext
11:50:38.394 [main] DEBUG d.m.q.a.s.AgentRegistrationService - AgentRegistrationService initialized with Vert.x WebClient (connectTimeout=5000ms, idleTimeout=500ms)
11:50:38.394 [main] WARN  d.m.q.a.s.ControllerWebClientFactory - INSECURE DEVELOPMENT MODE: agent-to-controller traffic is plaintext
11:50:38.394 [main] DEBUG d.m.q.agent.service.HeartbeatService - HeartbeatService initialized with Vert.x WebClient (connectTimeout=5000ms, idleTimeout=500ms)
11:50:38.394 [main] DEBUG d.m.q.transfer.SimpleTransferEngine - Initializing SimpleTransferEngine: maxConcurrent=5, maxRetries=3, retryDelay=1000ms
11:50:38.394 [main] DEBUG d.m.quorus.protocol.ProtocolFactory - Initializing ProtocolFactory with Vert.x instance
11:50:38.395 [main] DEBUG d.m.quorus.protocol.ProtocolFactory - Registering default transfer protocols
11:50:38.395 [main] DEBUG d.m.quorus.protocol.ProtocolFactory - Creating HttpTransferProtocol instance
11:50:38.395 [main] INFO  d.m.q.protocol.HttpTransferProtocol - HttpTransferProtocol initialized: connectTimeout=30000ms, readTimeout=60000ms, maxFileSize=10737418240 bytes
11:50:38.395 [main] DEBUG d.m.q.protocol.HttpTransferProtocol - HttpTransferProtocol created with Vert.x Web Client (reactive mode)
11:50:38.395 [main] INFO  d.m.quorus.protocol.ProtocolFactory - Registered protocol: http
11:50:38.395 [main] DEBUG d.m.quorus.protocol.ProtocolFactory - Protocol details: name=http, class=HttpTransferProtocol, supportsResume=false, supportsPause=true
11:50:38.395 [main] INFO  d.m.quorus.protocol.ProtocolFactory - Registered protocol alias: https -> http
11:50:38.395 [main] DEBUG d.m.quorus.protocol.ProtocolFactory - Creating SmbTransferProtocol instance
11:50:38.395 [main] INFO  d.m.quorus.protocol.ProtocolFactory - Registered protocol: smb
11:50:38.395 [main] DEBUG d.m.quorus.protocol.ProtocolFactory - Protocol details: name=smb, class=SmbTransferProtocol, supportsResume=false, supportsPause=false
11:50:38.395 [main] INFO  d.m.quorus.protocol.ProtocolFactory - Registered protocol alias: cifs -> smb
11:50:38.395 [main] DEBUG d.m.quorus.protocol.ProtocolFactory - Creating FtpTransferProtocol instance
11:50:38.395 [main] INFO  d.m.quorus.protocol.ProtocolFactory - Registered protocol: ftp
11:50:38.395 [main] DEBUG d.m.quorus.protocol.ProtocolFactory - Protocol details: name=ftp, class=FtpTransferProtocol, supportsResume=false, supportsPause=false
11:50:38.395 [main] INFO  d.m.quorus.protocol.ProtocolFactory - Registered protocol alias: ftps -> ftp
11:50:38.395 [main] DEBUG d.m.quorus.protocol.ProtocolFactory - Creating SftpTransferProtocol instance
11:50:38.395 [main] INFO  d.m.quorus.protocol.ProtocolFactory - Registered protocol: sftp
11:50:38.395 [main] DEBUG d.m.quorus.protocol.ProtocolFactory - Protocol details: name=sftp, class=SftpTransferProtocol, supportsResume=false, supportsPause=false
11:50:38.395 [main] DEBUG d.m.quorus.protocol.ProtocolFactory - Creating NfsTransferProtocol instance
11:50:38.395 [main] DEBUG d.m.q.protocol.NfsTransferProtocol - NfsTransferProtocol initialized with mountRoot=C:\nfs
11:50:38.395 [main] INFO  d.m.quorus.protocol.ProtocolFactory - Registered protocol: nfs
11:50:38.396 [main] DEBUG d.m.quorus.protocol.ProtocolFactory - Protocol details: name=nfs, class=NfsTransferProtocol, supportsResume=false, supportsPause=false
11:50:38.396 [main] INFO  d.m.quorus.protocol.ProtocolFactory - Registered default transfer protocols: count=8, schemes=ftps, ftp, http, smb, sftp, nfs, https, cifs
11:50:38.396 [main] INFO  d.m.q.transfer.SimpleTransferEngine - SimpleTransferEngine initialized with 5 max concurrent transfers (reactive mode, OpenTelemetry enabled)
11:50:38.396 [main] DEBUG d.m.q.transfer.SimpleTransferEngine - SimpleTransferEngine initialization complete - startTime=2026-09-05T03:50:38.396524700Z
11:50:38.396 [main] INFO  d.m.q.a.s.TransferExecutionService - TransferExecutionService initialized (Vert.x reactive mode)
11:50:38.396 [main] WARN  d.m.q.a.s.ControllerWebClientFactory - INSECURE DEVELOPMENT MODE: agent-to-controller traffic is plaintext
11:50:38.396 [main] DEBUG d.m.q.a.service.JobPollingService - JobPollingService initialized with Vert.x WebClient (connectTimeout=5000ms, idleTimeout=500ms)
11:50:38.396 [main] WARN  d.m.q.a.s.ControllerWebClientFactory - INSECURE DEVELOPMENT MODE: agent-to-controller traffic is plaintext
11:50:38.396 [main] DEBUG d.m.q.a.s.JobStatusReportingService - JobStatusReportingService initialized with Vert.x WebClient (connectTimeout=5000ms, idleTimeout=500ms)
11:50:38.397 [main] INFO  d.m.q.a.observability.AgentMetrics - AgentMetrics initialized for agent: payments-agent
11:50:38.397 [main] INFO  dev.mars.quorus.agent.QuorusAgent - Quorus Agent initialized: payments-agent (reactive mode with OpenTelemetry)
11:50:38.397 [main] INFO  dev.mars.quorus.agent.QuorusAgent - Foreign-assignment mismatch threshold configured to 1
11:50:38.397 [main] INFO  dev.mars.quorus.agent.QuorusAgent - Starting Quorus Agent services (Vert.x reactive mode)...
11:50:38.397 [main] INFO  d.m.q.a.s.AgentRegistrationService - Registering agent payments-agent with controller at http://localhost:55461/api/v1
11:50:38.399 [vert.x-eventloop-thread-0] INFO  d.m.q.agent.service.HealthService - Health service started on port 55462
11:50:38.403 [vert.x-eventloop-thread-0] INFO  d.m.q.a.s.AgentRegistrationService - Agent payments-agent registered successfully
11:50:38.403 [vert.x-eventloop-thread-0] INFO  dev.mars.quorus.agent.QuorusAgent - Agent registered successfully with controller
11:50:38.403 [vert.x-eventloop-thread-0] INFO  dev.mars.quorus.agent.QuorusAgent - Heartbeat service started (interval: 30000ms) [Vert.x timer ID: 5]
11:50:38.403 [vert.x-eventloop-thread-0] INFO  d.m.q.a.s.TransferExecutionService - Transfer execution service started with 5 max concurrent transfers
11:50:38.403 [vert.x-eventloop-thread-0] INFO  dev.mars.quorus.agent.QuorusAgent - Transfer execution service started
11:50:38.403 [vert.x-eventloop-thread-0] INFO  dev.mars.quorus.agent.QuorusAgent - Quorus Agent started successfully (reactive mode, 0 extra threads)
11:50:38.404 [vert.x-eventloop-thread-0] INFO  dev.mars.quorus.agent.QuorusAgent - Job polling started (interval: 20ms) [Vert.x timer ID: 7]
11:50:38.430 [vert.x-eventloop-thread-0] DEBUG d.m.q.a.service.JobPollingService - Polled for jobs: found 1 pending jobs
11:50:38.430 [vert.x-eventloop-thread-0] INFO  dev.mars.quorus.agent.QuorusAgent - Found 1 pending job(s)
11:50:38.430 [vert.x-eventloop-thread-0] INFO  dev.mars.quorus.agent.QuorusAgent - Processing job: settlement (null)
11:50:38.435 [vert.x-eventloop-thread-0] DEBUG d.m.q.a.s.JobStatusReportingService - Job status reported: settlement -> ACCEPTED
11:50:38.441 [vert.x-eventloop-thread-0] DEBUG d.m.q.a.s.JobStatusReportingService - Job status reported: settlement -> IN_PROGRESS
11:50:38.441 [vert.x-eventloop-thread-0] INFO  d.m.q.a.s.TransferExecutionService - Executing transfer: http://localhost:55461/in/settlement.dat -> file:///C:/Users/mraysmit/AppData/Local/Temp/junit-11683152970899830944/settlement.dat
11:50:38.441 [vert.x-eventloop-thread-0] DEBUG d.m.q.transfer.SimpleTransferEngine - submitTransfer: request=settlement, protocol=http, direction=DOWNLOAD (Remote -> Local)
11:50:38.441 [vert.x-eventloop-thread-0] DEBUG d.m.quorus.protocol.ProtocolFactory - isProtocolSupported: protocol=http, supported=true
11:50:38.441 [vert.x-eventloop-thread-0] DEBUG d.m.quorus.protocol.ProtocolFactory - Protocol found: name=http, implementation=HttpTransferProtocol
11:50:38.441 [vert.x-eventloop-thread-0] DEBUG d.m.q.protocol.HttpTransferProtocol - canHandle: HTTP download check, scheme=http, canHandle=true
11:50:38.441 [vert.x-eventloop-thread-0] DEBUG d.m.q.transfer.SimpleTransferEngine - validateTransferRequest: request settlement validated successfully (direction=DOWNLOAD (Remote -> Local), protocol=http)
11:50:38.441 [vert.x-eventloop-thread-0] DEBUG d.m.q.transfer.SimpleTransferEngine - submitTransfer: creating job and context
11:50:38.441 [vert.x-eventloop-thread-0] DEBUG d.m.q.transfer.SimpleTransferEngine - submitTransfer: job registered, activeJobs=1
11:50:38.441 [vert.x-eventloop-thread-0] DEBUG d.m.q.transfer.SimpleTransferEngine - submitTransfer: executing transfer via reactive pipeline
11:50:38.441 [vert.x-eventloop-thread-0] INFO  d.m.q.transfer.SimpleTransferEngine - Transfer submitted: settlement
11:50:38.441 [vert.x-eventloop-thread-0] DEBUG d.m.q.transfer.SimpleTransferEngine - submitTransfer: complete, future registered
11:50:38.441 [vert.x-eventloop-thread-0] INFO  d.m.q.transfer.SimpleTransferEngine - Starting DOWNLOAD (Remote -> Local) transfer: settlement
11:50:38.441 [vert.x-eventloop-thread-0] DEBUG d.m.q.transfer.SimpleTransferEngine - executeTransfer: starting for jobId=settlement, protocol=http, direction=DOWNLOAD (Remote -> Local), sourceUri=http://localhost:55461/in/settlement.dat, destinationUri=file:///C:/Users/mraysmit/AppData/Local/Temp/junit-11683152970899830944/settlement.dat
11:50:38.442 [vert.x-eventloop-thread-0] DEBUG d.m.q.transfer.SimpleTransferEngine - executeTransfer: attempt 1 of 4 for jobId=settlement
11:50:38.442 [vert.x-eventloop-thread-0] DEBUG d.m.quorus.protocol.ProtocolFactory - Protocol found: name=http, implementation=HttpTransferProtocol
11:50:38.442 [vert.x-eventloop-thread-0] DEBUG d.m.q.protocol.HttpTransferProtocol - canHandle: HTTP download check, scheme=http, canHandle=true
11:50:38.442 [vert.x-eventloop-thread-0] DEBUG d.m.q.protocol.HttpTransferProtocol - Starting reactive HTTP transfer: jobId=settlement, direction=DOWNLOAD (Remote -> Local)
11:50:38.442 [vert.x-eventloop-thread-0] DEBUG d.m.q.protocol.HttpTransferProtocol - Validating HTTP transfer request: requestId=settlement
11:50:38.442 [vert.x-eventloop-thread-0] DEBUG d.m.q.protocol.HttpTransferProtocol - canHandle: HTTP download check, scheme=http, canHandle=true
11:50:38.442 [vert.x-eventloop-thread-0] DEBUG d.m.q.protocol.HttpTransferProtocol - Request validation passed
11:50:38.442 [vert.x-eventloop-thread-0] DEBUG d.m.q.protocol.HttpTransferProtocol - Routing to HTTP download handler
11:50:38.442 [vert.x-eventloop-thread-0] DEBUG d.m.q.protocol.HttpTransferProtocol - HTTP download: destination=C:\Users\mraysmit\AppData\Local\Temp\junit-11683152970899830944\settlement.dat, tempFile=C:\Users\mraysmit\AppData\Local\Temp\junit-11683152970899830944\settlement.dat.tmp
11:50:38.442 [vert.x-eventloop-thread-0] DEBUG d.m.q.protocol.HttpTransferProtocol - Created destination directory: C:\Users\mraysmit\AppData\Local\Temp\junit-11683152970899830944
11:50:38.442 [vert.x-eventloop-thread-0] INFO  d.m.q.protocol.HttpTransferProtocol - Starting reactive HTTP download from http://localhost:55461/in/settlement.dat
11:50:38.448 [vert.x-eventloop-thread-0] DEBUG d.m.q.a.service.JobPollingService - Polled for jobs: found 1 pending jobs
11:50:38.448 [vert.x-eventloop-thread-0] INFO  dev.mars.quorus.agent.QuorusAgent - Found 1 pending job(s)
11:50:38.467 [vert.x-eventloop-thread-0] DEBUG d.m.q.a.service.JobPollingService - Polled for jobs: found 1 pending jobs
11:50:38.468 [vert.x-eventloop-thread-0] INFO  dev.mars.quorus.agent.QuorusAgent - Found 1 pending job(s)
11:50:38.488 [vert.x-eventloop-thread-0] DEBUG d.m.q.a.service.JobPollingService - Polled for jobs: found 1 pending jobs
11:50:38.488 [vert.x-eventloop-thread-0] INFO  dev.mars.quorus.agent.QuorusAgent - Found 1 pending job(s)
11:50:38.507 [vert.x-eventloop-thread-0] DEBUG d.m.q.a.service.JobPollingService - Polled for jobs: found 1 pending jobs
11:50:38.507 [vert.x-eventloop-thread-0] INFO  dev.mars.quorus.agent.QuorusAgent - Found 1 pending job(s)
11:50:38.527 [vert.x-eventloop-thread-0] DEBUG d.m.q.a.service.JobPollingService - Polled for jobs: found 1 pending jobs
11:50:38.527 [vert.x-eventloop-thread-0] INFO  dev.mars.quorus.agent.QuorusAgent - Found 1 pending job(s)
11:50:38.546 [vert.x-eventloop-thread-0] DEBUG d.m.q.a.service.JobPollingService - Polled for jobs: found 1 pending jobs
11:50:38.547 [vert.x-eventloop-thread-0] INFO  dev.mars.quorus.agent.QuorusAgent - Found 1 pending job(s)
11:50:38.566 [vert.x-eventloop-thread-0] DEBUG d.m.q.a.service.JobPollingService - Polled for jobs: found 1 pending jobs
11:50:38.566 [vert.x-eventloop-thread-0] INFO  dev.mars.quorus.agent.QuorusAgent - Found 1 pending job(s)
11:50:38.586 [vert.x-eventloop-thread-0] DEBUG d.m.q.a.service.JobPollingService - Polled for jobs: found 1 pending jobs
11:50:38.586 [vert.x-eventloop-thread-0] INFO  dev.mars.quorus.agent.QuorusAgent - Found 1 pending job(s)
11:50:38.605 [vert.x-eventloop-thread-0] DEBUG d.m.q.a.service.JobPollingService - Polled for jobs: found 1 pending jobs
11:50:38.606 [vert.x-eventloop-thread-0] INFO  dev.mars.quorus.agent.QuorusAgent - Found 1 pending job(s)
11:50:38.626 [vert.x-eventloop-thread-0] DEBUG d.m.q.a.service.JobPollingService - Polled for jobs: found 1 pending jobs
11:50:38.626 [vert.x-eventloop-thread-0] INFO  dev.mars.quorus.agent.QuorusAgent - Found 1 pending job(s)
11:50:38.647 [vert.x-eventloop-thread-0] DEBUG d.m.q.a.service.JobPollingService - Polled for jobs: found 1 pending jobs
11:50:38.647 [vert.x-eventloop-thread-0] INFO  dev.mars.quorus.agent.QuorusAgent - Found 1 pending job(s)
11:50:38.647 [vert.x-eventloop-thread-0] DEBUG d.m.q.protocol.HttpTransferProtocol - HTTP response received: statusCode=200, statusMessage=OK
11:50:38.648 [vert.x-eventloop-thread-0] DEBUG d.m.q.protocol.HttpTransferProtocol - Response body received: 7 bytes
11:50:38.648 [vert.x-eventloop-thread-0] DEBUG d.m.q.protocol.HttpTransferProtocol - Calculating checksum for downloaded content
11:50:38.648 [vert.x-eventloop-thread-0] DEBUG d.m.q.protocol.HttpTransferProtocol - Checksum calculated: 040ffd5925d40e11c67b7238a7fc9957850b8b9a46e9729fab88c24d6a98aff2
11:50:38.648 [vert.x-eventloop-thread-0] DEBUG d.m.q.protocol.HttpTransferProtocol - Writing 7 bytes to temp file: C:\Users\mraysmit\AppData\Local\Temp\junit-11683152970899830944\settlement.dat.tmp
11:50:38.649 [vert.x-eventloop-thread-0] DEBUG d.m.q.protocol.HttpTransferProtocol - Moving temp file to destination: C:\Users\mraysmit\AppData\Local\Temp\junit-11683152970899830944\settlement.dat.tmp -> C:\Users\mraysmit\AppData\Local\Temp\junit-11683152970899830944\settlement.dat
11:50:38.651 [vert.x-eventloop-thread-0] INFO  d.m.q.protocol.HttpTransferProtocol - HTTP download completed: jobId=settlement, bytesTransferred=7, checksum=040ffd5925d40e11c67b7238a7fc9957850b8b9a46e9729fab88c24d6a98aff2
11:50:38.651 [vert.x-eventloop-thread-0] INFO  d.m.q.transfer.SimpleTransferEngine - DOWNLOAD (Remote -> Local) transfer completed successfully: settlement
11:50:38.651 [vert.x-eventloop-thread-0] DEBUG d.m.q.transfer.SimpleTransferEngine - submitTransfer: cleaning up job settlement from active collections
11:50:38.651 [vert.x-eventloop-thread-0] INFO  d.m.q.a.s.TransferExecutionService - Transfer completed successfully: settlement (7 bytes in 208ms)
11:50:38.651 [vert.x-eventloop-thread-0] INFO  dev.mars.quorus.agent.QuorusAgent - Transfer completed successfully: settlement (7 bytes in 208ms)
11:50:38.653 [vert.x-eventloop-thread-0] DEBUG d.m.q.a.s.JobStatusReportingService - Job status reported: settlement -> COMPLETED
11:50:38.655 [main] INFO  dev.mars.quorus.agent.QuorusAgent - Shutting down Quorus Agent (reactive mode)...
11:50:38.655 [main] INFO  dev.mars.quorus.agent.QuorusAgent - Heartbeat timer cancelled: true [ID: 5]
11:50:38.655 [main] INFO  dev.mars.quorus.agent.QuorusAgent - Job polling timer cancelled: true [ID: 7]
11:50:38.655 [main] INFO  d.m.q.a.s.TransferExecutionService - Shutting down transfer execution service...
11:50:38.655 [main] DEBUG d.m.q.transfer.SimpleTransferEngine - shutdown: initiating with timeout=30s
11:50:38.655 [main] INFO  d.m.q.transfer.SimpleTransferEngine - Shutting down transfer engine...
11:50:38.655 [main] DEBUG d.m.q.transfer.SimpleTransferEngine - shutdown: cancelling 0 active transfers
11:50:38.655 [main] DEBUG d.m.q.transfer.SimpleTransferEngine - awaitActiveTransfers: no active transfers
11:50:38.655 [main] INFO  d.m.q.transfer.SimpleTransferEngine - Transfer engine shutdown completed
11:50:38.655 [main] INFO  d.m.q.a.s.TransferExecutionService - Transfer execution service shutdown complete
11:50:38.655 [main] DEBUG d.m.q.agent.service.HeartbeatService - Shutting down HeartbeatService WebClient
11:50:38.655 [main] DEBUG d.m.q.a.service.JobPollingService - Shutting down JobPollingService WebClient
11:50:38.656 [main] DEBUG d.m.q.a.s.JobStatusReportingService - Shutting down JobStatusReportingService WebClient
11:50:38.657 [vert.x-eventloop-thread-0] INFO  d.m.q.agent.service.HealthService - Health service stopped
11:50:38.657 [vert.x-eventloop-thread-0] INFO  d.m.q.a.s.AgentRegistrationService - Deregistering agent payments-agent from controller
11:50:38.659 [vert.x-eventloop-thread-0] INFO  d.m.q.a.s.AgentRegistrationService - Agent payments-agent deregistered successfully
11:50:38.659 [vert.x-eventloop-thread-0] INFO  dev.mars.quorus.agent.QuorusAgent - Agent deregistered from controller
11:50:38.659 [vert.x-eventloop-thread-0] INFO  dev.mars.quorus.agent.QuorusAgent - Quorus Agent shutdown complete (0 threads to cleanup)
11:50:38.742 [main] INFO  d.m.quorus.agent.config.AgentConfig - Loaded configuration from quorus-agent.properties
11:50:38.742 [main] INFO  d.m.quorus.agent.config.AgentConfig - === Quorus Agent Configuration ===
11:50:38.742 [main] WARN  d.m.quorus.agent.config.AgentConfig - Agent ID not configured, derived from hostname: agent-NUC10A
11:50:38.742 [main] INFO  d.m.quorus.agent.config.AgentConfig -   Agent ID:             agent-NUC10A
11:50:38.742 [main] WARN  d.m.quorus.agent.config.AgentConfig -   Tenant ID:            NOT CONFIGURED
11:50:38.742 [main] INFO  d.m.quorus.agent.config.AgentConfig -   Agent Port:           8080
11:50:38.742 [main] INFO  d.m.quorus.agent.config.AgentConfig -   Controller URL:       https://localhost:8080/api/v1
11:50:38.742 [main] INFO  d.m.quorus.agent.config.AgentConfig -   Region:               default
11:50:38.742 [main] INFO  d.m.quorus.agent.config.AgentConfig -   Datacenter:           default
11:50:38.742 [main] INFO  d.m.quorus.agent.config.AgentConfig -   Supported Protocols:  HTTP,HTTPS
11:50:38.742 [main] INFO  d.m.quorus.agent.config.AgentConfig -   Version:              1.0.0
11:50:38.742 [main] INFO  d.m.quorus.agent.config.AgentConfig -   --- Transfer ---
11:50:38.742 [main] INFO  d.m.quorus.agent.config.AgentConfig -   Max Concurrent:       5
11:50:38.742 [main] INFO  d.m.quorus.agent.config.AgentConfig -   --- Heartbeat ---
11:50:38.742 [main] INFO  d.m.quorus.agent.config.AgentConfig -   Interval:             30000ms
11:50:38.742 [main] INFO  d.m.quorus.agent.config.AgentConfig -   --- Job Polling ---
11:50:38.742 [main] INFO  d.m.quorus.agent.config.AgentConfig -   Initial Delay:        5000ms
11:50:38.742 [main] INFO  d.m.quorus.agent.config.AgentConfig -   Poll Interval:        10000ms
11:50:38.742 [main] INFO  d.m.quorus.agent.config.AgentConfig -   --- Security ---
11:50:38.742 [main] INFO  d.m.quorus.agent.config.AgentConfig -   Foreign Assignment Threshold: 1
11:50:38.742 [main] INFO  d.m.quorus.agent.config.AgentConfig -   --- Telemetry ---
11:50:38.742 [main] INFO  d.m.quorus.agent.config.AgentConfig -   Enabled:              true
11:50:38.742 [main] INFO  d.m.quorus.agent.config.AgentConfig -   Prometheus Port:      9465
11:50:38.742 [main] INFO  d.m.quorus.agent.config.AgentConfig -   OTLP Endpoint:        http://localhost:4317
11:50:38.742 [main] INFO  d.m.quorus.agent.config.AgentConfig - ==================================
11:50:38.743 [main] INFO  dev.mars.quorus.agent.QuorusAgent - Creating QuorusAgent with Vert.x instance: 1675625850 (using Vert.x timers, no ScheduledExecutorService)
11:50:38.743 [main] WARN  d.m.q.a.s.ControllerWebClientFactory - INSECURE DEVELOPMENT MODE: agent-to-controller traffic is plaintext
11:50:38.743 [main] DEBUG d.m.q.a.s.AgentRegistrationService - AgentRegistrationService initialized with Vert.x WebClient (connectTimeout=5000ms, idleTimeout=10000ms)
11:50:38.743 [main] WARN  d.m.q.a.s.ControllerWebClientFactory - INSECURE DEVELOPMENT MODE: agent-to-controller traffic is plaintext
11:50:38.743 [main] DEBUG d.m.q.agent.service.HeartbeatService - HeartbeatService initialized with Vert.x WebClient (connectTimeout=5000ms, idleTimeout=10000ms)
11:50:38.743 [main] DEBUG d.m.q.transfer.SimpleTransferEngine - Initializing SimpleTransferEngine: maxConcurrent=5, maxRetries=3, retryDelay=1000ms
11:50:38.743 [main] DEBUG d.m.quorus.protocol.ProtocolFactory - Initializing ProtocolFactory with Vert.x instance
11:50:38.743 [main] DEBUG d.m.quorus.protocol.ProtocolFactory - Registering default transfer protocols
11:50:38.743 [main] DEBUG d.m.quorus.protocol.ProtocolFactory - Creating HttpTransferProtocol instance
11:50:38.743 [main] INFO  d.m.q.protocol.HttpTransferProtocol - HttpTransferProtocol initialized: connectTimeout=30000ms, readTimeout=60000ms, maxFileSize=10737418240 bytes
11:50:38.743 [main] DEBUG d.m.q.protocol.HttpTransferProtocol - HttpTransferProtocol created with Vert.x Web Client (reactive mode)
11:50:38.743 [main] INFO  d.m.quorus.protocol.ProtocolFactory - Registered protocol: http
11:50:38.743 [main] DEBUG d.m.quorus.protocol.ProtocolFactory - Protocol details: name=http, class=HttpTransferProtocol, supportsResume=false, supportsPause=true
11:50:38.743 [main] INFO  d.m.quorus.protocol.ProtocolFactory - Registered protocol alias: https -> http
11:50:38.743 [main] DEBUG d.m.quorus.protocol.ProtocolFactory - Creating SmbTransferProtocol instance
11:50:38.743 [main] INFO  d.m.quorus.protocol.ProtocolFactory - Registered protocol: smb
11:50:38.743 [main] DEBUG d.m.quorus.protocol.ProtocolFactory - Protocol details: name=smb, class=SmbTransferProtocol, supportsResume=false, supportsPause=false
11:50:38.743 [main] INFO  d.m.quorus.protocol.ProtocolFactory - Registered protocol alias: cifs -> smb
11:50:38.743 [main] DEBUG d.m.quorus.protocol.ProtocolFactory - Creating FtpTransferProtocol instance
11:50:38.743 [main] INFO  d.m.quorus.protocol.ProtocolFactory - Registered protocol: ftp
11:50:38.743 [main] DEBUG d.m.quorus.protocol.ProtocolFactory - Protocol details: name=ftp, class=FtpTransferProtocol, supportsResume=false, supportsPause=false
11:50:38.743 [main] INFO  d.m.quorus.protocol.ProtocolFactory - Registered protocol alias: ftps -> ftp
11:50:38.743 [main] DEBUG d.m.quorus.protocol.ProtocolFactory - Creating SftpTransferProtocol instance
11:50:38.743 [main] INFO  d.m.quorus.protocol.ProtocolFactory - Registered protocol: sftp
11:50:38.743 [main] DEBUG d.m.quorus.protocol.ProtocolFactory - Protocol details: name=sftp, class=SftpTransferProtocol, supportsResume=false, supportsPause=false
11:50:38.744 [main] DEBUG d.m.quorus.protocol.ProtocolFactory - Creating NfsTransferProtocol instance
11:50:38.744 [main] DEBUG d.m.q.protocol.NfsTransferProtocol - NfsTransferProtocol initialized with mountRoot=C:\nfs
11:50:38.744 [main] INFO  d.m.quorus.protocol.ProtocolFactory - Registered protocol: nfs
11:50:38.744 [main] DEBUG d.m.quorus.protocol.ProtocolFactory - Protocol details: name=nfs, class=NfsTransferProtocol, supportsResume=false, supportsPause=false
11:50:38.744 [main] INFO  d.m.quorus.protocol.ProtocolFactory - Registered default transfer protocols: count=8, schemes=ftps, ftp, http, smb, sftp, nfs, https, cifs
11:50:38.744 [main] INFO  d.m.q.transfer.SimpleTransferEngine - SimpleTransferEngine initialized with 5 max concurrent transfers (reactive mode, OpenTelemetry enabled)
11:50:38.744 [main] DEBUG d.m.q.transfer.SimpleTransferEngine - SimpleTransferEngine initialization complete - startTime=2026-09-05T03:50:38.744255200Z
11:50:38.744 [main] INFO  d.m.q.a.s.TransferExecutionService - TransferExecutionService initialized (Vert.x reactive mode)
11:50:38.744 [main] WARN  d.m.q.a.s.ControllerWebClientFactory - INSECURE DEVELOPMENT MODE: agent-to-controller traffic is plaintext
11:50:38.744 [main] DEBUG d.m.q.a.service.JobPollingService - JobPollingService initialized with Vert.x WebClient (connectTimeout=5000ms, idleTimeout=10000ms)
11:50:38.744 [main] WARN  d.m.q.a.s.ControllerWebClientFactory - INSECURE DEVELOPMENT MODE: agent-to-controller traffic is plaintext
11:50:38.744 [main] DEBUG d.m.q.a.s.JobStatusReportingService - JobStatusReportingService initialized with Vert.x WebClient (connectTimeout=5000ms, idleTimeout=10000ms)
11:50:38.744 [main] INFO  d.m.q.a.observability.AgentMetrics - AgentMetrics initialized for agent: payments-agent
11:50:38.744 [main] INFO  dev.mars.quorus.agent.QuorusAgent - Quorus Agent initialized: payments-agent (reactive mode with OpenTelemetry)
11:50:38.744 [main] INFO  dev.mars.quorus.agent.QuorusAgent - Foreign-assignment mismatch threshold configured to 1
11:50:38.744 [main] INFO  dev.mars.quorus.agent.QuorusAgent - Starting Quorus Agent services (Vert.x reactive mode)...
11:50:38.745 [main] INFO  d.m.q.a.s.AgentRegistrationService - Registering agent payments-agent with controller at http://localhost:55469/api/v1
11:50:38.746 [vert.x-eventloop-thread-0] INFO  d.m.q.agent.service.HealthService - Health service started on port 55470
11:50:38.750 [vert.x-eventloop-thread-0] INFO  d.m.q.a.s.AgentRegistrationService - Agent payments-agent registered successfully
11:50:38.751 [vert.x-eventloop-thread-0] INFO  dev.mars.quorus.agent.QuorusAgent - Agent registered successfully with controller
11:50:38.751 [vert.x-eventloop-thread-0] INFO  dev.mars.quorus.agent.QuorusAgent - Heartbeat service started (interval: 30000ms) [Vert.x timer ID: 5]
11:50:38.751 [vert.x-eventloop-thread-0] INFO  d.m.q.a.s.TransferExecutionService - Transfer execution service started with 5 max concurrent transfers
11:50:38.751 [vert.x-eventloop-thread-0] INFO  dev.mars.quorus.agent.QuorusAgent - Transfer execution service started
11:50:38.751 [vert.x-eventloop-thread-0] INFO  dev.mars.quorus.agent.QuorusAgent - Quorus Agent started successfully (reactive mode, 0 extra threads)
11:50:38.752 [vert.x-eventloop-thread-0] INFO  dev.mars.quorus.agent.QuorusAgent - Job polling started (interval: 20ms) [Vert.x timer ID: 7]
11:50:38.776 [vert.x-eventloop-thread-0] DEBUG d.m.q.a.service.JobPollingService - Polled for jobs: found 1 pending jobs
11:50:38.776 [vert.x-eventloop-thread-0] INFO  dev.mars.quorus.agent.QuorusAgent - Found 1 pending job(s)
11:50:38.776 [vert.x-eventloop-thread-0] INFO  dev.mars.quorus.agent.QuorusAgent - Processing job: settlement (null)
11:50:38.781 [vert.x-eventloop-thread-0] DEBUG d.m.q.a.s.JobStatusReportingService - Job status reported: settlement -> ACCEPTED
11:50:38.784 [vert.x-eventloop-thread-0] ERROR dev.mars.quorus.agent.QuorusAgent - Transfer error: settlement: Q-LOCAL-PATH: download destination is outside the configured download root
11:50:38.784 [vert.x-eventloop-thread-0] DEBUG dev.mars.quorus.agent.QuorusAgent - Stack trace for transfer error: jobId=settlement
java.lang.SecurityException: Q-LOCAL-PATH: download destination is outside the configured download root
	at dev.mars.quorus.agent.service.AgentLocalPathPolicy.denied(AgentLocalPathPolicy.java:82)
	at dev.mars.quorus.agent.service.AgentLocalPathPolicy.authorizeDownload(AgentLocalPathPolicy.java:59)
	at dev.mars.quorus.agent.service.AgentLocalPathPolicy.authorize(AgentLocalPathPolicy.java:39)
	at dev.mars.quorus.agent.service.TransferExecutionService.lambda$4(TransferExecutionService.java:175)
	at io.vertx.core.impl.ExecuteBlocking$1.execute(ExecuteBlocking.java:36)
	at io.vertx.core.impl.WorkerTask.run(WorkerTask.java:57)
	at java.base/java.util.concurrent.ThreadPoolExecutor.runWorker(ThreadPoolExecutor.java:1090)
	at java.base/java.util.concurrent.ThreadPoolExecutor$Worker.run(ThreadPoolExecutor.java:614)
	at io.netty.util.concurrent.FastThreadLocalRunnable.run(FastThreadLocalRunnable.java:30)
	at java.base/java.lang.Thread.run(Thread.java:1474)
11:50:38.797 [vert.x-eventloop-thread-0] DEBUG d.m.q.a.s.JobStatusReportingService - Job status reported: settlement -> FAILED
11:50:38.797 [main] INFO  dev.mars.quorus.agent.QuorusAgent - Shutting down Quorus Agent (reactive mode)...
11:50:38.797 [main] INFO  dev.mars.quorus.agent.QuorusAgent - Heartbeat timer cancelled: true [ID: 5]
11:50:38.797 [main] INFO  dev.mars.quorus.agent.QuorusAgent - Job polling timer cancelled: true [ID: 7]
11:50:38.797 [main] INFO  d.m.q.a.s.TransferExecutionService - Shutting down transfer execution service...
11:50:38.797 [main] DEBUG d.m.q.transfer.SimpleTransferEngine - shutdown: initiating with timeout=30s
11:50:38.797 [main] INFO  d.m.q.transfer.SimpleTransferEngine - Shutting down transfer engine...
11:50:38.797 [main] DEBUG d.m.q.transfer.SimpleTransferEngine - shutdown: cancelling 0 active transfers
11:50:38.797 [main] DEBUG d.m.q.transfer.SimpleTransferEngine - awaitActiveTransfers: no active transfers
11:50:38.797 [main] INFO  d.m.q.transfer.SimpleTransferEngine - Transfer engine shutdown completed
11:50:38.797 [main] INFO  d.m.q.a.s.TransferExecutionService - Transfer execution service shutdown complete
11:50:38.797 [main] DEBUG d.m.q.agent.service.HeartbeatService - Shutting down HeartbeatService WebClient
11:50:38.797 [main] DEBUG d.m.q.a.service.JobPollingService - Shutting down JobPollingService WebClient
11:50:38.798 [vert.x-eventloop-thread-0] DEBUG d.m.q.a.service.JobPollingService - Polled for jobs: found 0 pending jobs
11:50:38.798 [vert.x-eventloop-thread-0] DEBUG dev.mars.quorus.agent.QuorusAgent - No pending jobs found
11:50:38.798 [main] DEBUG d.m.q.a.s.JobStatusReportingService - Shutting down JobStatusReportingService WebClient
11:50:38.799 [vert.x-eventloop-thread-0] INFO  d.m.q.agent.service.HealthService - Health service stopped
11:50:38.799 [vert.x-eventloop-thread-0] INFO  d.m.q.a.s.AgentRegistrationService - Deregistering agent payments-agent from controller
11:50:38.800 [vert.x-eventloop-thread-0] INFO  d.m.q.a.s.AgentRegistrationService - Agent payments-agent deregistered successfully
11:50:38.800 [vert.x-eventloop-thread-0] INFO  dev.mars.quorus.agent.QuorusAgent - Agent deregistered from controller
11:50:38.800 [vert.x-eventloop-thread-0] INFO  dev.mars.quorus.agent.QuorusAgent - Quorus Agent shutdown complete (0 threads to cleanup)
11:50:38.877 [main] INFO  d.m.quorus.agent.config.AgentConfig - Loaded configuration from quorus-agent.properties
11:50:38.877 [main] INFO  d.m.quorus.agent.config.AgentConfig - === Quorus Agent Configuration ===
11:50:38.877 [main] WARN  d.m.quorus.agent.config.AgentConfig - Agent ID not configured, derived from hostname: agent-NUC10A
11:50:38.877 [main] INFO  d.m.quorus.agent.config.AgentConfig -   Agent ID:             agent-NUC10A
11:50:38.877 [main] WARN  d.m.quorus.agent.config.AgentConfig -   Tenant ID:            NOT CONFIGURED
11:50:38.877 [main] INFO  d.m.quorus.agent.config.AgentConfig -   Agent Port:           8080
11:50:38.877 [main] INFO  d.m.quorus.agent.config.AgentConfig -   Controller URL:       https://localhost:8080/api/v1
11:50:38.877 [main] INFO  d.m.quorus.agent.config.AgentConfig -   Region:               default
11:50:38.877 [main] INFO  d.m.quorus.agent.config.AgentConfig -   Datacenter:           default
11:50:38.877 [main] INFO  d.m.quorus.agent.config.AgentConfig -   Supported Protocols:  HTTP,HTTPS
11:50:38.877 [main] INFO  d.m.quorus.agent.config.AgentConfig -   Version:              1.0.0
11:50:38.877 [main] INFO  d.m.quorus.agent.config.AgentConfig -   --- Transfer ---
11:50:38.877 [main] INFO  d.m.quorus.agent.config.AgentConfig -   Max Concurrent:       5
11:50:38.877 [main] INFO  d.m.quorus.agent.config.AgentConfig -   --- Heartbeat ---
11:50:38.877 [main] INFO  d.m.quorus.agent.config.AgentConfig -   Interval:             30000ms
11:50:38.877 [main] INFO  d.m.quorus.agent.config.AgentConfig -   --- Job Polling ---
11:50:38.877 [main] INFO  d.m.quorus.agent.config.AgentConfig -   Initial Delay:        5000ms
11:50:38.877 [main] INFO  d.m.quorus.agent.config.AgentConfig -   Poll Interval:        10000ms
11:50:38.877 [main] INFO  d.m.quorus.agent.config.AgentConfig -   --- Security ---
11:50:38.877 [main] INFO  d.m.quorus.agent.config.AgentConfig -   Foreign Assignment Threshold: 1
11:50:38.877 [main] INFO  d.m.quorus.agent.config.AgentConfig -   --- Telemetry ---
11:50:38.877 [main] INFO  d.m.quorus.agent.config.AgentConfig -   Enabled:              true
11:50:38.877 [main] INFO  d.m.quorus.agent.config.AgentConfig -   Prometheus Port:      9465
11:50:38.877 [main] INFO  d.m.quorus.agent.config.AgentConfig -   OTLP Endpoint:        http://localhost:4317
11:50:38.877 [main] INFO  d.m.quorus.agent.config.AgentConfig - ==================================
11:50:38.877 [main] INFO  dev.mars.quorus.agent.QuorusAgent - Creating QuorusAgent with Vert.x instance: 421639228 (using Vert.x timers, no ScheduledExecutorService)
11:50:38.877 [main] WARN  d.m.q.a.s.ControllerWebClientFactory - INSECURE DEVELOPMENT MODE: agent-to-controller traffic is plaintext
11:50:38.878 [main] DEBUG d.m.q.a.s.AgentRegistrationService - AgentRegistrationService initialized with Vert.x WebClient (connectTimeout=5000ms, idleTimeout=10000ms)
11:50:38.878 [main] WARN  d.m.q.a.s.ControllerWebClientFactory - INSECURE DEVELOPMENT MODE: agent-to-controller traffic is plaintext
11:50:38.878 [main] DEBUG d.m.q.agent.service.HeartbeatService - HeartbeatService initialized with Vert.x WebClient (connectTimeout=5000ms, idleTimeout=10000ms)
11:50:38.878 [main] DEBUG d.m.q.transfer.SimpleTransferEngine - Initializing SimpleTransferEngine: maxConcurrent=5, maxRetries=3, retryDelay=1000ms
11:50:38.878 [main] DEBUG d.m.quorus.protocol.ProtocolFactory - Initializing ProtocolFactory with Vert.x instance
11:50:38.878 [main] DEBUG d.m.quorus.protocol.ProtocolFactory - Registering default transfer protocols
11:50:38.878 [main] DEBUG d.m.quorus.protocol.ProtocolFactory - Creating HttpTransferProtocol instance
11:50:38.878 [main] INFO  d.m.q.protocol.HttpTransferProtocol - HttpTransferProtocol initialized: connectTimeout=30000ms, readTimeout=60000ms, maxFileSize=10737418240 bytes
11:50:38.878 [main] DEBUG d.m.q.protocol.HttpTransferProtocol - HttpTransferProtocol created with Vert.x Web Client (reactive mode)
11:50:38.878 [main] INFO  d.m.quorus.protocol.ProtocolFactory - Registered protocol: http
11:50:38.879 [main] DEBUG d.m.quorus.protocol.ProtocolFactory - Protocol details: name=http, class=HttpTransferProtocol, supportsResume=false, supportsPause=true
11:50:38.879 [main] INFO  d.m.quorus.protocol.ProtocolFactory - Registered protocol alias: https -> http
11:50:38.879 [main] DEBUG d.m.quorus.protocol.ProtocolFactory - Creating SmbTransferProtocol instance
11:50:38.879 [main] INFO  d.m.quorus.protocol.ProtocolFactory - Registered protocol: smb
11:50:38.879 [main] DEBUG d.m.quorus.protocol.ProtocolFactory - Protocol details: name=smb, class=SmbTransferProtocol, supportsResume=false, supportsPause=false
11:50:38.879 [main] INFO  d.m.quorus.protocol.ProtocolFactory - Registered protocol alias: cifs -> smb
11:50:38.879 [main] DEBUG d.m.quorus.protocol.ProtocolFactory - Creating FtpTransferProtocol instance
11:50:38.879 [main] INFO  d.m.quorus.protocol.ProtocolFactory - Registered protocol: ftp
11:50:38.879 [main] DEBUG d.m.quorus.protocol.ProtocolFactory - Protocol details: name=ftp, class=FtpTransferProtocol, supportsResume=false, supportsPause=false
11:50:38.879 [main] INFO  d.m.quorus.protocol.ProtocolFactory - Registered protocol alias: ftps -> ftp
11:50:38.879 [main] DEBUG d.m.quorus.protocol.ProtocolFactory - Creating SftpTransferProtocol instance
11:50:38.879 [main] INFO  d.m.quorus.protocol.ProtocolFactory - Registered protocol: sftp
11:50:38.879 [main] DEBUG d.m.quorus.protocol.ProtocolFactory - Protocol details: name=sftp, class=SftpTransferProtocol, supportsResume=false, supportsPause=false
11:50:38.879 [main] DEBUG d.m.quorus.protocol.ProtocolFactory - Creating NfsTransferProtocol instance
11:50:38.879 [main] DEBUG d.m.q.protocol.NfsTransferProtocol - NfsTransferProtocol initialized with mountRoot=C:\nfs
11:50:38.879 [main] INFO  d.m.quorus.protocol.ProtocolFactory - Registered protocol: nfs
11:50:38.879 [main] DEBUG d.m.quorus.protocol.ProtocolFactory - Protocol details: name=nfs, class=NfsTransferProtocol, supportsResume=false, supportsPause=false
11:50:38.879 [main] INFO  d.m.quorus.protocol.ProtocolFactory - Registered default transfer protocols: count=8, schemes=ftps, ftp, http, smb, sftp, nfs, https, cifs
11:50:38.879 [main] INFO  d.m.q.transfer.SimpleTransferEngine - SimpleTransferEngine initialized with 5 max concurrent transfers (reactive mode, OpenTelemetry enabled)
11:50:38.879 [main] DEBUG d.m.q.transfer.SimpleTransferEngine - SimpleTransferEngine initialization complete - startTime=2026-09-05T03:50:38.879837900Z
11:50:38.879 [main] INFO  d.m.q.a.s.TransferExecutionService - TransferExecutionService initialized (Vert.x reactive mode)
11:50:38.879 [main] WARN  d.m.q.a.s.ControllerWebClientFactory - INSECURE DEVELOPMENT MODE: agent-to-controller traffic is plaintext
11:50:38.880 [main] DEBUG d.m.q.a.service.JobPollingService - JobPollingService initialized with Vert.x WebClient (connectTimeout=5000ms, idleTimeout=10000ms)
11:50:38.880 [main] WARN  d.m.q.a.s.ControllerWebClientFactory - INSECURE DEVELOPMENT MODE: agent-to-controller traffic is plaintext
11:50:38.880 [main] DEBUG d.m.q.a.s.JobStatusReportingService - JobStatusReportingService initialized with Vert.x WebClient (connectTimeout=5000ms, idleTimeout=10000ms)
11:50:38.880 [main] INFO  d.m.q.a.observability.AgentMetrics - AgentMetrics initialized for agent: payments-agent
11:50:38.880 [main] INFO  dev.mars.quorus.agent.QuorusAgent - Quorus Agent initialized: payments-agent (reactive mode with OpenTelemetry)
11:50:38.880 [main] INFO  dev.mars.quorus.agent.QuorusAgent - Foreign-assignment mismatch threshold configured to 1
11:50:38.880 [main] INFO  dev.mars.quorus.agent.QuorusAgent - Starting Quorus Agent services (Vert.x reactive mode)...
11:50:38.881 [main] INFO  d.m.q.a.s.AgentRegistrationService - Registering agent payments-agent with controller at http://localhost:55474/api/v1
11:50:38.882 [vert.x-eventloop-thread-0] INFO  d.m.q.agent.service.HealthService - Health service started on port 64289
11:50:38.886 [vert.x-eventloop-thread-0] INFO  d.m.q.a.s.AgentRegistrationService - Agent payments-agent registered successfully
11:50:38.886 [vert.x-eventloop-thread-0] INFO  dev.mars.quorus.agent.QuorusAgent - Agent registered successfully with controller
11:50:38.887 [vert.x-eventloop-thread-0] INFO  dev.mars.quorus.agent.QuorusAgent - Heartbeat service started (interval: 30000ms) [Vert.x timer ID: 5]
11:50:38.887 [vert.x-eventloop-thread-0] INFO  d.m.q.a.s.TransferExecutionService - Transfer execution service started with 5 max concurrent transfers
11:50:38.887 [vert.x-eventloop-thread-0] INFO  dev.mars.quorus.agent.QuorusAgent - Transfer execution service started
11:50:38.887 [vert.x-eventloop-thread-0] INFO  dev.mars.quorus.agent.QuorusAgent - Quorus Agent started successfully (reactive mode, 0 extra threads)
11:50:38.889 [vert.x-eventloop-thread-0] INFO  dev.mars.quorus.agent.QuorusAgent - Job polling started (interval: 20ms) [Vert.x timer ID: 7]
11:50:38.915 [vert.x-eventloop-thread-0] DEBUG d.m.q.a.service.JobPollingService - Polled for jobs: found 1 pending jobs
11:50:38.915 [vert.x-eventloop-thread-0] INFO  dev.mars.quorus.agent.QuorusAgent - Found 1 pending job(s)
11:50:38.915 [vert.x-eventloop-thread-0] INFO  dev.mars.quorus.agent.QuorusAgent - Processing job: settlement (null)
11:50:38.921 [vert.x-eventloop-thread-0] DEBUG d.m.q.a.s.JobStatusReportingService - Job status reported: settlement -> ACCEPTED
11:50:38.930 [vert.x-eventloop-thread-0] DEBUG d.m.q.a.service.JobPollingService - Polled for jobs: found 0 pending jobs
11:50:38.930 [vert.x-eventloop-thread-0] DEBUG dev.mars.quorus.agent.QuorusAgent - No pending jobs found
11:50:38.939 [vert.x-eventloop-thread-0] ERROR dev.mars.quorus.agent.QuorusAgent - Transfer error: settlement: Remote path is outside the approved path scope
11:50:38.940 [vert.x-eventloop-thread-0] DEBUG dev.mars.quorus.agent.QuorusAgent - Stack trace for transfer error: jobId=settlement
dev.mars.quorus.connection.ConnectionPolicyException: Remote path is outside the approved path scope
	at dev.mars.quorus.connection.ConnectionPolicyEnforcer.deny(ConnectionPolicyEnforcer.java:187)
	at dev.mars.quorus.connection.ConnectionPolicyEnforcer.authorize(ConnectionPolicyEnforcer.java:46)
	at dev.mars.quorus.connection.ConnectionPolicyEnforcer.authorizeAtAgent(ConnectionPolicyEnforcer.java:32)
	at dev.mars.quorus.connection.GovernedConnectionResolver.resolveAtAgent(GovernedConnectionResolver.java:38)
	at dev.mars.quorus.agent.service.AgentConnectionPolicyService.authorize(AgentConnectionPolicyService.java:47)
	at dev.mars.quorus.agent.service.TransferExecutionService.lambda$4(TransferExecutionService.java:182)
	at io.vertx.core.impl.ExecuteBlocking$1.execute(ExecuteBlocking.java:36)
	at io.vertx.core.impl.WorkerTask.run(WorkerTask.java:57)
	at java.base/java.util.concurrent.ThreadPoolExecutor.runWorker(ThreadPoolExecutor.java:1090)
	at java.base/java.util.concurrent.ThreadPoolExecutor$Worker.run(ThreadPoolExecutor.java:614)
	at io.netty.util.concurrent.FastThreadLocalRunnable.run(FastThreadLocalRunnable.java:30)
	at java.base/java.lang.Thread.run(Thread.java:1474)
11:50:38.942 [vert.x-eventloop-thread-0] DEBUG d.m.q.a.s.JobStatusReportingService - Job status reported: settlement -> FAILED
11:50:38.943 [main] INFO  dev.mars.quorus.agent.QuorusAgent - Shutting down Quorus Agent (reactive mode)...
11:50:38.943 [main] INFO  dev.mars.quorus.agent.QuorusAgent - Heartbeat timer cancelled: true [ID: 5]
11:50:38.943 [main] INFO  dev.mars.quorus.agent.QuorusAgent - Job polling timer cancelled: true [ID: 7]
11:50:38.943 [main] INFO  d.m.q.a.s.TransferExecutionService - Shutting down transfer execution service...
11:50:38.943 [main] DEBUG d.m.q.transfer.SimpleTransferEngine - shutdown: initiating with timeout=30s
11:50:38.943 [main] INFO  d.m.q.transfer.SimpleTransferEngine - Shutting down transfer engine...
11:50:38.943 [main] DEBUG d.m.q.transfer.SimpleTransferEngine - shutdown: cancelling 0 active transfers
11:50:38.943 [main] DEBUG d.m.q.transfer.SimpleTransferEngine - awaitActiveTransfers: no active transfers
11:50:38.943 [main] INFO  d.m.q.transfer.SimpleTransferEngine - Transfer engine shutdown completed
11:50:38.943 [main] INFO  d.m.q.a.s.TransferExecutionService - Transfer execution service shutdown complete
11:50:38.943 [main] DEBUG d.m.q.agent.service.HeartbeatService - Shutting down HeartbeatService WebClient
11:50:38.944 [main] DEBUG d.m.q.a.service.JobPollingService - Shutting down JobPollingService WebClient
11:50:38.944 [main] DEBUG d.m.q.a.s.JobStatusReportingService - Shutting down JobStatusReportingService WebClient
11:50:38.945 [vert.x-eventloop-thread-0] INFO  d.m.q.agent.service.HealthService - Health service stopped
11:50:38.945 [vert.x-eventloop-thread-0] INFO  d.m.q.a.s.AgentRegistrationService - Deregistering agent payments-agent from controller
11:50:38.947 [vert.x-eventloop-thread-0] INFO  d.m.q.a.s.AgentRegistrationService - Agent payments-agent deregistered successfully
11:50:38.947 [vert.x-eventloop-thread-0] INFO  dev.mars.quorus.agent.QuorusAgent - Agent deregistered from controller
11:50:38.947 [vert.x-eventloop-thread-0] INFO  dev.mars.quorus.agent.QuorusAgent - Quorus Agent shutdown complete (0 threads to cleanup)
11:50:39.031 [main] INFO  d.m.quorus.agent.config.AgentConfig - Loaded configuration from quorus-agent.properties
11:50:39.031 [main] INFO  d.m.quorus.agent.config.AgentConfig - === Quorus Agent Configuration ===
11:50:39.031 [main] WARN  d.m.quorus.agent.config.AgentConfig - Agent ID not configured, derived from hostname: agent-NUC10A
11:50:39.031 [main] INFO  d.m.quorus.agent.config.AgentConfig -   Agent ID:             agent-NUC10A
11:50:39.031 [main] WARN  d.m.quorus.agent.config.AgentConfig -   Tenant ID:            NOT CONFIGURED
11:50:39.031 [main] INFO  d.m.quorus.agent.config.AgentConfig -   Agent Port:           8080
11:50:39.031 [main] INFO  d.m.quorus.agent.config.AgentConfig -   Controller URL:       https://localhost:8080/api/v1
11:50:39.031 [main] INFO  d.m.quorus.agent.config.AgentConfig -   Region:               default
11:50:39.031 [main] INFO  d.m.quorus.agent.config.AgentConfig -   Datacenter:           default
11:50:39.031 [main] INFO  d.m.quorus.agent.config.AgentConfig -   Supported Protocols:  HTTP,HTTPS
11:50:39.031 [main] INFO  d.m.quorus.agent.config.AgentConfig -   Version:              1.0.0
11:50:39.031 [main] INFO  d.m.quorus.agent.config.AgentConfig -   --- Transfer ---
11:50:39.031 [main] INFO  d.m.quorus.agent.config.AgentConfig -   Max Concurrent:       5
11:50:39.031 [main] INFO  d.m.quorus.agent.config.AgentConfig -   --- Heartbeat ---
11:50:39.031 [main] INFO  d.m.quorus.agent.config.AgentConfig -   Interval:             30000ms
11:50:39.031 [main] INFO  d.m.quorus.agent.config.AgentConfig -   --- Job Polling ---
11:50:39.031 [main] INFO  d.m.quorus.agent.config.AgentConfig -   Initial Delay:        5000ms
11:50:39.031 [main] INFO  d.m.quorus.agent.config.AgentConfig -   Poll Interval:        10000ms
11:50:39.031 [main] INFO  d.m.quorus.agent.config.AgentConfig -   --- Security ---
11:50:39.031 [main] INFO  d.m.quorus.agent.config.AgentConfig -   Foreign Assignment Threshold: 1
11:50:39.031 [main] INFO  d.m.quorus.agent.config.AgentConfig -   --- Telemetry ---
11:50:39.032 [main] INFO  d.m.quorus.agent.config.AgentConfig -   Enabled:              true
11:50:39.032 [main] INFO  d.m.quorus.agent.config.AgentConfig -   Prometheus Port:      9465
11:50:39.032 [main] INFO  d.m.quorus.agent.config.AgentConfig -   OTLP Endpoint:        http://localhost:4317
11:50:39.032 [main] INFO  d.m.quorus.agent.config.AgentConfig - ==================================
11:50:39.032 [main] INFO  dev.mars.quorus.agent.QuorusAgent - Creating QuorusAgent with Vert.x instance: 461803248 (using Vert.x timers, no ScheduledExecutorService)
11:50:39.032 [main] WARN  d.m.q.a.s.ControllerWebClientFactory - INSECURE DEVELOPMENT MODE: agent-to-controller traffic is plaintext
11:50:39.032 [main] DEBUG d.m.q.a.s.AgentRegistrationService - AgentRegistrationService initialized with Vert.x WebClient (connectTimeout=5000ms, idleTimeout=10000ms)
11:50:39.032 [main] WARN  d.m.q.a.s.ControllerWebClientFactory - INSECURE DEVELOPMENT MODE: agent-to-controller traffic is plaintext
11:50:39.033 [main] DEBUG d.m.q.agent.service.HeartbeatService - HeartbeatService initialized with Vert.x WebClient (connectTimeout=5000ms, idleTimeout=10000ms)
11:50:39.033 [main] DEBUG d.m.q.transfer.SimpleTransferEngine - Initializing SimpleTransferEngine: maxConcurrent=5, maxRetries=3, retryDelay=1000ms
11:50:39.033 [main] DEBUG d.m.quorus.protocol.ProtocolFactory - Initializing ProtocolFactory with Vert.x instance
11:50:39.033 [main] DEBUG d.m.quorus.protocol.ProtocolFactory - Registering default transfer protocols
11:50:39.033 [main] DEBUG d.m.quorus.protocol.ProtocolFactory - Creating HttpTransferProtocol instance
11:50:39.033 [main] INFO  d.m.q.protocol.HttpTransferProtocol - HttpTransferProtocol initialized: connectTimeout=30000ms, readTimeout=60000ms, maxFileSize=10737418240 bytes
11:50:39.033 [main] DEBUG d.m.q.protocol.HttpTransferProtocol - HttpTransferProtocol created with Vert.x Web Client (reactive mode)
11:50:39.033 [main] INFO  d.m.quorus.protocol.ProtocolFactory - Registered protocol: http
11:50:39.033 [main] DEBUG d.m.quorus.protocol.ProtocolFactory - Protocol details: name=http, class=HttpTransferProtocol, supportsResume=false, supportsPause=true
11:50:39.033 [main] INFO  d.m.quorus.protocol.ProtocolFactory - Registered protocol alias: https -> http
11:50:39.033 [main] DEBUG d.m.quorus.protocol.ProtocolFactory - Creating SmbTransferProtocol instance
11:50:39.033 [main] INFO  d.m.quorus.protocol.ProtocolFactory - Registered protocol: smb
11:50:39.033 [main] DEBUG d.m.quorus.protocol.ProtocolFactory - Protocol details: name=smb, class=SmbTransferProtocol, supportsResume=false, supportsPause=false
11:50:39.033 [main] INFO  d.m.quorus.protocol.ProtocolFactory - Registered protocol alias: cifs -> smb
11:50:39.033 [main] DEBUG d.m.quorus.protocol.ProtocolFactory - Creating FtpTransferProtocol instance
11:50:39.034 [main] INFO  d.m.quorus.protocol.ProtocolFactory - Registered protocol: ftp
11:50:39.034 [main] DEBUG d.m.quorus.protocol.ProtocolFactory - Protocol details: name=ftp, class=FtpTransferProtocol, supportsResume=false, supportsPause=false
11:50:39.034 [main] INFO  d.m.quorus.protocol.ProtocolFactory - Registered protocol alias: ftps -> ftp
11:50:39.034 [main] DEBUG d.m.quorus.protocol.ProtocolFactory - Creating SftpTransferProtocol instance
11:50:39.034 [main] INFO  d.m.quorus.protocol.ProtocolFactory - Registered protocol: sftp
11:50:39.034 [main] DEBUG d.m.quorus.protocol.ProtocolFactory - Protocol details: name=sftp, class=SftpTransferProtocol, supportsResume=false, supportsPause=false
11:50:39.034 [main] DEBUG d.m.quorus.protocol.ProtocolFactory - Creating NfsTransferProtocol instance
11:50:39.034 [main] DEBUG d.m.q.protocol.NfsTransferProtocol - NfsTransferProtocol initialized with mountRoot=C:\nfs
11:50:39.034 [main] INFO  d.m.quorus.protocol.ProtocolFactory - Registered protocol: nfs
11:50:39.034 [main] DEBUG d.m.quorus.protocol.ProtocolFactory - Protocol details: name=nfs, class=NfsTransferProtocol, supportsResume=false, supportsPause=false
11:50:39.034 [main] INFO  d.m.quorus.protocol.ProtocolFactory - Registered default transfer protocols: count=8, schemes=ftps, ftp, http, smb, sftp, nfs, https, cifs
11:50:39.034 [main] INFO  d.m.q.transfer.SimpleTransferEngine - SimpleTransferEngine initialized with 5 max concurrent transfers (reactive mode, OpenTelemetry enabled)
11:50:39.034 [main] DEBUG d.m.q.transfer.SimpleTransferEngine - SimpleTransferEngine initialization complete - startTime=2026-09-05T03:50:39.034463200Z
11:50:39.034 [main] INFO  d.m.q.a.s.TransferExecutionService - TransferExecutionService initialized (Vert.x reactive mode)
11:50:39.034 [main] WARN  d.m.q.a.s.ControllerWebClientFactory - INSECURE DEVELOPMENT MODE: agent-to-controller traffic is plaintext
11:50:39.034 [main] DEBUG d.m.q.a.service.JobPollingService - JobPollingService initialized with Vert.x WebClient (connectTimeout=5000ms, idleTimeout=10000ms)
11:50:39.034 [main] WARN  d.m.q.a.s.ControllerWebClientFactory - INSECURE DEVELOPMENT MODE: agent-to-controller traffic is plaintext
11:50:39.035 [main] DEBUG d.m.q.a.s.JobStatusReportingService - JobStatusReportingService initialized with Vert.x WebClient (connectTimeout=5000ms, idleTimeout=10000ms)
11:50:39.035 [main] INFO  d.m.q.a.observability.AgentMetrics - AgentMetrics initialized for agent: payments-agent
11:50:39.035 [main] INFO  dev.mars.quorus.agent.QuorusAgent - Quorus Agent initialized: payments-agent (reactive mode with OpenTelemetry)
11:50:39.035 [main] INFO  dev.mars.quorus.agent.QuorusAgent - Foreign-assignment mismatch threshold configured to 1
11:50:39.035 [main] INFO  dev.mars.quorus.agent.QuorusAgent - Starting Quorus Agent services (Vert.x reactive mode)...
11:50:39.036 [main] INFO  d.m.q.a.s.AgentRegistrationService - Registering agent payments-agent with controller at http://localhost:56276/api/v1
11:50:39.038 [vert.x-eventloop-thread-0] INFO  d.m.q.agent.service.HealthService - Health service started on port 56277
11:50:39.043 [vert.x-eventloop-thread-0] INFO  d.m.q.a.s.AgentRegistrationService - Agent payments-agent registered successfully
11:50:39.043 [vert.x-eventloop-thread-0] INFO  dev.mars.quorus.agent.QuorusAgent - Agent registered successfully with controller
11:50:39.043 [vert.x-eventloop-thread-0] INFO  dev.mars.quorus.agent.QuorusAgent - Heartbeat service started (interval: 30000ms) [Vert.x timer ID: 5]
11:50:39.043 [vert.x-eventloop-thread-0] INFO  d.m.q.a.s.TransferExecutionService - Transfer execution service started with 5 max concurrent transfers
11:50:39.043 [vert.x-eventloop-thread-0] INFO  dev.mars.quorus.agent.QuorusAgent - Transfer execution service started
11:50:39.043 [vert.x-eventloop-thread-0] INFO  dev.mars.quorus.agent.QuorusAgent - Quorus Agent started successfully (reactive mode, 0 extra threads)
11:50:39.044 [vert.x-eventloop-thread-0] INFO  dev.mars.quorus.agent.QuorusAgent - Job polling started (interval: 20ms) [Vert.x timer ID: 7]
11:50:39.071 [vert.x-eventloop-thread-0] DEBUG d.m.q.a.service.JobPollingService - Polled for jobs: found 1 pending jobs
11:50:39.071 [vert.x-eventloop-thread-0] INFO  dev.mars.quorus.agent.QuorusAgent - Found 1 pending job(s)
11:50:39.071 [vert.x-eventloop-thread-0] INFO  dev.mars.quorus.agent.QuorusAgent - Processing job: settlement (null)
11:50:39.076 [vert.x-eventloop-thread-0] DEBUG d.m.q.a.s.JobStatusReportingService - Job status reported: settlement -> ACCEPTED
11:50:39.083 [vert.x-eventloop-thread-0] ERROR dev.mars.quorus.agent.QuorusAgent - Transfer error: settlement: Secret reference is revoked or expired
11:50:39.083 [vert.x-eventloop-thread-0] DEBUG dev.mars.quorus.agent.QuorusAgent - Stack trace for transfer error: jobId=settlement
dev.mars.quorus.connection.ConnectionPolicyException: Secret reference is revoked or expired
	at dev.mars.quorus.connection.GovernedConnectionResolver.resolveAtAgent(GovernedConnectionResolver.java:49)
	at dev.mars.quorus.agent.service.AgentConnectionPolicyService.authorize(AgentConnectionPolicyService.java:47)
	at dev.mars.quorus.agent.service.TransferExecutionService.lambda$4(TransferExecutionService.java:182)
	at io.vertx.core.impl.ExecuteBlocking$1.execute(ExecuteBlocking.java:36)
	at io.vertx.core.impl.WorkerTask.run(WorkerTask.java:57)
	at java.base/java.util.concurrent.ThreadPoolExecutor.runWorker(ThreadPoolExecutor.java:1090)
	at java.base/java.util.concurrent.ThreadPoolExecutor$Worker.run(ThreadPoolExecutor.java:614)
	at io.netty.util.concurrent.FastThreadLocalRunnable.run(FastThreadLocalRunnable.java:30)
	at java.base/java.lang.Thread.run(Thread.java:1474)
11:50:39.087 [main] INFO  dev.mars.quorus.agent.QuorusAgent - Shutting down Quorus Agent (reactive mode)...
11:50:39.087 [main] INFO  dev.mars.quorus.agent.QuorusAgent - Heartbeat timer cancelled: true [ID: 5]
11:50:39.087 [main] INFO  dev.mars.quorus.agent.QuorusAgent - Job polling timer cancelled: true [ID: 7]
11:50:39.087 [main] INFO  d.m.q.a.s.TransferExecutionService - Shutting down transfer execution service...
11:50:39.087 [main] DEBUG d.m.q.transfer.SimpleTransferEngine - shutdown: initiating with timeout=30s
11:50:39.087 [main] INFO  d.m.q.transfer.SimpleTransferEngine - Shutting down transfer engine...
11:50:39.087 [main] DEBUG d.m.q.transfer.SimpleTransferEngine - shutdown: cancelling 0 active transfers
11:50:39.087 [main] DEBUG d.m.q.transfer.SimpleTransferEngine - awaitActiveTransfers: no active transfers
11:50:39.087 [main] INFO  d.m.q.transfer.SimpleTransferEngine - Transfer engine shutdown completed
11:50:39.087 [main] INFO  d.m.q.a.s.TransferExecutionService - Transfer execution service shutdown complete
11:50:39.087 [main] DEBUG d.m.q.agent.service.HeartbeatService - Shutting down HeartbeatService WebClient
11:50:39.087 [vert.x-eventloop-thread-0] DEBUG d.m.q.a.s.JobStatusReportingService - Job status reported: settlement -> FAILED
11:50:39.088 [main] DEBUG d.m.q.a.service.JobPollingService - Shutting down JobPollingService WebClient
11:50:39.088 [main] DEBUG d.m.q.a.s.JobStatusReportingService - Shutting down JobStatusReportingService WebClient
11:50:39.088 [vert.x-eventloop-thread-0] DEBUG d.m.q.a.service.JobPollingService - Polled for jobs: found 0 pending jobs
11:50:39.088 [vert.x-eventloop-thread-0] DEBUG dev.mars.quorus.agent.QuorusAgent - No pending jobs found
11:50:39.090 [vert.x-eventloop-thread-0] INFO  d.m.q.agent.service.HealthService - Health service stopped
11:50:39.090 [vert.x-eventloop-thread-0] INFO  d.m.q.a.s.AgentRegistrationService - Deregistering agent payments-agent from controller
11:50:39.091 [vert.x-eventloop-thread-0] INFO  d.m.q.a.s.AgentRegistrationService - Agent payments-agent deregistered successfully
11:50:39.091 [vert.x-eventloop-thread-0] INFO  dev.mars.quorus.agent.QuorusAgent - Agent deregistered from controller
11:50:39.091 [vert.x-eventloop-thread-0] INFO  dev.mars.quorus.agent.QuorusAgent - Quorus Agent shutdown complete (0 threads to cleanup)
11:50:39.179 [main] INFO  d.m.quorus.agent.config.AgentConfig - Loaded configuration from quorus-agent.properties
11:50:39.179 [main] INFO  d.m.quorus.agent.config.AgentConfig - === Quorus Agent Configuration ===
11:50:39.179 [main] WARN  d.m.quorus.agent.config.AgentConfig - Agent ID not configured, derived from hostname: agent-NUC10A
11:50:39.179 [main] INFO  d.m.quorus.agent.config.AgentConfig -   Agent ID:             agent-NUC10A
11:50:39.179 [main] WARN  d.m.quorus.agent.config.AgentConfig -   Tenant ID:            NOT CONFIGURED
11:50:39.179 [main] INFO  d.m.quorus.agent.config.AgentConfig -   Agent Port:           8080
11:50:39.179 [main] INFO  d.m.quorus.agent.config.AgentConfig -   Controller URL:       https://localhost:8080/api/v1
11:50:39.180 [main] INFO  d.m.quorus.agent.config.AgentConfig -   Region:               default
11:50:39.180 [main] INFO  d.m.quorus.agent.config.AgentConfig -   Datacenter:           default
11:50:39.180 [main] INFO  d.m.quorus.agent.config.AgentConfig -   Supported Protocols:  HTTP,HTTPS
11:50:39.180 [main] INFO  d.m.quorus.agent.config.AgentConfig -   Version:              1.0.0
11:50:39.180 [main] INFO  d.m.quorus.agent.config.AgentConfig -   --- Transfer ---
11:50:39.180 [main] INFO  d.m.quorus.agent.config.AgentConfig -   Max Concurrent:       5
11:50:39.180 [main] INFO  d.m.quorus.agent.config.AgentConfig -   --- Heartbeat ---
11:50:39.180 [main] INFO  d.m.quorus.agent.config.AgentConfig -   Interval:             30000ms
11:50:39.180 [main] INFO  d.m.quorus.agent.config.AgentConfig -   --- Job Polling ---
11:50:39.180 [main] INFO  d.m.quorus.agent.config.AgentConfig -   Initial Delay:        5000ms
11:50:39.180 [main] INFO  d.m.quorus.agent.config.AgentConfig -   Poll Interval:        10000ms
11:50:39.180 [main] INFO  d.m.quorus.agent.config.AgentConfig -   --- Security ---
11:50:39.180 [main] INFO  d.m.quorus.agent.config.AgentConfig -   Foreign Assignment Threshold: 1
11:50:39.180 [main] INFO  d.m.quorus.agent.config.AgentConfig -   --- Telemetry ---
11:50:39.180 [main] INFO  d.m.quorus.agent.config.AgentConfig -   Enabled:              true
11:50:39.180 [main] INFO  d.m.quorus.agent.config.AgentConfig -   Prometheus Port:      9465
11:50:39.180 [main] INFO  d.m.quorus.agent.config.AgentConfig -   OTLP Endpoint:        http://localhost:4317
11:50:39.180 [main] INFO  d.m.quorus.agent.config.AgentConfig - ==================================
11:50:39.180 [main] INFO  dev.mars.quorus.agent.QuorusAgent - Creating QuorusAgent with Vert.x instance: 1974786850 (using Vert.x timers, no ScheduledExecutorService)
11:50:39.180 [main] WARN  d.m.q.a.s.ControllerWebClientFactory - INSECURE DEVELOPMENT MODE: agent-to-controller traffic is plaintext
11:50:39.181 [main] DEBUG d.m.q.a.s.AgentRegistrationService - AgentRegistrationService initialized with Vert.x WebClient (connectTimeout=5000ms, idleTimeout=10000ms)
11:50:39.181 [main] WARN  d.m.q.a.s.ControllerWebClientFactory - INSECURE DEVELOPMENT MODE: agent-to-controller traffic is plaintext
11:50:39.181 [main] DEBUG d.m.q.agent.service.HeartbeatService - HeartbeatService initialized with Vert.x WebClient (connectTimeout=5000ms, idleTimeout=10000ms)
11:50:39.181 [main] DEBUG d.m.q.transfer.SimpleTransferEngine - Initializing SimpleTransferEngine: maxConcurrent=5, maxRetries=3, retryDelay=1000ms
11:50:39.181 [main] DEBUG d.m.quorus.protocol.ProtocolFactory - Initializing ProtocolFactory with Vert.x instance
11:50:39.181 [main] DEBUG d.m.quorus.protocol.ProtocolFactory - Registering default transfer protocols
11:50:39.181 [main] DEBUG d.m.quorus.protocol.ProtocolFactory - Creating HttpTransferProtocol instance
11:50:39.181 [main] INFO  d.m.q.protocol.HttpTransferProtocol - HttpTransferProtocol initialized: connectTimeout=30000ms, readTimeout=60000ms, maxFileSize=10737418240 bytes
11:50:39.181 [main] DEBUG d.m.q.protocol.HttpTransferProtocol - HttpTransferProtocol created with Vert.x Web Client (reactive mode)
11:50:39.181 [main] INFO  d.m.quorus.protocol.ProtocolFactory - Registered protocol: http
11:50:39.182 [main] DEBUG d.m.quorus.protocol.ProtocolFactory - Protocol details: name=http, class=HttpTransferProtocol, supportsResume=false, supportsPause=true
11:50:39.182 [main] INFO  d.m.quorus.protocol.ProtocolFactory - Registered protocol alias: https -> http
11:50:39.182 [main] DEBUG d.m.quorus.protocol.ProtocolFactory - Creating SmbTransferProtocol instance
11:50:39.182 [main] INFO  d.m.quorus.protocol.ProtocolFactory - Registered protocol: smb
11:50:39.182 [main] DEBUG d.m.quorus.protocol.ProtocolFactory - Protocol details: name=smb, class=SmbTransferProtocol, supportsResume=false, supportsPause=false
11:50:39.182 [main] INFO  d.m.quorus.protocol.ProtocolFactory - Registered protocol alias: cifs -> smb
11:50:39.182 [main] DEBUG d.m.quorus.protocol.ProtocolFactory - Creating FtpTransferProtocol instance
11:50:39.182 [main] INFO  d.m.quorus.protocol.ProtocolFactory - Registered protocol: ftp
11:50:39.182 [main] DEBUG d.m.quorus.protocol.ProtocolFactory - Protocol details: name=ftp, class=FtpTransferProtocol, supportsResume=false, supportsPause=false
11:50:39.182 [main] INFO  d.m.quorus.protocol.ProtocolFactory - Registered protocol alias: ftps -> ftp
11:50:39.182 [main] DEBUG d.m.quorus.protocol.ProtocolFactory - Creating SftpTransferProtocol instance
11:50:39.182 [main] INFO  d.m.quorus.protocol.ProtocolFactory - Registered protocol: sftp
11:50:39.182 [main] DEBUG d.m.quorus.protocol.ProtocolFactory - Protocol details: name=sftp, class=SftpTransferProtocol, supportsResume=false, supportsPause=false
11:50:39.182 [main] DEBUG d.m.quorus.protocol.ProtocolFactory - Creating NfsTransferProtocol instance
11:50:39.182 [main] DEBUG d.m.q.protocol.NfsTransferProtocol - NfsTransferProtocol initialized with mountRoot=C:\nfs
11:50:39.182 [main] INFO  d.m.quorus.protocol.ProtocolFactory - Registered protocol: nfs
11:50:39.182 [main] DEBUG d.m.quorus.protocol.ProtocolFactory - Protocol details: name=nfs, class=NfsTransferProtocol, supportsResume=false, supportsPause=false
11:50:39.182 [main] INFO  d.m.quorus.protocol.ProtocolFactory - Registered default transfer protocols: count=8, schemes=ftps, ftp, http, smb, sftp, nfs, https, cifs
11:50:39.182 [main] INFO  d.m.q.transfer.SimpleTransferEngine - SimpleTransferEngine initialized with 5 max concurrent transfers (reactive mode, OpenTelemetry enabled)
11:50:39.182 [main] DEBUG d.m.q.transfer.SimpleTransferEngine - SimpleTransferEngine initialization complete - startTime=2026-09-05T03:50:39.182215700Z
11:50:39.182 [main] INFO  d.m.q.a.s.TransferExecutionService - TransferExecutionService initialized (Vert.x reactive mode)
11:50:39.182 [main] WARN  d.m.q.a.s.ControllerWebClientFactory - INSECURE DEVELOPMENT MODE: agent-to-controller traffic is plaintext
11:50:39.182 [main] DEBUG d.m.q.a.service.JobPollingService - JobPollingService initialized with Vert.x WebClient (connectTimeout=5000ms, idleTimeout=10000ms)
11:50:39.183 [main] WARN  d.m.q.a.s.ControllerWebClientFactory - INSECURE DEVELOPMENT MODE: agent-to-controller traffic is plaintext
11:50:39.183 [main] DEBUG d.m.q.a.s.JobStatusReportingService - JobStatusReportingService initialized with Vert.x WebClient (connectTimeout=5000ms, idleTimeout=10000ms)
11:50:39.183 [main] INFO  d.m.q.a.observability.AgentMetrics - AgentMetrics initialized for agent: payments-agent
11:50:39.183 [main] INFO  dev.mars.quorus.agent.QuorusAgent - Quorus Agent initialized: payments-agent (reactive mode with OpenTelemetry)
11:50:39.183 [main] INFO  dev.mars.quorus.agent.QuorusAgent - Foreign-assignment mismatch threshold configured to 1
11:50:39.183 [main] INFO  dev.mars.quorus.agent.QuorusAgent - Starting Quorus Agent services (Vert.x reactive mode)...
11:50:39.184 [main] INFO  d.m.q.a.s.AgentRegistrationService - Registering agent payments-agent with controller at http://localhost:56281/api/v1
11:50:39.185 [vert.x-eventloop-thread-0] INFO  d.m.q.agent.service.HealthService - Health service started on port 56282
11:50:39.190 [vert.x-eventloop-thread-0] INFO  d.m.q.a.s.AgentRegistrationService - Agent payments-agent registered successfully
11:50:39.190 [vert.x-eventloop-thread-0] INFO  dev.mars.quorus.agent.QuorusAgent - Agent registered successfully with controller
11:50:39.190 [vert.x-eventloop-thread-0] INFO  dev.mars.quorus.agent.QuorusAgent - Heartbeat service started (interval: 30000ms) [Vert.x timer ID: 5]
11:50:39.190 [vert.x-eventloop-thread-0] INFO  d.m.q.a.s.TransferExecutionService - Transfer execution service started with 5 max concurrent transfers
11:50:39.190 [vert.x-eventloop-thread-0] INFO  dev.mars.quorus.agent.QuorusAgent - Transfer execution service started
11:50:39.190 [vert.x-eventloop-thread-0] INFO  dev.mars.quorus.agent.QuorusAgent - Quorus Agent started successfully (reactive mode, 0 extra threads)
11:50:39.191 [vert.x-eventloop-thread-0] INFO  dev.mars.quorus.agent.QuorusAgent - Job polling started (interval: 20ms) [Vert.x timer ID: 7]
11:50:39.216 [vert.x-eventloop-thread-0] DEBUG d.m.q.a.service.JobPollingService - Polled for jobs: found 1 pending jobs
11:50:39.216 [vert.x-eventloop-thread-0] INFO  dev.mars.quorus.agent.QuorusAgent - Found 1 pending job(s)
11:50:39.216 [vert.x-eventloop-thread-0] INFO  dev.mars.quorus.agent.QuorusAgent - Processing job: settlement (null)
11:50:39.224 [vert.x-eventloop-thread-0] DEBUG d.m.q.a.s.JobStatusReportingService - Job status reported: settlement -> ACCEPTED
11:50:39.228 [vert.x-eventloop-thread-0] ERROR dev.mars.quorus.agent.QuorusAgent - Transfer error: settlement: Secret provider is not configured
11:50:39.228 [vert.x-eventloop-thread-0] DEBUG dev.mars.quorus.agent.QuorusAgent - Stack trace for transfer error: jobId=settlement
dev.mars.quorus.connection.ConnectionPolicyException: Secret provider is not configured
	at dev.mars.quorus.connection.GovernedConnectionResolver.resolveAtAgent(GovernedConnectionResolver.java:53)
	at dev.mars.quorus.agent.service.AgentConnectionPolicyService.authorize(AgentConnectionPolicyService.java:47)
	at dev.mars.quorus.agent.service.TransferExecutionService.lambda$4(TransferExecutionService.java:182)
	at io.vertx.core.impl.ExecuteBlocking$1.execute(ExecuteBlocking.java:36)
	at io.vertx.core.impl.WorkerTask.run(WorkerTask.java:57)
	at java.base/java.util.concurrent.ThreadPoolExecutor.runWorker(ThreadPoolExecutor.java:1090)
	at java.base/java.util.concurrent.ThreadPoolExecutor$Worker.run(ThreadPoolExecutor.java:614)
	at io.netty.util.concurrent.FastThreadLocalRunnable.run(FastThreadLocalRunnable.java:30)
	at java.base/java.lang.Thread.run(Thread.java:1474)
11:50:39.230 [vert.x-eventloop-thread-0] DEBUG d.m.q.a.s.JobStatusReportingService - Job status reported: settlement -> FAILED
11:50:39.230 [main] INFO  dev.mars.quorus.agent.QuorusAgent - Shutting down Quorus Agent (reactive mode)...
11:50:39.230 [main] INFO  dev.mars.quorus.agent.QuorusAgent - Heartbeat timer cancelled: true [ID: 5]
11:50:39.230 [main] INFO  dev.mars.quorus.agent.QuorusAgent - Job polling timer cancelled: true [ID: 7]
11:50:39.230 [main] INFO  d.m.q.a.s.TransferExecutionService - Shutting down transfer execution service...
11:50:39.230 [main] DEBUG d.m.q.transfer.SimpleTransferEngine - shutdown: initiating with timeout=30s
11:50:39.231 [main] INFO  d.m.q.transfer.SimpleTransferEngine - Shutting down transfer engine...
11:50:39.231 [main] DEBUG d.m.q.transfer.SimpleTransferEngine - shutdown: cancelling 0 active transfers
11:50:39.231 [main] DEBUG d.m.q.transfer.SimpleTransferEngine - awaitActiveTransfers: no active transfers
11:50:39.231 [main] INFO  d.m.q.transfer.SimpleTransferEngine - Transfer engine shutdown completed
11:50:39.231 [main] INFO  d.m.q.a.s.TransferExecutionService - Transfer execution service shutdown complete
11:50:39.231 [main] DEBUG d.m.q.agent.service.HeartbeatService - Shutting down HeartbeatService WebClient
11:50:39.231 [main] DEBUG d.m.q.a.service.JobPollingService - Shutting down JobPollingService WebClient
11:50:39.231 [main] DEBUG d.m.q.a.s.JobStatusReportingService - Shutting down JobStatusReportingService WebClient
11:50:39.232 [vert.x-eventloop-thread-0] INFO  d.m.q.agent.service.HealthService - Health service stopped
11:50:39.232 [vert.x-eventloop-thread-0] INFO  d.m.q.a.s.AgentRegistrationService - Deregistering agent payments-agent from controller
11:50:39.233 [vert.x-eventloop-thread-0] INFO  d.m.q.a.s.AgentRegistrationService - Agent payments-agent deregistered successfully
11:50:39.233 [vert.x-eventloop-thread-0] INFO  dev.mars.quorus.agent.QuorusAgent - Agent deregistered from controller
11:50:39.233 [vert.x-eventloop-thread-0] INFO  dev.mars.quorus.agent.QuorusAgent - Quorus Agent shutdown complete (0 threads to cleanup)
11:50:39.305 [main] INFO  d.m.quorus.agent.config.AgentConfig - Loaded configuration from quorus-agent.properties
11:50:39.305 [main] INFO  d.m.quorus.agent.config.AgentConfig - === Quorus Agent Configuration ===
11:50:39.306 [main] WARN  d.m.quorus.agent.config.AgentConfig - Agent ID not configured, derived from hostname: agent-NUC10A
11:50:39.306 [main] INFO  d.m.quorus.agent.config.AgentConfig -   Agent ID:             agent-NUC10A
11:50:39.306 [main] WARN  d.m.quorus.agent.config.AgentConfig -   Tenant ID:            NOT CONFIGURED
11:50:39.306 [main] INFO  d.m.quorus.agent.config.AgentConfig -   Agent Port:           8080
11:50:39.306 [main] INFO  d.m.quorus.agent.config.AgentConfig -   Controller URL:       https://localhost:8080/api/v1
11:50:39.306 [main] INFO  d.m.quorus.agent.config.AgentConfig -   Region:               default
11:50:39.306 [main] INFO  d.m.quorus.agent.config.AgentConfig -   Datacenter:           default
11:50:39.306 [main] INFO  d.m.quorus.agent.config.AgentConfig -   Supported Protocols:  HTTP,HTTPS
11:50:39.306 [main] INFO  d.m.quorus.agent.config.AgentConfig -   Version:              1.0.0
11:50:39.306 [main] INFO  d.m.quorus.agent.config.AgentConfig -   --- Transfer ---
11:50:39.306 [main] INFO  d.m.quorus.agent.config.AgentConfig -   Max Concurrent:       5
11:50:39.306 [main] INFO  d.m.quorus.agent.config.AgentConfig -   --- Heartbeat ---
11:50:39.306 [main] INFO  d.m.quorus.agent.config.AgentConfig -   Interval:             30000ms
11:50:39.306 [main] INFO  d.m.quorus.agent.config.AgentConfig -   --- Job Polling ---
11:50:39.306 [main] INFO  d.m.quorus.agent.config.AgentConfig -   Initial Delay:        5000ms
11:50:39.306 [main] INFO  d.m.quorus.agent.config.AgentConfig -   Poll Interval:        10000ms
11:50:39.306 [main] INFO  d.m.quorus.agent.config.AgentConfig -   --- Security ---
11:50:39.306 [main] INFO  d.m.quorus.agent.config.AgentConfig -   Foreign Assignment Threshold: 1
11:50:39.306 [main] INFO  d.m.quorus.agent.config.AgentConfig -   --- Telemetry ---
11:50:39.306 [main] INFO  d.m.quorus.agent.config.AgentConfig -   Enabled:              true
11:50:39.306 [main] INFO  d.m.quorus.agent.config.AgentConfig -   Prometheus Port:      9465
11:50:39.306 [main] INFO  d.m.quorus.agent.config.AgentConfig -   OTLP Endpoint:        http://localhost:4317
11:50:39.306 [main] INFO  d.m.quorus.agent.config.AgentConfig - ==================================
11:50:39.306 [main] INFO  dev.mars.quorus.agent.QuorusAgent - Creating QuorusAgent with Vert.x instance: 1371301022 (using Vert.x timers, no ScheduledExecutorService)
11:50:39.306 [main] WARN  d.m.q.a.s.ControllerWebClientFactory - INSECURE DEVELOPMENT MODE: agent-to-controller traffic is plaintext
11:50:39.307 [main] DEBUG d.m.q.a.s.AgentRegistrationService - AgentRegistrationService initialized with Vert.x WebClient (connectTimeout=5000ms, idleTimeout=10000ms)
11:50:39.307 [main] WARN  d.m.q.a.s.ControllerWebClientFactory - INSECURE DEVELOPMENT MODE: agent-to-controller traffic is plaintext
11:50:39.307 [main] DEBUG d.m.q.agent.service.HeartbeatService - HeartbeatService initialized with Vert.x WebClient (connectTimeout=5000ms, idleTimeout=10000ms)
11:50:39.307 [main] DEBUG d.m.q.transfer.SimpleTransferEngine - Initializing SimpleTransferEngine: maxConcurrent=5, maxRetries=3, retryDelay=1000ms
11:50:39.307 [main] DEBUG d.m.quorus.protocol.ProtocolFactory - Initializing ProtocolFactory with Vert.x instance
11:50:39.307 [main] DEBUG d.m.quorus.protocol.ProtocolFactory - Registering default transfer protocols
11:50:39.307 [main] DEBUG d.m.quorus.protocol.ProtocolFactory - Creating HttpTransferProtocol instance
11:50:39.308 [main] INFO  d.m.q.protocol.HttpTransferProtocol - HttpTransferProtocol initialized: connectTimeout=30000ms, readTimeout=60000ms, maxFileSize=10737418240 bytes
11:50:39.308 [main] DEBUG d.m.q.protocol.HttpTransferProtocol - HttpTransferProtocol created with Vert.x Web Client (reactive mode)
11:50:39.308 [main] INFO  d.m.quorus.protocol.ProtocolFactory - Registered protocol: http
11:50:39.308 [main] DEBUG d.m.quorus.protocol.ProtocolFactory - Protocol details: name=http, class=HttpTransferProtocol, supportsResume=false, supportsPause=true
11:50:39.308 [main] INFO  d.m.quorus.protocol.ProtocolFactory - Registered protocol alias: https -> http
11:50:39.308 [main] DEBUG d.m.quorus.protocol.ProtocolFactory - Creating SmbTransferProtocol instance
11:50:39.308 [main] INFO  d.m.quorus.protocol.ProtocolFactory - Registered protocol: smb
11:50:39.308 [main] DEBUG d.m.quorus.protocol.ProtocolFactory - Protocol details: name=smb, class=SmbTransferProtocol, supportsResume=false, supportsPause=false
11:50:39.308 [main] INFO  d.m.quorus.protocol.ProtocolFactory - Registered protocol alias: cifs -> smb
11:50:39.308 [main] DEBUG d.m.quorus.protocol.ProtocolFactory - Creating FtpTransferProtocol instance
11:50:39.308 [main] INFO  d.m.quorus.protocol.ProtocolFactory - Registered protocol: ftp
11:50:39.308 [main] DEBUG d.m.quorus.protocol.ProtocolFactory - Protocol details: name=ftp, class=FtpTransferProtocol, supportsResume=false, supportsPause=false
11:50:39.308 [main] INFO  d.m.quorus.protocol.ProtocolFactory - Registered protocol alias: ftps -> ftp
11:50:39.308 [main] DEBUG d.m.quorus.protocol.ProtocolFactory - Creating SftpTransferProtocol instance
11:50:39.308 [main] INFO  d.m.quorus.protocol.ProtocolFactory - Registered protocol: sftp
11:50:39.308 [main] DEBUG d.m.quorus.protocol.ProtocolFactory - Protocol details: name=sftp, class=SftpTransferProtocol, supportsResume=false, supportsPause=false
11:50:39.308 [main] DEBUG d.m.quorus.protocol.ProtocolFactory - Creating NfsTransferProtocol instance
11:50:39.308 [main] DEBUG d.m.q.protocol.NfsTransferProtocol - NfsTransferProtocol initialized with mountRoot=C:\nfs
11:50:39.308 [main] INFO  d.m.quorus.protocol.ProtocolFactory - Registered protocol: nfs
11:50:39.308 [main] DEBUG d.m.quorus.protocol.ProtocolFactory - Protocol details: name=nfs, class=NfsTransferProtocol, supportsResume=false, supportsPause=false
11:50:39.308 [main] INFO  d.m.quorus.protocol.ProtocolFactory - Registered default transfer protocols: count=8, schemes=ftps, ftp, http, smb, sftp, nfs, https, cifs
11:50:39.308 [main] INFO  d.m.q.transfer.SimpleTransferEngine - SimpleTransferEngine initialized with 5 max concurrent transfers (reactive mode, OpenTelemetry enabled)
11:50:39.308 [main] DEBUG d.m.q.transfer.SimpleTransferEngine - SimpleTransferEngine initialization complete - startTime=2026-09-05T03:50:39.308078200Z
11:50:39.309 [main] INFO  d.m.q.a.s.TransferExecutionService - TransferExecutionService initialized (Vert.x reactive mode)
11:50:39.309 [main] WARN  d.m.q.a.s.ControllerWebClientFactory - INSECURE DEVELOPMENT MODE: agent-to-controller traffic is plaintext
11:50:39.309 [main] DEBUG d.m.q.a.service.JobPollingService - JobPollingService initialized with Vert.x WebClient (connectTimeout=5000ms, idleTimeout=10000ms)
11:50:39.309 [main] WARN  d.m.q.a.s.ControllerWebClientFactory - INSECURE DEVELOPMENT MODE: agent-to-controller traffic is plaintext
11:50:39.309 [main] DEBUG d.m.q.a.s.JobStatusReportingService - JobStatusReportingService initialized with Vert.x WebClient (connectTimeout=5000ms, idleTimeout=10000ms)
11:50:39.309 [main] INFO  d.m.q.a.observability.AgentMetrics - AgentMetrics initialized for agent: payments-agent
11:50:39.309 [main] INFO  dev.mars.quorus.agent.QuorusAgent - Quorus Agent initialized: payments-agent (reactive mode with OpenTelemetry)
11:50:39.309 [main] INFO  dev.mars.quorus.agent.QuorusAgent - Foreign-assignment mismatch threshold configured to 1
11:50:39.309 [main] INFO  dev.mars.quorus.agent.QuorusAgent - Starting Quorus Agent services (Vert.x reactive mode)...
11:50:39.310 [main] INFO  d.m.q.a.s.AgentRegistrationService - Registering agent payments-agent with controller at http://localhost:57953/api/v1
11:50:39.311 [vert.x-eventloop-thread-0] INFO  d.m.q.agent.service.HealthService - Health service started on port 57954
11:50:39.315 [vert.x-eventloop-thread-0] INFO  d.m.q.a.s.AgentRegistrationService - Agent payments-agent registered successfully
11:50:39.315 [vert.x-eventloop-thread-0] INFO  dev.mars.quorus.agent.QuorusAgent - Agent registered successfully with controller
11:50:39.315 [vert.x-eventloop-thread-0] INFO  dev.mars.quorus.agent.QuorusAgent - Heartbeat service started (interval: 30000ms) [Vert.x timer ID: 5]
11:50:39.316 [vert.x-eventloop-thread-0] INFO  d.m.q.a.s.TransferExecutionService - Transfer execution service started with 5 max concurrent transfers
11:50:39.316 [vert.x-eventloop-thread-0] INFO  dev.mars.quorus.agent.QuorusAgent - Transfer execution service started
11:50:39.316 [vert.x-eventloop-thread-0] INFO  dev.mars.quorus.agent.QuorusAgent - Quorus Agent started successfully (reactive mode, 0 extra threads)
11:50:39.318 [vert.x-eventloop-thread-0] INFO  dev.mars.quorus.agent.QuorusAgent - Job polling started (interval: 20ms) [Vert.x timer ID: 7]
11:50:39.343 [vert.x-eventloop-thread-0] DEBUG d.m.q.a.service.JobPollingService - Polled for jobs: found 1 pending jobs
11:50:39.343 [vert.x-eventloop-thread-0] INFO  dev.mars.quorus.agent.QuorusAgent - Found 1 pending job(s)
11:50:39.343 [vert.x-eventloop-thread-0] INFO  dev.mars.quorus.agent.QuorusAgent - Processing job: settlement (null)
11:50:39.345 [vert.x-eventloop-thread-0] DEBUG d.m.q.a.s.JobStatusReportingService - Job status reported: settlement -> ACCEPTED
11:50:39.348 [vert.x-eventloop-thread-0] ERROR dev.mars.quorus.agent.QuorusAgent - Transfer error: settlement: Secret provider is not configured
11:50:39.348 [vert.x-eventloop-thread-0] DEBUG dev.mars.quorus.agent.QuorusAgent - Stack trace for transfer error: jobId=settlement
dev.mars.quorus.connection.ConnectionPolicyException: Secret provider is not configured
	at dev.mars.quorus.connection.GovernedConnectionResolver.resolveAtAgent(GovernedConnectionResolver.java:53)
	at dev.mars.quorus.agent.service.AgentConnectionPolicyService.authorize(AgentConnectionPolicyService.java:47)
	at dev.mars.quorus.agent.service.TransferExecutionService.lambda$4(TransferExecutionService.java:182)
	at io.vertx.core.impl.ExecuteBlocking$1.execute(ExecuteBlocking.java:36)
	at io.vertx.core.impl.WorkerTask.run(WorkerTask.java:57)
	at java.base/java.util.concurrent.ThreadPoolExecutor.runWorker(ThreadPoolExecutor.java:1090)
	at java.base/java.util.concurrent.ThreadPoolExecutor$Worker.run(ThreadPoolExecutor.java:614)
	at io.netty.util.concurrent.FastThreadLocalRunnable.run(FastThreadLocalRunnable.java:30)
	at java.base/java.lang.Thread.run(Thread.java:1474)
11:50:39.360 [vert.x-eventloop-thread-0] DEBUG d.m.q.a.service.JobPollingService - Polled for jobs: found 0 pending jobs
11:50:39.360 [vert.x-eventloop-thread-0] DEBUG dev.mars.quorus.agent.QuorusAgent - No pending jobs found
11:50:39.379 [vert.x-eventloop-thread-0] DEBUG d.m.q.a.service.JobPollingService - Polled for jobs: found 0 pending jobs
11:50:39.380 [vert.x-eventloop-thread-0] DEBUG dev.mars.quorus.agent.QuorusAgent - No pending jobs found
11:50:39.399 [vert.x-eventloop-thread-0] DEBUG d.m.q.a.service.JobPollingService - Polled for jobs: found 0 pending jobs
11:50:39.399 [vert.x-eventloop-thread-0] DEBUG dev.mars.quorus.agent.QuorusAgent - No pending jobs found
11:50:39.419 [vert.x-eventloop-thread-0] DEBUG d.m.q.a.service.JobPollingService - Polled for jobs: found 0 pending jobs
11:50:39.419 [vert.x-eventloop-thread-0] DEBUG dev.mars.quorus.agent.QuorusAgent - No pending jobs found
11:50:39.439 [vert.x-eventloop-thread-0] DEBUG d.m.q.a.service.JobPollingService - Polled for jobs: found 0 pending jobs
11:50:39.439 [vert.x-eventloop-thread-0] DEBUG dev.mars.quorus.agent.QuorusAgent - No pending jobs found
11:50:39.453 [vert.x-eventloop-thread-0] DEBUG d.m.q.a.s.JobStatusReportingService - Job status reported: settlement -> FAILED
11:50:39.454 [main] INFO  dev.mars.quorus.agent.QuorusAgent - Shutting down Quorus Agent (reactive mode)...
11:50:39.454 [main] INFO  dev.mars.quorus.agent.QuorusAgent - Heartbeat timer cancelled: true [ID: 5]
11:50:39.454 [main] INFO  dev.mars.quorus.agent.QuorusAgent - Job polling timer cancelled: true [ID: 7]
11:50:39.454 [main] INFO  d.m.q.a.s.TransferExecutionService - Shutting down transfer execution service...
11:50:39.454 [main] DEBUG d.m.q.transfer.SimpleTransferEngine - shutdown: initiating with timeout=30s
11:50:39.454 [main] INFO  d.m.q.transfer.SimpleTransferEngine - Shutting down transfer engine...
11:50:39.454 [main] DEBUG d.m.q.transfer.SimpleTransferEngine - shutdown: cancelling 0 active transfers
11:50:39.454 [main] DEBUG d.m.q.transfer.SimpleTransferEngine - awaitActiveTransfers: no active transfers
11:50:39.454 [main] INFO  d.m.q.transfer.SimpleTransferEngine - Transfer engine shutdown completed
11:50:39.454 [main] INFO  d.m.q.a.s.TransferExecutionService - Transfer execution service shutdown complete
11:50:39.454 [main] DEBUG d.m.q.agent.service.HeartbeatService - Shutting down HeartbeatService WebClient
11:50:39.454 [main] DEBUG d.m.q.a.service.JobPollingService - Shutting down JobPollingService WebClient
11:50:39.454 [main] DEBUG d.m.q.a.s.JobStatusReportingService - Shutting down JobStatusReportingService WebClient
11:50:39.456 [vert.x-eventloop-thread-0] INFO  d.m.q.agent.service.HealthService - Health service stopped
11:50:39.456 [vert.x-eventloop-thread-0] INFO  d.m.q.a.s.AgentRegistrationService - Deregistering agent payments-agent from controller
11:50:39.457 [vert.x-eventloop-thread-0] INFO  d.m.q.a.s.AgentRegistrationService - Agent payments-agent deregistered successfully
11:50:39.457 [vert.x-eventloop-thread-0] INFO  dev.mars.quorus.agent.QuorusAgent - Agent deregistered from controller
11:50:39.457 [vert.x-eventloop-thread-0] INFO  dev.mars.quorus.agent.QuorusAgent - Quorus Agent shutdown complete (0 threads to cleanup)
11:50:39.535 [main] INFO  d.m.quorus.agent.config.AgentConfig - Loaded configuration from quorus-agent.properties
11:50:39.536 [main] INFO  d.m.quorus.agent.config.AgentConfig - === Quorus Agent Configuration ===
11:50:39.536 [main] WARN  d.m.quorus.agent.config.AgentConfig - Agent ID not configured, derived from hostname: agent-NUC10A
11:50:39.536 [main] INFO  d.m.quorus.agent.config.AgentConfig -   Agent ID:             agent-NUC10A
11:50:39.536 [main] WARN  d.m.quorus.agent.config.AgentConfig -   Tenant ID:            NOT CONFIGURED
11:50:39.536 [main] INFO  d.m.quorus.agent.config.AgentConfig -   Agent Port:           8080
11:50:39.536 [main] INFO  d.m.quorus.agent.config.AgentConfig -   Controller URL:       https://localhost:8080/api/v1
11:50:39.536 [main] INFO  d.m.quorus.agent.config.AgentConfig -   Region:               default
11:50:39.536 [main] INFO  d.m.quorus.agent.config.AgentConfig -   Datacenter:           default
11:50:39.536 [main] INFO  d.m.quorus.agent.config.AgentConfig -   Supported Protocols:  HTTP,HTTPS
11:50:39.536 [main] INFO  d.m.quorus.agent.config.AgentConfig -   Version:              1.0.0
11:50:39.536 [main] INFO  d.m.quorus.agent.config.AgentConfig -   --- Transfer ---
11:50:39.536 [main] INFO  d.m.quorus.agent.config.AgentConfig -   Max Concurrent:       5
11:50:39.536 [main] INFO  d.m.quorus.agent.config.AgentConfig -   --- Heartbeat ---
11:50:39.536 [main] INFO  d.m.quorus.agent.config.AgentConfig -   Interval:             30000ms
11:50:39.536 [main] INFO  d.m.quorus.agent.config.AgentConfig -   --- Job Polling ---
11:50:39.536 [main] INFO  d.m.quorus.agent.config.AgentConfig -   Initial Delay:        5000ms
11:50:39.536 [main] INFO  d.m.quorus.agent.config.AgentConfig -   Poll Interval:        10000ms
11:50:39.536 [main] INFO  d.m.quorus.agent.config.AgentConfig -   --- Security ---
11:50:39.536 [main] INFO  d.m.quorus.agent.config.AgentConfig -   Foreign Assignment Threshold: 1
11:50:39.536 [main] INFO  d.m.quorus.agent.config.AgentConfig -   --- Telemetry ---
11:50:39.536 [main] INFO  d.m.quorus.agent.config.AgentConfig -   Enabled:              true
11:50:39.536 [main] INFO  d.m.quorus.agent.config.AgentConfig -   Prometheus Port:      9465
11:50:39.536 [main] INFO  d.m.quorus.agent.config.AgentConfig -   OTLP Endpoint:        http://localhost:4317
11:50:39.536 [main] INFO  d.m.quorus.agent.config.AgentConfig - ==================================
11:50:39.537 [main] INFO  dev.mars.quorus.agent.QuorusAgent - Creating QuorusAgent with Vert.x instance: 569987043 (using Vert.x timers, no ScheduledExecutorService)
11:50:39.537 [main] WARN  d.m.q.a.s.ControllerWebClientFactory - INSECURE DEVELOPMENT MODE: agent-to-controller traffic is plaintext
11:50:39.537 [main] DEBUG d.m.q.a.s.AgentRegistrationService - AgentRegistrationService initialized with Vert.x WebClient (connectTimeout=5000ms, idleTimeout=10000ms)
11:50:39.537 [main] WARN  d.m.q.a.s.ControllerWebClientFactory - INSECURE DEVELOPMENT MODE: agent-to-controller traffic is plaintext
11:50:39.537 [main] DEBUG d.m.q.agent.service.HeartbeatService - HeartbeatService initialized with Vert.x WebClient (connectTimeout=5000ms, idleTimeout=10000ms)
11:50:39.537 [main] DEBUG d.m.q.transfer.SimpleTransferEngine - Initializing SimpleTransferEngine: maxConcurrent=5, maxRetries=3, retryDelay=1000ms
11:50:39.538 [main] DEBUG d.m.quorus.protocol.ProtocolFactory - Initializing ProtocolFactory with Vert.x instance
11:50:39.538 [main] DEBUG d.m.quorus.protocol.ProtocolFactory - Registering default transfer protocols
11:50:39.538 [main] DEBUG d.m.quorus.protocol.ProtocolFactory - Creating HttpTransferProtocol instance
11:50:39.538 [main] INFO  d.m.q.protocol.HttpTransferProtocol - HttpTransferProtocol initialized: connectTimeout=30000ms, readTimeout=60000ms, maxFileSize=10737418240 bytes
11:50:39.538 [main] DEBUG d.m.q.protocol.HttpTransferProtocol - HttpTransferProtocol created with Vert.x Web Client (reactive mode)
11:50:39.538 [main] INFO  d.m.quorus.protocol.ProtocolFactory - Registered protocol: http
11:50:39.538 [main] DEBUG d.m.quorus.protocol.ProtocolFactory - Protocol details: name=http, class=HttpTransferProtocol, supportsResume=false, supportsPause=true
11:50:39.538 [main] INFO  d.m.quorus.protocol.ProtocolFactory - Registered protocol alias: https -> http
11:50:39.538 [main] DEBUG d.m.quorus.protocol.ProtocolFactory - Creating SmbTransferProtocol instance
11:50:39.538 [main] INFO  d.m.quorus.protocol.ProtocolFactory - Registered protocol: smb
11:50:39.538 [main] DEBUG d.m.quorus.protocol.ProtocolFactory - Protocol details: name=smb, class=SmbTransferProtocol, supportsResume=false, supportsPause=false
11:50:39.538 [main] INFO  d.m.quorus.protocol.ProtocolFactory - Registered protocol alias: cifs -> smb
11:50:39.538 [main] DEBUG d.m.quorus.protocol.ProtocolFactory - Creating FtpTransferProtocol instance
11:50:39.538 [main] INFO  d.m.quorus.protocol.ProtocolFactory - Registered protocol: ftp
11:50:39.538 [main] DEBUG d.m.quorus.protocol.ProtocolFactory - Protocol details: name=ftp, class=FtpTransferProtocol, supportsResume=false, supportsPause=false
11:50:39.538 [main] INFO  d.m.quorus.protocol.ProtocolFactory - Registered protocol alias: ftps -> ftp
11:50:39.538 [main] DEBUG d.m.quorus.protocol.ProtocolFactory - Creating SftpTransferProtocol instance
11:50:39.538 [main] INFO  d.m.quorus.protocol.ProtocolFactory - Registered protocol: sftp
11:50:39.538 [main] DEBUG d.m.quorus.protocol.ProtocolFactory - Protocol details: name=sftp, class=SftpTransferProtocol, supportsResume=false, supportsPause=false
11:50:39.538 [main] DEBUG d.m.quorus.protocol.ProtocolFactory - Creating NfsTransferProtocol instance
11:50:39.538 [main] DEBUG d.m.q.protocol.NfsTransferProtocol - NfsTransferProtocol initialized with mountRoot=C:\nfs
11:50:39.538 [main] INFO  d.m.quorus.protocol.ProtocolFactory - Registered protocol: nfs
11:50:39.538 [main] DEBUG d.m.quorus.protocol.ProtocolFactory - Protocol details: name=nfs, class=NfsTransferProtocol, supportsResume=false, supportsPause=false
11:50:39.538 [main] INFO  d.m.quorus.protocol.ProtocolFactory - Registered default transfer protocols: count=8, schemes=ftps, ftp, http, smb, sftp, nfs, https, cifs
11:50:39.538 [main] INFO  d.m.q.transfer.SimpleTransferEngine - SimpleTransferEngine initialized with 5 max concurrent transfers (reactive mode, OpenTelemetry enabled)
11:50:39.538 [main] DEBUG d.m.q.transfer.SimpleTransferEngine - SimpleTransferEngine initialization complete - startTime=2026-09-05T03:50:39.538479800Z
11:50:39.538 [main] INFO  d.m.q.a.s.TransferExecutionService - TransferExecutionService initialized (Vert.x reactive mode)
11:50:39.538 [main] WARN  d.m.q.a.s.ControllerWebClientFactory - INSECURE DEVELOPMENT MODE: agent-to-controller traffic is plaintext
11:50:39.538 [main] DEBUG d.m.q.a.service.JobPollingService - JobPollingService initialized with Vert.x WebClient (connectTimeout=5000ms, idleTimeout=10000ms)
11:50:39.539 [main] WARN  d.m.q.a.s.ControllerWebClientFactory - INSECURE DEVELOPMENT MODE: agent-to-controller traffic is plaintext
11:50:39.539 [main] DEBUG d.m.q.a.s.JobStatusReportingService - JobStatusReportingService initialized with Vert.x WebClient (connectTimeout=5000ms, idleTimeout=10000ms)
11:50:39.539 [main] INFO  d.m.q.a.observability.AgentMetrics - AgentMetrics initialized for agent: payments-agent
11:50:39.539 [main] INFO  dev.mars.quorus.agent.QuorusAgent - Quorus Agent initialized: payments-agent (reactive mode with OpenTelemetry)
11:50:39.539 [main] INFO  dev.mars.quorus.agent.QuorusAgent - Foreign-assignment mismatch threshold configured to 1
11:50:39.539 [main] INFO  dev.mars.quorus.agent.QuorusAgent - Starting Quorus Agent services (Vert.x reactive mode)...
11:50:39.539 [main] INFO  d.m.q.a.s.AgentRegistrationService - Registering agent payments-agent with controller at http://localhost:51741/api/v1
11:50:39.540 [vert.x-eventloop-thread-0] INFO  d.m.q.agent.service.HealthService - Health service started on port 51742
11:50:39.544 [vert.x-eventloop-thread-0] INFO  d.m.q.a.s.AgentRegistrationService - Agent payments-agent registered successfully
11:50:39.545 [vert.x-eventloop-thread-0] INFO  dev.mars.quorus.agent.QuorusAgent - Agent registered successfully with controller
11:50:39.545 [vert.x-eventloop-thread-0] INFO  dev.mars.quorus.agent.QuorusAgent - Heartbeat service started (interval: 30000ms) [Vert.x timer ID: 5]
11:50:39.545 [vert.x-eventloop-thread-0] INFO  d.m.q.a.s.TransferExecutionService - Transfer execution service started with 5 max concurrent transfers
11:50:39.545 [vert.x-eventloop-thread-0] INFO  dev.mars.quorus.agent.QuorusAgent - Transfer execution service started
11:50:39.545 [vert.x-eventloop-thread-0] INFO  dev.mars.quorus.agent.QuorusAgent - Quorus Agent started successfully (reactive mode, 0 extra threads)
11:50:39.547 [vert.x-eventloop-thread-0] INFO  dev.mars.quorus.agent.QuorusAgent - Job polling started (interval: 20ms) [Vert.x timer ID: 7]
11:50:39.570 [vert.x-eventloop-thread-0] DEBUG d.m.q.a.service.JobPollingService - Polled for jobs: found 1 pending jobs
11:50:39.570 [vert.x-eventloop-thread-0] INFO  dev.mars.quorus.agent.QuorusAgent - Found 1 pending job(s)
11:50:39.570 [vert.x-eventloop-thread-0] INFO  dev.mars.quorus.agent.QuorusAgent - Processing job: settlement (null)
11:50:39.575 [vert.x-eventloop-thread-0] DEBUG d.m.q.a.s.JobStatusReportingService - Job status reported: settlement -> ACCEPTED
11:50:39.575 [vert.x-eventloop-thread-0] ERROR dev.mars.quorus.agent.QuorusAgent - Transfer error: settlement: Illegal character in path at index 7: invalid URI
11:50:39.575 [vert.x-eventloop-thread-0] DEBUG dev.mars.quorus.agent.QuorusAgent - Stack trace for transfer error: jobId=settlement
java.lang.IllegalArgumentException: Illegal character in path at index 7: invalid URI
	at java.base/java.net.URI.create(URI.java:936)
	at dev.mars.quorus.agent.service.JobPollingService$PendingJob.toTransferRequest(JobPollingService.java:239)
	at dev.mars.quorus.agent.service.JobPollingService$PendingJob.toTransferRequest(JobPollingService.java:233)
	at dev.mars.quorus.agent.service.TransferExecutionService.executeTransfer(TransferExecutionService.java:165)
	at dev.mars.quorus.agent.QuorusAgent.lambda$22(QuorusAgent.java:441)
	at io.vertx.core.impl.future.FutureImpl.lambda$onComplete$0(FutureImpl.java:86)
	at io.vertx.core.impl.future.FutureImpl$ListenerArray.complete(FutureImpl.java:214)
	at io.vertx.core.impl.future.FutureBase.emitResult(FutureBase.java:68)
	at io.vertx.core.impl.future.FutureImpl.completeInternal(FutureImpl.java:163)
	at io.vertx.core.impl.future.FutureBase.emitResult(FutureBase.java:68)
	at io.vertx.core.impl.future.SucceededFuture.addListener(SucceededFuture.java:89)
	at io.vertx.core.impl.future.Composition.complete(Composition.java:48)
	at io.vertx.core.impl.future.FutureBase.emitResult(FutureBase.java:68)
	at io.vertx.core.impl.future.FutureImpl.completeInternal(FutureImpl.java:163)
	at io.vertx.core.impl.future.FutureBase.emitResult(FutureBase.java:68)
	at io.vertx.core.impl.future.SucceededFuture.addListener(SucceededFuture.java:89)
	at io.vertx.core.impl.future.Composition.complete(Composition.java:48)
	at io.vertx.core.impl.future.FutureBase.emitResult(FutureBase.java:68)
	at io.vertx.core.impl.future.FutureImpl.completeInternal(FutureImpl.java:163)
	at io.vertx.core.impl.future.FutureImpl.tryComplete(FutureImpl.java:169)
	at io.vertx.ext.web.client.impl.HttpContext.handleDispatchResponse(HttpContext.java:409)
	at io.vertx.ext.web.client.impl.HttpContext.execute(HttpContext.java:385)
	at io.vertx.ext.web.client.impl.HttpContext.next(HttpContext.java:363)
	at io.vertx.ext.web.client.impl.HttpContext.fire(HttpContext.java:330)
	at io.vertx.ext.web.client.impl.HttpContext.dispatchResponse(HttpContext.java:292)
	at io.vertx.ext.web.client.impl.HttpContext.lambda$handleReceiveResponse$5(HttpContext.java:518)
	at io.vertx.core.impl.future.FutureImpl.lambda$onComplete$1(FutureImpl.java:103)
	at io.vertx.core.impl.future.FutureBase.emitResult(FutureBase.java:68)
	at io.vertx.core.impl.future.FutureImpl.completeInternal(FutureImpl.java:163)
	at io.vertx.core.impl.future.Mapping.complete(Mapping.java:45)
	at io.vertx.core.impl.future.FutureBase.emitResult(FutureBase.java:68)
	at io.vertx.core.impl.future.FutureImpl.completeInternal(FutureImpl.java:163)
	at io.vertx.core.impl.future.FutureBase.emitResult(FutureBase.java:68)
	at io.vertx.core.impl.future.FutureImpl.addListener(FutureImpl.java:135)
	at io.vertx.core.impl.future.Composition.complete(Composition.java:48)
	at io.vertx.core.impl.future.FutureBase.emitResult(FutureBase.java:68)
	at io.vertx.core.impl.future.FutureImpl.completeInternal(FutureImpl.java:163)
	at io.vertx.core.impl.future.FutureImpl.tryComplete(FutureImpl.java:169)
	at io.vertx.core.Promise.succeed(Promise.java:93)
	at io.vertx.core.Promise.complete(Promise.java:61)
	at io.vertx.core.Future.lambda$onComplete$1(Future.java:304)
	at io.vertx.core.impl.future.SucceededFuture.onComplete(SucceededFuture.java:82)
	at io.vertx.core.Future.onComplete(Future.java:303)
	at io.vertx.core.streams.impl.PipeImpl.handleSuccess(PipeImpl.java:114)
	at io.vertx.core.streams.impl.PipeImpl.lambda$to$2(PipeImpl.java:99)
	at io.vertx.core.impl.future.FutureImpl.lambda$onComplete$1(FutureImpl.java:103)
	at io.vertx.core.impl.future.FutureBase.emitResult(FutureBase.java:68)
	at io.vertx.core.impl.future.FutureImpl.completeInternal(FutureImpl.java:163)
	at io.vertx.core.impl.future.FutureImpl.tryComplete(FutureImpl.java:169)
	at io.vertx.core.internal.ContextInternal.dispatch(ContextInternal.java:249)
	at io.vertx.core.internal.ContextInternal.dispatch(ContextInternal.java:231)
	at io.vertx.core.http.impl.HttpEventHandler.handleEnd(HttpEventHandler.java:76)
	at io.vertx.core.http.impl.HttpClientResponseImpl.handleEnd(HttpClientResponseImpl.java:244)
	at io.vertx.core.internal.ContextInternal.dispatch(ContextInternal.java:249)
	at io.vertx.core.http.impl.Http1xClientConnection$StreamImpl$1.handleMessage(Http1xClientConnection.java:455)
	at io.vertx.core.internal.concurrent.InboundMessageQueue.test(InboundMessageQueue.java:86)
	at io.vertx.core.streams.impl.MessagePassingQueue.drain(MessagePassingQueue.java:228)
	at io.vertx.core.streams.impl.MessagePassingQueue.drain(MessagePassingQueue.java:210)
	at io.vertx.core.internal.concurrent.InboundMessageQueue.drainInternal(InboundMessageQueue.java:168)
	at io.vertx.core.internal.concurrent.InboundMessageQueue.drain(InboundMessageQueue.java:145)
	at io.vertx.core.internal.concurrent.InboundMessageQueue.write(InboundMessageQueue.java:132)
	at io.vertx.core.http.impl.Http1xClientConnection$StreamImpl.handleEnd(Http1xClientConnection.java:680)
	at io.vertx.core.http.impl.Http1xClientConnection.handleResponseEnd(Http1xClientConnection.java:928)
	at io.vertx.core.http.impl.Http1xClientConnection.handleHttpMessage(Http1xClientConnection.java:799)
	at io.vertx.core.http.impl.Http1xClientConnection.handleMessage(Http1xClientConnection.java:756)
	at io.vertx.core.net.impl.VertxConnection.read(VertxConnection.java:247)
	at io.vertx.core.net.impl.VertxHandler.channelRead(VertxHandler.java:148)
	at io.netty.channel.AbstractChannelHandlerContext.fireChannelRead(AbstractChannelHandlerContext.java:355)
	at io.netty.channel.CombinedChannelDuplexHandler$DelegatingChannelHandlerContext.fireChannelRead(CombinedChannelDuplexHandler.java:434)
	at io.netty.handler.codec.ByteToMessageDecoder.fireChannelRead(ByteToMessageDecoder.java:361)
	at io.netty.handler.codec.ByteToMessageDecoder.channelRead(ByteToMessageDecoder.java:325)
	at io.netty.channel.CombinedChannelDuplexHandler.channelRead(CombinedChannelDuplexHandler.java:249)
	at io.netty.channel.AbstractChannelHandlerContext.fireChannelRead(AbstractChannelHandlerContext.java:355)
	at io.netty.handler.timeout.IdleStateHandler.channelRead(IdleStateHandler.java:288)
	at io.netty.channel.AbstractChannelHandlerContext.fireChannelRead(AbstractChannelHandlerContext.java:355)
	at io.netty.channel.DefaultChannelPipeline$HeadContext.channelRead(DefaultChannelPipeline.java:1429)
	at io.netty.channel.DefaultChannelPipeline.fireChannelRead(DefaultChannelPipeline.java:918)
	at io.netty.channel.nio.AbstractNioByteChannel$NioByteUnsafe.read(AbstractNioByteChannel.java:176)
	at io.netty.channel.nio.AbstractNioChannel$AbstractNioUnsafe.handle(AbstractNioChannel.java:445)
	at io.netty.channel.nio.NioIoHandler$DefaultNioRegistration.handle(NioIoHandler.java:388)
	at io.netty.channel.nio.NioIoHandler.processSelectedKey(NioIoHandler.java:596)
	at io.netty.channel.nio.NioIoHandler.processSelectedKeysPlain(NioIoHandler.java:541)
	at io.netty.channel.nio.NioIoHandler.processSelectedKeys(NioIoHandler.java:514)
	at io.netty.channel.nio.NioIoHandler.run(NioIoHandler.java:484)
	at io.netty.channel.SingleThreadIoEventLoop.runIo(SingleThreadIoEventLoop.java:225)
	at io.netty.channel.SingleThreadIoEventLoop.run(SingleThreadIoEventLoop.java:196)
	at io.netty.util.concurrent.SingleThreadEventExecutor$5.run(SingleThreadEventExecutor.java:1195)
	at io.netty.util.internal.ThreadExecutorMap$2.run(ThreadExecutorMap.java:74)
	at io.netty.util.concurrent.FastThreadLocalRunnable.run(FastThreadLocalRunnable.java:30)
	at java.base/java.lang.Thread.run(Thread.java:1474)
Caused by: java.net.URISyntaxException: Illegal character in path at index 7: invalid URI
	at java.base/java.net.URI$Parser.fail(URI.java:3003)
	at java.base/java.net.URI$Parser.checkChars(URI.java:3174)
	at java.base/java.net.URI$Parser.parseHierarchical(URI.java:3256)
	at java.base/java.net.URI$Parser.parse(URI.java:3215)
	at java.base/java.net.URI.<init>(URI.java:649)
	at java.base/java.net.URI.create(URI.java:934)
	... 89 common frames omitted
11:50:39.581 [vert.x-eventloop-thread-0] DEBUG d.m.q.a.s.JobStatusReportingService - Job status reported: settlement -> FAILED
11:50:39.581 [main] INFO  dev.mars.quorus.agent.QuorusAgent - Shutting down Quorus Agent (reactive mode)...
11:50:39.581 [main] INFO  dev.mars.quorus.agent.QuorusAgent - Heartbeat timer cancelled: true [ID: 5]
11:50:39.581 [main] INFO  dev.mars.quorus.agent.QuorusAgent - Job polling timer cancelled: true [ID: 7]
11:50:39.582 [main] INFO  d.m.q.a.s.TransferExecutionService - Shutting down transfer execution service...
11:50:39.582 [main] DEBUG d.m.q.transfer.SimpleTransferEngine - shutdown: initiating with timeout=30s
11:50:39.582 [main] INFO  d.m.q.transfer.SimpleTransferEngine - Shutting down transfer engine...
11:50:39.582 [main] DEBUG d.m.q.transfer.SimpleTransferEngine - shutdown: cancelling 0 active transfers
11:50:39.582 [main] DEBUG d.m.q.transfer.SimpleTransferEngine - awaitActiveTransfers: no active transfers
11:50:39.582 [main] INFO  d.m.q.transfer.SimpleTransferEngine - Transfer engine shutdown completed
11:50:39.582 [main] INFO  d.m.q.a.s.TransferExecutionService - Transfer execution service shutdown complete
11:50:39.582 [main] DEBUG d.m.q.agent.service.HeartbeatService - Shutting down HeartbeatService WebClient
11:50:39.582 [main] DEBUG d.m.q.a.service.JobPollingService - Shutting down JobPollingService WebClient
11:50:39.582 [main] DEBUG d.m.q.a.s.JobStatusReportingService - Shutting down JobStatusReportingService WebClient
11:50:39.583 [vert.x-eventloop-thread-0] INFO  d.m.q.agent.service.HealthService - Health service stopped
11:50:39.583 [vert.x-eventloop-thread-0] INFO  d.m.q.a.s.AgentRegistrationService - Deregistering agent payments-agent from controller
11:50:39.585 [vert.x-eventloop-thread-0] INFO  d.m.q.a.s.AgentRegistrationService - Agent payments-agent deregistered successfully
11:50:39.585 [vert.x-eventloop-thread-0] INFO  dev.mars.quorus.agent.QuorusAgent - Agent deregistered from controller
11:50:39.585 [vert.x-eventloop-thread-0] INFO  dev.mars.quorus.agent.QuorusAgent - Quorus Agent shutdown complete (0 threads to cleanup)
[INFO] Tests run: 14, Failures: 0, Errors: 0, Skipped: 0, Time elapsed: 7.352 s -- in dev.mars.quorus.agent.PreExecutionFailureIntegrationTest
[INFO] Running dev.mars.quorus.agent.QuorusAgentTest
11:50:39.691 [vert.x-eventloop-thread-0] INFO  d.m.quorus.agent.config.AgentConfig - Loaded configuration from quorus-agent.properties
11:50:39.691 [vert.x-eventloop-thread-0] INFO  d.m.quorus.agent.config.AgentConfig - === Quorus Agent Configuration ===
11:50:39.691 [vert.x-eventloop-thread-0] WARN  d.m.quorus.agent.config.AgentConfig - Agent ID not configured, derived from hostname: agent-NUC10A
11:50:39.692 [vert.x-eventloop-thread-0] INFO  d.m.quorus.agent.config.AgentConfig -   Agent ID:             agent-NUC10A
11:50:39.692 [vert.x-eventloop-thread-0] WARN  d.m.quorus.agent.config.AgentConfig -   Tenant ID:            NOT CONFIGURED
11:50:39.692 [vert.x-eventloop-thread-0] INFO  d.m.quorus.agent.config.AgentConfig -   Agent Port:           8080
11:50:39.692 [vert.x-eventloop-thread-0] INFO  d.m.quorus.agent.config.AgentConfig -   Controller URL:       https://localhost:8080/api/v1
11:50:39.692 [vert.x-eventloop-thread-0] INFO  d.m.quorus.agent.config.AgentConfig -   Region:               default
11:50:39.692 [vert.x-eventloop-thread-0] INFO  d.m.quorus.agent.config.AgentConfig -   Datacenter:           default
11:50:39.692 [vert.x-eventloop-thread-0] INFO  d.m.quorus.agent.config.AgentConfig -   Supported Protocols:  HTTP,HTTPS
11:50:39.692 [vert.x-eventloop-thread-0] INFO  d.m.quorus.agent.config.AgentConfig -   Version:              1.0.0
11:50:39.692 [vert.x-eventloop-thread-0] INFO  d.m.quorus.agent.config.AgentConfig -   --- Transfer ---
11:50:39.692 [vert.x-eventloop-thread-0] INFO  d.m.quorus.agent.config.AgentConfig -   Max Concurrent:       5
11:50:39.692 [vert.x-eventloop-thread-0] INFO  d.m.quorus.agent.config.AgentConfig -   --- Heartbeat ---
11:50:39.692 [vert.x-eventloop-thread-0] INFO  d.m.quorus.agent.config.AgentConfig -   Interval:             30000ms
11:50:39.692 [vert.x-eventloop-thread-0] INFO  d.m.quorus.agent.config.AgentConfig -   --- Job Polling ---
11:50:39.692 [vert.x-eventloop-thread-0] INFO  d.m.quorus.agent.config.AgentConfig -   Initial Delay:        5000ms
11:50:39.692 [vert.x-eventloop-thread-0] INFO  d.m.quorus.agent.config.AgentConfig -   Poll Interval:        10000ms
11:50:39.692 [vert.x-eventloop-thread-0] INFO  d.m.quorus.agent.config.AgentConfig -   --- Security ---
11:50:39.692 [vert.x-eventloop-thread-0] INFO  d.m.quorus.agent.config.AgentConfig -   Foreign Assignment Threshold: 1
11:50:39.692 [vert.x-eventloop-thread-0] INFO  d.m.quorus.agent.config.AgentConfig -   --- Telemetry ---
11:50:39.692 [vert.x-eventloop-thread-0] INFO  d.m.quorus.agent.config.AgentConfig -   Enabled:              true
11:50:39.692 [vert.x-eventloop-thread-0] INFO  d.m.quorus.agent.config.AgentConfig -   Prometheus Port:      9465
11:50:39.692 [vert.x-eventloop-thread-0] INFO  d.m.quorus.agent.config.AgentConfig -   OTLP Endpoint:        http://localhost:4317
11:50:39.692 [vert.x-eventloop-thread-0] INFO  d.m.quorus.agent.config.AgentConfig - ==================================
11:50:39.695 [main] INFO  dev.mars.quorus.agent.QuorusAgent - Creating QuorusAgent with Vert.x instance: 145214844 (using Vert.x timers, no ScheduledExecutorService)
11:50:39.695 [main] WARN  d.m.q.a.s.ControllerWebClientFactory - INSECURE DEVELOPMENT MODE: agent-to-controller traffic is plaintext
11:50:39.696 [main] DEBUG d.m.q.a.s.AgentRegistrationService - AgentRegistrationService initialized with Vert.x WebClient (connectTimeout=5000ms, idleTimeout=10000ms)
11:50:39.696 [main] WARN  d.m.q.a.s.ControllerWebClientFactory - INSECURE DEVELOPMENT MODE: agent-to-controller traffic is plaintext
11:50:39.696 [main] DEBUG d.m.q.agent.service.HeartbeatService - HeartbeatService initialized with Vert.x WebClient (connectTimeout=5000ms, idleTimeout=10000ms)
11:50:39.696 [main] DEBUG d.m.q.transfer.SimpleTransferEngine - Initializing SimpleTransferEngine: maxConcurrent=5, maxRetries=3, retryDelay=1000ms
11:50:39.696 [main] DEBUG d.m.quorus.protocol.ProtocolFactory - Initializing ProtocolFactory with Vert.x instance
11:50:39.696 [main] DEBUG d.m.quorus.protocol.ProtocolFactory - Registering default transfer protocols
11:50:39.696 [main] DEBUG d.m.quorus.protocol.ProtocolFactory - Creating HttpTransferProtocol instance
11:50:39.696 [main] INFO  d.m.q.protocol.HttpTransferProtocol - HttpTransferProtocol initialized: connectTimeout=30000ms, readTimeout=60000ms, maxFileSize=10737418240 bytes
11:50:39.696 [main] DEBUG d.m.q.protocol.HttpTransferProtocol - HttpTransferProtocol created with Vert.x Web Client (reactive mode)
11:50:39.696 [main] INFO  d.m.quorus.protocol.ProtocolFactory - Registered protocol: http
11:50:39.696 [main] DEBUG d.m.quorus.protocol.ProtocolFactory - Protocol details: name=http, class=HttpTransferProtocol, supportsResume=false, supportsPause=true
11:50:39.697 [main] INFO  d.m.quorus.protocol.ProtocolFactory - Registered protocol alias: https -> http
11:50:39.697 [main] DEBUG d.m.quorus.protocol.ProtocolFactory - Creating SmbTransferProtocol instance
11:50:39.697 [main] INFO  d.m.quorus.protocol.ProtocolFactory - Registered protocol: smb
11:50:39.697 [main] DEBUG d.m.quorus.protocol.ProtocolFactory - Protocol details: name=smb, class=SmbTransferProtocol, supportsResume=false, supportsPause=false
11:50:39.697 [main] INFO  d.m.quorus.protocol.ProtocolFactory - Registered protocol alias: cifs -> smb
11:50:39.697 [main] DEBUG d.m.quorus.protocol.ProtocolFactory - Creating FtpTransferProtocol instance
11:50:39.697 [main] INFO  d.m.quorus.protocol.ProtocolFactory - Registered protocol: ftp
11:50:39.697 [main] DEBUG d.m.quorus.protocol.ProtocolFactory - Protocol details: name=ftp, class=FtpTransferProtocol, supportsResume=false, supportsPause=false
11:50:39.697 [main] INFO  d.m.quorus.protocol.ProtocolFactory - Registered protocol alias: ftps -> ftp
11:50:39.697 [main] DEBUG d.m.quorus.protocol.ProtocolFactory - Creating SftpTransferProtocol instance
11:50:39.697 [main] INFO  d.m.quorus.protocol.ProtocolFactory - Registered protocol: sftp
11:50:39.697 [main] DEBUG d.m.quorus.protocol.ProtocolFactory - Protocol details: name=sftp, class=SftpTransferProtocol, supportsResume=false, supportsPause=false
11:50:39.697 [main] DEBUG d.m.quorus.protocol.ProtocolFactory - Creating NfsTransferProtocol instance
11:50:39.697 [main] DEBUG d.m.q.protocol.NfsTransferProtocol - NfsTransferProtocol initialized with mountRoot=C:\nfs
11:50:39.697 [main] INFO  d.m.quorus.protocol.ProtocolFactory - Registered protocol: nfs
11:50:39.697 [main] DEBUG d.m.quorus.protocol.ProtocolFactory - Protocol details: name=nfs, class=NfsTransferProtocol, supportsResume=false, supportsPause=false
11:50:39.697 [main] INFO  d.m.quorus.protocol.ProtocolFactory - Registered default transfer protocols: count=8, schemes=ftps, ftp, http, smb, sftp, nfs, https, cifs
11:50:39.697 [main] INFO  d.m.q.transfer.SimpleTransferEngine - SimpleTransferEngine initialized with 5 max concurrent transfers (reactive mode, OpenTelemetry enabled)
11:50:39.697 [main] DEBUG d.m.q.transfer.SimpleTransferEngine - SimpleTransferEngine initialization complete - startTime=2026-09-05T03:50:39.697208800Z
11:50:39.697 [main] INFO  d.m.q.a.s.TransferExecutionService - TransferExecutionService initialized (Vert.x reactive mode)
11:50:39.697 [main] WARN  d.m.q.a.s.ControllerWebClientFactory - INSECURE DEVELOPMENT MODE: agent-to-controller traffic is plaintext
11:50:39.697 [main] DEBUG d.m.q.a.service.JobPollingService - JobPollingService initialized with Vert.x WebClient (connectTimeout=5000ms, idleTimeout=10000ms)
11:50:39.697 [main] WARN  d.m.q.a.s.ControllerWebClientFactory - INSECURE DEVELOPMENT MODE: agent-to-controller traffic is plaintext
11:50:39.698 [main] DEBUG d.m.q.a.s.JobStatusReportingService - JobStatusReportingService initialized with Vert.x WebClient (connectTimeout=5000ms, idleTimeout=10000ms)
11:50:39.698 [main] INFO  d.m.q.a.observability.AgentMetrics - AgentMetrics initialized for agent: test-agent-001
11:50:39.698 [main] INFO  dev.mars.quorus.agent.QuorusAgent - Quorus Agent initialized: test-agent-001 (reactive mode with OpenTelemetry)
11:50:39.698 [main] INFO  dev.mars.quorus.agent.QuorusAgent - Foreign-assignment mismatch threshold configured to 3
11:50:39.698 [main] INFO  dev.mars.quorus.agent.QuorusAgent - Agent not running, performing cleanup only
11:50:39.701 [main] INFO  dev.mars.quorus.agent.QuorusAgent - Creating QuorusAgent with Vert.x instance: 145214844 (using Vert.x timers, no ScheduledExecutorService)
11:50:39.702 [main] WARN  d.m.q.a.s.ControllerWebClientFactory - INSECURE DEVELOPMENT MODE: agent-to-controller traffic is plaintext
11:50:39.702 [main] DEBUG d.m.q.a.s.AgentRegistrationService - AgentRegistrationService initialized with Vert.x WebClient (connectTimeout=5000ms, idleTimeout=10000ms)
11:50:39.702 [main] WARN  d.m.q.a.s.ControllerWebClientFactory - INSECURE DEVELOPMENT MODE: agent-to-controller traffic is plaintext
11:50:39.702 [main] DEBUG d.m.q.agent.service.HeartbeatService - HeartbeatService initialized with Vert.x WebClient (connectTimeout=5000ms, idleTimeout=10000ms)
11:50:39.702 [main] DEBUG d.m.q.transfer.SimpleTransferEngine - Initializing SimpleTransferEngine: maxConcurrent=5, maxRetries=3, retryDelay=1000ms
11:50:39.702 [main] DEBUG d.m.quorus.protocol.ProtocolFactory - Initializing ProtocolFactory with Vert.x instance
11:50:39.702 [main] DEBUG d.m.quorus.protocol.ProtocolFactory - Registering default transfer protocols
11:50:39.702 [main] DEBUG d.m.quorus.protocol.ProtocolFactory - Creating HttpTransferProtocol instance
11:50:39.703 [main] INFO  d.m.q.protocol.HttpTransferProtocol - HttpTransferProtocol initialized: connectTimeout=30000ms, readTimeout=60000ms, maxFileSize=10737418240 bytes
11:50:39.703 [main] DEBUG d.m.q.protocol.HttpTransferProtocol - HttpTransferProtocol created with Vert.x Web Client (reactive mode)
11:50:39.703 [main] INFO  d.m.quorus.protocol.ProtocolFactory - Registered protocol: http
11:50:39.703 [main] DEBUG d.m.quorus.protocol.ProtocolFactory - Protocol details: name=http, class=HttpTransferProtocol, supportsResume=false, supportsPause=true
11:50:39.703 [main] INFO  d.m.quorus.protocol.ProtocolFactory - Registered protocol alias: https -> http
11:50:39.703 [main] DEBUG d.m.quorus.protocol.ProtocolFactory - Creating SmbTransferProtocol instance
11:50:39.703 [main] INFO  d.m.quorus.protocol.ProtocolFactory - Registered protocol: smb
11:50:39.703 [main] DEBUG d.m.quorus.protocol.ProtocolFactory - Protocol details: name=smb, class=SmbTransferProtocol, supportsResume=false, supportsPause=false
11:50:39.703 [main] INFO  d.m.quorus.protocol.ProtocolFactory - Registered protocol alias: cifs -> smb
11:50:39.703 [main] DEBUG d.m.quorus.protocol.ProtocolFactory - Creating FtpTransferProtocol instance
11:50:39.703 [main] INFO  d.m.quorus.protocol.ProtocolFactory - Registered protocol: ftp
11:50:39.703 [main] DEBUG d.m.quorus.protocol.ProtocolFactory - Protocol details: name=ftp, class=FtpTransferProtocol, supportsResume=false, supportsPause=false
11:50:39.703 [main] INFO  d.m.quorus.protocol.ProtocolFactory - Registered protocol alias: ftps -> ftp
11:50:39.703 [main] DEBUG d.m.quorus.protocol.ProtocolFactory - Creating SftpTransferProtocol instance
11:50:39.703 [main] INFO  d.m.quorus.protocol.ProtocolFactory - Registered protocol: sftp
11:50:39.703 [main] DEBUG d.m.quorus.protocol.ProtocolFactory - Protocol details: name=sftp, class=SftpTransferProtocol, supportsResume=false, supportsPause=false
11:50:39.703 [main] DEBUG d.m.quorus.protocol.ProtocolFactory - Creating NfsTransferProtocol instance
11:50:39.704 [main] DEBUG d.m.q.protocol.NfsTransferProtocol - NfsTransferProtocol initialized with mountRoot=C:\nfs
11:50:39.704 [main] INFO  d.m.quorus.protocol.ProtocolFactory - Registered protocol: nfs
11:50:39.704 [main] DEBUG d.m.quorus.protocol.ProtocolFactory - Protocol details: name=nfs, class=NfsTransferProtocol, supportsResume=false, supportsPause=false
11:50:39.704 [main] INFO  d.m.quorus.protocol.ProtocolFactory - Registered default transfer protocols: count=8, schemes=ftps, ftp, http, smb, sftp, nfs, https, cifs
11:50:39.704 [main] INFO  d.m.q.transfer.SimpleTransferEngine - SimpleTransferEngine initialized with 5 max concurrent transfers (reactive mode, OpenTelemetry enabled)
11:50:39.704 [main] DEBUG d.m.q.transfer.SimpleTransferEngine - SimpleTransferEngine initialization complete - startTime=2026-09-05T03:50:39.704070Z
11:50:39.704 [main] INFO  d.m.q.a.s.TransferExecutionService - TransferExecutionService initialized (Vert.x reactive mode)
11:50:39.704 [main] WARN  d.m.q.a.s.ControllerWebClientFactory - INSECURE DEVELOPMENT MODE: agent-to-controller traffic is plaintext
11:50:39.704 [main] DEBUG d.m.q.a.service.JobPollingService - JobPollingService initialized with Vert.x WebClient (connectTimeout=5000ms, idleTimeout=10000ms)
11:50:39.704 [main] WARN  d.m.q.a.s.ControllerWebClientFactory - INSECURE DEVELOPMENT MODE: agent-to-controller traffic is plaintext
11:50:39.704 [main] DEBUG d.m.q.a.s.JobStatusReportingService - JobStatusReportingService initialized with Vert.x WebClient (connectTimeout=5000ms, idleTimeout=10000ms)
11:50:39.704 [main] INFO  d.m.q.a.observability.AgentMetrics - AgentMetrics initialized for agent: test-agent-001
11:50:39.704 [main] INFO  dev.mars.quorus.agent.QuorusAgent - Quorus Agent initialized: test-agent-001 (reactive mode with OpenTelemetry)
11:50:39.704 [main] INFO  dev.mars.quorus.agent.QuorusAgent - Foreign-assignment mismatch threshold configured to 3
11:50:39.704 [main] INFO  dev.mars.quorus.agent.QuorusAgent - Starting Quorus Agent services (Vert.x reactive mode)...
11:50:39.705 [main] INFO  d.m.q.a.s.AgentRegistrationService - Registering agent test-agent-001 with controller at http://localhost:51748/api/v1
11:50:39.705 [main] INFO  dev.mars.quorus.agent.QuorusAgent - Shutting down Quorus Agent (reactive mode)...
11:50:39.705 [main] INFO  d.m.q.a.s.TransferExecutionService - Shutting down transfer execution service...
11:50:39.706 [main] DEBUG d.m.q.transfer.SimpleTransferEngine - shutdown: initiating with timeout=30s
11:50:39.706 [main] INFO  d.m.q.transfer.SimpleTransferEngine - Shutting down transfer engine...
11:50:39.706 [main] DEBUG d.m.q.transfer.SimpleTransferEngine - shutdown: cancelling 0 active transfers
11:50:39.706 [main] DEBUG d.m.q.transfer.SimpleTransferEngine - awaitActiveTransfers: no active transfers
11:50:39.706 [main] INFO  d.m.q.transfer.SimpleTransferEngine - Transfer engine shutdown completed
11:50:39.706 [main] INFO  d.m.q.a.s.TransferExecutionService - Transfer execution service shutdown complete
11:50:39.706 [main] DEBUG d.m.q.agent.service.HeartbeatService - Shutting down HeartbeatService WebClient
11:50:39.706 [main] DEBUG d.m.q.a.service.JobPollingService - Shutting down JobPollingService WebClient
11:50:39.706 [main] DEBUG d.m.q.a.s.JobStatusReportingService - Shutting down JobStatusReportingService WebClient
11:50:39.706 [main] INFO  dev.mars.quorus.agent.QuorusAgent - Agent deregistered from controller
11:50:39.706 [main] INFO  dev.mars.quorus.agent.QuorusAgent - Quorus Agent shutdown complete (0 threads to cleanup)
11:50:39.706 [vert.x-eventloop-thread-0] INFO  d.m.q.agent.service.HealthService - Health service started on port 9090
11:50:39.708 [main] INFO  dev.mars.quorus.agent.QuorusAgent - Creating QuorusAgent with Vert.x instance: 145214844 (using Vert.x timers, no ScheduledExecutorService)
11:50:39.708 [main] WARN  d.m.q.a.s.ControllerWebClientFactory - INSECURE DEVELOPMENT MODE: agent-to-controller traffic is plaintext
11:50:39.709 [main] DEBUG d.m.q.a.s.AgentRegistrationService - AgentRegistrationService initialized with Vert.x WebClient (connectTimeout=5000ms, idleTimeout=10000ms)
11:50:39.709 [main] WARN  d.m.q.a.s.ControllerWebClientFactory - INSECURE DEVELOPMENT MODE: agent-to-controller traffic is plaintext
11:50:39.709 [main] DEBUG d.m.q.agent.service.HeartbeatService - HeartbeatService initialized with Vert.x WebClient (connectTimeout=5000ms, idleTimeout=10000ms)
11:50:39.709 [main] DEBUG d.m.q.transfer.SimpleTransferEngine - Initializing SimpleTransferEngine: maxConcurrent=5, maxRetries=3, retryDelay=1000ms
11:50:39.709 [main] DEBUG d.m.quorus.protocol.ProtocolFactory - Initializing ProtocolFactory with Vert.x instance
11:50:39.709 [main] DEBUG d.m.quorus.protocol.ProtocolFactory - Registering default transfer protocols
11:50:39.709 [main] DEBUG d.m.quorus.protocol.ProtocolFactory - Creating HttpTransferProtocol instance
11:50:39.710 [main] INFO  d.m.q.protocol.HttpTransferProtocol - HttpTransferProtocol initialized: connectTimeout=30000ms, readTimeout=60000ms, maxFileSize=10737418240 bytes
11:50:39.710 [main] DEBUG d.m.q.protocol.HttpTransferProtocol - HttpTransferProtocol created with Vert.x Web Client (reactive mode)
11:50:39.710 [main] INFO  d.m.quorus.protocol.ProtocolFactory - Registered protocol: http
11:50:39.710 [main] DEBUG d.m.quorus.protocol.ProtocolFactory - Protocol details: name=http, class=HttpTransferProtocol, supportsResume=false, supportsPause=true
11:50:39.710 [main] INFO  d.m.quorus.protocol.ProtocolFactory - Registered protocol alias: https -> http
11:50:39.710 [main] DEBUG d.m.quorus.protocol.ProtocolFactory - Creating SmbTransferProtocol instance
11:50:39.710 [main] INFO  d.m.quorus.protocol.ProtocolFactory - Registered protocol: smb
11:50:39.710 [main] DEBUG d.m.quorus.protocol.ProtocolFactory - Protocol details: name=smb, class=SmbTransferProtocol, supportsResume=false, supportsPause=false
11:50:39.710 [main] INFO  d.m.quorus.protocol.ProtocolFactory - Registered protocol alias: cifs -> smb
11:50:39.710 [main] DEBUG d.m.quorus.protocol.ProtocolFactory - Creating FtpTransferProtocol instance
11:50:39.710 [main] INFO  d.m.quorus.protocol.ProtocolFactory - Registered protocol: ftp
11:50:39.710 [main] DEBUG d.m.quorus.protocol.ProtocolFactory - Protocol details: name=ftp, class=FtpTransferProtocol, supportsResume=false, supportsPause=false
11:50:39.710 [main] INFO  d.m.quorus.protocol.ProtocolFactory - Registered protocol alias: ftps -> ftp
11:50:39.710 [main] DEBUG d.m.quorus.protocol.ProtocolFactory - Creating SftpTransferProtocol instance
11:50:39.710 [main] INFO  d.m.quorus.protocol.ProtocolFactory - Registered protocol: sftp
11:50:39.710 [main] DEBUG d.m.quorus.protocol.ProtocolFactory - Protocol details: name=sftp, class=SftpTransferProtocol, supportsResume=false, supportsPause=false
11:50:39.710 [main] DEBUG d.m.quorus.protocol.ProtocolFactory - Creating NfsTransferProtocol instance
11:50:39.710 [main] DEBUG d.m.q.protocol.NfsTransferProtocol - NfsTransferProtocol initialized with mountRoot=C:\nfs
11:50:39.710 [main] INFO  d.m.quorus.protocol.ProtocolFactory - Registered protocol: nfs
11:50:39.710 [main] DEBUG d.m.quorus.protocol.ProtocolFactory - Protocol details: name=nfs, class=NfsTransferProtocol, supportsResume=false, supportsPause=false
11:50:39.710 [main] INFO  d.m.quorus.protocol.ProtocolFactory - Registered default transfer protocols: count=8, schemes=ftps, ftp, http, smb, sftp, nfs, https, cifs
11:50:39.710 [main] INFO  d.m.q.transfer.SimpleTransferEngine - SimpleTransferEngine initialized with 5 max concurrent transfers (reactive mode, OpenTelemetry enabled)
11:50:39.710 [main] DEBUG d.m.q.transfer.SimpleTransferEngine - SimpleTransferEngine initialization complete - startTime=2026-09-05T03:50:39.710591Z
11:50:39.710 [main] INFO  d.m.q.a.s.TransferExecutionService - TransferExecutionService initialized (Vert.x reactive mode)
11:50:39.710 [main] WARN  d.m.q.a.s.ControllerWebClientFactory - INSECURE DEVELOPMENT MODE: agent-to-controller traffic is plaintext
11:50:39.710 [main] DEBUG d.m.q.a.service.JobPollingService - JobPollingService initialized with Vert.x WebClient (connectTimeout=5000ms, idleTimeout=10000ms)
11:50:39.711 [main] WARN  d.m.q.a.s.ControllerWebClientFactory - INSECURE DEVELOPMENT MODE: agent-to-controller traffic is plaintext
11:50:39.711 [main] DEBUG d.m.q.a.s.JobStatusReportingService - JobStatusReportingService initialized with Vert.x WebClient (connectTimeout=5000ms, idleTimeout=10000ms)
11:50:39.711 [main] INFO  d.m.q.a.observability.AgentMetrics - AgentMetrics initialized for agent: test-agent-001
11:50:39.711 [main] INFO  dev.mars.quorus.agent.QuorusAgent - Quorus Agent initialized: test-agent-001 (reactive mode with OpenTelemetry)
11:50:39.711 [main] INFO  dev.mars.quorus.agent.QuorusAgent - Foreign-assignment mismatch threshold configured to 3
11:50:39.711 [main] INFO  dev.mars.quorus.agent.QuorusAgent - Agent not running, performing cleanup only
11:50:39.711 [main] WARN  dev.mars.quorus.agent.QuorusAgent - Agent already closed, skipping shutdown
11:50:39.711 [main] WARN  dev.mars.quorus.agent.QuorusAgent - Agent already closed, skipping shutdown
11:50:39.713 [main] INFO  dev.mars.quorus.agent.QuorusAgent - Creating QuorusAgent with Vert.x instance: 145214844 (using Vert.x timers, no ScheduledExecutorService)
11:50:39.713 [main] WARN  d.m.q.a.s.ControllerWebClientFactory - INSECURE DEVELOPMENT MODE: agent-to-controller traffic is plaintext
11:50:39.714 [vert.x-eventloop-thread-0] INFO  d.m.q.a.s.AgentRegistrationService - Agent test-agent-001 registered successfully
11:50:39.714 [vert.x-eventloop-thread-0] INFO  dev.mars.quorus.agent.QuorusAgent - Agent registered successfully with controller
11:50:39.714 [vert.x-eventloop-thread-0] WARN  dev.mars.quorus.agent.QuorusAgent - Agent was shutdown before background services could start, aborting startup
11:50:39.714 [main] DEBUG d.m.q.a.s.AgentRegistrationService - AgentRegistrationService initialized with Vert.x WebClient (connectTimeout=5000ms, idleTimeout=10000ms)
11:50:39.714 [main] WARN  d.m.q.a.s.ControllerWebClientFactory - INSECURE DEVELOPMENT MODE: agent-to-controller traffic is plaintext
11:50:39.717 [main] DEBUG d.m.q.agent.service.HeartbeatService - HeartbeatService initialized with Vert.x WebClient (connectTimeout=5000ms, idleTimeout=10000ms)
11:50:39.717 [main] DEBUG d.m.q.transfer.SimpleTransferEngine - Initializing SimpleTransferEngine: maxConcurrent=5, maxRetries=3, retryDelay=1000ms
11:50:39.717 [main] DEBUG d.m.quorus.protocol.ProtocolFactory - Initializing ProtocolFactory with Vert.x instance
11:50:39.717 [main] DEBUG d.m.quorus.protocol.ProtocolFactory - Registering default transfer protocols
11:50:39.717 [main] DEBUG d.m.quorus.protocol.ProtocolFactory - Creating HttpTransferProtocol instance
11:50:39.718 [main] INFO  d.m.q.protocol.HttpTransferProtocol - HttpTransferProtocol initialized: connectTimeout=30000ms, readTimeout=60000ms, maxFileSize=10737418240 bytes
11:50:39.718 [main] DEBUG d.m.q.protocol.HttpTransferProtocol - HttpTransferProtocol created with Vert.x Web Client (reactive mode)
11:50:39.718 [main] INFO  d.m.quorus.protocol.ProtocolFactory - Registered protocol: http
11:50:39.718 [main] DEBUG d.m.quorus.protocol.ProtocolFactory - Protocol details: name=http, class=HttpTransferProtocol, supportsResume=false, supportsPause=true
11:50:39.718 [main] INFO  d.m.quorus.protocol.ProtocolFactory - Registered protocol alias: https -> http
11:50:39.718 [main] DEBUG d.m.quorus.protocol.ProtocolFactory - Creating SmbTransferProtocol instance
11:50:39.718 [main] INFO  d.m.quorus.protocol.ProtocolFactory - Registered protocol: smb
11:50:39.718 [main] DEBUG d.m.quorus.protocol.ProtocolFactory - Protocol details: name=smb, class=SmbTransferProtocol, supportsResume=false, supportsPause=false
11:50:39.718 [main] INFO  d.m.quorus.protocol.ProtocolFactory - Registered protocol alias: cifs -> smb
11:50:39.718 [main] DEBUG d.m.quorus.protocol.ProtocolFactory - Creating FtpTransferProtocol instance
11:50:39.718 [main] INFO  d.m.quorus.protocol.ProtocolFactory - Registered protocol: ftp
11:50:39.718 [main] DEBUG d.m.quorus.protocol.ProtocolFactory - Protocol details: name=ftp, class=FtpTransferProtocol, supportsResume=false, supportsPause=false
11:50:39.718 [main] INFO  d.m.quorus.protocol.ProtocolFactory - Registered protocol alias: ftps -> ftp
11:50:39.718 [main] DEBUG d.m.quorus.protocol.ProtocolFactory - Creating SftpTransferProtocol instance
11:50:39.718 [main] INFO  d.m.quorus.protocol.ProtocolFactory - Registered protocol: sftp
11:50:39.718 [main] DEBUG d.m.quorus.protocol.ProtocolFactory - Protocol details: name=sftp, class=SftpTransferProtocol, supportsResume=false, supportsPause=false
11:50:39.718 [main] DEBUG d.m.quorus.protocol.ProtocolFactory - Creating NfsTransferProtocol instance
11:50:39.718 [main] DEBUG d.m.q.protocol.NfsTransferProtocol - NfsTransferProtocol initialized with mountRoot=C:\nfs
11:50:39.718 [main] INFO  d.m.quorus.protocol.ProtocolFactory - Registered protocol: nfs
11:50:39.718 [main] DEBUG d.m.quorus.protocol.ProtocolFactory - Protocol details: name=nfs, class=NfsTransferProtocol, supportsResume=false, supportsPause=false
11:50:39.718 [main] INFO  d.m.quorus.protocol.ProtocolFactory - Registered default transfer protocols: count=8, schemes=ftps, ftp, http, smb, sftp, nfs, https, cifs
11:50:39.718 [main] INFO  d.m.q.transfer.SimpleTransferEngine - SimpleTransferEngine initialized with 5 max concurrent transfers (reactive mode, OpenTelemetry enabled)
11:50:39.718 [main] DEBUG d.m.q.transfer.SimpleTransferEngine - SimpleTransferEngine initialization complete - startTime=2026-09-05T03:50:39.718263300Z
11:50:39.718 [main] INFO  d.m.q.a.s.TransferExecutionService - TransferExecutionService initialized (Vert.x reactive mode)
11:50:39.718 [main] WARN  d.m.q.a.s.ControllerWebClientFactory - INSECURE DEVELOPMENT MODE: agent-to-controller traffic is plaintext
11:50:39.718 [main] DEBUG d.m.q.a.service.JobPollingService - JobPollingService initialized with Vert.x WebClient (connectTimeout=5000ms, idleTimeout=10000ms)
11:50:39.718 [main] WARN  d.m.q.a.s.ControllerWebClientFactory - INSECURE DEVELOPMENT MODE: agent-to-controller traffic is plaintext
11:50:39.719 [main] DEBUG d.m.q.a.s.JobStatusReportingService - JobStatusReportingService initialized with Vert.x WebClient (connectTimeout=5000ms, idleTimeout=10000ms)
11:50:39.719 [main] INFO  d.m.q.a.observability.AgentMetrics - AgentMetrics initialized for agent: test-agent-001
11:50:39.719 [main] INFO  dev.mars.quorus.agent.QuorusAgent - Quorus Agent initialized: test-agent-001 (reactive mode with OpenTelemetry)
11:50:39.719 [main] INFO  dev.mars.quorus.agent.QuorusAgent - Foreign-assignment mismatch threshold configured to 3
11:50:39.719 [main] ERROR dev.mars.quorus.agent.QuorusAgent - Refusing to process job job-foreign-failfast because assignment agentId wrong-agent does not match local agentId test-agent-001
11:50:39.719 [main] ERROR dev.mars.quorus.agent.QuorusAgent - Foreign assignment mismatch count: 1/3
11:50:39.719 [main] ERROR dev.mars.quorus.agent.QuorusAgent - Refusing to process job job-foreign-failfast because assignment agentId wrong-agent does not match local agentId test-agent-001
11:50:39.719 [main] ERROR dev.mars.quorus.agent.QuorusAgent - Foreign assignment mismatch count: 2/3
11:50:39.720 [main] ERROR dev.mars.quorus.agent.QuorusAgent - Refusing to process job job-foreign-failfast because assignment agentId wrong-agent does not match local agentId test-agent-001
11:50:39.720 [main] ERROR dev.mars.quorus.agent.QuorusAgent - Foreign assignment mismatch count: 3/3
11:50:39.720 [main] ERROR dev.mars.quorus.agent.QuorusAgent - Foreign assignment mismatch threshold reached (3). Initiating fail-fast shutdown.
11:50:39.720 [main] INFO  dev.mars.quorus.agent.QuorusAgent - Agent not running, performing cleanup only
11:50:39.723 [main] INFO  dev.mars.quorus.agent.QuorusAgent - Creating QuorusAgent with Vert.x instance: 145214844 (using Vert.x timers, no ScheduledExecutorService)
11:50:39.723 [main] WARN  d.m.q.a.s.ControllerWebClientFactory - INSECURE DEVELOPMENT MODE: agent-to-controller traffic is plaintext
11:50:39.724 [main] DEBUG d.m.q.a.s.AgentRegistrationService - AgentRegistrationService initialized with Vert.x WebClient (connectTimeout=5000ms, idleTimeout=10000ms)
11:50:39.724 [main] WARN  d.m.q.a.s.ControllerWebClientFactory - INSECURE DEVELOPMENT MODE: agent-to-controller traffic is plaintext
11:50:39.724 [main] DEBUG d.m.q.agent.service.HeartbeatService - HeartbeatService initialized with Vert.x WebClient (connectTimeout=5000ms, idleTimeout=10000ms)
11:50:39.724 [main] DEBUG d.m.q.transfer.SimpleTransferEngine - Initializing SimpleTransferEngine: maxConcurrent=5, maxRetries=3, retryDelay=1000ms
11:50:39.724 [main] DEBUG d.m.quorus.protocol.ProtocolFactory - Initializing ProtocolFactory with Vert.x instance
11:50:39.724 [main] DEBUG d.m.quorus.protocol.ProtocolFactory - Registering default transfer protocols
11:50:39.724 [main] DEBUG d.m.quorus.protocol.ProtocolFactory - Creating HttpTransferProtocol instance
11:50:39.724 [main] INFO  d.m.q.protocol.HttpTransferProtocol - HttpTransferProtocol initialized: connectTimeout=30000ms, readTimeout=60000ms, maxFileSize=10737418240 bytes
11:50:39.725 [main] DEBUG d.m.q.protocol.HttpTransferProtocol - HttpTransferProtocol created with Vert.x Web Client (reactive mode)
11:50:39.725 [main] INFO  d.m.quorus.protocol.ProtocolFactory - Registered protocol: http
11:50:39.725 [main] DEBUG d.m.quorus.protocol.ProtocolFactory - Protocol details: name=http, class=HttpTransferProtocol, supportsResume=false, supportsPause=true
11:50:39.725 [main] INFO  d.m.quorus.protocol.ProtocolFactory - Registered protocol alias: https -> http
11:50:39.725 [main] DEBUG d.m.quorus.protocol.ProtocolFactory - Creating SmbTransferProtocol instance
11:50:39.725 [main] INFO  d.m.quorus.protocol.ProtocolFactory - Registered protocol: smb
11:50:39.725 [main] DEBUG d.m.quorus.protocol.ProtocolFactory - Protocol details: name=smb, class=SmbTransferProtocol, supportsResume=false, supportsPause=false
11:50:39.725 [main] INFO  d.m.quorus.protocol.ProtocolFactory - Registered protocol alias: cifs -> smb
11:50:39.725 [main] DEBUG d.m.quorus.protocol.ProtocolFactory - Creating FtpTransferProtocol instance
11:50:39.725 [main] INFO  d.m.quorus.protocol.ProtocolFactory - Registered protocol: ftp
11:50:39.725 [main] DEBUG d.m.quorus.protocol.ProtocolFactory - Protocol details: name=ftp, class=FtpTransferProtocol, supportsResume=false, supportsPause=false
11:50:39.725 [main] INFO  d.m.quorus.protocol.ProtocolFactory - Registered protocol alias: ftps -> ftp
11:50:39.725 [main] DEBUG d.m.quorus.protocol.ProtocolFactory - Creating SftpTransferProtocol instance
11:50:39.725 [main] INFO  d.m.quorus.protocol.ProtocolFactory - Registered protocol: sftp
11:50:39.725 [main] DEBUG d.m.quorus.protocol.ProtocolFactory - Protocol details: name=sftp, class=SftpTransferProtocol, supportsResume=false, supportsPause=false
11:50:39.725 [main] DEBUG d.m.quorus.protocol.ProtocolFactory - Creating NfsTransferProtocol instance
11:50:39.725 [main] DEBUG d.m.q.protocol.NfsTransferProtocol - NfsTransferProtocol initialized with mountRoot=C:\nfs
11:50:39.725 [main] INFO  d.m.quorus.protocol.ProtocolFactory - Registered protocol: nfs
11:50:39.725 [main] DEBUG d.m.quorus.protocol.ProtocolFactory - Protocol details: name=nfs, class=NfsTransferProtocol, supportsResume=false, supportsPause=false
11:50:39.725 [main] INFO  d.m.quorus.protocol.ProtocolFactory - Registered default transfer protocols: count=8, schemes=ftps, ftp, http, smb, sftp, nfs, https, cifs
11:50:39.725 [main] INFO  d.m.q.transfer.SimpleTransferEngine - SimpleTransferEngine initialized with 5 max concurrent transfers (reactive mode, OpenTelemetry enabled)
11:50:39.725 [main] DEBUG d.m.q.transfer.SimpleTransferEngine - SimpleTransferEngine initialization complete - startTime=2026-09-05T03:50:39.725266500Z
11:50:39.725 [main] INFO  d.m.q.a.s.TransferExecutionService - TransferExecutionService initialized (Vert.x reactive mode)
11:50:39.725 [main] WARN  d.m.q.a.s.ControllerWebClientFactory - INSECURE DEVELOPMENT MODE: agent-to-controller traffic is plaintext
11:50:39.726 [main] DEBUG d.m.q.a.service.JobPollingService - JobPollingService initialized with Vert.x WebClient (connectTimeout=5000ms, idleTimeout=10000ms)
11:50:39.726 [main] WARN  d.m.q.a.s.ControllerWebClientFactory - INSECURE DEVELOPMENT MODE: agent-to-controller traffic is plaintext
11:50:39.726 [main] DEBUG d.m.q.a.s.JobStatusReportingService - JobStatusReportingService initialized with Vert.x WebClient (connectTimeout=5000ms, idleTimeout=10000ms)
11:50:39.726 [main] INFO  d.m.q.a.observability.AgentMetrics - AgentMetrics initialized for agent: test-agent-001
11:50:39.726 [main] INFO  dev.mars.quorus.agent.QuorusAgent - Quorus Agent initialized: test-agent-001 (reactive mode with OpenTelemetry)
11:50:39.726 [main] INFO  dev.mars.quorus.agent.QuorusAgent - Foreign-assignment mismatch threshold configured to 3
11:50:39.726 [main] INFO  dev.mars.quorus.agent.QuorusAgent - Transfer completed successfully: job-success (1024 bytes in 2000ms)
11:50:39.727 [main] WARN  dev.mars.quorus.agent.QuorusAgent - Transfer failed: job-failed - simulated transfer failure
11:50:39.728 [main] ERROR dev.mars.quorus.agent.QuorusAgent - Transfer error: job-error: simulated error
11:50:39.728 [main] DEBUG dev.mars.quorus.agent.QuorusAgent - Stack trace for transfer error: jobId=job-error
java.lang.IllegalStateException: simulated error
	at dev.mars.quorus.agent.QuorusAgentTest.testTransferOutcomeReporting(QuorusAgentTest.java:476)
	at java.base/jdk.internal.reflect.DirectMethodHandleAccessor.invoke(DirectMethodHandleAccessor.java:104)
	at java.base/java.lang.reflect.Method.invoke(Method.java:565)
	at org.junit.platform.commons.util.ReflectionUtils.invokeMethod(ReflectionUtils.java:786)
	at org.junit.platform.commons.support.ReflectionSupport.invokeMethod(ReflectionSupport.java:514)
	at org.junit.jupiter.engine.execution.MethodInvocation.proceed(MethodInvocation.java:60)
	at org.junit.jupiter.engine.execution.InvocationInterceptorChain$ValidatingInvocation.proceed(InvocationInterceptorChain.java:131)
	at io.vertx.junit5.VertxExtension.interceptTestMethod(VertxExtension.java:142)
	at org.junit.jupiter.engine.execution.InterceptingExecutableInvoker$ReflectiveInterceptorCall.lambda$ofVoidMethod$0(InterceptingExecutableInvoker.java:112)
	at org.junit.jupiter.engine.execution.InterceptingExecutableInvoker.lambda$invoke$0(InterceptingExecutableInvoker.java:94)
	at org.junit.jupiter.engine.execution.InvocationInterceptorChain$InterceptedInvocation.proceed(InvocationInterceptorChain.java:106)
	at org.junit.jupiter.engine.extension.TimeoutExtension.intercept(TimeoutExtension.java:161)
	at org.junit.jupiter.engine.extension.TimeoutExtension.interceptTestableMethod(TimeoutExtension.java:152)
	at org.junit.jupiter.engine.extension.TimeoutExtension.interceptTestMethod(TimeoutExtension.java:91)
	at org.junit.jupiter.engine.execution.InterceptingExecutableInvoker$ReflectiveInterceptorCall.lambda$ofVoidMethod$0(InterceptingExecutableInvoker.java:112)
	at org.junit.jupiter.engine.execution.InterceptingExecutableInvoker.lambda$invoke$0(InterceptingExecutableInvoker.java:94)
	at org.junit.jupiter.engine.execution.InvocationInterceptorChain$InterceptedInvocation.proceed(InvocationInterceptorChain.java:106)
	at org.junit.jupiter.engine.execution.InvocationInterceptorChain.proceed(InvocationInterceptorChain.java:64)
	at org.junit.jupiter.engine.execution.InvocationInterceptorChain.chainAndInvoke(InvocationInterceptorChain.java:45)
	at org.junit.jupiter.engine.execution.InvocationInterceptorChain.invoke(InvocationInterceptorChain.java:37)
	at org.junit.jupiter.engine.execution.InterceptingExecutableInvoker.invoke(InterceptingExecutableInvoker.java:93)
	at org.junit.jupiter.engine.execution.InterceptingExecutableInvoker.invoke(InterceptingExecutableInvoker.java:87)
	at org.junit.jupiter.engine.descriptor.TestMethodTestDescriptor.lambda$invokeTestMethod$4(TestMethodTestDescriptor.java:221)
	at org.junit.platform.engine.support.hierarchical.ThrowableCollector.execute(ThrowableCollector.java:73)
	at org.junit.jupiter.engine.descriptor.TestMethodTestDescriptor.invokeTestMethod(TestMethodTestDescriptor.java:217)
	at org.junit.jupiter.engine.descriptor.TestMethodTestDescriptor.execute(TestMethodTestDescriptor.java:159)
	at org.junit.jupiter.engine.descriptor.TestMethodTestDescriptor.execute(TestMethodTestDescriptor.java:70)
	at org.junit.platform.engine.support.hierarchical.NodeTestTask.lambda$executeRecursively$6(NodeTestTask.java:157)
	at org.junit.platform.engine.support.hierarchical.ThrowableCollector.execute(ThrowableCollector.java:73)
	at org.junit.platform.engine.support.hierarchical.NodeTestTask.lambda$executeRecursively$8(NodeTestTask.java:147)
	at org.junit.platform.engine.support.hierarchical.Node.around(Node.java:137)
	at org.junit.platform.engine.support.hierarchical.NodeTestTask.lambda$executeRecursively$9(NodeTestTask.java:145)
	at org.junit.platform.engine.support.hierarchical.ThrowableCollector.execute(ThrowableCollector.java:73)
	at org.junit.platform.engine.support.hierarchical.NodeTestTask.executeRecursively(NodeTestTask.java:144)
	at org.junit.platform.engine.support.hierarchical.NodeTestTask.execute(NodeTestTask.java:101)
	at java.base/java.util.ArrayList.forEach(ArrayList.java:1604)
	at org.junit.platform.engine.support.hierarchical.SameThreadHierarchicalTestExecutorService.invokeAll(SameThreadHierarchicalTestExecutorService.java:41)
	at org.junit.platform.engine.support.hierarchical.NodeTestTask.lambda$executeRecursively$6(NodeTestTask.java:161)
	at org.junit.platform.engine.support.hierarchical.ThrowableCollector.execute(ThrowableCollector.java:73)
	at org.junit.platform.engine.support.hierarchical.NodeTestTask.lambda$executeRecursively$8(NodeTestTask.java:147)
	at org.junit.platform.engine.support.hierarchical.Node.around(Node.java:137)
	at org.junit.platform.engine.support.hierarchical.NodeTestTask.lambda$executeRecursively$9(NodeTestTask.java:145)
	at org.junit.platform.engine.support.hierarchical.ThrowableCollector.execute(ThrowableCollector.java:73)
	at org.junit.platform.engine.support.hierarchical.NodeTestTask.executeRecursively(NodeTestTask.java:144)
	at org.junit.platform.engine.support.hierarchical.NodeTestTask.execute(NodeTestTask.java:101)
	at java.base/java.util.ArrayList.forEach(ArrayList.java:1604)
	at org.junit.platform.engine.support.hierarchical.SameThreadHierarchicalTestExecutorService.invokeAll(SameThreadHierarchicalTestExecutorService.java:41)
	at org.junit.platform.engine.support.hierarchical.NodeTestTask.lambda$executeRecursively$6(NodeTestTask.java:161)
	at org.junit.platform.engine.support.hierarchical.ThrowableCollector.execute(ThrowableCollector.java:73)
	at org.junit.platform.engine.support.hierarchical.NodeTestTask.lambda$executeRecursively$8(NodeTestTask.java:147)
	at org.junit.platform.engine.support.hierarchical.Node.around(Node.java:137)
	at org.junit.platform.engine.support.hierarchical.NodeTestTask.lambda$executeRecursively$9(NodeTestTask.java:145)
	at org.junit.platform.engine.support.hierarchical.ThrowableCollector.execute(ThrowableCollector.java:73)
	at org.junit.platform.engine.support.hierarchical.NodeTestTask.executeRecursively(NodeTestTask.java:144)
	at org.junit.platform.engine.support.hierarchical.NodeTestTask.execute(NodeTestTask.java:101)
	at org.junit.platform.engine.support.hierarchical.SameThreadHierarchicalTestExecutorService.submit(SameThreadHierarchicalTestExecutorService.java:35)
	at org.junit.platform.engine.support.hierarchical.HierarchicalTestExecutor.execute(HierarchicalTestExecutor.java:57)
	at org.junit.platform.engine.support.hierarchical.HierarchicalTestEngine.execute(HierarchicalTestEngine.java:54)
	at org.junit.platform.launcher.core.EngineExecutionOrchestrator.executeEngine(EngineExecutionOrchestrator.java:230)
	at org.junit.platform.launcher.core.EngineExecutionOrchestrator.failOrExecuteEngine(EngineExecutionOrchestrator.java:204)
	at org.junit.platform.launcher.core.EngineExecutionOrchestrator.execute(EngineExecutionOrchestrator.java:172)
	at org.junit.platform.launcher.core.EngineExecutionOrchestrator.execute(EngineExecutionOrchestrator.java:101)
	at org.junit.platform.launcher.core.EngineExecutionOrchestrator.lambda$execute$0(EngineExecutionOrchestrator.java:64)
	at org.junit.platform.launcher.core.EngineExecutionOrchestrator.withInterceptedStreams(EngineExecutionOrchestrator.java:150)
	at org.junit.platform.launcher.core.EngineExecutionOrchestrator.execute(EngineExecutionOrchestrator.java:63)
	at org.junit.platform.launcher.core.DefaultLauncher.execute(DefaultLauncher.java:109)
	at org.junit.platform.launcher.core.DefaultLauncher.execute(DefaultLauncher.java:91)
	at org.junit.platform.launcher.core.DelegatingLauncher.execute(DelegatingLauncher.java:47)
	at org.junit.platform.launcher.core.InterceptingLauncher.lambda$execute$1(InterceptingLauncher.java:39)
	at org.junit.platform.launcher.core.ClasspathAlignmentCheckingLauncherInterceptor.intercept(ClasspathAlignmentCheckingLauncherInterceptor.java:25)
	at org.junit.platform.launcher.core.InterceptingLauncher.execute(InterceptingLauncher.java:38)
	at org.junit.platform.launcher.core.DelegatingLauncher.execute(DelegatingLauncher.java:47)
	at org.apache.maven.surefire.junitplatform.LazyLauncher.execute(LazyLauncher.java:56)
	at org.apache.maven.surefire.junitplatform.JUnitPlatformProvider.execute(JUnitPlatformProvider.java:184)
	at org.apache.maven.surefire.junitplatform.JUnitPlatformProvider.invokeAllTests(JUnitPlatformProvider.java:148)
	at org.apache.maven.surefire.junitplatform.JUnitPlatformProvider.invoke(JUnitPlatformProvider.java:122)
	at org.apache.maven.surefire.booter.ForkedBooter.runSuitesInProcess(ForkedBooter.java:385)
	at org.apache.maven.surefire.booter.ForkedBooter.execute(ForkedBooter.java:162)
	at org.apache.maven.surefire.booter.ForkedBooter.run(ForkedBooter.java:507)
	at org.apache.maven.surefire.booter.ForkedBooter.main(ForkedBooter.java:495)
11:50:39.735 [vert.x-eventloop-thread-0] DEBUG d.m.q.a.s.JobStatusReportingService - Job status reported: job-failed -> FAILED
11:50:39.736 [vert.x-eventloop-thread-0] DEBUG d.m.q.a.s.JobStatusReportingService - Job status reported: job-error -> FAILED
11:50:39.736 [vert.x-eventloop-thread-0] DEBUG d.m.q.a.s.JobStatusReportingService - Job status reported: job-success -> COMPLETED
11:50:39.741 [main] INFO  dev.mars.quorus.agent.QuorusAgent - Creating QuorusAgent with Vert.x instance: 145214844 (using Vert.x timers, no ScheduledExecutorService)
11:50:39.741 [main] WARN  d.m.q.a.s.ControllerWebClientFactory - INSECURE DEVELOPMENT MODE: agent-to-controller traffic is plaintext
11:50:39.741 [main] DEBUG d.m.q.a.s.AgentRegistrationService - AgentRegistrationService initialized with Vert.x WebClient (connectTimeout=5000ms, idleTimeout=10000ms)
11:50:39.741 [main] WARN  d.m.q.a.s.ControllerWebClientFactory - INSECURE DEVELOPMENT MODE: agent-to-controller traffic is plaintext
11:50:39.741 [main] DEBUG d.m.q.agent.service.HeartbeatService - HeartbeatService initialized with Vert.x WebClient (connectTimeout=5000ms, idleTimeout=10000ms)
11:50:39.742 [main] DEBUG d.m.q.transfer.SimpleTransferEngine - Initializing SimpleTransferEngine: maxConcurrent=5, maxRetries=3, retryDelay=1000ms
11:50:39.742 [main] DEBUG d.m.quorus.protocol.ProtocolFactory - Initializing ProtocolFactory with Vert.x instance
11:50:39.742 [main] DEBUG d.m.quorus.protocol.ProtocolFactory - Registering default transfer protocols
11:50:39.742 [main] DEBUG d.m.quorus.protocol.ProtocolFactory - Creating HttpTransferProtocol instance
11:50:39.742 [main] INFO  d.m.q.protocol.HttpTransferProtocol - HttpTransferProtocol initialized: connectTimeout=30000ms, readTimeout=60000ms, maxFileSize=10737418240 bytes
11:50:39.742 [main] DEBUG d.m.q.protocol.HttpTransferProtocol - HttpTransferProtocol created with Vert.x Web Client (reactive mode)
11:50:39.742 [main] INFO  d.m.quorus.protocol.ProtocolFactory - Registered protocol: http
11:50:39.742 [main] DEBUG d.m.quorus.protocol.ProtocolFactory - Protocol details: name=http, class=HttpTransferProtocol, supportsResume=false, supportsPause=true
11:50:39.742 [main] INFO  d.m.quorus.protocol.ProtocolFactory - Registered protocol alias: https -> http
11:50:39.742 [main] DEBUG d.m.quorus.protocol.ProtocolFactory - Creating SmbTransferProtocol instance
11:50:39.742 [main] INFO  d.m.quorus.protocol.ProtocolFactory - Registered protocol: smb
11:50:39.742 [main] DEBUG d.m.quorus.protocol.ProtocolFactory - Protocol details: name=smb, class=SmbTransferProtocol, supportsResume=false, supportsPause=false
11:50:39.742 [main] INFO  d.m.quorus.protocol.ProtocolFactory - Registered protocol alias: cifs -> smb
11:50:39.742 [main] DEBUG d.m.quorus.protocol.ProtocolFactory - Creating FtpTransferProtocol instance
11:50:39.742 [main] INFO  d.m.quorus.protocol.ProtocolFactory - Registered protocol: ftp
11:50:39.742 [main] DEBUG d.m.quorus.protocol.ProtocolFactory - Protocol details: name=ftp, class=FtpTransferProtocol, supportsResume=false, supportsPause=false
11:50:39.742 [main] INFO  d.m.quorus.protocol.ProtocolFactory - Registered protocol alias: ftps -> ftp
11:50:39.742 [main] DEBUG d.m.quorus.protocol.ProtocolFactory - Creating SftpTransferProtocol instance
11:50:39.742 [main] INFO  d.m.quorus.protocol.ProtocolFactory - Registered protocol: sftp
11:50:39.742 [main] DEBUG d.m.quorus.protocol.ProtocolFactory - Protocol details: name=sftp, class=SftpTransferProtocol, supportsResume=false, supportsPause=false
11:50:39.742 [main] DEBUG d.m.quorus.protocol.ProtocolFactory - Creating NfsTransferProtocol instance
11:50:39.742 [main] DEBUG d.m.q.protocol.NfsTransferProtocol - NfsTransferProtocol initialized with mountRoot=C:\nfs
11:50:39.742 [main] INFO  d.m.quorus.protocol.ProtocolFactory - Registered protocol: nfs
11:50:39.742 [main] DEBUG d.m.quorus.protocol.ProtocolFactory - Protocol details: name=nfs, class=NfsTransferProtocol, supportsResume=false, supportsPause=false
11:50:39.742 [main] INFO  d.m.quorus.protocol.ProtocolFactory - Registered default transfer protocols: count=8, schemes=ftps, ftp, http, smb, sftp, nfs, https, cifs
11:50:39.742 [main] INFO  d.m.q.transfer.SimpleTransferEngine - SimpleTransferEngine initialized with 5 max concurrent transfers (reactive mode, OpenTelemetry enabled)
11:50:39.742 [main] DEBUG d.m.q.transfer.SimpleTransferEngine - SimpleTransferEngine initialization complete - startTime=2026-09-05T03:50:39.742793700Z
11:50:39.743 [main] INFO  d.m.q.a.s.TransferExecutionService - TransferExecutionService initialized (Vert.x reactive mode)
11:50:39.743 [main] WARN  d.m.q.a.s.ControllerWebClientFactory - INSECURE DEVELOPMENT MODE: agent-to-controller traffic is plaintext
11:50:39.743 [main] DEBUG d.m.q.a.service.JobPollingService - JobPollingService initialized with Vert.x WebClient (connectTimeout=5000ms, idleTimeout=10000ms)
11:50:39.743 [main] WARN  d.m.q.a.s.ControllerWebClientFactory - INSECURE DEVELOPMENT MODE: agent-to-controller traffic is plaintext
11:50:39.744 [main] DEBUG d.m.q.a.s.JobStatusReportingService - JobStatusReportingService initialized with Vert.x WebClient (connectTimeout=5000ms, idleTimeout=10000ms)
11:50:39.744 [main] INFO  d.m.q.a.observability.AgentMetrics - AgentMetrics initialized for agent: test-agent-001
11:50:39.744 [main] INFO  dev.mars.quorus.agent.QuorusAgent - Quorus Agent initialized: test-agent-001 (reactive mode with OpenTelemetry)
11:50:39.744 [main] INFO  dev.mars.quorus.agent.QuorusAgent - Foreign-assignment mismatch threshold configured to 3
11:50:39.744 [main] INFO  dev.mars.quorus.agent.QuorusAgent - Starting Quorus Agent services (Vert.x reactive mode)...
11:50:39.744 [main] INFO  d.m.q.a.s.AgentRegistrationService - Registering agent test-agent-001 with controller at http://localhost:51748/api/v1
11:50:39.744 [vert.x-eventloop-thread-0] INFO  d.m.q.agent.service.HealthService - Health service started on port 9090
11:50:39.749 [vert.x-eventloop-thread-0] INFO  d.m.q.a.s.AgentRegistrationService - Agent test-agent-001 registered successfully
11:50:39.749 [vert.x-eventloop-thread-0] INFO  dev.mars.quorus.agent.QuorusAgent - Agent registered successfully with controller
11:50:39.749 [vert.x-eventloop-thread-0] INFO  dev.mars.quorus.agent.QuorusAgent - Heartbeat service started (interval: 30000ms) [Vert.x timer ID: 51]
11:50:39.749 [vert.x-eventloop-thread-0] INFO  d.m.q.a.s.TransferExecutionService - Transfer execution service started with 5 max concurrent transfers
11:50:39.749 [vert.x-eventloop-thread-0] INFO  dev.mars.quorus.agent.QuorusAgent - Transfer execution service started
11:50:39.749 [vert.x-eventloop-thread-0] INFO  dev.mars.quorus.agent.QuorusAgent - Quorus Agent started successfully (reactive mode, 0 extra threads)
11:50:39.759 [main] INFO  dev.mars.quorus.agent.QuorusAgent - Shutting down Quorus Agent (reactive mode)...
11:50:39.759 [main] INFO  dev.mars.quorus.agent.QuorusAgent - Heartbeat timer cancelled: true [ID: 51]
11:50:39.759 [main] INFO  d.m.q.a.s.TransferExecutionService - Shutting down transfer execution service...
11:50:39.759 [main] DEBUG d.m.q.transfer.SimpleTransferEngine - shutdown: initiating with timeout=30s
11:50:39.759 [main] INFO  d.m.q.transfer.SimpleTransferEngine - Shutting down transfer engine...
11:50:39.759 [main] DEBUG d.m.q.transfer.SimpleTransferEngine - shutdown: cancelling 0 active transfers
11:50:39.759 [main] DEBUG d.m.q.transfer.SimpleTransferEngine - awaitActiveTransfers: no active transfers
11:50:39.759 [main] INFO  d.m.q.transfer.SimpleTransferEngine - Transfer engine shutdown completed
11:50:39.759 [main] INFO  d.m.q.a.s.TransferExecutionService - Transfer execution service shutdown complete
11:50:39.759 [main] DEBUG d.m.q.agent.service.HeartbeatService - Shutting down HeartbeatService WebClient
11:50:39.759 [main] DEBUG d.m.q.a.service.JobPollingService - Shutting down JobPollingService WebClient
11:50:39.759 [main] DEBUG d.m.q.a.s.JobStatusReportingService - Shutting down JobStatusReportingService WebClient
11:50:39.759 [vert.x-eventloop-thread-0] INFO  d.m.q.agent.service.HealthService - Health service stopped
11:50:39.760 [vert.x-eventloop-thread-0] INFO  d.m.q.a.s.AgentRegistrationService - Deregistering agent test-agent-001 from controller
11:50:39.761 [vert.x-eventloop-thread-0] INFO  d.m.q.a.s.AgentRegistrationService - Agent test-agent-001 deregistered successfully
11:50:39.761 [vert.x-eventloop-thread-0] INFO  dev.mars.quorus.agent.QuorusAgent - Agent deregistered from controller
11:50:39.761 [vert.x-eventloop-thread-0] INFO  dev.mars.quorus.agent.QuorusAgent - Quorus Agent shutdown complete (0 threads to cleanup)
11:50:39.763 [main] INFO  dev.mars.quorus.agent.QuorusAgent - Creating QuorusAgent with Vert.x instance: 145214844 (using Vert.x timers, no ScheduledExecutorService)
11:50:39.763 [main] WARN  d.m.q.a.s.ControllerWebClientFactory - INSECURE DEVELOPMENT MODE: agent-to-controller traffic is plaintext
11:50:39.763 [main] DEBUG d.m.q.a.s.AgentRegistrationService - AgentRegistrationService initialized with Vert.x WebClient (connectTimeout=5000ms, idleTimeout=10000ms)
11:50:39.764 [main] WARN  d.m.q.a.s.ControllerWebClientFactory - INSECURE DEVELOPMENT MODE: agent-to-controller traffic is plaintext
11:50:39.764 [main] DEBUG d.m.q.agent.service.HeartbeatService - HeartbeatService initialized with Vert.x WebClient (connectTimeout=5000ms, idleTimeout=10000ms)
11:50:39.764 [main] DEBUG d.m.q.transfer.SimpleTransferEngine - Initializing SimpleTransferEngine: maxConcurrent=5, maxRetries=3, retryDelay=1000ms
11:50:39.764 [main] DEBUG d.m.quorus.protocol.ProtocolFactory - Initializing ProtocolFactory with Vert.x instance
11:50:39.764 [main] DEBUG d.m.quorus.protocol.ProtocolFactory - Registering default transfer protocols
11:50:39.764 [main] DEBUG d.m.quorus.protocol.ProtocolFactory - Creating HttpTransferProtocol instance
11:50:39.764 [main] INFO  d.m.q.protocol.HttpTransferProtocol - HttpTransferProtocol initialized: connectTimeout=30000ms, readTimeout=60000ms, maxFileSize=10737418240 bytes
11:50:39.764 [main] DEBUG d.m.q.protocol.HttpTransferProtocol - HttpTransferProtocol created with Vert.x Web Client (reactive mode)
11:50:39.764 [main] INFO  d.m.quorus.protocol.ProtocolFactory - Registered protocol: http
11:50:39.764 [main] DEBUG d.m.quorus.protocol.ProtocolFactory - Protocol details: name=http, class=HttpTransferProtocol, supportsResume=false, supportsPause=true
11:50:39.764 [main] INFO  d.m.quorus.protocol.ProtocolFactory - Registered protocol alias: https -> http
11:50:39.764 [main] DEBUG d.m.quorus.protocol.ProtocolFactory - Creating SmbTransferProtocol instance
11:50:39.764 [main] INFO  d.m.quorus.protocol.ProtocolFactory - Registered protocol: smb
11:50:39.764 [main] DEBUG d.m.quorus.protocol.ProtocolFactory - Protocol details: name=smb, class=SmbTransferProtocol, supportsResume=false, supportsPause=false
11:50:39.764 [main] INFO  d.m.quorus.protocol.ProtocolFactory - Registered protocol alias: cifs -> smb
11:50:39.764 [main] DEBUG d.m.quorus.protocol.ProtocolFactory - Creating FtpTransferProtocol instance
11:50:39.764 [main] INFO  d.m.quorus.protocol.ProtocolFactory - Registered protocol: ftp
11:50:39.764 [main] DEBUG d.m.quorus.protocol.ProtocolFactory - Protocol details: name=ftp, class=FtpTransferProtocol, supportsResume=false, supportsPause=false
11:50:39.764 [main] INFO  d.m.quorus.protocol.ProtocolFactory - Registered protocol alias: ftps -> ftp
11:50:39.764 [main] DEBUG d.m.quorus.protocol.ProtocolFactory - Creating SftpTransferProtocol instance
11:50:39.764 [main] INFO  d.m.quorus.protocol.ProtocolFactory - Registered protocol: sftp
11:50:39.764 [main] DEBUG d.m.quorus.protocol.ProtocolFactory - Protocol details: name=sftp, class=SftpTransferProtocol, supportsResume=false, supportsPause=false
11:50:39.764 [main] DEBUG d.m.quorus.protocol.ProtocolFactory - Creating NfsTransferProtocol instance
11:50:39.764 [main] DEBUG d.m.q.protocol.NfsTransferProtocol - NfsTransferProtocol initialized with mountRoot=C:\nfs
11:50:39.764 [main] INFO  d.m.quorus.protocol.ProtocolFactory - Registered protocol: nfs
11:50:39.764 [main] DEBUG d.m.quorus.protocol.ProtocolFactory - Protocol details: name=nfs, class=NfsTransferProtocol, supportsResume=false, supportsPause=false
11:50:39.764 [main] INFO  d.m.quorus.protocol.ProtocolFactory - Registered default transfer protocols: count=8, schemes=ftps, ftp, http, smb, sftp, nfs, https, cifs
11:50:39.764 [main] INFO  d.m.q.transfer.SimpleTransferEngine - SimpleTransferEngine initialized with 5 max concurrent transfers (reactive mode, OpenTelemetry enabled)
11:50:39.764 [main] DEBUG d.m.q.transfer.SimpleTransferEngine - SimpleTransferEngine initialization complete - startTime=2026-09-05T03:50:39.764472200Z
11:50:39.765 [main] INFO  d.m.q.a.s.TransferExecutionService - TransferExecutionService initialized (Vert.x reactive mode)
11:50:39.765 [main] WARN  d.m.q.a.s.ControllerWebClientFactory - INSECURE DEVELOPMENT MODE: agent-to-controller traffic is plaintext
11:50:39.765 [main] DEBUG d.m.q.a.service.JobPollingService - JobPollingService initialized with Vert.x WebClient (connectTimeout=5000ms, idleTimeout=10000ms)
11:50:39.765 [main] WARN  d.m.q.a.s.ControllerWebClientFactory - INSECURE DEVELOPMENT MODE: agent-to-controller traffic is plaintext
11:50:39.765 [main] DEBUG d.m.q.a.s.JobStatusReportingService - JobStatusReportingService initialized with Vert.x WebClient (connectTimeout=5000ms, idleTimeout=10000ms)
11:50:39.765 [main] INFO  d.m.q.a.observability.AgentMetrics - AgentMetrics initialized for agent: test-agent-001
11:50:39.765 [main] INFO  dev.mars.quorus.agent.QuorusAgent - Quorus Agent initialized: test-agent-001 (reactive mode with OpenTelemetry)
11:50:39.765 [main] INFO  dev.mars.quorus.agent.QuorusAgent - Foreign-assignment mismatch threshold configured to 3
11:50:39.847 [main] INFO  dev.mars.quorus.agent.QuorusAgent - Creating QuorusAgent with Vert.x instance: 152349586 (using Vert.x timers, no ScheduledExecutorService)
11:50:39.847 [main] WARN  d.m.q.a.s.ControllerWebClientFactory - INSECURE DEVELOPMENT MODE: agent-to-controller traffic is plaintext
11:50:39.848 [main] DEBUG d.m.q.a.s.AgentRegistrationService - AgentRegistrationService initialized with Vert.x WebClient (connectTimeout=5000ms, idleTimeout=10000ms)
11:50:39.848 [main] WARN  d.m.q.a.s.ControllerWebClientFactory - INSECURE DEVELOPMENT MODE: agent-to-controller traffic is plaintext
11:50:39.848 [main] DEBUG d.m.q.agent.service.HeartbeatService - HeartbeatService initialized with Vert.x WebClient (connectTimeout=5000ms, idleTimeout=10000ms)
11:50:39.848 [main] DEBUG d.m.q.transfer.SimpleTransferEngine - Initializing SimpleTransferEngine: maxConcurrent=5, maxRetries=3, retryDelay=1000ms
11:50:39.848 [main] DEBUG d.m.quorus.protocol.ProtocolFactory - Initializing ProtocolFactory with Vert.x instance
11:50:39.848 [main] DEBUG d.m.quorus.protocol.ProtocolFactory - Registering default transfer protocols
11:50:39.848 [main] DEBUG d.m.quorus.protocol.ProtocolFactory - Creating HttpTransferProtocol instance
11:50:39.849 [main] INFO  d.m.q.protocol.HttpTransferProtocol - HttpTransferProtocol initialized: connectTimeout=30000ms, readTimeout=60000ms, maxFileSize=10737418240 bytes
11:50:39.849 [main] DEBUG d.m.q.protocol.HttpTransferProtocol - HttpTransferProtocol created with Vert.x Web Client (reactive mode)
11:50:39.849 [main] INFO  d.m.quorus.protocol.ProtocolFactory - Registered protocol: http
11:50:39.849 [main] DEBUG d.m.quorus.protocol.ProtocolFactory - Protocol details: name=http, class=HttpTransferProtocol, supportsResume=false, supportsPause=true
11:50:39.849 [main] INFO  d.m.quorus.protocol.ProtocolFactory - Registered protocol alias: https -> http
11:50:39.849 [main] DEBUG d.m.quorus.protocol.ProtocolFactory - Creating SmbTransferProtocol instance
11:50:39.849 [main] INFO  d.m.quorus.protocol.ProtocolFactory - Registered protocol: smb
11:50:39.849 [main] DEBUG d.m.quorus.protocol.ProtocolFactory - Protocol details: name=smb, class=SmbTransferProtocol, supportsResume=false, supportsPause=false
11:50:39.849 [main] INFO  d.m.quorus.protocol.ProtocolFactory - Registered protocol alias: cifs -> smb
11:50:39.849 [main] DEBUG d.m.quorus.protocol.ProtocolFactory - Creating FtpTransferProtocol instance
11:50:39.849 [main] INFO  d.m.quorus.protocol.ProtocolFactory - Registered protocol: ftp
11:50:39.849 [main] DEBUG d.m.quorus.protocol.ProtocolFactory - Protocol details: name=ftp, class=FtpTransferProtocol, supportsResume=false, supportsPause=false
11:50:39.849 [main] INFO  d.m.quorus.protocol.ProtocolFactory - Registered protocol alias: ftps -> ftp
11:50:39.849 [main] DEBUG d.m.quorus.protocol.ProtocolFactory - Creating SftpTransferProtocol instance
11:50:39.849 [main] INFO  d.m.quorus.protocol.ProtocolFactory - Registered protocol: sftp
11:50:39.849 [main] DEBUG d.m.quorus.protocol.ProtocolFactory - Protocol details: name=sftp, class=SftpTransferProtocol, supportsResume=false, supportsPause=false
11:50:39.849 [main] DEBUG d.m.quorus.protocol.ProtocolFactory - Creating NfsTransferProtocol instance
11:50:39.849 [main] DEBUG d.m.q.protocol.NfsTransferProtocol - NfsTransferProtocol initialized with mountRoot=C:\nfs
11:50:39.849 [main] INFO  d.m.quorus.protocol.ProtocolFactory - Registered protocol: nfs
11:50:39.849 [main] DEBUG d.m.quorus.protocol.ProtocolFactory - Protocol details: name=nfs, class=NfsTransferProtocol, supportsResume=false, supportsPause=false
11:50:39.849 [main] INFO  d.m.quorus.protocol.ProtocolFactory - Registered default transfer protocols: count=8, schemes=ftps, ftp, http, smb, sftp, nfs, https, cifs
11:50:39.849 [main] INFO  d.m.q.transfer.SimpleTransferEngine - SimpleTransferEngine initialized with 5 max concurrent transfers (reactive mode, OpenTelemetry enabled)
11:50:39.849 [main] DEBUG d.m.q.transfer.SimpleTransferEngine - SimpleTransferEngine initialization complete - startTime=2026-09-05T03:50:39.849265300Z
11:50:39.849 [main] INFO  d.m.q.a.s.TransferExecutionService - TransferExecutionService initialized (Vert.x reactive mode)
11:50:39.849 [main] WARN  d.m.q.a.s.ControllerWebClientFactory - INSECURE DEVELOPMENT MODE: agent-to-controller traffic is plaintext
11:50:39.850 [main] DEBUG d.m.q.a.service.JobPollingService - JobPollingService initialized with Vert.x WebClient (connectTimeout=5000ms, idleTimeout=10000ms)
11:50:39.850 [main] WARN  d.m.q.a.s.ControllerWebClientFactory - INSECURE DEVELOPMENT MODE: agent-to-controller traffic is plaintext
11:50:39.850 [main] DEBUG d.m.q.a.s.JobStatusReportingService - JobStatusReportingService initialized with Vert.x WebClient (connectTimeout=5000ms, idleTimeout=10000ms)
11:50:39.850 [main] INFO  d.m.q.a.observability.AgentMetrics - AgentMetrics initialized for agent: test-agent-001
11:50:39.850 [main] INFO  dev.mars.quorus.agent.QuorusAgent - Quorus Agent initialized: test-agent-001 (reactive mode with OpenTelemetry)
11:50:39.850 [main] INFO  dev.mars.quorus.agent.QuorusAgent - Foreign-assignment mismatch threshold configured to 3
11:50:39.850 [main] WARN  dev.mars.quorus.agent.QuorusAgent - Using deprecated constructor - consider passing shared Vert.x instance
11:50:39.850 [main] INFO  dev.mars.quorus.agent.QuorusAgent - Agent not running, performing cleanup only
11:50:39.850 [main] INFO  dev.mars.quorus.agent.QuorusAgent - Closing internally managed Vert.x instance for QuorusAgent
11:50:39.864 [vert.x-eventloop-thread-45] INFO  dev.mars.quorus.agent.QuorusAgent - Internally managed Vert.x instance closed for QuorusAgent
11:50:39.869 [main] INFO  dev.mars.quorus.agent.QuorusAgent - Creating QuorusAgent with Vert.x instance: 145214844 (using Vert.x timers, no ScheduledExecutorService)
11:50:39.869 [main] WARN  d.m.q.a.s.ControllerWebClientFactory - INSECURE DEVELOPMENT MODE: agent-to-controller traffic is plaintext
11:50:39.869 [main] DEBUG d.m.q.a.s.AgentRegistrationService - AgentRegistrationService initialized with Vert.x WebClient (connectTimeout=5000ms, idleTimeout=10000ms)
11:50:39.869 [main] WARN  d.m.q.a.s.ControllerWebClientFactory - INSECURE DEVELOPMENT MODE: agent-to-controller traffic is plaintext
11:50:39.870 [main] DEBUG d.m.q.agent.service.HeartbeatService - HeartbeatService initialized with Vert.x WebClient (connectTimeout=5000ms, idleTimeout=10000ms)
11:50:39.870 [main] DEBUG d.m.q.transfer.SimpleTransferEngine - Initializing SimpleTransferEngine: maxConcurrent=5, maxRetries=3, retryDelay=1000ms
11:50:39.870 [main] DEBUG d.m.quorus.protocol.ProtocolFactory - Initializing ProtocolFactory with Vert.x instance
11:50:39.870 [main] DEBUG d.m.quorus.protocol.ProtocolFactory - Registering default transfer protocols
11:50:39.870 [main] DEBUG d.m.quorus.protocol.ProtocolFactory - Creating HttpTransferProtocol instance
11:50:39.870 [main] INFO  d.m.q.protocol.HttpTransferProtocol - HttpTransferProtocol initialized: connectTimeout=30000ms, readTimeout=60000ms, maxFileSize=10737418240 bytes
11:50:39.870 [main] DEBUG d.m.q.protocol.HttpTransferProtocol - HttpTransferProtocol created with Vert.x Web Client (reactive mode)
11:50:39.870 [main] INFO  d.m.quorus.protocol.ProtocolFactory - Registered protocol: http
11:50:39.870 [main] DEBUG d.m.quorus.protocol.ProtocolFactory - Protocol details: name=http, class=HttpTransferProtocol, supportsResume=false, supportsPause=true
11:50:39.870 [main] INFO  d.m.quorus.protocol.ProtocolFactory - Registered protocol alias: https -> http
11:50:39.870 [main] DEBUG d.m.quorus.protocol.ProtocolFactory - Creating SmbTransferProtocol instance
11:50:39.870 [main] INFO  d.m.quorus.protocol.ProtocolFactory - Registered protocol: smb
11:50:39.871 [main] DEBUG d.m.quorus.protocol.ProtocolFactory - Protocol details: name=smb, class=SmbTransferProtocol, supportsResume=false, supportsPause=false
11:50:39.871 [main] INFO  d.m.quorus.protocol.ProtocolFactory - Registered protocol alias: cifs -> smb
11:50:39.871 [main] DEBUG d.m.quorus.protocol.ProtocolFactory - Creating FtpTransferProtocol instance
11:50:39.871 [main] INFO  d.m.quorus.protocol.ProtocolFactory - Registered protocol: ftp
11:50:39.871 [main] DEBUG d.m.quorus.protocol.ProtocolFactory - Protocol details: name=ftp, class=FtpTransferProtocol, supportsResume=false, supportsPause=false
11:50:39.871 [main] INFO  d.m.quorus.protocol.ProtocolFactory - Registered protocol alias: ftps -> ftp
11:50:39.871 [main] DEBUG d.m.quorus.protocol.ProtocolFactory - Creating SftpTransferProtocol instance
11:50:39.871 [main] INFO  d.m.quorus.protocol.ProtocolFactory - Registered protocol: sftp
11:50:39.871 [main] DEBUG d.m.quorus.protocol.ProtocolFactory - Protocol details: name=sftp, class=SftpTransferProtocol, supportsResume=false, supportsPause=false
11:50:39.871 [main] DEBUG d.m.quorus.protocol.ProtocolFactory - Creating NfsTransferProtocol instance
11:50:39.871 [main] DEBUG d.m.q.protocol.NfsTransferProtocol - NfsTransferProtocol initialized with mountRoot=C:\nfs
11:50:39.871 [main] INFO  d.m.quorus.protocol.ProtocolFactory - Registered protocol: nfs
11:50:39.871 [main] DEBUG d.m.quorus.protocol.ProtocolFactory - Protocol details: name=nfs, class=NfsTransferProtocol, supportsResume=false, supportsPause=false
11:50:39.871 [main] INFO  d.m.quorus.protocol.ProtocolFactory - Registered default transfer protocols: count=8, schemes=ftps, ftp, http, smb, sftp, nfs, https, cifs
11:50:39.871 [main] INFO  d.m.q.transfer.SimpleTransferEngine - SimpleTransferEngine initialized with 5 max concurrent transfers (reactive mode, OpenTelemetry enabled)
11:50:39.871 [main] DEBUG d.m.q.transfer.SimpleTransferEngine - SimpleTransferEngine initialization complete - startTime=2026-09-05T03:50:39.871267300Z
11:50:39.871 [main] INFO  d.m.q.a.s.TransferExecutionService - TransferExecutionService initialized (Vert.x reactive mode)
11:50:39.871 [main] WARN  d.m.q.a.s.ControllerWebClientFactory - INSECURE DEVELOPMENT MODE: agent-to-controller traffic is plaintext
11:50:39.872 [main] DEBUG d.m.q.a.service.JobPollingService - JobPollingService initialized with Vert.x WebClient (connectTimeout=5000ms, idleTimeout=10000ms)
11:50:39.872 [main] WARN  d.m.q.a.s.ControllerWebClientFactory - INSECURE DEVELOPMENT MODE: agent-to-controller traffic is plaintext
11:50:39.872 [main] DEBUG d.m.q.a.s.JobStatusReportingService - JobStatusReportingService initialized with Vert.x WebClient (connectTimeout=5000ms, idleTimeout=10000ms)
11:50:39.873 [main] INFO  d.m.q.a.observability.AgentMetrics - AgentMetrics initialized for agent: test-agent-001
11:50:39.873 [main] INFO  dev.mars.quorus.agent.QuorusAgent - Quorus Agent initialized: test-agent-001 (reactive mode with OpenTelemetry)
11:50:39.873 [main] INFO  dev.mars.quorus.agent.QuorusAgent - Foreign-assignment mismatch threshold configured to 3
11:50:39.874 [main] INFO  dev.mars.quorus.agent.QuorusAgent - Starting Quorus Agent services (Vert.x reactive mode)...
11:50:39.875 [main] INFO  d.m.q.a.s.AgentRegistrationService - Registering agent test-agent-001 with controller at http://localhost:51748/api/v1
11:50:39.875 [vert.x-eventloop-thread-0] INFO  d.m.q.agent.service.HealthService - Health service started on port 9090
11:50:39.877 [main] INFO  dev.mars.quorus.agent.QuorusAgent - Processing job: job-lifecycle (phase 0 lifecycle)
11:50:39.883 [vert.x-eventloop-thread-0] INFO  d.m.q.a.s.AgentRegistrationService - Agent test-agent-001 registered successfully
11:50:39.883 [vert.x-eventloop-thread-0] INFO  dev.mars.quorus.agent.QuorusAgent - Agent registered successfully with controller
11:50:39.883 [vert.x-eventloop-thread-0] INFO  dev.mars.quorus.agent.QuorusAgent - Heartbeat service started (interval: 30000ms) [Vert.x timer ID: 66]
11:50:39.883 [vert.x-eventloop-thread-0] INFO  d.m.q.a.s.TransferExecutionService - Transfer execution service started with 5 max concurrent transfers
11:50:39.883 [vert.x-eventloop-thread-0] INFO  dev.mars.quorus.agent.QuorusAgent - Transfer execution service started
11:50:39.884 [vert.x-eventloop-thread-0] INFO  dev.mars.quorus.agent.QuorusAgent - Quorus Agent started successfully (reactive mode, 0 extra threads)
11:50:39.885 [vert.x-eventloop-thread-0] DEBUG d.m.q.a.s.JobStatusReportingService - Job status reported: job-lifecycle -> ACCEPTED
11:50:39.891 [vert.x-eventloop-thread-0] DEBUG d.m.q.a.s.JobStatusReportingService - Job status reported: job-lifecycle -> IN_PROGRESS
11:50:39.891 [vert.x-eventloop-thread-0] INFO  d.m.q.a.s.TransferExecutionService - Executing transfer: http://localhost:51748/files/lifecycle-test.txt -> file:///C:/Users/mraysmit/AppData/Local/Temp/quorus-phase-0-14658045293624258687.txt
11:50:39.891 [vert.x-eventloop-thread-0] DEBUG d.m.q.transfer.SimpleTransferEngine - submitTransfer: request=job-lifecycle, protocol=http, direction=DOWNLOAD (Remote -> Local)
11:50:39.891 [vert.x-eventloop-thread-0] DEBUG d.m.quorus.protocol.ProtocolFactory - isProtocolSupported: protocol=http, supported=true
11:50:39.891 [vert.x-eventloop-thread-0] DEBUG d.m.quorus.protocol.ProtocolFactory - Protocol found: name=http, implementation=HttpTransferProtocol
11:50:39.891 [vert.x-eventloop-thread-0] DEBUG d.m.q.protocol.HttpTransferProtocol - canHandle: HTTP download check, scheme=http, canHandle=true
11:50:39.891 [vert.x-eventloop-thread-0] DEBUG d.m.q.transfer.SimpleTransferEngine - validateTransferRequest: request job-lifecycle validated successfully (direction=DOWNLOAD (Remote -> Local), protocol=http)
11:50:39.891 [vert.x-eventloop-thread-0] DEBUG d.m.q.transfer.SimpleTransferEngine - submitTransfer: creating job and context
11:50:39.892 [vert.x-eventloop-thread-0] DEBUG d.m.q.transfer.SimpleTransferEngine - submitTransfer: job registered, activeJobs=1
11:50:39.892 [vert.x-eventloop-thread-0] DEBUG d.m.q.transfer.SimpleTransferEngine - submitTransfer: executing transfer via reactive pipeline
11:50:39.892 [vert.x-eventloop-thread-0] INFO  d.m.q.transfer.SimpleTransferEngine - Transfer submitted: job-lifecycle
11:50:39.892 [vert.x-eventloop-thread-0] DEBUG d.m.q.transfer.SimpleTransferEngine - submitTransfer: complete, future registered
11:50:39.892 [vert.x-eventloop-thread-0] INFO  d.m.q.transfer.SimpleTransferEngine - Starting DOWNLOAD (Remote -> Local) transfer: job-lifecycle
11:50:39.892 [vert.x-eventloop-thread-0] DEBUG d.m.q.transfer.SimpleTransferEngine - executeTransfer: starting for jobId=job-lifecycle, protocol=http, direction=DOWNLOAD (Remote -> Local), sourceUri=http://localhost:51748/files/lifecycle-test.txt, destinationUri=file:///C:/Users/mraysmit/AppData/Local/Temp/quorus-phase-0-14658045293624258687.txt
11:50:39.892 [vert.x-eventloop-thread-0] DEBUG d.m.q.transfer.SimpleTransferEngine - executeTransfer: attempt 1 of 4 for jobId=job-lifecycle
11:50:39.892 [vert.x-eventloop-thread-0] DEBUG d.m.quorus.protocol.ProtocolFactory - Protocol found: name=http, implementation=HttpTransferProtocol
11:50:39.892 [vert.x-eventloop-thread-0] DEBUG d.m.q.protocol.HttpTransferProtocol - canHandle: HTTP download check, scheme=http, canHandle=true
11:50:39.892 [vert.x-eventloop-thread-0] DEBUG d.m.q.protocol.HttpTransferProtocol - Starting reactive HTTP transfer: jobId=job-lifecycle, direction=DOWNLOAD (Remote -> Local)
11:50:39.892 [vert.x-eventloop-thread-0] DEBUG d.m.q.protocol.HttpTransferProtocol - Validating HTTP transfer request: requestId=job-lifecycle
11:50:39.892 [vert.x-eventloop-thread-0] DEBUG d.m.q.protocol.HttpTransferProtocol - canHandle: HTTP download check, scheme=http, canHandle=true
11:50:39.892 [vert.x-eventloop-thread-0] DEBUG d.m.q.protocol.HttpTransferProtocol - Request validation passed
11:50:39.893 [vert.x-eventloop-thread-0] DEBUG d.m.q.protocol.HttpTransferProtocol - Routing to HTTP download handler
11:50:39.893 [vert.x-eventloop-thread-0] DEBUG d.m.q.protocol.HttpTransferProtocol - HTTP download: destination=C:\Users\mraysmit\AppData\Local\Temp\quorus-phase-0-14658045293624258687.txt, tempFile=C:\Users\mraysmit\AppData\Local\Temp\quorus-phase-0-14658045293624258687.txt.tmp
11:50:39.893 [vert.x-eventloop-thread-0] DEBUG d.m.q.protocol.HttpTransferProtocol - Created destination directory: C:\Users\mraysmit\AppData\Local\Temp
11:50:39.893 [vert.x-eventloop-thread-0] INFO  d.m.q.protocol.HttpTransferProtocol - Starting reactive HTTP download from http://localhost:51748/files/lifecycle-test.txt
11:50:39.899 [vert.x-eventloop-thread-0] DEBUG d.m.q.protocol.HttpTransferProtocol - HTTP response received: statusCode=200, statusMessage=OK
11:50:39.899 [vert.x-eventloop-thread-0] DEBUG d.m.q.protocol.HttpTransferProtocol - Response body received: 17 bytes
11:50:39.899 [vert.x-eventloop-thread-0] DEBUG d.m.q.protocol.HttpTransferProtocol - Calculating checksum for downloaded content
11:50:39.900 [vert.x-eventloop-thread-0] DEBUG d.m.q.protocol.HttpTransferProtocol - Checksum calculated: c54ce10dd0f2cdb0c1eac2d38560277db6c963458dbbb822aaa564b69ebf2985
11:50:39.900 [vert.x-eventloop-thread-0] DEBUG d.m.q.protocol.HttpTransferProtocol - Writing 17 bytes to temp file: C:\Users\mraysmit\AppData\Local\Temp\quorus-phase-0-14658045293624258687.txt.tmp
11:50:39.903 [vert.x-eventloop-thread-0] DEBUG d.m.q.protocol.HttpTransferProtocol - Moving temp file to destination: C:\Users\mraysmit\AppData\Local\Temp\quorus-phase-0-14658045293624258687.txt.tmp -> C:\Users\mraysmit\AppData\Local\Temp\quorus-phase-0-14658045293624258687.txt
11:50:39.906 [vert.x-eventloop-thread-0] INFO  d.m.q.protocol.HttpTransferProtocol - HTTP download completed: jobId=job-lifecycle, bytesTransferred=17, checksum=c54ce10dd0f2cdb0c1eac2d38560277db6c963458dbbb822aaa564b69ebf2985
11:50:39.907 [vert.x-eventloop-thread-0] INFO  d.m.q.transfer.SimpleTransferEngine - DOWNLOAD (Remote -> Local) transfer completed successfully: job-lifecycle
11:50:39.907 [vert.x-eventloop-thread-0] DEBUG d.m.q.transfer.SimpleTransferEngine - submitTransfer: cleaning up job job-lifecycle from active collections
11:50:39.907 [vert.x-eventloop-thread-0] INFO  d.m.q.a.s.TransferExecutionService - Transfer completed successfully: job-lifecycle (17 bytes in 15ms)
11:50:39.907 [vert.x-eventloop-thread-0] INFO  dev.mars.quorus.agent.QuorusAgent - Transfer completed successfully: job-lifecycle (17 bytes in 15ms)
11:50:39.909 [vert.x-eventloop-thread-0] DEBUG d.m.q.a.s.JobStatusReportingService - Job status reported: job-lifecycle -> COMPLETED
11:50:39.911 [main] INFO  dev.mars.quorus.agent.QuorusAgent - Shutting down Quorus Agent (reactive mode)...
11:50:39.911 [main] INFO  dev.mars.quorus.agent.QuorusAgent - Heartbeat timer cancelled: true [ID: 66]
11:50:39.911 [main] INFO  d.m.q.a.s.TransferExecutionService - Shutting down transfer execution service...
11:50:39.911 [main] DEBUG d.m.q.transfer.SimpleTransferEngine - shutdown: initiating with timeout=30s
11:50:39.911 [main] INFO  d.m.q.transfer.SimpleTransferEngine - Shutting down transfer engine...
11:50:39.911 [main] DEBUG d.m.q.transfer.SimpleTransferEngine - shutdown: cancelling 0 active transfers
11:50:39.911 [main] DEBUG d.m.q.transfer.SimpleTransferEngine - awaitActiveTransfers: no active transfers
11:50:39.912 [main] INFO  d.m.q.transfer.SimpleTransferEngine - Transfer engine shutdown completed
11:50:39.912 [main] INFO  d.m.q.a.s.TransferExecutionService - Transfer execution service shutdown complete
11:50:39.912 [main] DEBUG d.m.q.agent.service.HeartbeatService - Shutting down HeartbeatService WebClient
11:50:39.912 [main] DEBUG d.m.q.a.service.JobPollingService - Shutting down JobPollingService WebClient
11:50:39.912 [main] DEBUG d.m.q.a.s.JobStatusReportingService - Shutting down JobStatusReportingService WebClient
11:50:39.913 [vert.x-eventloop-thread-0] INFO  d.m.q.agent.service.HealthService - Health service stopped
11:50:39.913 [vert.x-eventloop-thread-0] INFO  d.m.q.a.s.AgentRegistrationService - Deregistering agent test-agent-001 from controller
11:50:39.915 [vert.x-eventloop-thread-0] INFO  d.m.q.a.s.AgentRegistrationService - Agent test-agent-001 deregistered successfully
11:50:39.916 [vert.x-eventloop-thread-0] INFO  dev.mars.quorus.agent.QuorusAgent - Agent deregistered from controller
11:50:39.916 [vert.x-eventloop-thread-0] INFO  dev.mars.quorus.agent.QuorusAgent - Quorus Agent shutdown complete (0 threads to cleanup)
11:50:39.930 [main] INFO  dev.mars.quorus.agent.QuorusAgent - Creating QuorusAgent with Vert.x instance: 145214844 (using Vert.x timers, no ScheduledExecutorService)
11:50:39.930 [main] WARN  d.m.q.a.s.ControllerWebClientFactory - INSECURE DEVELOPMENT MODE: agent-to-controller traffic is plaintext
11:50:39.930 [main] DEBUG d.m.q.a.s.AgentRegistrationService - AgentRegistrationService initialized with Vert.x WebClient (connectTimeout=5000ms, idleTimeout=10000ms)
11:50:39.930 [main] WARN  d.m.q.a.s.ControllerWebClientFactory - INSECURE DEVELOPMENT MODE: agent-to-controller traffic is plaintext
11:50:39.930 [main] DEBUG d.m.q.agent.service.HeartbeatService - HeartbeatService initialized with Vert.x WebClient (connectTimeout=5000ms, idleTimeout=10000ms)
11:50:39.930 [main] DEBUG d.m.q.transfer.SimpleTransferEngine - Initializing SimpleTransferEngine: maxConcurrent=5, maxRetries=3, retryDelay=1000ms
11:50:39.930 [main] DEBUG d.m.quorus.protocol.ProtocolFactory - Initializing ProtocolFactory with Vert.x instance
11:50:39.930 [main] DEBUG d.m.quorus.protocol.ProtocolFactory - Registering default transfer protocols
11:50:39.930 [main] DEBUG d.m.quorus.protocol.ProtocolFactory - Creating HttpTransferProtocol instance
11:50:39.931 [main] INFO  d.m.q.protocol.HttpTransferProtocol - HttpTransferProtocol initialized: connectTimeout=30000ms, readTimeout=60000ms, maxFileSize=10737418240 bytes
11:50:39.931 [main] DEBUG d.m.q.protocol.HttpTransferProtocol - HttpTransferProtocol created with Vert.x Web Client (reactive mode)
11:50:39.931 [main] INFO  d.m.quorus.protocol.ProtocolFactory - Registered protocol: http
11:50:39.931 [main] DEBUG d.m.quorus.protocol.ProtocolFactory - Protocol details: name=http, class=HttpTransferProtocol, supportsResume=false, supportsPause=true
11:50:39.931 [main] INFO  d.m.quorus.protocol.ProtocolFactory - Registered protocol alias: https -> http
11:50:39.931 [main] DEBUG d.m.quorus.protocol.ProtocolFactory - Creating SmbTransferProtocol instance
11:50:39.931 [main] INFO  d.m.quorus.protocol.ProtocolFactory - Registered protocol: smb
11:50:39.931 [main] DEBUG d.m.quorus.protocol.ProtocolFactory - Protocol details: name=smb, class=SmbTransferProtocol, supportsResume=false, supportsPause=false
11:50:39.931 [main] INFO  d.m.quorus.protocol.ProtocolFactory - Registered protocol alias: cifs -> smb
11:50:39.931 [main] DEBUG d.m.quorus.protocol.ProtocolFactory - Creating FtpTransferProtocol instance
11:50:39.931 [main] INFO  d.m.quorus.protocol.ProtocolFactory - Registered protocol: ftp
11:50:39.931 [main] DEBUG d.m.quorus.protocol.ProtocolFactory - Protocol details: name=ftp, class=FtpTransferProtocol, supportsResume=false, supportsPause=false
11:50:39.931 [main] INFO  d.m.quorus.protocol.ProtocolFactory - Registered protocol alias: ftps -> ftp
11:50:39.931 [main] DEBUG d.m.quorus.protocol.ProtocolFactory - Creating SftpTransferProtocol instance
11:50:39.931 [main] INFO  d.m.quorus.protocol.ProtocolFactory - Registered protocol: sftp
11:50:39.931 [main] DEBUG d.m.quorus.protocol.ProtocolFactory - Protocol details: name=sftp, class=SftpTransferProtocol, supportsResume=false, supportsPause=false
11:50:39.931 [main] DEBUG d.m.quorus.protocol.ProtocolFactory - Creating NfsTransferProtocol instance
11:50:39.931 [main] DEBUG d.m.q.protocol.NfsTransferProtocol - NfsTransferProtocol initialized with mountRoot=C:\nfs
11:50:39.931 [main] INFO  d.m.quorus.protocol.ProtocolFactory - Registered protocol: nfs
11:50:39.931 [main] DEBUG d.m.quorus.protocol.ProtocolFactory - Protocol details: name=nfs, class=NfsTransferProtocol, supportsResume=false, supportsPause=false
11:50:39.931 [main] INFO  d.m.quorus.protocol.ProtocolFactory - Registered default transfer protocols: count=8, schemes=ftps, ftp, http, smb, sftp, nfs, https, cifs
11:50:39.931 [main] INFO  d.m.q.transfer.SimpleTransferEngine - SimpleTransferEngine initialized with 5 max concurrent transfers (reactive mode, OpenTelemetry enabled)
11:50:39.931 [main] DEBUG d.m.q.transfer.SimpleTransferEngine - SimpleTransferEngine initialization complete - startTime=2026-09-05T03:50:39.931326500Z
11:50:39.931 [main] INFO  d.m.q.a.s.TransferExecutionService - TransferExecutionService initialized (Vert.x reactive mode)
11:50:39.931 [main] WARN  d.m.q.a.s.ControllerWebClientFactory - INSECURE DEVELOPMENT MODE: agent-to-controller traffic is plaintext
11:50:39.932 [main] DEBUG d.m.q.a.service.JobPollingService - JobPollingService initialized with Vert.x WebClient (connectTimeout=5000ms, idleTimeout=10000ms)
11:50:39.932 [main] WARN  d.m.q.a.s.ControllerWebClientFactory - INSECURE DEVELOPMENT MODE: agent-to-controller traffic is plaintext
11:50:39.932 [main] DEBUG d.m.q.a.s.JobStatusReportingService - JobStatusReportingService initialized with Vert.x WebClient (connectTimeout=5000ms, idleTimeout=10000ms)
11:50:39.932 [main] INFO  d.m.q.a.observability.AgentMetrics - AgentMetrics initialized for agent: test-agent-001
11:50:39.932 [main] INFO  dev.mars.quorus.agent.QuorusAgent - Quorus Agent initialized: test-agent-001 (reactive mode with OpenTelemetry)
11:50:39.932 [main] INFO  dev.mars.quorus.agent.QuorusAgent - Foreign-assignment mismatch threshold configured to 3
11:50:39.935 [main] INFO  d.m.quorus.agent.config.AgentConfig - Loaded configuration from quorus-agent.properties
11:50:39.936 [main] INFO  d.m.quorus.agent.config.AgentConfig - === Quorus Agent Configuration ===
11:50:39.936 [main] WARN  d.m.quorus.agent.config.AgentConfig - Agent ID not configured, derived from hostname: agent-NUC10A
11:50:39.936 [main] INFO  d.m.quorus.agent.config.AgentConfig -   Agent ID:             agent-NUC10A
11:50:39.936 [main] WARN  d.m.quorus.agent.config.AgentConfig -   Tenant ID:            NOT CONFIGURED
11:50:39.936 [main] INFO  d.m.quorus.agent.config.AgentConfig -   Agent Port:           8080
11:50:39.936 [main] INFO  d.m.quorus.agent.config.AgentConfig -   Controller URL:       https://localhost:8080/api/v1
11:50:39.936 [main] INFO  d.m.quorus.agent.config.AgentConfig -   Region:               default
11:50:39.936 [main] INFO  d.m.quorus.agent.config.AgentConfig -   Datacenter:           default
11:50:39.936 [main] INFO  d.m.quorus.agent.config.AgentConfig -   Supported Protocols:  HTTP,HTTPS
11:50:39.936 [main] INFO  d.m.quorus.agent.config.AgentConfig -   Version:              1.0.0
11:50:39.936 [main] INFO  d.m.quorus.agent.config.AgentConfig -   --- Transfer ---
11:50:39.936 [main] INFO  d.m.quorus.agent.config.AgentConfig -   Max Concurrent:       5
11:50:39.936 [main] INFO  d.m.quorus.agent.config.AgentConfig -   --- Heartbeat ---
11:50:39.936 [main] INFO  d.m.quorus.agent.config.AgentConfig -   Interval:             30000ms
11:50:39.936 [main] INFO  d.m.quorus.agent.config.AgentConfig -   --- Job Polling ---
11:50:39.936 [main] INFO  d.m.quorus.agent.config.AgentConfig -   Initial Delay:        5000ms
11:50:39.936 [main] INFO  d.m.quorus.agent.config.AgentConfig -   Poll Interval:        10000ms
11:50:39.936 [main] INFO  d.m.quorus.agent.config.AgentConfig -   --- Security ---
11:50:39.936 [main] INFO  d.m.quorus.agent.config.AgentConfig -   Foreign Assignment Threshold: 1
11:50:39.936 [main] INFO  d.m.quorus.agent.config.AgentConfig -   --- Telemetry ---
11:50:39.936 [main] INFO  d.m.quorus.agent.config.AgentConfig -   Enabled:              true
11:50:39.936 [main] INFO  d.m.quorus.agent.config.AgentConfig -   Prometheus Port:      9465
11:50:39.936 [main] INFO  d.m.quorus.agent.config.AgentConfig -   OTLP Endpoint:        http://localhost:4317
11:50:39.936 [main] INFO  d.m.quorus.agent.config.AgentConfig - ==================================
11:50:39.936 [main] INFO  dev.mars.quorus.agent.QuorusAgent - Creating QuorusAgent with Vert.x instance: 145214844 (using Vert.x timers, no ScheduledExecutorService)
11:50:39.936 [main] WARN  d.m.q.a.s.ControllerWebClientFactory - INSECURE DEVELOPMENT MODE: agent-to-controller traffic is plaintext
11:50:39.937 [main] DEBUG d.m.q.a.s.AgentRegistrationService - AgentRegistrationService initialized with Vert.x WebClient (connectTimeout=250ms, idleTimeout=10000ms)
11:50:39.937 [main] WARN  d.m.q.a.s.ControllerWebClientFactory - INSECURE DEVELOPMENT MODE: agent-to-controller traffic is plaintext
11:50:39.938 [main] DEBUG d.m.q.agent.service.HeartbeatService - HeartbeatService initialized with Vert.x WebClient (connectTimeout=250ms, idleTimeout=10000ms)
11:50:39.938 [main] DEBUG d.m.q.transfer.SimpleTransferEngine - Initializing SimpleTransferEngine: maxConcurrent=5, maxRetries=3, retryDelay=1000ms
11:50:39.938 [main] DEBUG d.m.quorus.protocol.ProtocolFactory - Initializing ProtocolFactory with Vert.x instance
11:50:39.938 [main] DEBUG d.m.quorus.protocol.ProtocolFactory - Registering default transfer protocols
11:50:39.938 [main] DEBUG d.m.quorus.protocol.ProtocolFactory - Creating HttpTransferProtocol instance
11:50:39.939 [main] INFO  d.m.q.protocol.HttpTransferProtocol - HttpTransferProtocol initialized: connectTimeout=30000ms, readTimeout=60000ms, maxFileSize=10737418240 bytes
11:50:39.939 [main] DEBUG d.m.q.protocol.HttpTransferProtocol - HttpTransferProtocol created with Vert.x Web Client (reactive mode)
11:50:39.939 [main] INFO  d.m.quorus.protocol.ProtocolFactory - Registered protocol: http
11:50:39.940 [main] DEBUG d.m.quorus.protocol.ProtocolFactory - Protocol details: name=http, class=HttpTransferProtocol, supportsResume=false, supportsPause=true
11:50:39.940 [main] INFO  d.m.quorus.protocol.ProtocolFactory - Registered protocol alias: https -> http
11:50:39.940 [main] DEBUG d.m.quorus.protocol.ProtocolFactory - Creating SmbTransferProtocol instance
11:50:39.940 [main] INFO  d.m.quorus.protocol.ProtocolFactory - Registered protocol: smb
11:50:39.940 [main] DEBUG d.m.quorus.protocol.ProtocolFactory - Protocol details: name=smb, class=SmbTransferProtocol, supportsResume=false, supportsPause=false
11:50:39.940 [main] INFO  d.m.quorus.protocol.ProtocolFactory - Registered protocol alias: cifs -> smb
11:50:39.940 [main] DEBUG d.m.quorus.protocol.ProtocolFactory - Creating FtpTransferProtocol instance
11:50:39.941 [main] INFO  d.m.quorus.protocol.ProtocolFactory - Registered protocol: ftp
11:50:39.941 [main] DEBUG d.m.quorus.protocol.ProtocolFactory - Protocol details: name=ftp, class=FtpTransferProtocol, supportsResume=false, supportsPause=false
11:50:39.941 [main] INFO  d.m.quorus.protocol.ProtocolFactory - Registered protocol alias: ftps -> ftp
11:50:39.941 [main] DEBUG d.m.quorus.protocol.ProtocolFactory - Creating SftpTransferProtocol instance
11:50:39.941 [main] INFO  d.m.quorus.protocol.ProtocolFactory - Registered protocol: sftp
11:50:39.941 [main] DEBUG d.m.quorus.protocol.ProtocolFactory - Protocol details: name=sftp, class=SftpTransferProtocol, supportsResume=false, supportsPause=false
11:50:39.941 [main] DEBUG d.m.quorus.protocol.ProtocolFactory - Creating NfsTransferProtocol instance
11:50:39.941 [main] DEBUG d.m.q.protocol.NfsTransferProtocol - NfsTransferProtocol initialized with mountRoot=C:\nfs
11:50:39.941 [main] INFO  d.m.quorus.protocol.ProtocolFactory - Registered protocol: nfs
11:50:39.941 [main] DEBUG d.m.quorus.protocol.ProtocolFactory - Protocol details: name=nfs, class=NfsTransferProtocol, supportsResume=false, supportsPause=false
11:50:39.941 [main] INFO  d.m.quorus.protocol.ProtocolFactory - Registered default transfer protocols: count=8, schemes=ftps, ftp, http, smb, sftp, nfs, https, cifs
11:50:39.941 [main] INFO  d.m.q.transfer.SimpleTransferEngine - SimpleTransferEngine initialized with 5 max concurrent transfers (reactive mode, OpenTelemetry enabled)
11:50:39.941 [main] DEBUG d.m.q.transfer.SimpleTransferEngine - SimpleTransferEngine initialization complete - startTime=2026-09-05T03:50:39.941795100Z
11:50:39.942 [main] INFO  d.m.q.a.s.TransferExecutionService - TransferExecutionService initialized (Vert.x reactive mode)
11:50:39.942 [main] WARN  d.m.q.a.s.ControllerWebClientFactory - INSECURE DEVELOPMENT MODE: agent-to-controller traffic is plaintext
11:50:39.942 [main] DEBUG d.m.q.a.service.JobPollingService - JobPollingService initialized with Vert.x WebClient (connectTimeout=250ms, idleTimeout=10000ms)
11:50:39.942 [main] WARN  d.m.q.a.s.ControllerWebClientFactory - INSECURE DEVELOPMENT MODE: agent-to-controller traffic is plaintext
11:50:39.943 [main] DEBUG d.m.q.a.s.JobStatusReportingService - JobStatusReportingService initialized with Vert.x WebClient (connectTimeout=250ms, idleTimeout=10000ms)
11:50:39.943 [main] INFO  d.m.q.a.observability.AgentMetrics - AgentMetrics initialized for agent: test-agent-unreachable
11:50:39.943 [main] INFO  dev.mars.quorus.agent.QuorusAgent - Quorus Agent initialized: test-agent-unreachable (reactive mode with OpenTelemetry)
11:50:39.943 [main] INFO  dev.mars.quorus.agent.QuorusAgent - Foreign-assignment mismatch threshold configured to 3
11:50:39.943 [main] INFO  dev.mars.quorus.agent.QuorusAgent - Starting Quorus Agent services (Vert.x reactive mode)...
11:50:39.944 [main] INFO  d.m.q.a.s.AgentRegistrationService - Registering agent test-agent-unreachable with controller at http://localhost:1/api/v1
11:50:39.945 [vert.x-eventloop-thread-0] INFO  d.m.q.agent.service.HealthService - Health service started on port 9091
11:50:39.950 [vert.x-eventloop-thread-0] ERROR d.m.q.a.s.AgentRegistrationService - Error registering agent test-agent-unreachable: Connection refused: getsockopt: localhost/127.0.0.1:1
11:50:39.950 [vert.x-eventloop-thread-0] ERROR dev.mars.quorus.agent.QuorusAgent - Failed to register with controller
11:50:39.950 [vert.x-eventloop-thread-0] INFO  dev.mars.quorus.agent.QuorusAgent - Shutting down Quorus Agent (reactive mode)...
11:50:39.950 [vert.x-eventloop-thread-0] INFO  d.m.q.a.s.TransferExecutionService - Shutting down transfer execution service...
11:50:39.950 [vert.x-eventloop-thread-0] DEBUG d.m.q.transfer.SimpleTransferEngine - shutdown: initiating with timeout=30s
11:50:39.950 [vert.x-eventloop-thread-0] INFO  d.m.q.transfer.SimpleTransferEngine - Shutting down transfer engine...
11:50:39.950 [vert.x-eventloop-thread-0] DEBUG d.m.q.transfer.SimpleTransferEngine - shutdown: cancelling 0 active transfers
11:50:39.950 [vert.x-eventloop-thread-0] DEBUG d.m.q.transfer.SimpleTransferEngine - awaitActiveTransfers: no active transfers
11:50:39.950 [vert.x-eventloop-thread-0] INFO  d.m.q.transfer.SimpleTransferEngine - Transfer engine shutdown completed
11:50:39.950 [vert.x-eventloop-thread-0] INFO  d.m.q.a.s.TransferExecutionService - Transfer execution service shutdown complete
11:50:39.950 [vert.x-eventloop-thread-0] DEBUG d.m.q.agent.service.HeartbeatService - Shutting down HeartbeatService WebClient
11:50:39.951 [vert.x-eventloop-thread-0] DEBUG d.m.q.a.service.JobPollingService - Shutting down JobPollingService WebClient
11:50:39.951 [vert.x-eventloop-thread-0] DEBUG d.m.q.a.s.JobStatusReportingService - Shutting down JobStatusReportingService WebClient
11:50:39.951 [vert.x-eventloop-thread-0] INFO  d.m.q.agent.service.HealthService - Health service stopped
11:50:39.951 [vert.x-eventloop-thread-0] INFO  dev.mars.quorus.agent.QuorusAgent - Agent deregistered from controller
11:50:39.951 [vert.x-eventloop-thread-0] INFO  dev.mars.quorus.agent.QuorusAgent - Quorus Agent shutdown complete (0 threads to cleanup)
11:50:39.954 [main] INFO  dev.mars.quorus.agent.QuorusAgent - Creating QuorusAgent with Vert.x instance: 145214844 (using Vert.x timers, no ScheduledExecutorService)
11:50:39.954 [main] WARN  d.m.q.a.s.ControllerWebClientFactory - INSECURE DEVELOPMENT MODE: agent-to-controller traffic is plaintext
11:50:39.955 [main] DEBUG d.m.q.a.s.AgentRegistrationService - AgentRegistrationService initialized with Vert.x WebClient (connectTimeout=5000ms, idleTimeout=10000ms)
11:50:39.955 [main] WARN  d.m.q.a.s.ControllerWebClientFactory - INSECURE DEVELOPMENT MODE: agent-to-controller traffic is plaintext
11:50:39.956 [main] DEBUG d.m.q.agent.service.HeartbeatService - HeartbeatService initialized with Vert.x WebClient (connectTimeout=5000ms, idleTimeout=10000ms)
11:50:39.956 [main] DEBUG d.m.q.transfer.SimpleTransferEngine - Initializing SimpleTransferEngine: maxConcurrent=5, maxRetries=3, retryDelay=1000ms
11:50:39.956 [main] DEBUG d.m.quorus.protocol.ProtocolFactory - Initializing ProtocolFactory with Vert.x instance
11:50:39.956 [main] DEBUG d.m.quorus.protocol.ProtocolFactory - Registering default transfer protocols
11:50:39.956 [main] DEBUG d.m.quorus.protocol.ProtocolFactory - Creating HttpTransferProtocol instance
11:50:39.956 [main] INFO  d.m.q.protocol.HttpTransferProtocol - HttpTransferProtocol initialized: connectTimeout=30000ms, readTimeout=60000ms, maxFileSize=10737418240 bytes
11:50:39.956 [main] DEBUG d.m.q.protocol.HttpTransferProtocol - HttpTransferProtocol created with Vert.x Web Client (reactive mode)
11:50:39.956 [main] INFO  d.m.quorus.protocol.ProtocolFactory - Registered protocol: http
11:50:39.956 [main] DEBUG d.m.quorus.protocol.ProtocolFactory - Protocol details: name=http, class=HttpTransferProtocol, supportsResume=false, supportsPause=true
11:50:39.956 [main] INFO  d.m.quorus.protocol.ProtocolFactory - Registered protocol alias: https -> http
11:50:39.956 [main] DEBUG d.m.quorus.protocol.ProtocolFactory - Creating SmbTransferProtocol instance
11:50:39.956 [main] INFO  d.m.quorus.protocol.ProtocolFactory - Registered protocol: smb
11:50:39.956 [main] DEBUG d.m.quorus.protocol.ProtocolFactory - Protocol details: name=smb, class=SmbTransferProtocol, supportsResume=false, supportsPause=false
11:50:39.956 [main] INFO  d.m.quorus.protocol.ProtocolFactory - Registered protocol alias: cifs -> smb
11:50:39.957 [main] DEBUG d.m.quorus.protocol.ProtocolFactory - Creating FtpTransferProtocol instance
11:50:39.957 [main] INFO  d.m.quorus.protocol.ProtocolFactory - Registered protocol: ftp
11:50:39.957 [main] DEBUG d.m.quorus.protocol.ProtocolFactory - Protocol details: name=ftp, class=FtpTransferProtocol, supportsResume=false, supportsPause=false
11:50:39.957 [main] INFO  d.m.quorus.protocol.ProtocolFactory - Registered protocol alias: ftps -> ftp
11:50:39.957 [main] DEBUG d.m.quorus.protocol.ProtocolFactory - Creating SftpTransferProtocol instance
11:50:39.957 [main] INFO  d.m.quorus.protocol.ProtocolFactory - Registered protocol: sftp
11:50:39.957 [main] DEBUG d.m.quorus.protocol.ProtocolFactory - Protocol details: name=sftp, class=SftpTransferProtocol, supportsResume=false, supportsPause=false
11:50:39.957 [main] DEBUG d.m.quorus.protocol.ProtocolFactory - Creating NfsTransferProtocol instance
11:50:39.957 [main] DEBUG d.m.q.protocol.NfsTransferProtocol - NfsTransferProtocol initialized with mountRoot=C:\nfs
11:50:39.957 [main] INFO  d.m.quorus.protocol.ProtocolFactory - Registered protocol: nfs
11:50:39.957 [main] DEBUG d.m.quorus.protocol.ProtocolFactory - Protocol details: name=nfs, class=NfsTransferProtocol, supportsResume=false, supportsPause=false
11:50:39.957 [main] INFO  d.m.quorus.protocol.ProtocolFactory - Registered default transfer protocols: count=8, schemes=ftps, ftp, http, smb, sftp, nfs, https, cifs
11:50:39.957 [main] INFO  d.m.q.transfer.SimpleTransferEngine - SimpleTransferEngine initialized with 5 max concurrent transfers (reactive mode, OpenTelemetry enabled)
11:50:39.957 [main] DEBUG d.m.q.transfer.SimpleTransferEngine - SimpleTransferEngine initialization complete - startTime=2026-09-05T03:50:39.957642100Z
11:50:39.957 [main] INFO  d.m.q.a.s.TransferExecutionService - TransferExecutionService initialized (Vert.x reactive mode)
11:50:39.957 [main] WARN  d.m.q.a.s.ControllerWebClientFactory - INSECURE DEVELOPMENT MODE: agent-to-controller traffic is plaintext
11:50:39.958 [main] DEBUG d.m.q.a.service.JobPollingService - JobPollingService initialized with Vert.x WebClient (connectTimeout=5000ms, idleTimeout=10000ms)
11:50:39.958 [main] WARN  d.m.q.a.s.ControllerWebClientFactory - INSECURE DEVELOPMENT MODE: agent-to-controller traffic is plaintext
11:50:39.958 [main] DEBUG d.m.q.a.s.JobStatusReportingService - JobStatusReportingService initialized with Vert.x WebClient (connectTimeout=5000ms, idleTimeout=10000ms)
11:50:39.958 [main] INFO  d.m.q.a.observability.AgentMetrics - AgentMetrics initialized for agent: test-agent-001
11:50:39.958 [main] INFO  dev.mars.quorus.agent.QuorusAgent - Quorus Agent initialized: test-agent-001 (reactive mode with OpenTelemetry)
11:50:39.958 [main] INFO  dev.mars.quorus.agent.QuorusAgent - Foreign-assignment mismatch threshold configured to 3
11:50:39.958 [main] ERROR dev.mars.quorus.agent.QuorusAgent - Refusing to process job job-foreign-1 because assignment agentId another-agent does not match local agentId test-agent-001
11:50:39.958 [main] ERROR dev.mars.quorus.agent.QuorusAgent - Foreign assignment mismatch count: 1/3
[INFO] Tests run: 17, Failures: 0, Errors: 0, Skipped: 0, Time elapsed: 0.572 s -- in dev.mars.quorus.agent.QuorusAgentTest
[INFO] Running dev.mars.quorus.agent.service.ControllerWebClientFactoryTlsTest
11:50:40.377 [main] INFO  d.m.quorus.agent.config.AgentConfig - Loaded configuration from quorus-agent.properties
11:50:40.377 [main] INFO  d.m.quorus.agent.config.AgentConfig - === Quorus Agent Configuration ===
11:50:40.378 [main] WARN  d.m.quorus.agent.config.AgentConfig - Agent ID not configured, derived from hostname: agent-NUC10A
11:50:40.378 [main] INFO  d.m.quorus.agent.config.AgentConfig -   Agent ID:             agent-NUC10A
11:50:40.378 [main] WARN  d.m.quorus.agent.config.AgentConfig -   Tenant ID:            NOT CONFIGURED
11:50:40.378 [main] INFO  d.m.quorus.agent.config.AgentConfig -   Agent Port:           8080
11:50:40.378 [main] INFO  d.m.quorus.agent.config.AgentConfig -   Controller URL:       https://localhost:8080/api/v1
11:50:40.378 [main] INFO  d.m.quorus.agent.config.AgentConfig -   Region:               default
11:50:40.378 [main] INFO  d.m.quorus.agent.config.AgentConfig -   Datacenter:           default
11:50:40.378 [main] INFO  d.m.quorus.agent.config.AgentConfig -   Supported Protocols:  HTTP,HTTPS
11:50:40.378 [main] INFO  d.m.quorus.agent.config.AgentConfig -   Version:              1.0.0
11:50:40.378 [main] INFO  d.m.quorus.agent.config.AgentConfig -   --- Transfer ---
11:50:40.378 [main] INFO  d.m.quorus.agent.config.AgentConfig -   Max Concurrent:       5
11:50:40.378 [main] INFO  d.m.quorus.agent.config.AgentConfig -   --- Heartbeat ---
11:50:40.378 [main] INFO  d.m.quorus.agent.config.AgentConfig -   Interval:             30000ms
11:50:40.378 [main] INFO  d.m.quorus.agent.config.AgentConfig -   --- Job Polling ---
11:50:40.378 [main] INFO  d.m.quorus.agent.config.AgentConfig -   Initial Delay:        5000ms
11:50:40.378 [main] INFO  d.m.quorus.agent.config.AgentConfig -   Poll Interval:        10000ms
11:50:40.378 [main] INFO  d.m.quorus.agent.config.AgentConfig -   --- Security ---
11:50:40.378 [main] INFO  d.m.quorus.agent.config.AgentConfig -   Foreign Assignment Threshold: 1
11:50:40.378 [main] INFO  d.m.quorus.agent.config.AgentConfig -   --- Telemetry ---
11:50:40.378 [main] INFO  d.m.quorus.agent.config.AgentConfig -   Enabled:              true
11:50:40.378 [main] INFO  d.m.quorus.agent.config.AgentConfig -   Prometheus Port:      9465
11:50:40.378 [main] INFO  d.m.quorus.agent.config.AgentConfig -   OTLP Endpoint:        http://localhost:4317
11:50:40.378 [main] INFO  d.m.quorus.agent.config.AgentConfig - ==================================
11:50:40.919 [main] INFO  d.m.quorus.agent.config.AgentConfig - Loaded configuration from quorus-agent.properties
11:50:40.920 [main] INFO  d.m.quorus.agent.config.AgentConfig - === Quorus Agent Configuration ===
11:50:40.920 [main] WARN  d.m.quorus.agent.config.AgentConfig - Agent ID not configured, derived from hostname: agent-NUC10A
11:50:40.920 [main] INFO  d.m.quorus.agent.config.AgentConfig -   Agent ID:             agent-NUC10A
11:50:40.920 [main] WARN  d.m.quorus.agent.config.AgentConfig -   Tenant ID:            NOT CONFIGURED
11:50:40.920 [main] INFO  d.m.quorus.agent.config.AgentConfig -   Agent Port:           8080
11:50:40.920 [main] INFO  d.m.quorus.agent.config.AgentConfig -   Controller URL:       https://localhost:8080/api/v1
11:50:40.920 [main] INFO  d.m.quorus.agent.config.AgentConfig -   Region:               default
11:50:40.920 [main] INFO  d.m.quorus.agent.config.AgentConfig -   Datacenter:           default
11:50:40.921 [main] INFO  d.m.quorus.agent.config.AgentConfig -   Supported Protocols:  HTTP,HTTPS
11:50:40.921 [main] INFO  d.m.quorus.agent.config.AgentConfig -   Version:              1.0.0
11:50:40.921 [main] INFO  d.m.quorus.agent.config.AgentConfig -   --- Transfer ---
11:50:40.921 [main] INFO  d.m.quorus.agent.config.AgentConfig -   Max Concurrent:       5
11:50:40.921 [main] INFO  d.m.quorus.agent.config.AgentConfig -   --- Heartbeat ---
11:50:40.921 [main] INFO  d.m.quorus.agent.config.AgentConfig -   Interval:             30000ms
11:50:40.921 [main] INFO  d.m.quorus.agent.config.AgentConfig -   --- Job Polling ---
11:50:40.921 [main] INFO  d.m.quorus.agent.config.AgentConfig -   Initial Delay:        5000ms
11:50:40.921 [main] INFO  d.m.quorus.agent.config.AgentConfig -   Poll Interval:        10000ms
11:50:40.921 [main] INFO  d.m.quorus.agent.config.AgentConfig -   --- Security ---
11:50:40.921 [main] INFO  d.m.quorus.agent.config.AgentConfig -   Foreign Assignment Threshold: 1
11:50:40.921 [main] INFO  d.m.quorus.agent.config.AgentConfig -   --- Telemetry ---
11:50:40.921 [main] INFO  d.m.quorus.agent.config.AgentConfig -   Enabled:              true
11:50:40.921 [main] INFO  d.m.quorus.agent.config.AgentConfig -   Prometheus Port:      9465
11:50:40.921 [main] INFO  d.m.quorus.agent.config.AgentConfig -   OTLP Endpoint:        http://localhost:4317
11:50:40.921 [main] INFO  d.m.quorus.agent.config.AgentConfig - ==================================
11:50:40.924 [main] INFO  d.m.quorus.agent.config.AgentConfig - Loaded configuration from quorus-agent.properties
11:50:40.924 [main] INFO  d.m.quorus.agent.config.AgentConfig - === Quorus Agent Configuration ===
11:50:40.924 [main] WARN  d.m.quorus.agent.config.AgentConfig - Agent ID not configured, derived from hostname: agent-NUC10A
11:50:40.924 [main] INFO  d.m.quorus.agent.config.AgentConfig -   Agent ID:             agent-NUC10A
11:50:40.925 [main] WARN  d.m.quorus.agent.config.AgentConfig -   Tenant ID:            NOT CONFIGURED
11:50:40.925 [main] INFO  d.m.quorus.agent.config.AgentConfig -   Agent Port:           8080
11:50:40.925 [main] INFO  d.m.quorus.agent.config.AgentConfig -   Controller URL:       https://localhost:8080/api/v1
11:50:40.925 [main] INFO  d.m.quorus.agent.config.AgentConfig -   Region:               default
11:50:40.925 [main] INFO  d.m.quorus.agent.config.AgentConfig -   Datacenter:           default
11:50:40.925 [main] INFO  d.m.quorus.agent.config.AgentConfig -   Supported Protocols:  HTTP,HTTPS
11:50:40.925 [main] INFO  d.m.quorus.agent.config.AgentConfig -   Version:              1.0.0
11:50:40.925 [main] INFO  d.m.quorus.agent.config.AgentConfig -   --- Transfer ---
11:50:40.925 [main] INFO  d.m.quorus.agent.config.AgentConfig -   Max Concurrent:       5
11:50:40.925 [main] INFO  d.m.quorus.agent.config.AgentConfig -   --- Heartbeat ---
11:50:40.925 [main] INFO  d.m.quorus.agent.config.AgentConfig -   Interval:             30000ms
11:50:40.925 [main] INFO  d.m.quorus.agent.config.AgentConfig -   --- Job Polling ---
11:50:40.925 [main] INFO  d.m.quorus.agent.config.AgentConfig -   Initial Delay:        5000ms
11:50:40.925 [main] INFO  d.m.quorus.agent.config.AgentConfig -   Poll Interval:        10000ms
11:50:40.925 [main] INFO  d.m.quorus.agent.config.AgentConfig -   --- Security ---
11:50:40.925 [main] INFO  d.m.quorus.agent.config.AgentConfig -   Foreign Assignment Threshold: 1
11:50:40.925 [main] INFO  d.m.quorus.agent.config.AgentConfig -   --- Telemetry ---
11:50:40.925 [main] INFO  d.m.quorus.agent.config.AgentConfig -   Enabled:              true
11:50:40.925 [main] INFO  d.m.quorus.agent.config.AgentConfig -   Prometheus Port:      9465
11:50:40.925 [main] INFO  d.m.quorus.agent.config.AgentConfig -   OTLP Endpoint:        http://localhost:4317
11:50:40.925 [main] INFO  d.m.quorus.agent.config.AgentConfig - ==================================
11:50:41.152 [main] INFO  d.m.quorus.agent.config.AgentConfig - Loaded configuration from quorus-agent.properties
11:50:41.152 [main] INFO  d.m.quorus.agent.config.AgentConfig - === Quorus Agent Configuration ===
11:50:41.152 [main] WARN  d.m.quorus.agent.config.AgentConfig - Agent ID not configured, derived from hostname: agent-NUC10A
11:50:41.152 [main] INFO  d.m.quorus.agent.config.AgentConfig -   Agent ID:             agent-NUC10A
11:50:41.153 [main] WARN  d.m.quorus.agent.config.AgentConfig -   Tenant ID:            NOT CONFIGURED
11:50:41.153 [main] INFO  d.m.quorus.agent.config.AgentConfig -   Agent Port:           8080
11:50:41.153 [main] INFO  d.m.quorus.agent.config.AgentConfig -   Controller URL:       https://localhost:8080/api/v1
11:50:41.153 [main] INFO  d.m.quorus.agent.config.AgentConfig -   Region:               default
11:50:41.153 [main] INFO  d.m.quorus.agent.config.AgentConfig -   Datacenter:           default
11:50:41.153 [main] INFO  d.m.quorus.agent.config.AgentConfig -   Supported Protocols:  HTTP,HTTPS
11:50:41.153 [main] INFO  d.m.quorus.agent.config.AgentConfig -   Version:              1.0.0
11:50:41.153 [main] INFO  d.m.quorus.agent.config.AgentConfig -   --- Transfer ---
11:50:41.153 [main] INFO  d.m.quorus.agent.config.AgentConfig -   Max Concurrent:       5
11:50:41.153 [main] INFO  d.m.quorus.agent.config.AgentConfig -   --- Heartbeat ---
11:50:41.153 [main] INFO  d.m.quorus.agent.config.AgentConfig -   Interval:             30000ms
11:50:41.153 [main] INFO  d.m.quorus.agent.config.AgentConfig -   --- Job Polling ---
11:50:41.153 [main] INFO  d.m.quorus.agent.config.AgentConfig -   Initial Delay:        5000ms
11:50:41.153 [main] INFO  d.m.quorus.agent.config.AgentConfig -   Poll Interval:        10000ms
11:50:41.153 [main] INFO  d.m.quorus.agent.config.AgentConfig -   --- Security ---
11:50:41.153 [main] INFO  d.m.quorus.agent.config.AgentConfig -   Foreign Assignment Threshold: 1
11:50:41.153 [main] INFO  d.m.quorus.agent.config.AgentConfig -   --- Telemetry ---
11:50:41.153 [main] INFO  d.m.quorus.agent.config.AgentConfig -   Enabled:              true
11:50:41.153 [main] INFO  d.m.quorus.agent.config.AgentConfig -   Prometheus Port:      9465
11:50:41.153 [main] INFO  d.m.quorus.agent.config.AgentConfig -   OTLP Endpoint:        http://localhost:4317
11:50:41.153 [main] INFO  d.m.quorus.agent.config.AgentConfig - ==================================
11:50:41.309 [main] INFO  d.m.quorus.agent.config.AgentConfig - Loaded configuration from quorus-agent.properties
11:50:41.310 [main] INFO  d.m.quorus.agent.config.AgentConfig - === Quorus Agent Configuration ===
11:50:41.310 [main] WARN  d.m.quorus.agent.config.AgentConfig - Agent ID not configured, derived from hostname: agent-NUC10A
11:50:41.310 [main] INFO  d.m.quorus.agent.config.AgentConfig -   Agent ID:             agent-NUC10A
11:50:41.310 [main] WARN  d.m.quorus.agent.config.AgentConfig -   Tenant ID:            NOT CONFIGURED
11:50:41.310 [main] INFO  d.m.quorus.agent.config.AgentConfig -   Agent Port:           8080
11:50:41.310 [main] INFO  d.m.quorus.agent.config.AgentConfig -   Controller URL:       https://localhost:8080/api/v1
11:50:41.310 [main] INFO  d.m.quorus.agent.config.AgentConfig -   Region:               default
11:50:41.310 [main] INFO  d.m.quorus.agent.config.AgentConfig -   Datacenter:           default
11:50:41.310 [main] INFO  d.m.quorus.agent.config.AgentConfig -   Supported Protocols:  HTTP,HTTPS
11:50:41.310 [main] INFO  d.m.quorus.agent.config.AgentConfig -   Version:              1.0.0
11:50:41.310 [main] INFO  d.m.quorus.agent.config.AgentConfig -   --- Transfer ---
11:50:41.310 [main] INFO  d.m.quorus.agent.config.AgentConfig -   Max Concurrent:       5
11:50:41.310 [main] INFO  d.m.quorus.agent.config.AgentConfig -   --- Heartbeat ---
11:50:41.310 [main] INFO  d.m.quorus.agent.config.AgentConfig -   Interval:             30000ms
11:50:41.310 [main] INFO  d.m.quorus.agent.config.AgentConfig -   --- Job Polling ---
11:50:41.310 [main] INFO  d.m.quorus.agent.config.AgentConfig -   Initial Delay:        5000ms
11:50:41.310 [main] INFO  d.m.quorus.agent.config.AgentConfig -   Poll Interval:        10000ms
11:50:41.310 [main] INFO  d.m.quorus.agent.config.AgentConfig -   --- Security ---
11:50:41.310 [main] INFO  d.m.quorus.agent.config.AgentConfig -   Foreign Assignment Threshold: 1
11:50:41.310 [main] INFO  d.m.quorus.agent.config.AgentConfig -   --- Telemetry ---
11:50:41.310 [main] INFO  d.m.quorus.agent.config.AgentConfig -   Enabled:              true
11:50:41.310 [main] INFO  d.m.quorus.agent.config.AgentConfig -   Prometheus Port:      9465
11:50:41.310 [main] INFO  d.m.quorus.agent.config.AgentConfig -   OTLP Endpoint:        http://localhost:4317
11:50:41.310 [main] INFO  d.m.quorus.agent.config.AgentConfig - ==================================
[INFO] Tests run: 4, Failures: 0, Errors: 0, Skipped: 0, Time elapsed: 1.183 s -- in dev.mars.quorus.agent.service.ControllerWebClientFactoryTlsTest
[INFO] 
[INFO] Results:
[INFO] 
[INFO] Tests run: 49, Failures: 0, Errors: 0, Skipped: 0
[INFO] 
[INFO] 
[INFO] --- jacoco:0.8.15:report (report) @ quorus-agent ---
[INFO] Loading execution data file C:\Users\mraysmit\dev\idea-projects\quorus\quorus-agent\target\jacoco.exec
[INFO] Analyzed bundle 'Quorus Agent' with 20 classes
[INFO] ------------------------------------------------------------------------
[INFO] Reactor Summary for Quorus File Transfer System 1.0-SNAPSHOT:
[INFO] 
[INFO] Quorus File Transfer System ........................ SUCCESS [  0.204 s]
[INFO] Quorus Core ........................................ SUCCESS [  1.501 s]
[INFO] Quorus Workflow Engine ............................. SUCCESS [  0.169 s]
[INFO] Quorus Agent ....................................... SUCCESS [ 12.938 s]
[INFO] ------------------------------------------------------------------------
[INFO] BUILD SUCCESS
[INFO] ------------------------------------------------------------------------
[INFO] Total time:  14.977 s
[INFO] Finished at: 2026-09-05T11:50:41+08:00
[INFO] ------------------------------------------------------------------------
