WARNING: A terminally deprecated method in sun.misc.Unsafe has been called
WARNING: sun.misc.Unsafe::staticFieldBase has been called by com.google.inject.internal.aop.HiddenClassDefiner (file:/C:/Users/mraysmit/scoop/apps/maven/current/lib/guice-5.1.0-classes.jar)
WARNING: Please consider reporting this to the maintainers of class com.google.inject.internal.aop.HiddenClassDefiner
WARNING: sun.misc.Unsafe::staticFieldBase will be removed in a future release
WARNING: Final field _cipher in class org.sonatype.plexus.components.sec.dispatcher.DefaultSecDispatcher has been mutated reflectively by class org.eclipse.sisu.bean.BeanPropertyField in unnamed module @7f010382 (file:/C:/Users/mraysmit/scoop/apps/maven/current/lib/org.eclipse.sisu.inject-0.9.0.M4.jar)
WARNING: Use --enable-final-field-mutation=ALL-UNNAMED to avoid a warning
WARNING: Mutating final fields will be blocked in a future release unless final field mutation is enabled
[INFO] Scanning for projects...
[INFO] ------------------------------------------------------------------------
[INFO] Reactor Build Order:
[INFO] 
[INFO] Quorus File Transfer System                                        [pom]
[INFO] Quorus Core                                                        [jar]
[INFO] Quorus Workflow Engine                                             [jar]
[INFO] Quorus Tenant Management                                           [jar]
[INFO] Quorus Distributed Controller                                      [jar]
[INFO] 
[INFO] --------------------------< dev.mars:quorus >---------------------------
[INFO] Building Quorus File Transfer System 1.0-SNAPSHOT                  [1/5]
[INFO]   from pom.xml
[INFO] --------------------------------[ pom ]---------------------------------
[INFO] 
[INFO] --- jacoco:0.8.15:prepare-agent (prepare-agent) @ quorus ---
[INFO] Skipping JaCoCo execution because property jacoco.skip is set.
[INFO] argLine set to empty
[INFO] 
[INFO] --- jacoco:0.8.15:report (report) @ quorus ---
[INFO] Skipping JaCoCo execution because property jacoco.skip is set.
[INFO] 
[INFO] ------------------------< dev.mars:quorus-core >------------------------
[INFO] Building Quorus Core 1.0-SNAPSHOT                                  [2/5]
[INFO]   from quorus-core\pom.xml
[INFO] --------------------------------[ jar ]---------------------------------
[INFO] 
[INFO] --- jacoco:0.8.15:prepare-agent (prepare-agent) @ quorus-core ---
[INFO] Skipping JaCoCo execution because property jacoco.skip is set.
[INFO] argLine set to empty
[INFO] 
[INFO] --- resources:3.3.1:resources (default-resources) @ quorus-core ---
[INFO] Copying 1 resource from src\main\resources to target\classes
[INFO] 
[INFO] --- compiler:3.13.0:compile (default-compile) @ quorus-core ---
[INFO] Nothing to compile - all classes are up to date.
[INFO] 
[INFO] --- resources:3.3.1:testResources (default-testResources) @ quorus-core ---
[INFO] Copying 16 resources from src\test\resources to target\test-classes
[INFO] 
[INFO] --- compiler:3.13.0:testCompile (default-testCompile) @ quorus-core ---
[INFO] Nothing to compile - all classes are up to date.
[INFO] 
[INFO] --- surefire:3.2.2:test (default-test) @ quorus-core ---
[INFO] 
[INFO] --- jacoco:0.8.15:report (report) @ quorus-core ---
[INFO] Skipping JaCoCo execution because property jacoco.skip is set.
[INFO] 
[INFO] ----------------------< dev.mars:quorus-workflow >----------------------
[INFO] Building Quorus Workflow Engine 1.0-SNAPSHOT                       [3/5]
[INFO]   from quorus-workflow\pom.xml
[INFO] --------------------------------[ jar ]---------------------------------
[INFO] 
[INFO] --- jacoco:0.8.15:prepare-agent (prepare-agent) @ quorus-workflow ---
[INFO] Skipping JaCoCo execution because property jacoco.skip is set.
[INFO] argLine set to empty
[INFO] 
[INFO] --- resources:3.3.1:resources (default-resources) @ quorus-workflow ---
[INFO] Copying 1 resource from src\main\resources to target\classes
[INFO] 
[INFO] --- compiler:3.13.0:compile (default-compile) @ quorus-workflow ---
[INFO] Nothing to compile - all classes are up to date.
[INFO] 
[INFO] --- resources:3.3.1:testResources (default-testResources) @ quorus-workflow ---
[INFO] Copying 2 resources from src\test\resources to target\test-classes
[INFO] 
[INFO] --- compiler:3.13.0:testCompile (default-testCompile) @ quorus-workflow ---
[INFO] Nothing to compile - all classes are up to date.
[INFO] 
[INFO] --- surefire:3.2.2:test (default-test) @ quorus-workflow ---
[INFO] 
[INFO] --- jacoco:0.8.15:report (report) @ quorus-workflow ---
[INFO] Skipping JaCoCo execution because property jacoco.skip is set.
[INFO] 
[INFO] -----------------------< dev.mars:quorus-tenant >-----------------------
[INFO] Building Quorus Tenant Management 1.0-SNAPSHOT                     [4/5]
[INFO]   from quorus-tenant\pom.xml
[INFO] --------------------------------[ jar ]---------------------------------
[INFO] 
[INFO] --- jacoco:0.8.15:prepare-agent (prepare-agent) @ quorus-tenant ---
[INFO] Skipping JaCoCo execution because property jacoco.skip is set.
[INFO] argLine set to empty
[INFO] 
[INFO] --- resources:3.3.1:resources (default-resources) @ quorus-tenant ---
[INFO] skip non existing resourceDirectory C:\Users\mraysmit\dev\idea-projects\quorus\quorus-tenant\src\main\resources
[INFO] 
[INFO] --- compiler:3.13.0:compile (default-compile) @ quorus-tenant ---
[INFO] Nothing to compile - all classes are up to date.
[INFO] 
[INFO] --- resources:3.3.1:testResources (default-testResources) @ quorus-tenant ---
[INFO] Copying 1 resource from src\test\resources to target\test-classes
[INFO] 
[INFO] --- compiler:3.13.0:testCompile (default-testCompile) @ quorus-tenant ---
[INFO] Nothing to compile - all classes are up to date.
[INFO] 
[INFO] --- surefire:3.2.2:test (default-test) @ quorus-tenant ---
[INFO] 
[INFO] --- jacoco:0.8.15:report (report) @ quorus-tenant ---
[INFO] Skipping JaCoCo execution because property jacoco.skip is set.
[INFO] 
[INFO] ---------------------< dev.mars:quorus-controller >---------------------
[INFO] Building Quorus Distributed Controller 1.0-SNAPSHOT                [5/5]
[INFO]   from quorus-controller\pom.xml
[INFO] --------------------------------[ jar ]---------------------------------
[INFO] 
[INFO] --- jacoco:0.8.15:prepare-agent (prepare-agent) @ quorus-controller ---
[INFO] Skipping JaCoCo execution because property jacoco.skip is set.
[INFO] argLine set to empty
[INFO] 
[INFO] --- protobuf:4.1.2:generate (default) @ quorus-controller ---
[WARNING]  Parameter 'binaryMavenPlugins' is deprecated: Users should now use plugins instead. This option will be removed in v5.
[INFO] Resolving artifact "com.google.protobuf:protoc:exe:windows-x86_64:3.25.5"
[INFO] Resolving artifact "io.grpc:protoc-gen-grpc-java:exe:windows-x86_64:1.68.1"
[INFO] Registering "C:\Users\mraysmit\dev\idea-projects\quorus\quorus-controller\target\generated-sources\protobuf" as a Maven main source root for compiler plugins
[INFO] Registering "C:\Users\mraysmit\dev\idea-projects\quorus\quorus-controller\target\generated-sources\protobuf" as a Maven main source root for compiler plugins
[INFO] Found 2 proto source files and 0 descriptor files to compile, but all are up-to-date so none will be built this time
[INFO] NOTHING TO DO: There is nothing to do. If this is unexpected, review the above logs for more details.
[INFO] 
[INFO] --- resources:3.3.1:resources (default-resources) @ quorus-controller ---
[INFO] Copying 3 resources from src\main\resources to target\classes
[INFO] 
[INFO] --- compiler:3.13.0:compile (default-compile) @ quorus-controller ---
[INFO] Recompiling the module because of changed source code.
[INFO] Compiling 169 source files with javac [debug release 27] to target\classes
[INFO] 
[INFO] --- resources:3.3.1:testResources (default-testResources) @ quorus-controller ---
[INFO] Copying 12 resources from src\test\resources to target\test-classes
[INFO] 
[INFO] --- compiler:3.13.0:testCompile (default-testCompile) @ quorus-controller ---
[INFO] Recompiling the module because of changed dependency.
[INFO] Compiling 77 source files with javac [debug release 27] to target\test-classes
[INFO] 
[INFO] --- surefire:3.2.2:test (default-test) @ quorus-controller ---
[INFO] Using auto detected provider org.apache.maven.surefire.junitplatform.JUnitPlatformProvider
[INFO] 
[INFO] -------------------------------------------------------
[INFO]  T E S T S
[INFO] -------------------------------------------------------
09:37:12,099 |-INFO in ch.qos.logback.classic.LoggerContext[default] - Found logback-core version 1.5.32
09:37:12,100 |-INFO in ch.qos.logback.classic.util.ContextInitializer@30014b33 - No custom configurators were discovered as a service.
09:37:12,100 |-INFO in ch.qos.logback.classic.util.ContextInitializer@30014b33 - Trying to configure with ch.qos.logback.classic.util.DefaultJoranConfigurator
09:37:12,101 |-INFO in ch.qos.logback.classic.util.ContextInitializer@30014b33 - Constructed configurator of type class ch.qos.logback.classic.util.DefaultJoranConfigurator
09:37:12,102 |-INFO in ch.qos.logback.classic.LoggerContext[default] - Found resource [logback-test.xml] at [file:/C:/Users/mraysmit/dev/idea-projects/quorus/quorus-controller/target/test-classes/logback-test.xml]
09:37:12,104 |-WARN in ch.qos.logback.classic.util.DefaultJoranConfigurator@1ef8e57f - Resource [logback-test.xml] occurs multiple times on the classpath.
09:37:12,104 |-WARN in ch.qos.logback.classic.util.DefaultJoranConfigurator@1ef8e57f - Resource [logback-test.xml] occurs at [file:/C:/Users/mraysmit/dev/idea-projects/quorus/quorus-core/target/test-classes/logback-test.xml]
09:37:12,104 |-WARN in ch.qos.logback.classic.util.DefaultJoranConfigurator@1ef8e57f - Resource [logback-test.xml] occurs at [file:/C:/Users/mraysmit/dev/idea-projects/quorus/quorus-controller/target/test-classes/logback-test.xml]
09:37:12,183 |-INFO in ch.qos.logback.classic.model.processor.ConfigurationModelHandlerFull - Scan attribute not set or set to unrecognized value.
09:37:12,188 |-INFO in ch.qos.logback.core.model.processor.ModelInterpretationContext@2505134e - value "../test-logs/quorus-test-2026-09-27_08-37-02.log" substituted for "../test-logs/quorus-test-${testRunTimestamp}.log"
09:37:12,189 |-INFO in ch.qos.logback.core.model.processor.AppenderModelHandler - Processing appender named [CONSOLE]
09:37:12,189 |-INFO in ch.qos.logback.core.model.processor.AppenderModelHandler - About to instantiate appender of type [ch.qos.logback.core.ConsoleAppender]
09:37:12,194 |-INFO in ch.qos.logback.core.model.processor.ImplicitModelHandler - Assuming default type [ch.qos.logback.classic.encoder.PatternLayoutEncoder] for [encoder] property
09:37:12,226 |-INFO in ch.qos.logback.core.ConsoleAppender[CONSOLE] - NOTE: Writing to the console can be slow. Try to avoid logging to the 
09:37:12,226 |-INFO in ch.qos.logback.core.ConsoleAppender[CONSOLE] - console in production environments, especially in high volume systems.
09:37:12,226 |-INFO in ch.qos.logback.core.ConsoleAppender[CONSOLE] - See also https://logback.qos.ch/codes.html#slowConsole
09:37:12,227 |-INFO in ch.qos.logback.core.model.processor.AppenderModelHandler - Processing appender named [FILE]
09:37:12,227 |-INFO in ch.qos.logback.core.model.processor.AppenderModelHandler - About to instantiate appender of type [ch.qos.logback.core.FileAppender]
09:37:12,229 |-INFO in ch.qos.logback.core.model.processor.ModelInterpretationContext@2505134e - value "../test-logs/quorus-test-2026-09-27_08-37-02.log" substituted for "../test-logs/quorus-test-${testRunTimestamp}.log"
09:37:12,230 |-INFO in ch.qos.logback.core.model.processor.ImplicitModelHandler - Assuming default type [ch.qos.logback.classic.encoder.PatternLayoutEncoder] for [encoder] property
09:37:12,230 |-INFO in ch.qos.logback.core.FileAppender[FILE] - File property is set to [../test-logs/quorus-test-2026-09-27_08-37-02.log]
09:37:12,232 |-INFO in ch.qos.logback.classic.model.processor.LoggerModelHandler - Setting level of logger [dev.mars.quorus] to DEBUG
09:37:12,232 |-INFO in ch.qos.logback.classic.model.processor.LoggerModelHandler - Setting level of logger [org.apache] to WARN
09:37:12,232 |-INFO in ch.qos.logback.classic.model.processor.LoggerModelHandler - Setting level of logger [io.vertx] to WARN
09:37:12,232 |-INFO in ch.qos.logback.classic.model.processor.LoggerModelHandler - Setting level of logger [io.netty] to WARN
09:37:12,232 |-INFO in ch.qos.logback.classic.model.processor.LoggerModelHandler - Setting level of logger [io.grpc] to WARN
09:37:12,232 |-INFO in ch.qos.logback.classic.model.processor.RootLoggerModelHandler - Setting level of ROOT logger to INFO
09:37:12,232 |-INFO in ch.qos.logback.core.model.processor.AppenderRefModelHandler - Attaching appender named [CONSOLE] to Logger[ROOT]
09:37:12,237 |-INFO in ch.qos.logback.core.model.processor.AppenderRefModelHandler - Attaching appender named [FILE] to Logger[ROOT]
09:37:12,237 |-INFO in ch.qos.logback.core.model.processor.DefaultProcessor@6e5a2bb3 - End of configuration.
09:37:12,238 |-INFO in ch.qos.logback.classic.joran.JoranConfigurator@54b8bd98 - Registering current configuration as safe fallback point
09:37:12,240 |-INFO in ch.qos.logback.classic.util.ContextInitializer@30014b33 - ch.qos.logback.classic.util.DefaultJoranConfigurator.configure() call lasted 137 milliseconds. ExecutionStatus=DO_NOT_INVOKE_NEXT_IF_ANY

[INFO] Running dev.mars.quorus.controller.http.HttpApiServerHealthTest
09:37:12.715 [ForkJoinPool-1-worker-1] DEBUG d.m.q.c.state.QuorusStateStore - Initializing default metadata: version=2.0
09:37:12.745 [vert.x-eventloop-thread-0] INFO  d.m.quorus.controller.raft.RaftNode - Starting Raft node: health-test-node
09:37:12.747 [vert.x-eventloop-thread-0] INFO  d.m.quorus.controller.raft.RaftNode [FOLLOWER/0] - No storage configured, running in volatile mode
09:37:12.748 [vert.x-eventloop-thread-0] INFO  d.m.q.c.r.InMemoryTransportSimulator [FOLLOWER/0] - Started in-memory transport for node: health-test-node
09:37:12.754 [vert.x-eventloop-thread-0] INFO  d.m.quorus.controller.raft.RaftNode [FOLLOWER/0] - Raft node health-test-node started successfully (term=0, logSize=1)
09:37:13.257 [vert.x-eventloop-thread-0] INFO  d.m.quorus.controller.raft.RaftNode [FOLLOWER/0] - Starting election for node: health-test-node
09:37:13.258 [vert.x-eventloop-thread-0] DEBUG d.m.quorus.controller.raft.RaftNode [CANDIDATE/1] - Persisting raft metadata: term=1, votedForPresent=true, votedFor=health-test-node
09:37:13.262 [vert.x-eventloop-thread-0] INFO  d.m.quorus.controller.raft.RaftNode [LEADER/1] - Node health-test-node became LEADER for term 1
09:37:13.269 [vert.x-eventloop-thread-0] INFO  d.m.quorus.controller.raft.RaftNode [LEADER/1] - Command submitted at index 1 term 1
09:37:13.270 [vert.x-eventloop-thread-0] DEBUG d.m.quorus.controller.raft.RaftNode [LEADER/1] - Committed leader no-op entry for term 1
09:37:13.273 [ForkJoinPool-1-worker-1] INFO  d.m.q.controller.config.AppConfig - Loaded configuration from quorus-controller.properties
09:37:13.274 [ForkJoinPool-1-worker-1] DEBUG d.m.q.controller.config.AppConfig - Optional configuration profile quorus-controller-test.properties not found
09:37:13.274 [ForkJoinPool-1-worker-1] INFO  d.m.q.controller.config.AppConfig - === Quorus Controller Configuration ===
09:37:13.274 [ForkJoinPool-1-worker-1] INFO  d.m.q.controller.config.AppConfig -   Node ID:              test-node
09:37:13.275 [ForkJoinPool-1-worker-1] INFO  d.m.q.controller.config.AppConfig -   HTTP Host:            127.0.0.1
09:37:13.275 [ForkJoinPool-1-worker-1] INFO  d.m.q.controller.config.AppConfig -   HTTP Port:            8080
09:37:13.275 [ForkJoinPool-1-worker-1] INFO  d.m.q.controller.config.AppConfig -   Raft Port:            9080
09:37:13.275 [ForkJoinPool-1-worker-1] INFO  d.m.q.controller.config.AppConfig -   Cluster Nodes:        test-node=localhost:9080
09:37:13.276 [ForkJoinPool-1-worker-1] INFO  d.m.q.controller.config.AppConfig -   Service Name:         quorus-controller
09:37:13.276 [ForkJoinPool-1-worker-1] INFO  d.m.q.controller.config.AppConfig -   Version:              2.0-ext
09:37:13.276 [ForkJoinPool-1-worker-1] INFO  d.m.q.controller.config.AppConfig -   --- Thread Pools ---
09:37:13.276 [ForkJoinPool-1-worker-1] INFO  d.m.q.controller.config.AppConfig -   Raft I/O Pool Size:   10
09:37:13.276 [ForkJoinPool-1-worker-1] INFO  d.m.q.controller.config.AppConfig -   Raft I/O Queue Size:  1000
09:37:13.276 [ForkJoinPool-1-worker-1] INFO  d.m.q.controller.config.AppConfig -   --- Job Assignment ---
09:37:13.276 [ForkJoinPool-1-worker-1] INFO  d.m.q.controller.config.AppConfig -   Initial Delay:        5000ms
09:37:13.276 [ForkJoinPool-1-worker-1] INFO  d.m.q.controller.config.AppConfig -   Assignment Interval:  10000ms
09:37:13.276 [ForkJoinPool-1-worker-1] INFO  d.m.q.controller.config.AppConfig -   Timeout Initial:      30000ms
09:37:13.276 [ForkJoinPool-1-worker-1] INFO  d.m.q.controller.config.AppConfig -   Timeout Interval:     30000ms
09:37:13.278 [ForkJoinPool-1-worker-1] INFO  d.m.q.controller.config.AppConfig -   --- Snapshot ---
09:37:13.278 [ForkJoinPool-1-worker-1] INFO  d.m.q.controller.config.AppConfig -   Enabled:              true
09:37:13.278 [ForkJoinPool-1-worker-1] INFO  d.m.q.controller.config.AppConfig -   Threshold:            10000 entries
09:37:13.278 [ForkJoinPool-1-worker-1] INFO  d.m.q.controller.config.AppConfig -   Check Interval:       60000ms
09:37:13.278 [ForkJoinPool-1-worker-1] INFO  d.m.q.controller.config.AppConfig -   --- Telemetry ---
09:37:13.278 [ForkJoinPool-1-worker-1] INFO  d.m.q.controller.config.AppConfig -   Enabled:              true
09:37:13.278 [ForkJoinPool-1-worker-1] INFO  d.m.q.controller.config.AppConfig -   OTLP Endpoint:        http://localhost:4317
09:37:13.278 [ForkJoinPool-1-worker-1] INFO  d.m.q.controller.config.AppConfig -   Prometheus Port:      9464
09:37:13.278 [ForkJoinPool-1-worker-1] INFO  d.m.q.controller.config.AppConfig -   Transfer Freshness:   60000ms
09:37:13.279 [ForkJoinPool-1-worker-1] INFO  d.m.q.controller.config.AppConfig -   Transfer Stall:       120000ms
09:37:13.279 [ForkJoinPool-1-worker-1] INFO  d.m.q.controller.config.AppConfig - ========================================
09:37:13.342 [ForkJoinPool-1-worker-1] WARN  d.m.q.controller.http.HttpApiServer - INSECURE DEVELOPMENT MODE: HTTP TLS and request authentication are not production-ready
09:37:13.427 [vert.x-eventloop-thread-0] INFO  d.m.q.controller.http.HttpApiServer [LEADER/1] - HTTP API Server listening on 127.0.0.1:18096
[INFO] Running dev.mars.quorus.controller.http.HttpApiServerHealthTest$ApiInfoTests
09:37:13.668 [vert.x-eventloop-thread-0] DEBUG d.m.q.c.http.handlers.InfoHandler [LEADER/1] [req-ace84ab7-05f0-480c-8b66-0d47f4006ee5] - API info requested
09:37:13.739 [vert.x-eventloop-thread-0] DEBUG d.m.q.c.http.handlers.InfoHandler [LEADER/1] [req-db7e29c1-35ba-428a-80f8-ba5efcd1c207] - API info requested
[INFO] Tests run: 2, Failures: 0, Errors: 0, Skipped: 0, Time elapsed: 0.317 s -- in dev.mars.quorus.controller.http.HttpApiServerHealthTest$ApiInfoTests
[INFO] Running dev.mars.quorus.controller.http.HttpApiServerHealthTest$ErrorCorrelationTests
09:37:13.756 [vert.x-eventloop-thread-0] DEBUG d.m.q.c.h.handlers.TransferHandler [LEADER/1] [req-6f7bb395-f43e-4abe-bed4-ec15262c73f4] - Getting transfer job: jobId=nonexistent-job-xyz
09:37:13.759 [vert.x-eventloop-thread-0] WARN  d.m.q.c.http.GlobalErrorHandler [LEADER/1] [req-6f7bb395-f43e-4abe-bed4-ec15262c73f4] - Client error [TRANSFER_NOT_FOUND] at /api/v1/transfers/nonexistent-job-xyz: Transfer job 'nonexistent-job-xyz' not found
09:37:13.769 [vert.x-eventloop-thread-0] DEBUG d.m.q.c.h.handlers.TransferHandler [LEADER/1] [req-88aba0c5-b83a-47e3-a956-2f73a8fee2f1] - Getting transfer job: jobId=nonexistent-job-xyz
09:37:13.770 [vert.x-eventloop-thread-0] WARN  d.m.q.c.http.GlobalErrorHandler [LEADER/1] [req-88aba0c5-b83a-47e3-a956-2f73a8fee2f1] - Client error [TRANSFER_NOT_FOUND] at /api/v1/transfers/nonexistent-job-xyz: Transfer job 'nonexistent-job-xyz' not found
09:37:13.777 [vert.x-eventloop-thread-0] DEBUG d.m.q.c.h.handlers.TransferHandler [LEADER/1] [trace-error-abc123] - Getting transfer job: jobId=nonexistent-job-xyz
09:37:13.778 [vert.x-eventloop-thread-0] WARN  d.m.q.c.http.GlobalErrorHandler [LEADER/1] [trace-error-abc123] - Client error [TRANSFER_NOT_FOUND] at /api/v1/transfers/nonexistent-job-xyz: Transfer job 'nonexistent-job-xyz' not found
[INFO] Tests run: 4, Failures: 0, Errors: 0, Skipped: 0, Time elapsed: 0.037 s -- in dev.mars.quorus.controller.http.HttpApiServerHealthTest$ErrorCorrelationTests
[INFO] Running dev.mars.quorus.controller.http.HttpApiServerHealthTest$FullHealthTests
[INFO] Tests run: 5, Failures: 0, Errors: 0, Skipped: 0, Time elapsed: 0.022 s -- in dev.mars.quorus.controller.http.HttpApiServerHealthTest$FullHealthTests
[INFO] Running dev.mars.quorus.controller.http.HttpApiServerHealthTest$ReadinessTests
[INFO] Tests run: 2, Failures: 0, Errors: 0, Skipped: 0, Time elapsed: 0.006 s -- in dev.mars.quorus.controller.http.HttpApiServerHealthTest$ReadinessTests
[INFO] Running dev.mars.quorus.controller.http.HttpApiServerHealthTest$LivenessTests
[INFO] Tests run: 3, Failures: 0, Errors: 0, Skipped: 0, Time elapsed: 0.010 s -- in dev.mars.quorus.controller.http.HttpApiServerHealthTest$LivenessTests
09:37:13.840 [vert.x-eventloop-thread-0] INFO  d.m.q.controller.http.HttpApiServer [LEADER/1] - HTTP API Server stopped
09:37:13.841 [vert.x-eventloop-thread-0] INFO  d.m.q.c.r.InMemoryTransportSimulator [LEADER/1] - Stopped in-memory transport for node: health-test-node
09:37:13.843 [vert.x-eventloop-thread-0] INFO  d.m.quorus.controller.raft.RaftNode [LEADER/1] - Raft node stopped: health-test-node
[INFO] Tests run: 0, Failures: 0, Errors: 0, Skipped: 0, Time elapsed: 1.597 s -- in dev.mars.quorus.controller.http.HttpApiServerHealthTest
[INFO] Running dev.mars.quorus.controller.http.OpenApiContractTest
[INFO] Tests run: 1, Failures: 0, Errors: 0, Skipped: 0, Time elapsed: 0.087 s -- in dev.mars.quorus.controller.http.OpenApiContractTest
[INFO] Running dev.mars.quorus.controller.http.SecurityBoundaryIntegrationTest
09:37:14.051 [ForkJoinPool-1-worker-1] DEBUG d.m.q.c.state.QuorusStateStore - Initializing default metadata: version=2.0
09:37:14.052 [vert.x-eventloop-thread-0] INFO  d.m.quorus.controller.raft.RaftNode - Starting Raft node: security-boundary-24618720861900
09:37:14.053 [vert.x-eventloop-thread-0] INFO  d.m.quorus.controller.raft.RaftNode [FOLLOWER/0] - No storage configured, running in volatile mode
09:37:14.053 [vert.x-eventloop-thread-0] INFO  d.m.q.c.r.InMemoryTransportSimulator [FOLLOWER/0] - Started in-memory transport for node: security-boundary-24618720861900
09:37:14.053 [vert.x-eventloop-thread-0] INFO  d.m.quorus.controller.raft.RaftNode [FOLLOWER/0] - Raft node security-boundary-24618720861900 started successfully (term=0, logSize=1)
09:37:14.327 [vert.x-eventloop-thread-0] INFO  d.m.quorus.controller.raft.RaftNode [FOLLOWER/0] - Starting election for node: security-boundary-24618720861900
09:37:14.327 [vert.x-eventloop-thread-0] DEBUG d.m.quorus.controller.raft.RaftNode [CANDIDATE/1] - Persisting raft metadata: term=1, votedForPresent=true, votedFor=security-boundary-24618720861900
09:37:14.327 [vert.x-eventloop-thread-0] INFO  d.m.quorus.controller.raft.RaftNode [LEADER/1] - Node security-boundary-24618720861900 became LEADER for term 1
09:37:14.327 [vert.x-eventloop-thread-0] INFO  d.m.quorus.controller.raft.RaftNode [LEADER/1] - Command submitted at index 1 term 1
09:37:14.328 [vert.x-eventloop-thread-0] DEBUG d.m.quorus.controller.raft.RaftNode [LEADER/1] - Committed leader no-op entry for term 1
09:37:14.334 [ForkJoinPool-1-worker-1] INFO  d.m.q.controller.config.AppConfig - Loaded configuration from quorus-controller.properties
09:37:14.335 [ForkJoinPool-1-worker-1] DEBUG d.m.q.controller.config.AppConfig - Optional configuration profile quorus-controller-test.properties not found
09:37:14.335 [ForkJoinPool-1-worker-1] INFO  d.m.q.controller.config.AppConfig - === Quorus Controller Configuration ===
09:37:14.336 [ForkJoinPool-1-worker-1] INFO  d.m.q.controller.config.AppConfig -   Node ID:              test-node
09:37:14.336 [ForkJoinPool-1-worker-1] INFO  d.m.q.controller.config.AppConfig -   HTTP Host:            127.0.0.1
09:37:14.336 [ForkJoinPool-1-worker-1] INFO  d.m.q.controller.config.AppConfig -   HTTP Port:            8080
09:37:14.336 [ForkJoinPool-1-worker-1] INFO  d.m.q.controller.config.AppConfig -   Raft Port:            9080
09:37:14.336 [ForkJoinPool-1-worker-1] INFO  d.m.q.controller.config.AppConfig -   Cluster Nodes:        test-node=localhost:9080
09:37:14.336 [ForkJoinPool-1-worker-1] INFO  d.m.q.controller.config.AppConfig -   Service Name:         quorus-controller
09:37:14.336 [ForkJoinPool-1-worker-1] INFO  d.m.q.controller.config.AppConfig -   Version:              2.0-ext
09:37:14.336 [ForkJoinPool-1-worker-1] INFO  d.m.q.controller.config.AppConfig -   --- Thread Pools ---
09:37:14.336 [ForkJoinPool-1-worker-1] INFO  d.m.q.controller.config.AppConfig -   Raft I/O Pool Size:   10
09:37:14.336 [ForkJoinPool-1-worker-1] INFO  d.m.q.controller.config.AppConfig -   Raft I/O Queue Size:  1000
09:37:14.336 [ForkJoinPool-1-worker-1] INFO  d.m.q.controller.config.AppConfig -   --- Job Assignment ---
09:37:14.336 [ForkJoinPool-1-worker-1] INFO  d.m.q.controller.config.AppConfig -   Initial Delay:        5000ms
09:37:14.336 [ForkJoinPool-1-worker-1] INFO  d.m.q.controller.config.AppConfig -   Assignment Interval:  10000ms
09:37:14.336 [ForkJoinPool-1-worker-1] INFO  d.m.q.controller.config.AppConfig -   Timeout Initial:      30000ms
09:37:14.336 [ForkJoinPool-1-worker-1] INFO  d.m.q.controller.config.AppConfig -   Timeout Interval:     30000ms
09:37:14.337 [ForkJoinPool-1-worker-1] INFO  d.m.q.controller.config.AppConfig -   --- Snapshot ---
09:37:14.337 [ForkJoinPool-1-worker-1] INFO  d.m.q.controller.config.AppConfig -   Enabled:              true
09:37:14.337 [ForkJoinPool-1-worker-1] INFO  d.m.q.controller.config.AppConfig -   Threshold:            10000 entries
09:37:14.337 [ForkJoinPool-1-worker-1] INFO  d.m.q.controller.config.AppConfig -   Check Interval:       60000ms
09:37:14.337 [ForkJoinPool-1-worker-1] INFO  d.m.q.controller.config.AppConfig -   --- Telemetry ---
09:37:14.337 [ForkJoinPool-1-worker-1] INFO  d.m.q.controller.config.AppConfig -   Enabled:              true
09:37:14.337 [ForkJoinPool-1-worker-1] INFO  d.m.q.controller.config.AppConfig -   OTLP Endpoint:        http://localhost:4317
09:37:14.337 [ForkJoinPool-1-worker-1] INFO  d.m.q.controller.config.AppConfig -   Prometheus Port:      9464
09:37:14.337 [ForkJoinPool-1-worker-1] INFO  d.m.q.controller.config.AppConfig -   Transfer Freshness:   60000ms
09:37:14.337 [ForkJoinPool-1-worker-1] INFO  d.m.q.controller.config.AppConfig -   Transfer Stall:       120000ms
09:37:14.337 [ForkJoinPool-1-worker-1] INFO  d.m.q.controller.config.AppConfig - ========================================
09:37:14.421 [vert.x-eventloop-thread-0] INFO  d.m.q.controller.http.HttpApiServer [LEADER/1] - HTTP API Server listening on 127.0.0.1:54800
09:37:14.760 [vert.x-eventloop-thread-0] WARN  d.m.q.c.http.GlobalErrorHandler [LEADER/1] [req-ae4e1af2-44b0-4b32-aaac-3aefac93a220] - Client error [FORBIDDEN] at /api/v1/agents: Required permission is not granted [Q-AUTHZ-SCOPE-MISSING]
09:37:14.765 [vert.x-eventloop-thread-0] INFO  d.m.q.controller.http.HttpApiServer [LEADER/1] - HTTP API Server stopped
09:37:14.766 [vert.x-eventloop-thread-0] INFO  d.m.q.c.r.InMemoryTransportSimulator [LEADER/1] - Stopped in-memory transport for node: security-boundary-24618720861900
09:37:14.766 [vert.x-eventloop-thread-0] INFO  d.m.quorus.controller.raft.RaftNode [LEADER/1] - Raft node stopped: security-boundary-24618720861900
09:37:14.842 [ForkJoinPool-1-worker-1] DEBUG d.m.q.c.state.QuorusStateStore - Initializing default metadata: version=2.0
09:37:14.844 [vert.x-eventloop-thread-0] INFO  d.m.quorus.controller.raft.RaftNode - Starting Raft node: security-boundary-24619511868600
09:37:14.844 [vert.x-eventloop-thread-0] INFO  d.m.quorus.controller.raft.RaftNode [FOLLOWER/0] - No storage configured, running in volatile mode
09:37:14.844 [vert.x-eventloop-thread-0] INFO  d.m.q.c.r.InMemoryTransportSimulator [FOLLOWER/0] - Started in-memory transport for node: security-boundary-24619511868600
09:37:14.844 [vert.x-eventloop-thread-0] INFO  d.m.quorus.controller.raft.RaftNode [FOLLOWER/0] - Raft node security-boundary-24619511868600 started successfully (term=0, logSize=1)
09:37:15.246 [vert.x-eventloop-thread-0] INFO  d.m.quorus.controller.raft.RaftNode [FOLLOWER/0] - Starting election for node: security-boundary-24619511868600
09:37:15.246 [vert.x-eventloop-thread-0] DEBUG d.m.quorus.controller.raft.RaftNode [CANDIDATE/1] - Persisting raft metadata: term=1, votedForPresent=true, votedFor=security-boundary-24619511868600
09:37:15.247 [vert.x-eventloop-thread-0] INFO  d.m.quorus.controller.raft.RaftNode [LEADER/1] - Node security-boundary-24619511868600 became LEADER for term 1
09:37:15.247 [vert.x-eventloop-thread-0] INFO  d.m.quorus.controller.raft.RaftNode [LEADER/1] - Command submitted at index 1 term 1
09:37:15.247 [vert.x-eventloop-thread-0] DEBUG d.m.quorus.controller.raft.RaftNode [LEADER/1] - Committed leader no-op entry for term 1
09:37:15.255 [ForkJoinPool-1-worker-1] INFO  d.m.q.controller.config.AppConfig - Loaded configuration from quorus-controller.properties
09:37:15.255 [ForkJoinPool-1-worker-1] DEBUG d.m.q.controller.config.AppConfig - Optional configuration profile quorus-controller-test.properties not found
09:37:15.256 [ForkJoinPool-1-worker-1] INFO  d.m.q.controller.config.AppConfig - === Quorus Controller Configuration ===
09:37:15.256 [ForkJoinPool-1-worker-1] INFO  d.m.q.controller.config.AppConfig -   Node ID:              test-node
09:37:15.256 [ForkJoinPool-1-worker-1] INFO  d.m.q.controller.config.AppConfig -   HTTP Host:            127.0.0.1
09:37:15.256 [ForkJoinPool-1-worker-1] INFO  d.m.q.controller.config.AppConfig -   HTTP Port:            8080
09:37:15.256 [ForkJoinPool-1-worker-1] INFO  d.m.q.controller.config.AppConfig -   Raft Port:            9080
09:37:15.256 [ForkJoinPool-1-worker-1] INFO  d.m.q.controller.config.AppConfig -   Cluster Nodes:        test-node=localhost:9080
09:37:15.256 [ForkJoinPool-1-worker-1] INFO  d.m.q.controller.config.AppConfig -   Service Name:         quorus-controller
09:37:15.256 [ForkJoinPool-1-worker-1] INFO  d.m.q.controller.config.AppConfig -   Version:              2.0-ext
09:37:15.256 [ForkJoinPool-1-worker-1] INFO  d.m.q.controller.config.AppConfig -   --- Thread Pools ---
09:37:15.256 [ForkJoinPool-1-worker-1] INFO  d.m.q.controller.config.AppConfig -   Raft I/O Pool Size:   10
09:37:15.256 [ForkJoinPool-1-worker-1] INFO  d.m.q.controller.config.AppConfig -   Raft I/O Queue Size:  1000
09:37:15.256 [ForkJoinPool-1-worker-1] INFO  d.m.q.controller.config.AppConfig -   --- Job Assignment ---
09:37:15.256 [ForkJoinPool-1-worker-1] INFO  d.m.q.controller.config.AppConfig -   Initial Delay:        5000ms
09:37:15.256 [ForkJoinPool-1-worker-1] INFO  d.m.q.controller.config.AppConfig -   Assignment Interval:  10000ms
09:37:15.256 [ForkJoinPool-1-worker-1] INFO  d.m.q.controller.config.AppConfig -   Timeout Initial:      30000ms
09:37:15.256 [ForkJoinPool-1-worker-1] INFO  d.m.q.controller.config.AppConfig -   Timeout Interval:     30000ms
09:37:15.256 [ForkJoinPool-1-worker-1] INFO  d.m.q.controller.config.AppConfig -   --- Snapshot ---
09:37:15.256 [ForkJoinPool-1-worker-1] INFO  d.m.q.controller.config.AppConfig -   Enabled:              true
09:37:15.256 [ForkJoinPool-1-worker-1] INFO  d.m.q.controller.config.AppConfig -   Threshold:            10000 entries
09:37:15.256 [ForkJoinPool-1-worker-1] INFO  d.m.q.controller.config.AppConfig -   Check Interval:       60000ms
09:37:15.257 [ForkJoinPool-1-worker-1] INFO  d.m.q.controller.config.AppConfig -   --- Telemetry ---
09:37:15.257 [ForkJoinPool-1-worker-1] INFO  d.m.q.controller.config.AppConfig -   Enabled:              true
09:37:15.257 [ForkJoinPool-1-worker-1] INFO  d.m.q.controller.config.AppConfig -   OTLP Endpoint:        http://localhost:4317
09:37:15.257 [ForkJoinPool-1-worker-1] INFO  d.m.q.controller.config.AppConfig -   Prometheus Port:      9464
09:37:15.257 [ForkJoinPool-1-worker-1] INFO  d.m.q.controller.config.AppConfig -   Transfer Freshness:   60000ms
09:37:15.257 [ForkJoinPool-1-worker-1] INFO  d.m.q.controller.config.AppConfig -   Transfer Stall:       120000ms
09:37:15.257 [ForkJoinPool-1-worker-1] INFO  d.m.q.controller.config.AppConfig - ========================================
09:37:15.279 [vert.x-eventloop-thread-0] INFO  d.m.q.controller.http.HttpApiServer [LEADER/1] - HTTP API Server listening on 127.0.0.1:54805
09:37:15.322 [vert.x-eventloop-thread-0] INFO  d.m.quorus.controller.raft.RaftNode [LEADER/1] [req-1acede7d-3cd6-4dfe-b41d-ecb400c2c3f0] - Command submitted at index 2 term 1
09:37:15.323 [vert.x-eventloop-thread-0] DEBUG d.m.q.c.state.QuorusStateStore [LEADER/1] [req-1acede7d-3cd6-4dfe-b41d-ecb400c2c3f0] - Applying command: type=Set
09:37:15.327 [vert.x-eventloop-thread-0] DEBUG d.m.q.c.state.QuorusStateStore [LEADER/1] [req-1acede7d-3cd6-4dfe-b41d-ecb400c2c3f0] - Processing system metadata command: key=phase4.v2.secret-reference.bank.branch:ledger, type=Set
09:37:15.327 [vert.x-eventloop-thread-0] INFO  d.m.q.c.state.QuorusStateStore [LEADER/1] [req-1acede7d-3cd6-4dfe-b41d-ecb400c2c3f0] - Set system metadata: key=phase4.v2.secret-reference.bank.branch:ledger, valuePresent=true, replaced=false
09:37:15.328 [vert.x-eventloop-thread-0] DEBUG d.m.q.c.state.QuorusStateStore [LEADER/1] [req-1acede7d-3cd6-4dfe-b41d-ecb400c2c3f0] - Command applied successfully: type=Set, result=Success
09:37:15.330 [vert.x-eventloop-thread-0] INFO  d.m.quorus.controller.raft.RaftNode [LEADER/1] [req-1acede7d-3cd6-4dfe-b41d-ecb400c2c3f0] - Command submitted at index 3 term 1
09:37:15.330 [vert.x-eventloop-thread-0] DEBUG d.m.q.c.state.QuorusStateStore [LEADER/1] [req-1acede7d-3cd6-4dfe-b41d-ecb400c2c3f0] - Applying command: type=Set
09:37:15.330 [vert.x-eventloop-thread-0] DEBUG d.m.q.c.state.QuorusStateStore [LEADER/1] [req-1acede7d-3cd6-4dfe-b41d-ecb400c2c3f0] - Processing system metadata command: key=phase4.v2.security-event.bank.branch:1790498235328.688c6394-02e7-4534-9392-968238e9a5d5, type=Set
09:37:15.330 [vert.x-eventloop-thread-0] INFO  d.m.q.c.state.QuorusStateStore [LEADER/1] [req-1acede7d-3cd6-4dfe-b41d-ecb400c2c3f0] - Set system metadata: key=phase4.v2.security-event.bank.branch:1790498235328.688c6394-02e7-4534-9392-968238e9a5d5, valuePresent=true, replaced=false
09:37:15.330 [vert.x-eventloop-thread-0] DEBUG d.m.q.c.state.QuorusStateStore [LEADER/1] [req-1acede7d-3cd6-4dfe-b41d-ecb400c2c3f0] - Command applied successfully: type=Set, result=Success
09:37:15.334 [vert.x-eventloop-thread-0] WARN  d.m.q.c.http.GlobalErrorHandler [LEADER/1] [req-1e2274c0-1248-456b-94e0-cabb776b02c3] - Client error [NOT_FOUND] at /api/v1/secret-references/branch.ledger: Secret reference not found
09:37:15.337 [vert.x-eventloop-thread-0] INFO  d.m.q.controller.http.HttpApiServer [LEADER/1] - HTTP API Server stopped
09:37:15.337 [vert.x-eventloop-thread-0] INFO  d.m.q.c.r.InMemoryTransportSimulator [LEADER/1] - Stopped in-memory transport for node: security-boundary-24619511868600
09:37:15.337 [vert.x-eventloop-thread-0] INFO  d.m.quorus.controller.raft.RaftNode [LEADER/1] - Raft node stopped: security-boundary-24619511868600
09:37:15.382 [ForkJoinPool-1-worker-1] DEBUG d.m.q.c.state.QuorusStateStore - Initializing default metadata: version=2.0
09:37:15.383 [vert.x-eventloop-thread-0] INFO  d.m.quorus.controller.raft.RaftNode - Starting Raft node: security-boundary-24620050936500
09:37:15.383 [vert.x-eventloop-thread-0] INFO  d.m.quorus.controller.raft.RaftNode [FOLLOWER/0] - No storage configured, running in volatile mode
09:37:15.383 [vert.x-eventloop-thread-0] INFO  d.m.q.c.r.InMemoryTransportSimulator [FOLLOWER/0] - Started in-memory transport for node: security-boundary-24620050936500
09:37:15.383 [vert.x-eventloop-thread-0] INFO  d.m.quorus.controller.raft.RaftNode [FOLLOWER/0] - Raft node security-boundary-24620050936500 started successfully (term=0, logSize=1)
09:37:15.671 [vert.x-eventloop-thread-0] INFO  d.m.quorus.controller.raft.RaftNode [FOLLOWER/0] - Starting election for node: security-boundary-24620050936500
09:37:15.672 [vert.x-eventloop-thread-0] DEBUG d.m.quorus.controller.raft.RaftNode [CANDIDATE/1] - Persisting raft metadata: term=1, votedForPresent=true, votedFor=security-boundary-24620050936500
09:37:15.672 [vert.x-eventloop-thread-0] INFO  d.m.quorus.controller.raft.RaftNode [LEADER/1] - Node security-boundary-24620050936500 became LEADER for term 1
09:37:15.672 [vert.x-eventloop-thread-0] INFO  d.m.quorus.controller.raft.RaftNode [LEADER/1] - Command submitted at index 1 term 1
09:37:15.672 [vert.x-eventloop-thread-0] DEBUG d.m.quorus.controller.raft.RaftNode [LEADER/1] - Committed leader no-op entry for term 1
09:37:15.673 [ForkJoinPool-1-worker-1] INFO  d.m.q.controller.config.AppConfig - Loaded configuration from quorus-controller.properties
09:37:15.675 [ForkJoinPool-1-worker-1] DEBUG d.m.q.controller.config.AppConfig - Optional configuration profile quorus-controller-test.properties not found
09:37:15.675 [ForkJoinPool-1-worker-1] INFO  d.m.q.controller.config.AppConfig - === Quorus Controller Configuration ===
09:37:15.675 [ForkJoinPool-1-worker-1] INFO  d.m.q.controller.config.AppConfig -   Node ID:              test-node
09:37:15.676 [ForkJoinPool-1-worker-1] INFO  d.m.q.controller.config.AppConfig -   HTTP Host:            127.0.0.1
09:37:15.676 [ForkJoinPool-1-worker-1] INFO  d.m.q.controller.config.AppConfig -   HTTP Port:            8080
09:37:15.676 [ForkJoinPool-1-worker-1] INFO  d.m.q.controller.config.AppConfig -   Raft Port:            9080
09:37:15.676 [ForkJoinPool-1-worker-1] INFO  d.m.q.controller.config.AppConfig -   Cluster Nodes:        test-node=localhost:9080
09:37:15.676 [ForkJoinPool-1-worker-1] INFO  d.m.q.controller.config.AppConfig -   Service Name:         quorus-controller
09:37:15.676 [ForkJoinPool-1-worker-1] INFO  d.m.q.controller.config.AppConfig -   Version:              2.0-ext
09:37:15.676 [ForkJoinPool-1-worker-1] INFO  d.m.q.controller.config.AppConfig -   --- Thread Pools ---
09:37:15.676 [ForkJoinPool-1-worker-1] INFO  d.m.q.controller.config.AppConfig -   Raft I/O Pool Size:   10
09:37:15.676 [ForkJoinPool-1-worker-1] INFO  d.m.q.controller.config.AppConfig -   Raft I/O Queue Size:  1000
09:37:15.677 [ForkJoinPool-1-worker-1] INFO  d.m.q.controller.config.AppConfig -   --- Job Assignment ---
09:37:15.677 [ForkJoinPool-1-worker-1] INFO  d.m.q.controller.config.AppConfig -   Initial Delay:        5000ms
09:37:15.677 [ForkJoinPool-1-worker-1] INFO  d.m.q.controller.config.AppConfig -   Assignment Interval:  10000ms
09:37:15.677 [ForkJoinPool-1-worker-1] INFO  d.m.q.controller.config.AppConfig -   Timeout Initial:      30000ms
09:37:15.677 [ForkJoinPool-1-worker-1] INFO  d.m.q.controller.config.AppConfig -   Timeout Interval:     30000ms
09:37:15.677 [ForkJoinPool-1-worker-1] INFO  d.m.q.controller.config.AppConfig -   --- Snapshot ---
09:37:15.678 [ForkJoinPool-1-worker-1] INFO  d.m.q.controller.config.AppConfig -   Enabled:              true
09:37:15.678 [ForkJoinPool-1-worker-1] INFO  d.m.q.controller.config.AppConfig -   Threshold:            10000 entries
09:37:15.678 [ForkJoinPool-1-worker-1] INFO  d.m.q.controller.config.AppConfig -   Check Interval:       60000ms
09:37:15.678 [ForkJoinPool-1-worker-1] INFO  d.m.q.controller.config.AppConfig -   --- Telemetry ---
09:37:15.678 [ForkJoinPool-1-worker-1] INFO  d.m.q.controller.config.AppConfig -   Enabled:              true
09:37:15.678 [ForkJoinPool-1-worker-1] INFO  d.m.q.controller.config.AppConfig -   OTLP Endpoint:        http://localhost:4317
09:37:15.678 [ForkJoinPool-1-worker-1] INFO  d.m.q.controller.config.AppConfig -   Prometheus Port:      9464
09:37:15.678 [ForkJoinPool-1-worker-1] INFO  d.m.q.controller.config.AppConfig -   Transfer Freshness:   60000ms
09:37:15.678 [ForkJoinPool-1-worker-1] INFO  d.m.q.controller.config.AppConfig -   Transfer Stall:       120000ms
09:37:15.678 [ForkJoinPool-1-worker-1] INFO  d.m.q.controller.config.AppConfig - ========================================
09:37:15.696 [vert.x-eventloop-thread-0] INFO  d.m.q.controller.http.HttpApiServer [LEADER/1] - HTTP API Server listening on 127.0.0.1:54807
09:37:15.735 [vert.x-eventloop-thread-0] INFO  d.m.quorus.controller.raft.RaftNode [LEADER/1] [req-17343c49-a45d-48af-a30e-d210d4adb196] - Command submitted at index 2 term 1
09:37:15.735 [vert.x-eventloop-thread-0] DEBUG d.m.q.c.state.QuorusStateStore [LEADER/1] [req-17343c49-a45d-48af-a30e-d210d4adb196] - Applying command: type=Set
09:37:15.736 [vert.x-eventloop-thread-0] DEBUG d.m.q.c.state.QuorusStateStore [LEADER/1] [req-17343c49-a45d-48af-a30e-d210d4adb196] - Processing system metadata command: key=phase4.v2.secret-reference.bank.branch:ledger, type=Set
09:37:15.736 [vert.x-eventloop-thread-0] INFO  d.m.q.c.state.QuorusStateStore [LEADER/1] [req-17343c49-a45d-48af-a30e-d210d4adb196] - Set system metadata: key=phase4.v2.secret-reference.bank.branch:ledger, valuePresent=true, replaced=false
09:37:15.736 [vert.x-eventloop-thread-0] DEBUG d.m.q.c.state.QuorusStateStore [LEADER/1] [req-17343c49-a45d-48af-a30e-d210d4adb196] - Command applied successfully: type=Set, result=Success
09:37:15.736 [vert.x-eventloop-thread-0] INFO  d.m.quorus.controller.raft.RaftNode [LEADER/1] [req-17343c49-a45d-48af-a30e-d210d4adb196] - Command submitted at index 3 term 1
09:37:15.737 [vert.x-eventloop-thread-0] DEBUG d.m.q.c.state.QuorusStateStore [LEADER/1] [req-17343c49-a45d-48af-a30e-d210d4adb196] - Applying command: type=Set
09:37:15.737 [vert.x-eventloop-thread-0] DEBUG d.m.q.c.state.QuorusStateStore [LEADER/1] [req-17343c49-a45d-48af-a30e-d210d4adb196] - Processing system metadata command: key=phase4.v2.security-event.bank.branch:1790498235736.f0f9f1ea-6d9d-4e9f-b211-e59a05712f76, type=Set
09:37:15.737 [vert.x-eventloop-thread-0] INFO  d.m.q.c.state.QuorusStateStore [LEADER/1] [req-17343c49-a45d-48af-a30e-d210d4adb196] - Set system metadata: key=phase4.v2.security-event.bank.branch:1790498235736.f0f9f1ea-6d9d-4e9f-b211-e59a05712f76, valuePresent=true, replaced=false
09:37:15.737 [vert.x-eventloop-thread-0] DEBUG d.m.q.c.state.QuorusStateStore [LEADER/1] [req-17343c49-a45d-48af-a30e-d210d4adb196] - Command applied successfully: type=Set, result=Success
09:37:15.740 [vert.x-eventloop-thread-0] INFO  d.m.quorus.controller.raft.RaftNode [LEADER/1] [req-77afdf50-a370-48d4-9906-a22a293b65f2] - Command submitted at index 4 term 1
09:37:15.741 [vert.x-eventloop-thread-0] DEBUG d.m.q.c.state.QuorusStateStore [LEADER/1] [req-77afdf50-a370-48d4-9906-a22a293b65f2] - Applying command: type=Set
09:37:15.741 [vert.x-eventloop-thread-0] DEBUG d.m.q.c.state.QuorusStateStore [LEADER/1] [req-77afdf50-a370-48d4-9906-a22a293b65f2] - Processing system metadata command: key=phase4.v2.secret-reference.bank:branch.ledger, type=Set
09:37:15.741 [vert.x-eventloop-thread-0] INFO  d.m.q.c.state.QuorusStateStore [LEADER/1] [req-77afdf50-a370-48d4-9906-a22a293b65f2] - Set system metadata: key=phase4.v2.secret-reference.bank:branch.ledger, valuePresent=true, replaced=false
09:37:15.741 [vert.x-eventloop-thread-0] DEBUG d.m.q.c.state.QuorusStateStore [LEADER/1] [req-77afdf50-a370-48d4-9906-a22a293b65f2] - Command applied successfully: type=Set, result=Success
09:37:15.741 [vert.x-eventloop-thread-0] INFO  d.m.quorus.controller.raft.RaftNode [LEADER/1] [req-77afdf50-a370-48d4-9906-a22a293b65f2] - Command submitted at index 5 term 1
09:37:15.741 [vert.x-eventloop-thread-0] DEBUG d.m.q.c.state.QuorusStateStore [LEADER/1] [req-77afdf50-a370-48d4-9906-a22a293b65f2] - Applying command: type=Set
09:37:15.741 [vert.x-eventloop-thread-0] DEBUG d.m.q.c.state.QuorusStateStore [LEADER/1] [req-77afdf50-a370-48d4-9906-a22a293b65f2] - Processing system metadata command: key=phase4.v2.security-event.bank:1790498235741.f0ce80c2-7395-4a47-a330-77e261afd754, type=Set
09:37:15.741 [vert.x-eventloop-thread-0] INFO  d.m.q.c.state.QuorusStateStore [LEADER/1] [req-77afdf50-a370-48d4-9906-a22a293b65f2] - Set system metadata: key=phase4.v2.security-event.bank:1790498235741.f0ce80c2-7395-4a47-a330-77e261afd754, valuePresent=true, replaced=false
09:37:15.742 [vert.x-eventloop-thread-0] DEBUG d.m.q.c.state.QuorusStateStore [LEADER/1] [req-77afdf50-a370-48d4-9906-a22a293b65f2] - Command applied successfully: type=Set, result=Success
09:37:15.747 [vert.x-eventloop-thread-0] INFO  d.m.q.controller.http.HttpApiServer [LEADER/1] - HTTP API Server stopped
09:37:15.747 [vert.x-eventloop-thread-0] INFO  d.m.q.c.r.InMemoryTransportSimulator [LEADER/1] - Stopped in-memory transport for node: security-boundary-24620050936500
09:37:15.747 [vert.x-eventloop-thread-0] INFO  d.m.quorus.controller.raft.RaftNode [LEADER/1] - Raft node stopped: security-boundary-24620050936500
09:37:15.791 [ForkJoinPool-1-worker-1] DEBUG d.m.q.c.state.QuorusStateStore - Initializing default metadata: version=2.0
09:37:15.792 [vert.x-eventloop-thread-0] INFO  d.m.quorus.controller.raft.RaftNode - Starting Raft node: security-boundary-24620460382300
09:37:15.792 [vert.x-eventloop-thread-0] INFO  d.m.quorus.controller.raft.RaftNode [FOLLOWER/0] - No storage configured, running in volatile mode
09:37:15.792 [vert.x-eventloop-thread-0] INFO  d.m.q.c.r.InMemoryTransportSimulator [FOLLOWER/0] - Started in-memory transport for node: security-boundary-24620460382300
09:37:15.792 [vert.x-eventloop-thread-0] INFO  d.m.quorus.controller.raft.RaftNode [FOLLOWER/0] - Raft node security-boundary-24620460382300 started successfully (term=0, logSize=1)
09:37:16.070 [vert.x-eventloop-thread-0] INFO  d.m.quorus.controller.raft.RaftNode [FOLLOWER/0] - Starting election for node: security-boundary-24620460382300
09:37:16.070 [vert.x-eventloop-thread-0] DEBUG d.m.quorus.controller.raft.RaftNode [CANDIDATE/1] - Persisting raft metadata: term=1, votedForPresent=true, votedFor=security-boundary-24620460382300
09:37:16.070 [vert.x-eventloop-thread-0] INFO  d.m.quorus.controller.raft.RaftNode [LEADER/1] - Node security-boundary-24620460382300 became LEADER for term 1
09:37:16.071 [vert.x-eventloop-thread-0] INFO  d.m.quorus.controller.raft.RaftNode [LEADER/1] - Command submitted at index 1 term 1
09:37:16.071 [vert.x-eventloop-thread-0] DEBUG d.m.quorus.controller.raft.RaftNode [LEADER/1] - Committed leader no-op entry for term 1
09:37:16.074 [ForkJoinPool-1-worker-1] INFO  d.m.q.controller.config.AppConfig - Loaded configuration from quorus-controller.properties
09:37:16.074 [ForkJoinPool-1-worker-1] DEBUG d.m.q.controller.config.AppConfig - Optional configuration profile quorus-controller-test.properties not found
09:37:16.074 [ForkJoinPool-1-worker-1] INFO  d.m.q.controller.config.AppConfig - === Quorus Controller Configuration ===
09:37:16.074 [ForkJoinPool-1-worker-1] INFO  d.m.q.controller.config.AppConfig -   Node ID:              test-node
09:37:16.074 [ForkJoinPool-1-worker-1] INFO  d.m.q.controller.config.AppConfig -   HTTP Host:            127.0.0.1
09:37:16.074 [ForkJoinPool-1-worker-1] INFO  d.m.q.controller.config.AppConfig -   HTTP Port:            8080
09:37:16.075 [ForkJoinPool-1-worker-1] INFO  d.m.q.controller.config.AppConfig -   Raft Port:            9080
09:37:16.075 [ForkJoinPool-1-worker-1] INFO  d.m.q.controller.config.AppConfig -   Cluster Nodes:        test-node=localhost:9080
09:37:16.075 [ForkJoinPool-1-worker-1] INFO  d.m.q.controller.config.AppConfig -   Service Name:         quorus-controller
09:37:16.075 [ForkJoinPool-1-worker-1] INFO  d.m.q.controller.config.AppConfig -   Version:              2.0-ext
09:37:16.075 [ForkJoinPool-1-worker-1] INFO  d.m.q.controller.config.AppConfig -   --- Thread Pools ---
09:37:16.075 [ForkJoinPool-1-worker-1] INFO  d.m.q.controller.config.AppConfig -   Raft I/O Pool Size:   10
09:37:16.075 [ForkJoinPool-1-worker-1] INFO  d.m.q.controller.config.AppConfig -   Raft I/O Queue Size:  1000
09:37:16.075 [ForkJoinPool-1-worker-1] INFO  d.m.q.controller.config.AppConfig -   --- Job Assignment ---
09:37:16.075 [ForkJoinPool-1-worker-1] INFO  d.m.q.controller.config.AppConfig -   Initial Delay:        5000ms
09:37:16.077 [ForkJoinPool-1-worker-1] INFO  d.m.q.controller.config.AppConfig -   Assignment Interval:  10000ms
09:37:16.077 [ForkJoinPool-1-worker-1] INFO  d.m.q.controller.config.AppConfig -   Timeout Initial:      30000ms
09:37:16.077 [ForkJoinPool-1-worker-1] INFO  d.m.q.controller.config.AppConfig -   Timeout Interval:     30000ms
09:37:16.077 [ForkJoinPool-1-worker-1] INFO  d.m.q.controller.config.AppConfig -   --- Snapshot ---
09:37:16.077 [ForkJoinPool-1-worker-1] INFO  d.m.q.controller.config.AppConfig -   Enabled:              true
09:37:16.077 [ForkJoinPool-1-worker-1] INFO  d.m.q.controller.config.AppConfig -   Threshold:            10000 entries
09:37:16.077 [ForkJoinPool-1-worker-1] INFO  d.m.q.controller.config.AppConfig -   Check Interval:       60000ms
09:37:16.077 [ForkJoinPool-1-worker-1] INFO  d.m.q.controller.config.AppConfig -   --- Telemetry ---
09:37:16.077 [ForkJoinPool-1-worker-1] INFO  d.m.q.controller.config.AppConfig -   Enabled:              true
09:37:16.077 [ForkJoinPool-1-worker-1] INFO  d.m.q.controller.config.AppConfig -   OTLP Endpoint:        http://localhost:4317
09:37:16.077 [ForkJoinPool-1-worker-1] INFO  d.m.q.controller.config.AppConfig -   Prometheus Port:      9464
09:37:16.077 [ForkJoinPool-1-worker-1] INFO  d.m.q.controller.config.AppConfig -   Transfer Freshness:   60000ms
09:37:16.077 [ForkJoinPool-1-worker-1] INFO  d.m.q.controller.config.AppConfig -   Transfer Stall:       120000ms
09:37:16.077 [ForkJoinPool-1-worker-1] INFO  d.m.q.controller.config.AppConfig - ========================================
09:37:16.093 [vert.x-eventloop-thread-0] INFO  d.m.q.controller.http.HttpApiServer [LEADER/1] - HTTP API Server listening on 127.0.0.1:59722
09:37:16.124 [vert.x-eventloop-thread-0] INFO  d.m.quorus.controller.raft.RaftNode [LEADER/1] [req-b2deaa27-c897-40bc-b315-b684b6d87686] - Command submitted at index 2 term 1
09:37:16.124 [vert.x-eventloop-thread-0] DEBUG d.m.q.c.state.QuorusStateStore [LEADER/1] [req-b2deaa27-c897-40bc-b315-b684b6d87686] - Applying command: type=Set
09:37:16.124 [vert.x-eventloop-thread-0] DEBUG d.m.q.c.state.QuorusStateStore [LEADER/1] [req-b2deaa27-c897-40bc-b315-b684b6d87686] - Processing system metadata command: key=phase4.v2.secret-reference.bank.branch:ledger, type=Set
09:37:16.124 [vert.x-eventloop-thread-0] INFO  d.m.q.c.state.QuorusStateStore [LEADER/1] [req-b2deaa27-c897-40bc-b315-b684b6d87686] - Set system metadata: key=phase4.v2.secret-reference.bank.branch:ledger, valuePresent=true, replaced=false
09:37:16.124 [vert.x-eventloop-thread-0] DEBUG d.m.q.c.state.QuorusStateStore [LEADER/1] [req-b2deaa27-c897-40bc-b315-b684b6d87686] - Command applied successfully: type=Set, result=Success
09:37:16.125 [vert.x-eventloop-thread-0] INFO  d.m.quorus.controller.raft.RaftNode [LEADER/1] [req-b2deaa27-c897-40bc-b315-b684b6d87686] - Command submitted at index 3 term 1
09:37:16.125 [vert.x-eventloop-thread-0] DEBUG d.m.q.c.state.QuorusStateStore [LEADER/1] [req-b2deaa27-c897-40bc-b315-b684b6d87686] - Applying command: type=Set
09:37:16.125 [vert.x-eventloop-thread-0] DEBUG d.m.q.c.state.QuorusStateStore [LEADER/1] [req-b2deaa27-c897-40bc-b315-b684b6d87686] - Processing system metadata command: key=phase4.v2.security-event.bank.branch:1790498236124.a7b9001f-d35a-4ff5-9024-ea07d309dc8d, type=Set
09:37:16.125 [vert.x-eventloop-thread-0] INFO  d.m.q.c.state.QuorusStateStore [LEADER/1] [req-b2deaa27-c897-40bc-b315-b684b6d87686] - Set system metadata: key=phase4.v2.security-event.bank.branch:1790498236124.a7b9001f-d35a-4ff5-9024-ea07d309dc8d, valuePresent=true, replaced=false
09:37:16.125 [vert.x-eventloop-thread-0] DEBUG d.m.q.c.state.QuorusStateStore [LEADER/1] [req-b2deaa27-c897-40bc-b315-b684b6d87686] - Command applied successfully: type=Set, result=Success
09:37:16.131 [vert.x-eventloop-thread-0] INFO  d.m.q.controller.http.HttpApiServer [LEADER/1] - HTTP API Server stopped
09:37:16.131 [vert.x-eventloop-thread-0] INFO  d.m.q.c.r.InMemoryTransportSimulator [LEADER/1] - Stopped in-memory transport for node: security-boundary-24620460382300
09:37:16.133 [vert.x-eventloop-thread-0] INFO  d.m.quorus.controller.raft.RaftNode [LEADER/1] - Raft node stopped: security-boundary-24620460382300
09:37:16.173 [ForkJoinPool-1-worker-1] DEBUG d.m.q.c.state.QuorusStateStore - Initializing default metadata: version=2.0
09:37:16.173 [vert.x-eventloop-thread-0] INFO  d.m.quorus.controller.raft.RaftNode - Starting Raft node: security-boundary-24620842195200
09:37:16.174 [vert.x-eventloop-thread-0] INFO  d.m.quorus.controller.raft.RaftNode [FOLLOWER/0] - No storage configured, running in volatile mode
09:37:16.174 [vert.x-eventloop-thread-0] INFO  d.m.q.c.r.InMemoryTransportSimulator [FOLLOWER/0] - Started in-memory transport for node: security-boundary-24620842195200
09:37:16.174 [vert.x-eventloop-thread-0] INFO  d.m.quorus.controller.raft.RaftNode [FOLLOWER/0] - Raft node security-boundary-24620842195200 started successfully (term=0, logSize=1)
09:37:16.538 [vert.x-eventloop-thread-0] INFO  d.m.quorus.controller.raft.RaftNode [FOLLOWER/0] - Starting election for node: security-boundary-24620842195200
09:37:16.538 [vert.x-eventloop-thread-0] DEBUG d.m.quorus.controller.raft.RaftNode [CANDIDATE/1] - Persisting raft metadata: term=1, votedForPresent=true, votedFor=security-boundary-24620842195200
09:37:16.538 [vert.x-eventloop-thread-0] INFO  d.m.quorus.controller.raft.RaftNode [LEADER/1] - Node security-boundary-24620842195200 became LEADER for term 1
09:37:16.538 [vert.x-eventloop-thread-0] INFO  d.m.quorus.controller.raft.RaftNode [LEADER/1] - Command submitted at index 1 term 1
09:37:16.538 [vert.x-eventloop-thread-0] DEBUG d.m.quorus.controller.raft.RaftNode [LEADER/1] - Committed leader no-op entry for term 1
09:37:16.546 [ForkJoinPool-1-worker-1] INFO  d.m.q.controller.config.AppConfig - Loaded configuration from quorus-controller.properties
09:37:16.546 [ForkJoinPool-1-worker-1] DEBUG d.m.q.controller.config.AppConfig - Optional configuration profile quorus-controller-test.properties not found
09:37:16.546 [ForkJoinPool-1-worker-1] INFO  d.m.q.controller.config.AppConfig - === Quorus Controller Configuration ===
09:37:16.546 [ForkJoinPool-1-worker-1] INFO  d.m.q.controller.config.AppConfig -   Node ID:              test-node
09:37:16.546 [ForkJoinPool-1-worker-1] INFO  d.m.q.controller.config.AppConfig -   HTTP Host:            127.0.0.1
09:37:16.546 [ForkJoinPool-1-worker-1] INFO  d.m.q.controller.config.AppConfig -   HTTP Port:            8080
09:37:16.546 [ForkJoinPool-1-worker-1] INFO  d.m.q.controller.config.AppConfig -   Raft Port:            9080
09:37:16.546 [ForkJoinPool-1-worker-1] INFO  d.m.q.controller.config.AppConfig -   Cluster Nodes:        test-node=localhost:9080
09:37:16.546 [ForkJoinPool-1-worker-1] INFO  d.m.q.controller.config.AppConfig -   Service Name:         quorus-controller
09:37:16.546 [ForkJoinPool-1-worker-1] INFO  d.m.q.controller.config.AppConfig -   Version:              2.0-ext
09:37:16.546 [ForkJoinPool-1-worker-1] INFO  d.m.q.controller.config.AppConfig -   --- Thread Pools ---
09:37:16.546 [ForkJoinPool-1-worker-1] INFO  d.m.q.controller.config.AppConfig -   Raft I/O Pool Size:   10
09:37:16.547 [ForkJoinPool-1-worker-1] INFO  d.m.q.controller.config.AppConfig -   Raft I/O Queue Size:  1000
09:37:16.547 [ForkJoinPool-1-worker-1] INFO  d.m.q.controller.config.AppConfig -   --- Job Assignment ---
09:37:16.547 [ForkJoinPool-1-worker-1] INFO  d.m.q.controller.config.AppConfig -   Initial Delay:        5000ms
09:37:16.547 [ForkJoinPool-1-worker-1] INFO  d.m.q.controller.config.AppConfig -   Assignment Interval:  10000ms
09:37:16.547 [ForkJoinPool-1-worker-1] INFO  d.m.q.controller.config.AppConfig -   Timeout Initial:      30000ms
09:37:16.547 [ForkJoinPool-1-worker-1] INFO  d.m.q.controller.config.AppConfig -   Timeout Interval:     30000ms
09:37:16.548 [ForkJoinPool-1-worker-1] INFO  d.m.q.controller.config.AppConfig -   --- Snapshot ---
09:37:16.548 [ForkJoinPool-1-worker-1] INFO  d.m.q.controller.config.AppConfig -   Enabled:              true
09:37:16.548 [ForkJoinPool-1-worker-1] INFO  d.m.q.controller.config.AppConfig -   Threshold:            10000 entries
09:37:16.548 [ForkJoinPool-1-worker-1] INFO  d.m.q.controller.config.AppConfig -   Check Interval:       60000ms
09:37:16.548 [ForkJoinPool-1-worker-1] INFO  d.m.q.controller.config.AppConfig -   --- Telemetry ---
09:37:16.548 [ForkJoinPool-1-worker-1] INFO  d.m.q.controller.config.AppConfig -   Enabled:              true
09:37:16.548 [ForkJoinPool-1-worker-1] INFO  d.m.q.controller.config.AppConfig -   OTLP Endpoint:        http://localhost:4317
09:37:16.548 [ForkJoinPool-1-worker-1] INFO  d.m.q.controller.config.AppConfig -   Prometheus Port:      9464
09:37:16.548 [ForkJoinPool-1-worker-1] INFO  d.m.q.controller.config.AppConfig -   Transfer Freshness:   60000ms
09:37:16.548 [ForkJoinPool-1-worker-1] INFO  d.m.q.controller.config.AppConfig -   Transfer Stall:       120000ms
09:37:16.548 [ForkJoinPool-1-worker-1] INFO  d.m.q.controller.config.AppConfig - ========================================
09:37:16.566 [vert.x-eventloop-thread-0] INFO  d.m.q.controller.http.HttpApiServer [LEADER/1] - HTTP API Server listening on 127.0.0.1:59725
09:37:16.606 [vert.x-eventloop-thread-0] INFO  d.m.quorus.controller.raft.RaftNode [LEADER/1] [req-93dd03c0-a11b-4f36-a01c-8b93e98fb807] - Command submitted at index 2 term 1
09:37:16.606 [vert.x-eventloop-thread-0] DEBUG d.m.q.c.state.QuorusStateStore [LEADER/1] [req-93dd03c0-a11b-4f36-a01c-8b93e98fb807] - Applying command: type=Set
09:37:16.606 [vert.x-eventloop-thread-0] DEBUG d.m.q.c.state.QuorusStateStore [LEADER/1] [req-93dd03c0-a11b-4f36-a01c-8b93e98fb807] - Processing system metadata command: key=phase4.v2.secret-reference.bank.branch:ledger, type=Set
09:37:16.607 [vert.x-eventloop-thread-0] INFO  d.m.q.c.state.QuorusStateStore [LEADER/1] [req-93dd03c0-a11b-4f36-a01c-8b93e98fb807] - Set system metadata: key=phase4.v2.secret-reference.bank.branch:ledger, valuePresent=true, replaced=false
09:37:16.607 [vert.x-eventloop-thread-0] DEBUG d.m.q.c.state.QuorusStateStore [LEADER/1] [req-93dd03c0-a11b-4f36-a01c-8b93e98fb807] - Command applied successfully: type=Set, result=Success
09:37:16.607 [vert.x-eventloop-thread-0] INFO  d.m.quorus.controller.raft.RaftNode [LEADER/1] [req-93dd03c0-a11b-4f36-a01c-8b93e98fb807] - Command submitted at index 3 term 1
09:37:16.607 [vert.x-eventloop-thread-0] DEBUG d.m.q.c.state.QuorusStateStore [LEADER/1] [req-93dd03c0-a11b-4f36-a01c-8b93e98fb807] - Applying command: type=Set
09:37:16.607 [vert.x-eventloop-thread-0] DEBUG d.m.q.c.state.QuorusStateStore [LEADER/1] [req-93dd03c0-a11b-4f36-a01c-8b93e98fb807] - Processing system metadata command: key=phase4.v2.security-event.bank.branch:1790498236607.25e7a722-ccf7-45bb-9ce0-6673cc3e0e56, type=Set
09:37:16.607 [vert.x-eventloop-thread-0] INFO  d.m.q.c.state.QuorusStateStore [LEADER/1] [req-93dd03c0-a11b-4f36-a01c-8b93e98fb807] - Set system metadata: key=phase4.v2.security-event.bank.branch:1790498236607.25e7a722-ccf7-45bb-9ce0-6673cc3e0e56, valuePresent=true, replaced=false
09:37:16.607 [vert.x-eventloop-thread-0] DEBUG d.m.q.c.state.QuorusStateStore [LEADER/1] [req-93dd03c0-a11b-4f36-a01c-8b93e98fb807] - Command applied successfully: type=Set, result=Success
09:37:16.610 [vert.x-eventloop-thread-0] WARN  d.m.q.c.http.GlobalErrorHandler [LEADER/1] [req-a32c8e71-5e3f-4256-8b6a-85c5226d0767] - Client error [NOT_FOUND] at /api/v1/secret-references/branch.ledger: Secret reference not found
09:37:16.614 [vert.x-eventloop-thread-0] INFO  d.m.q.controller.http.HttpApiServer [LEADER/1] - HTTP API Server stopped
09:37:16.614 [vert.x-eventloop-thread-0] INFO  d.m.q.c.r.InMemoryTransportSimulator [LEADER/1] - Stopped in-memory transport for node: security-boundary-24620842195200
09:37:16.614 [vert.x-eventloop-thread-0] INFO  d.m.quorus.controller.raft.RaftNode [LEADER/1] - Raft node stopped: security-boundary-24620842195200
09:37:16.668 [ForkJoinPool-1-worker-1] DEBUG d.m.q.c.state.QuorusStateStore - Initializing default metadata: version=2.0
09:37:16.669 [vert.x-eventloop-thread-0] INFO  d.m.quorus.controller.raft.RaftNode - Starting Raft node: security-boundary-24621337732900
09:37:16.669 [vert.x-eventloop-thread-0] INFO  d.m.quorus.controller.raft.RaftNode [FOLLOWER/0] - No storage configured, running in volatile mode
09:37:16.669 [vert.x-eventloop-thread-0] INFO  d.m.q.c.r.InMemoryTransportSimulator [FOLLOWER/0] - Started in-memory transport for node: security-boundary-24621337732900
09:37:16.669 [vert.x-eventloop-thread-0] INFO  d.m.quorus.controller.raft.RaftNode [FOLLOWER/0] - Raft node security-boundary-24621337732900 started successfully (term=0, logSize=1)
09:37:16.979 [vert.x-eventloop-thread-0] INFO  d.m.quorus.controller.raft.RaftNode [FOLLOWER/0] - Starting election for node: security-boundary-24621337732900
09:37:16.979 [vert.x-eventloop-thread-0] DEBUG d.m.quorus.controller.raft.RaftNode [CANDIDATE/1] - Persisting raft metadata: term=1, votedForPresent=true, votedFor=security-boundary-24621337732900
09:37:16.979 [vert.x-eventloop-thread-0] INFO  d.m.quorus.controller.raft.RaftNode [LEADER/1] - Node security-boundary-24621337732900 became LEADER for term 1
09:37:16.979 [vert.x-eventloop-thread-0] INFO  d.m.quorus.controller.raft.RaftNode [LEADER/1] - Command submitted at index 1 term 1
09:37:16.979 [vert.x-eventloop-thread-0] DEBUG d.m.quorus.controller.raft.RaftNode [LEADER/1] - Committed leader no-op entry for term 1
09:37:16.980 [ForkJoinPool-1-worker-1] INFO  d.m.q.controller.config.AppConfig - Loaded configuration from quorus-controller.properties
09:37:16.980 [ForkJoinPool-1-worker-1] DEBUG d.m.q.controller.config.AppConfig - Optional configuration profile quorus-controller-test.properties not found
09:37:16.981 [ForkJoinPool-1-worker-1] INFO  d.m.q.controller.config.AppConfig - === Quorus Controller Configuration ===
09:37:16.981 [ForkJoinPool-1-worker-1] INFO  d.m.q.controller.config.AppConfig -   Node ID:              test-node
09:37:16.981 [ForkJoinPool-1-worker-1] INFO  d.m.q.controller.config.AppConfig -   HTTP Host:            127.0.0.1
09:37:16.981 [ForkJoinPool-1-worker-1] INFO  d.m.q.controller.config.AppConfig -   HTTP Port:            8080
09:37:16.981 [ForkJoinPool-1-worker-1] INFO  d.m.q.controller.config.AppConfig -   Raft Port:            9080
09:37:16.981 [ForkJoinPool-1-worker-1] INFO  d.m.q.controller.config.AppConfig -   Cluster Nodes:        test-node=localhost:9080
09:37:16.981 [ForkJoinPool-1-worker-1] INFO  d.m.q.controller.config.AppConfig -   Service Name:         quorus-controller
09:37:16.981 [ForkJoinPool-1-worker-1] INFO  d.m.q.controller.config.AppConfig -   Version:              2.0-ext
09:37:16.981 [ForkJoinPool-1-worker-1] INFO  d.m.q.controller.config.AppConfig -   --- Thread Pools ---
09:37:16.981 [ForkJoinPool-1-worker-1] INFO  d.m.q.controller.config.AppConfig -   Raft I/O Pool Size:   10
09:37:16.981 [ForkJoinPool-1-worker-1] INFO  d.m.q.controller.config.AppConfig -   Raft I/O Queue Size:  1000
09:37:16.981 [ForkJoinPool-1-worker-1] INFO  d.m.q.controller.config.AppConfig -   --- Job Assignment ---
09:37:16.981 [ForkJoinPool-1-worker-1] INFO  d.m.q.controller.config.AppConfig -   Initial Delay:        5000ms
09:37:16.981 [ForkJoinPool-1-worker-1] INFO  d.m.q.controller.config.AppConfig -   Assignment Interval:  10000ms
09:37:16.981 [ForkJoinPool-1-worker-1] INFO  d.m.q.controller.config.AppConfig -   Timeout Initial:      30000ms
09:37:16.981 [ForkJoinPool-1-worker-1] INFO  d.m.q.controller.config.AppConfig -   Timeout Interval:     30000ms
09:37:16.981 [ForkJoinPool-1-worker-1] INFO  d.m.q.controller.config.AppConfig -   --- Snapshot ---
09:37:16.981 [ForkJoinPool-1-worker-1] INFO  d.m.q.controller.config.AppConfig -   Enabled:              true
09:37:16.981 [ForkJoinPool-1-worker-1] INFO  d.m.q.controller.config.AppConfig -   Threshold:            10000 entries
09:37:16.981 [ForkJoinPool-1-worker-1] INFO  d.m.q.controller.config.AppConfig -   Check Interval:       60000ms
09:37:16.981 [ForkJoinPool-1-worker-1] INFO  d.m.q.controller.config.AppConfig -   --- Telemetry ---
09:37:16.981 [ForkJoinPool-1-worker-1] INFO  d.m.q.controller.config.AppConfig -   Enabled:              true
09:37:16.981 [ForkJoinPool-1-worker-1] INFO  d.m.q.controller.config.AppConfig -   OTLP Endpoint:        http://localhost:4317
09:37:16.981 [ForkJoinPool-1-worker-1] INFO  d.m.q.controller.config.AppConfig -   Prometheus Port:      9464
09:37:16.981 [ForkJoinPool-1-worker-1] INFO  d.m.q.controller.config.AppConfig -   Transfer Freshness:   60000ms
09:37:16.981 [ForkJoinPool-1-worker-1] INFO  d.m.q.controller.config.AppConfig -   Transfer Stall:       120000ms
09:37:16.981 [ForkJoinPool-1-worker-1] INFO  d.m.q.controller.config.AppConfig - ========================================
09:37:16.995 [vert.x-eventloop-thread-0] INFO  d.m.q.controller.http.HttpApiServer [LEADER/1] - HTTP API Server listening on 127.0.0.1:58562
09:37:17.026 [vert.x-eventloop-thread-0] INFO  d.m.quorus.controller.raft.RaftNode [LEADER/1] [req-ebf07718-28e3-47a7-ab46-6f898ba92057] - Command submitted at index 2 term 1
09:37:17.026 [vert.x-eventloop-thread-0] DEBUG d.m.q.c.state.QuorusStateStore [LEADER/1] [req-ebf07718-28e3-47a7-ab46-6f898ba92057] - Applying command: type=Set
09:37:17.028 [vert.x-eventloop-thread-0] DEBUG d.m.q.c.state.QuorusStateStore [LEADER/1] [req-ebf07718-28e3-47a7-ab46-6f898ba92057] - Processing system metadata command: key=phase4.v2.secret-reference.bank.branch:ledger, type=Set
09:37:17.028 [vert.x-eventloop-thread-0] INFO  d.m.q.c.state.QuorusStateStore [LEADER/1] [req-ebf07718-28e3-47a7-ab46-6f898ba92057] - Set system metadata: key=phase4.v2.secret-reference.bank.branch:ledger, valuePresent=true, replaced=false
09:37:17.028 [vert.x-eventloop-thread-0] DEBUG d.m.q.c.state.QuorusStateStore [LEADER/1] [req-ebf07718-28e3-47a7-ab46-6f898ba92057] - Command applied successfully: type=Set, result=Success
09:37:17.028 [vert.x-eventloop-thread-0] INFO  d.m.quorus.controller.raft.RaftNode [LEADER/1] [req-ebf07718-28e3-47a7-ab46-6f898ba92057] - Command submitted at index 3 term 1
09:37:17.028 [vert.x-eventloop-thread-0] DEBUG d.m.q.c.state.QuorusStateStore [LEADER/1] [req-ebf07718-28e3-47a7-ab46-6f898ba92057] - Applying command: type=Set
09:37:17.028 [vert.x-eventloop-thread-0] DEBUG d.m.q.c.state.QuorusStateStore [LEADER/1] [req-ebf07718-28e3-47a7-ab46-6f898ba92057] - Processing system metadata command: key=phase4.v2.security-event.bank.branch:1790498237028.f7716aba-c927-4072-9951-cc0ca9c7544d, type=Set
09:37:17.028 [vert.x-eventloop-thread-0] INFO  d.m.q.c.state.QuorusStateStore [LEADER/1] [req-ebf07718-28e3-47a7-ab46-6f898ba92057] - Set system metadata: key=phase4.v2.security-event.bank.branch:1790498237028.f7716aba-c927-4072-9951-cc0ca9c7544d, valuePresent=true, replaced=false
09:37:17.028 [vert.x-eventloop-thread-0] DEBUG d.m.q.c.state.QuorusStateStore [LEADER/1] [req-ebf07718-28e3-47a7-ab46-6f898ba92057] - Command applied successfully: type=Set, result=Success
09:37:17.032 [vert.x-eventloop-thread-0] WARN  d.m.q.c.http.GlobalErrorHandler [LEADER/1] [req-ed8b9f46-30a1-4509-a4ff-a41d8606ff6d] - Client error [NOT_FOUND] at /api/v1/secret-references/branch.ledger: Secret reference not found
09:37:17.034 [vert.x-eventloop-thread-0] INFO  d.m.q.controller.http.HttpApiServer [LEADER/1] - HTTP API Server stopped
09:37:17.034 [vert.x-eventloop-thread-0] INFO  d.m.q.c.r.InMemoryTransportSimulator [LEADER/1] - Stopped in-memory transport for node: security-boundary-24621337732900
09:37:17.034 [vert.x-eventloop-thread-0] INFO  d.m.quorus.controller.raft.RaftNode [LEADER/1] - Raft node stopped: security-boundary-24621337732900
09:37:17.081 [ForkJoinPool-1-worker-1] DEBUG d.m.q.c.state.QuorusStateStore - Initializing default metadata: version=2.0
09:37:17.082 [vert.x-eventloop-thread-0] INFO  d.m.quorus.controller.raft.RaftNode - Starting Raft node: security-boundary-24621750282800
09:37:17.082 [vert.x-eventloop-thread-0] INFO  d.m.quorus.controller.raft.RaftNode [FOLLOWER/0] - No storage configured, running in volatile mode
09:37:17.082 [vert.x-eventloop-thread-0] INFO  d.m.q.c.r.InMemoryTransportSimulator [FOLLOWER/0] - Started in-memory transport for node: security-boundary-24621750282800
09:37:17.082 [vert.x-eventloop-thread-0] INFO  d.m.quorus.controller.raft.RaftNode [FOLLOWER/0] - Raft node security-boundary-24621750282800 started successfully (term=0, logSize=1)
09:37:17.384 [vert.x-eventloop-thread-0] INFO  d.m.quorus.controller.raft.RaftNode [FOLLOWER/0] - Starting election for node: security-boundary-24621750282800
09:37:17.384 [vert.x-eventloop-thread-0] DEBUG d.m.quorus.controller.raft.RaftNode [CANDIDATE/1] - Persisting raft metadata: term=1, votedForPresent=true, votedFor=security-boundary-24621750282800
09:37:17.385 [vert.x-eventloop-thread-0] INFO  d.m.quorus.controller.raft.RaftNode [LEADER/1] - Node security-boundary-24621750282800 became LEADER for term 1
09:37:17.385 [vert.x-eventloop-thread-0] INFO  d.m.quorus.controller.raft.RaftNode [LEADER/1] - Command submitted at index 1 term 1
09:37:17.386 [vert.x-eventloop-thread-0] DEBUG d.m.quorus.controller.raft.RaftNode [LEADER/1] - Committed leader no-op entry for term 1
09:37:17.392 [ForkJoinPool-1-worker-1] INFO  d.m.q.controller.config.AppConfig - Loaded configuration from quorus-controller.properties
09:37:17.393 [ForkJoinPool-1-worker-1] DEBUG d.m.q.controller.config.AppConfig - Optional configuration profile quorus-controller-test.properties not found
09:37:17.393 [ForkJoinPool-1-worker-1] INFO  d.m.q.controller.config.AppConfig - === Quorus Controller Configuration ===
09:37:17.393 [ForkJoinPool-1-worker-1] INFO  d.m.q.controller.config.AppConfig -   Node ID:              test-node
09:37:17.393 [ForkJoinPool-1-worker-1] INFO  d.m.q.controller.config.AppConfig -   HTTP Host:            127.0.0.1
09:37:17.393 [ForkJoinPool-1-worker-1] INFO  d.m.q.controller.config.AppConfig -   HTTP Port:            8080
09:37:17.393 [ForkJoinPool-1-worker-1] INFO  d.m.q.controller.config.AppConfig -   Raft Port:            9080
09:37:17.393 [ForkJoinPool-1-worker-1] INFO  d.m.q.controller.config.AppConfig -   Cluster Nodes:        test-node=localhost:9080
09:37:17.393 [ForkJoinPool-1-worker-1] INFO  d.m.q.controller.config.AppConfig -   Service Name:         quorus-controller
09:37:17.393 [ForkJoinPool-1-worker-1] INFO  d.m.q.controller.config.AppConfig -   Version:              2.0-ext
09:37:17.393 [ForkJoinPool-1-worker-1] INFO  d.m.q.controller.config.AppConfig -   --- Thread Pools ---
09:37:17.393 [ForkJoinPool-1-worker-1] INFO  d.m.q.controller.config.AppConfig -   Raft I/O Pool Size:   10
09:37:17.393 [ForkJoinPool-1-worker-1] INFO  d.m.q.controller.config.AppConfig -   Raft I/O Queue Size:  1000
09:37:17.393 [ForkJoinPool-1-worker-1] INFO  d.m.q.controller.config.AppConfig -   --- Job Assignment ---
09:37:17.393 [ForkJoinPool-1-worker-1] INFO  d.m.q.controller.config.AppConfig -   Initial Delay:        5000ms
09:37:17.393 [ForkJoinPool-1-worker-1] INFO  d.m.q.controller.config.AppConfig -   Assignment Interval:  10000ms
09:37:17.393 [ForkJoinPool-1-worker-1] INFO  d.m.q.controller.config.AppConfig -   Timeout Initial:      30000ms
09:37:17.393 [ForkJoinPool-1-worker-1] INFO  d.m.q.controller.config.AppConfig -   Timeout Interval:     30000ms
09:37:17.393 [ForkJoinPool-1-worker-1] INFO  d.m.q.controller.config.AppConfig -   --- Snapshot ---
09:37:17.393 [ForkJoinPool-1-worker-1] INFO  d.m.q.controller.config.AppConfig -   Enabled:              true
09:37:17.393 [ForkJoinPool-1-worker-1] INFO  d.m.q.controller.config.AppConfig -   Threshold:            10000 entries
09:37:17.393 [ForkJoinPool-1-worker-1] INFO  d.m.q.controller.config.AppConfig -   Check Interval:       60000ms
09:37:17.393 [ForkJoinPool-1-worker-1] INFO  d.m.q.controller.config.AppConfig -   --- Telemetry ---
09:37:17.393 [ForkJoinPool-1-worker-1] INFO  d.m.q.controller.config.AppConfig -   Enabled:              true
09:37:17.393 [ForkJoinPool-1-worker-1] INFO  d.m.q.controller.config.AppConfig -   OTLP Endpoint:        http://localhost:4317
09:37:17.393 [ForkJoinPool-1-worker-1] INFO  d.m.q.controller.config.AppConfig -   Prometheus Port:      9464
09:37:17.393 [ForkJoinPool-1-worker-1] INFO  d.m.q.controller.config.AppConfig -   Transfer Freshness:   60000ms
09:37:17.393 [ForkJoinPool-1-worker-1] INFO  d.m.q.controller.config.AppConfig -   Transfer Stall:       120000ms
09:37:17.393 [ForkJoinPool-1-worker-1] INFO  d.m.q.controller.config.AppConfig - ========================================
09:37:17.408 [vert.x-eventloop-thread-0] INFO  d.m.q.controller.http.HttpApiServer [LEADER/1] - HTTP API Server listening on 127.0.0.1:52563
09:37:17.441 [vert.x-eventloop-thread-0] INFO  d.m.quorus.controller.raft.RaftNode [LEADER/1] [req-633570ca-8272-4992-8e71-0c3225574c0b] - Command submitted at index 2 term 1
09:37:17.443 [vert.x-eventloop-thread-0] DEBUG d.m.q.c.state.QuorusStateStore [LEADER/1] [req-633570ca-8272-4992-8e71-0c3225574c0b] - Applying command: type=Set
09:37:17.443 [vert.x-eventloop-thread-0] DEBUG d.m.q.c.state.QuorusStateStore [LEADER/1] [req-633570ca-8272-4992-8e71-0c3225574c0b] - Processing system metadata command: key=phase4.v2.secret-reference.bank.branch:ledger, type=Set
09:37:17.443 [vert.x-eventloop-thread-0] INFO  d.m.q.c.state.QuorusStateStore [LEADER/1] [req-633570ca-8272-4992-8e71-0c3225574c0b] - Set system metadata: key=phase4.v2.secret-reference.bank.branch:ledger, valuePresent=true, replaced=false
09:37:17.443 [vert.x-eventloop-thread-0] DEBUG d.m.q.c.state.QuorusStateStore [LEADER/1] [req-633570ca-8272-4992-8e71-0c3225574c0b] - Command applied successfully: type=Set, result=Success
09:37:17.443 [vert.x-eventloop-thread-0] INFO  d.m.quorus.controller.raft.RaftNode [LEADER/1] [req-633570ca-8272-4992-8e71-0c3225574c0b] - Command submitted at index 3 term 1
09:37:17.443 [vert.x-eventloop-thread-0] DEBUG d.m.q.c.state.QuorusStateStore [LEADER/1] [req-633570ca-8272-4992-8e71-0c3225574c0b] - Applying command: type=Set
09:37:17.443 [vert.x-eventloop-thread-0] DEBUG d.m.q.c.state.QuorusStateStore [LEADER/1] [req-633570ca-8272-4992-8e71-0c3225574c0b] - Processing system metadata command: key=phase4.v2.security-event.bank.branch:1790498237443.6316d3ce-adc6-48a8-955f-d7103271ea79, type=Set
09:37:17.443 [vert.x-eventloop-thread-0] INFO  d.m.q.c.state.QuorusStateStore [LEADER/1] [req-633570ca-8272-4992-8e71-0c3225574c0b] - Set system metadata: key=phase4.v2.security-event.bank.branch:1790498237443.6316d3ce-adc6-48a8-955f-d7103271ea79, valuePresent=true, replaced=false
09:37:17.444 [vert.x-eventloop-thread-0] DEBUG d.m.q.c.state.QuorusStateStore [LEADER/1] [req-633570ca-8272-4992-8e71-0c3225574c0b] - Command applied successfully: type=Set, result=Success
09:37:17.452 [vert.x-eventloop-thread-0] INFO  d.m.quorus.controller.raft.RaftNode [LEADER/1] [req-fb0fa554-4849-42f6-94ad-4772a7be4bc3] - Command submitted at index 4 term 1
09:37:17.453 [vert.x-eventloop-thread-0] DEBUG d.m.q.c.state.QuorusStateStore [LEADER/1] [req-fb0fa554-4849-42f6-94ad-4772a7be4bc3] - Applying command: type=Set
09:37:17.454 [vert.x-eventloop-thread-0] DEBUG d.m.q.c.state.QuorusStateStore [LEADER/1] [req-fb0fa554-4849-42f6-94ad-4772a7be4bc3] - Processing system metadata command: key=phase4.v2.service-connection.bank.branch:ledger, type=Set
09:37:17.454 [vert.x-eventloop-thread-0] INFO  d.m.q.c.state.QuorusStateStore [LEADER/1] [req-fb0fa554-4849-42f6-94ad-4772a7be4bc3] - Set system metadata: key=phase4.v2.service-connection.bank.branch:ledger, valuePresent=true, replaced=false
09:37:17.454 [vert.x-eventloop-thread-0] DEBUG d.m.q.c.state.QuorusStateStore [LEADER/1] [req-fb0fa554-4849-42f6-94ad-4772a7be4bc3] - Command applied successfully: type=Set, result=Success
09:37:17.454 [vert.x-eventloop-thread-0] INFO  d.m.quorus.controller.raft.RaftNode [LEADER/1] [req-fb0fa554-4849-42f6-94ad-4772a7be4bc3] - Command submitted at index 5 term 1
09:37:17.454 [vert.x-eventloop-thread-0] DEBUG d.m.q.c.state.QuorusStateStore [LEADER/1] [req-fb0fa554-4849-42f6-94ad-4772a7be4bc3] - Applying command: type=Set
09:37:17.455 [vert.x-eventloop-thread-0] DEBUG d.m.q.c.state.QuorusStateStore [LEADER/1] [req-fb0fa554-4849-42f6-94ad-4772a7be4bc3] - Processing system metadata command: key=phase4.v2.security-event.bank.branch:1790498237454.c0570431-0cbc-4fcc-a7f5-b702890e42f6, type=Set
09:37:17.455 [vert.x-eventloop-thread-0] INFO  d.m.q.c.state.QuorusStateStore [LEADER/1] [req-fb0fa554-4849-42f6-94ad-4772a7be4bc3] - Set system metadata: key=phase4.v2.security-event.bank.branch:1790498237454.c0570431-0cbc-4fcc-a7f5-b702890e42f6, valuePresent=true, replaced=false
09:37:17.455 [vert.x-eventloop-thread-0] DEBUG d.m.q.c.state.QuorusStateStore [LEADER/1] [req-fb0fa554-4849-42f6-94ad-4772a7be4bc3] - Command applied successfully: type=Set, result=Success
09:37:17.458 [vert.x-eventloop-thread-0] INFO  d.m.quorus.controller.raft.RaftNode [LEADER/1] [req-6ee84954-62b3-4982-a886-281202759943] - Command submitted at index 6 term 1
09:37:17.459 [vert.x-eventloop-thread-0] DEBUG d.m.q.c.state.QuorusStateStore [LEADER/1] [req-6ee84954-62b3-4982-a886-281202759943] - Applying command: type=Set
09:37:17.459 [vert.x-eventloop-thread-0] DEBUG d.m.q.c.state.QuorusStateStore [LEADER/1] [req-6ee84954-62b3-4982-a886-281202759943] - Processing system metadata command: key=phase4.v2.secret-reference.bank:own-secret, type=Set
09:37:17.459 [vert.x-eventloop-thread-0] INFO  d.m.q.c.state.QuorusStateStore [LEADER/1] [req-6ee84954-62b3-4982-a886-281202759943] - Set system metadata: key=phase4.v2.secret-reference.bank:own-secret, valuePresent=true, replaced=false
09:37:17.459 [vert.x-eventloop-thread-0] DEBUG d.m.q.c.state.QuorusStateStore [LEADER/1] [req-6ee84954-62b3-4982-a886-281202759943] - Command applied successfully: type=Set, result=Success
09:37:17.459 [vert.x-eventloop-thread-0] INFO  d.m.quorus.controller.raft.RaftNode [LEADER/1] [req-6ee84954-62b3-4982-a886-281202759943] - Command submitted at index 7 term 1
09:37:17.459 [vert.x-eventloop-thread-0] DEBUG d.m.q.c.state.QuorusStateStore [LEADER/1] [req-6ee84954-62b3-4982-a886-281202759943] - Applying command: type=Set
09:37:17.459 [vert.x-eventloop-thread-0] DEBUG d.m.q.c.state.QuorusStateStore [LEADER/1] [req-6ee84954-62b3-4982-a886-281202759943] - Processing system metadata command: key=phase4.v2.security-event.bank:1790498237459.0a3c1877-3275-43ae-b1ca-959f41e3f92a, type=Set
09:37:17.459 [vert.x-eventloop-thread-0] INFO  d.m.q.c.state.QuorusStateStore [LEADER/1] [req-6ee84954-62b3-4982-a886-281202759943] - Set system metadata: key=phase4.v2.security-event.bank:1790498237459.0a3c1877-3275-43ae-b1ca-959f41e3f92a, valuePresent=true, replaced=false
09:37:17.460 [vert.x-eventloop-thread-0] DEBUG d.m.q.c.state.QuorusStateStore [LEADER/1] [req-6ee84954-62b3-4982-a886-281202759943] - Command applied successfully: type=Set, result=Success
09:37:17.462 [vert.x-eventloop-thread-0] WARN  d.m.q.c.http.GlobalErrorHandler [LEADER/1] [req-e61dc81f-1ba3-4387-8ff1-80a36ce7fc37] - Client error [NOT_FOUND] at /api/v1/service-connections/branch.ledger: Service connection not found
09:37:17.465 [vert.x-eventloop-thread-0] INFO  d.m.q.controller.http.HttpApiServer [LEADER/1] - HTTP API Server stopped
09:37:17.465 [vert.x-eventloop-thread-0] INFO  d.m.q.c.r.InMemoryTransportSimulator [LEADER/1] - Stopped in-memory transport for node: security-boundary-24621750282800
09:37:17.465 [vert.x-eventloop-thread-0] INFO  d.m.quorus.controller.raft.RaftNode [LEADER/1] - Raft node stopped: security-boundary-24621750282800
09:37:17.502 [ForkJoinPool-1-worker-1] DEBUG d.m.q.c.state.QuorusStateStore - Initializing default metadata: version=2.0
09:37:17.504 [vert.x-eventloop-thread-0] INFO  d.m.quorus.controller.raft.RaftNode - Starting Raft node: security-boundary-24622172460900
09:37:17.504 [vert.x-eventloop-thread-0] INFO  d.m.quorus.controller.raft.RaftNode [FOLLOWER/0] - No storage configured, running in volatile mode
09:37:17.504 [vert.x-eventloop-thread-0] INFO  d.m.q.c.r.InMemoryTransportSimulator [FOLLOWER/0] - Started in-memory transport for node: security-boundary-24622172460900
09:37:17.504 [vert.x-eventloop-thread-0] INFO  d.m.quorus.controller.raft.RaftNode [FOLLOWER/0] - Raft node security-boundary-24622172460900 started successfully (term=0, logSize=1)
09:37:17.892 [vert.x-eventloop-thread-0] INFO  d.m.quorus.controller.raft.RaftNode [FOLLOWER/0] - Starting election for node: security-boundary-24622172460900
09:37:17.892 [vert.x-eventloop-thread-0] DEBUG d.m.quorus.controller.raft.RaftNode [CANDIDATE/1] - Persisting raft metadata: term=1, votedForPresent=true, votedFor=security-boundary-24622172460900
09:37:17.892 [vert.x-eventloop-thread-0] INFO  d.m.quorus.controller.raft.RaftNode [LEADER/1] - Node security-boundary-24622172460900 became LEADER for term 1
09:37:17.892 [vert.x-eventloop-thread-0] INFO  d.m.quorus.controller.raft.RaftNode [LEADER/1] - Command submitted at index 1 term 1
09:37:17.893 [vert.x-eventloop-thread-0] DEBUG d.m.quorus.controller.raft.RaftNode [LEADER/1] - Committed leader no-op entry for term 1
09:37:17.895 [ForkJoinPool-1-worker-1] INFO  d.m.q.controller.config.AppConfig - Loaded configuration from quorus-controller.properties
09:37:17.895 [ForkJoinPool-1-worker-1] DEBUG d.m.q.controller.config.AppConfig - Optional configuration profile quorus-controller-test.properties not found
09:37:17.895 [ForkJoinPool-1-worker-1] INFO  d.m.q.controller.config.AppConfig - === Quorus Controller Configuration ===
09:37:17.895 [ForkJoinPool-1-worker-1] INFO  d.m.q.controller.config.AppConfig -   Node ID:              test-node
09:37:17.895 [ForkJoinPool-1-worker-1] INFO  d.m.q.controller.config.AppConfig -   HTTP Host:            127.0.0.1
09:37:17.895 [ForkJoinPool-1-worker-1] INFO  d.m.q.controller.config.AppConfig -   HTTP Port:            8080
09:37:17.895 [ForkJoinPool-1-worker-1] INFO  d.m.q.controller.config.AppConfig -   Raft Port:            9080
09:37:17.896 [ForkJoinPool-1-worker-1] INFO  d.m.q.controller.config.AppConfig -   Cluster Nodes:        test-node=localhost:9080
09:37:17.896 [ForkJoinPool-1-worker-1] INFO  d.m.q.controller.config.AppConfig -   Service Name:         quorus-controller
09:37:17.896 [ForkJoinPool-1-worker-1] INFO  d.m.q.controller.config.AppConfig -   Version:              2.0-ext
09:37:17.896 [ForkJoinPool-1-worker-1] INFO  d.m.q.controller.config.AppConfig -   --- Thread Pools ---
09:37:17.896 [ForkJoinPool-1-worker-1] INFO  d.m.q.controller.config.AppConfig -   Raft I/O Pool Size:   10
09:37:17.896 [ForkJoinPool-1-worker-1] INFO  d.m.q.controller.config.AppConfig -   Raft I/O Queue Size:  1000
09:37:17.896 [ForkJoinPool-1-worker-1] INFO  d.m.q.controller.config.AppConfig -   --- Job Assignment ---
09:37:17.896 [ForkJoinPool-1-worker-1] INFO  d.m.q.controller.config.AppConfig -   Initial Delay:        5000ms
09:37:17.896 [ForkJoinPool-1-worker-1] INFO  d.m.q.controller.config.AppConfig -   Assignment Interval:  10000ms
09:37:17.896 [ForkJoinPool-1-worker-1] INFO  d.m.q.controller.config.AppConfig -   Timeout Initial:      30000ms
09:37:17.896 [ForkJoinPool-1-worker-1] INFO  d.m.q.controller.config.AppConfig -   Timeout Interval:     30000ms
09:37:17.896 [ForkJoinPool-1-worker-1] INFO  d.m.q.controller.config.AppConfig -   --- Snapshot ---
09:37:17.896 [ForkJoinPool-1-worker-1] INFO  d.m.q.controller.config.AppConfig -   Enabled:              true
09:37:17.896 [ForkJoinPool-1-worker-1] INFO  d.m.q.controller.config.AppConfig -   Threshold:            10000 entries
09:37:17.896 [ForkJoinPool-1-worker-1] INFO  d.m.q.controller.config.AppConfig -   Check Interval:       60000ms
09:37:17.896 [ForkJoinPool-1-worker-1] INFO  d.m.q.controller.config.AppConfig -   --- Telemetry ---
09:37:17.896 [ForkJoinPool-1-worker-1] INFO  d.m.q.controller.config.AppConfig -   Enabled:              true
09:37:17.896 [ForkJoinPool-1-worker-1] INFO  d.m.q.controller.config.AppConfig -   OTLP Endpoint:        http://localhost:4317
09:37:17.897 [ForkJoinPool-1-worker-1] INFO  d.m.q.controller.config.AppConfig -   Prometheus Port:      9464
09:37:17.897 [ForkJoinPool-1-worker-1] INFO  d.m.q.controller.config.AppConfig -   Transfer Freshness:   60000ms
09:37:17.897 [ForkJoinPool-1-worker-1] INFO  d.m.q.controller.config.AppConfig -   Transfer Stall:       120000ms
09:37:17.897 [ForkJoinPool-1-worker-1] INFO  d.m.q.controller.config.AppConfig - ========================================
09:37:17.917 [vert.x-eventloop-thread-0] INFO  d.m.q.controller.http.HttpApiServer [LEADER/1] - HTTP API Server listening on 127.0.0.1:52565
09:37:17.950 [vert.x-eventloop-thread-0] INFO  d.m.quorus.controller.raft.RaftNode [LEADER/1] [req-5fb750ac-2fc5-4f3a-b7a2-c1c4887364f1] - Command submitted at index 2 term 1
09:37:17.950 [vert.x-eventloop-thread-0] DEBUG d.m.q.c.state.QuorusStateStore [LEADER/1] [req-5fb750ac-2fc5-4f3a-b7a2-c1c4887364f1] - Applying command: type=Set
09:37:17.951 [vert.x-eventloop-thread-0] DEBUG d.m.q.c.state.QuorusStateStore [LEADER/1] [req-5fb750ac-2fc5-4f3a-b7a2-c1c4887364f1] - Processing system metadata command: key=phase4.v2.secret-reference.bank.branch:ledger, type=Set
09:37:17.951 [vert.x-eventloop-thread-0] INFO  d.m.q.c.state.QuorusStateStore [LEADER/1] [req-5fb750ac-2fc5-4f3a-b7a2-c1c4887364f1] - Set system metadata: key=phase4.v2.secret-reference.bank.branch:ledger, valuePresent=true, replaced=false
09:37:17.951 [vert.x-eventloop-thread-0] DEBUG d.m.q.c.state.QuorusStateStore [LEADER/1] [req-5fb750ac-2fc5-4f3a-b7a2-c1c4887364f1] - Command applied successfully: type=Set, result=Success
09:37:17.951 [vert.x-eventloop-thread-0] INFO  d.m.quorus.controller.raft.RaftNode [LEADER/1] [req-5fb750ac-2fc5-4f3a-b7a2-c1c4887364f1] - Command submitted at index 3 term 1
09:37:17.951 [vert.x-eventloop-thread-0] DEBUG d.m.q.c.state.QuorusStateStore [LEADER/1] [req-5fb750ac-2fc5-4f3a-b7a2-c1c4887364f1] - Applying command: type=Set
09:37:17.951 [vert.x-eventloop-thread-0] DEBUG d.m.q.c.state.QuorusStateStore [LEADER/1] [req-5fb750ac-2fc5-4f3a-b7a2-c1c4887364f1] - Processing system metadata command: key=phase4.v2.security-event.bank.branch:1790498237951.fd84fd55-6da9-4117-97fe-41e6d6a18728, type=Set
09:37:17.951 [vert.x-eventloop-thread-0] INFO  d.m.q.c.state.QuorusStateStore [LEADER/1] [req-5fb750ac-2fc5-4f3a-b7a2-c1c4887364f1] - Set system metadata: key=phase4.v2.security-event.bank.branch:1790498237951.fd84fd55-6da9-4117-97fe-41e6d6a18728, valuePresent=true, replaced=false
09:37:17.951 [vert.x-eventloop-thread-0] DEBUG d.m.q.c.state.QuorusStateStore [LEADER/1] [req-5fb750ac-2fc5-4f3a-b7a2-c1c4887364f1] - Command applied successfully: type=Set, result=Success
09:37:17.954 [vert.x-eventloop-thread-0] INFO  d.m.quorus.controller.raft.RaftNode [LEADER/1] [req-4d8de8ba-79a2-451e-97d2-c2643548f4d3] - Command submitted at index 4 term 1
09:37:17.954 [vert.x-eventloop-thread-0] DEBUG d.m.q.c.state.QuorusStateStore [LEADER/1] [req-4d8de8ba-79a2-451e-97d2-c2643548f4d3] - Applying command: type=Set
09:37:17.955 [vert.x-eventloop-thread-0] DEBUG d.m.q.c.state.QuorusStateStore [LEADER/1] [req-4d8de8ba-79a2-451e-97d2-c2643548f4d3] - Processing system metadata command: key=phase4.v2.service-connection.bank.branch:ledger, type=Set
09:37:17.955 [vert.x-eventloop-thread-0] INFO  d.m.q.c.state.QuorusStateStore [LEADER/1] [req-4d8de8ba-79a2-451e-97d2-c2643548f4d3] - Set system metadata: key=phase4.v2.service-connection.bank.branch:ledger, valuePresent=true, replaced=false
09:37:17.955 [vert.x-eventloop-thread-0] DEBUG d.m.q.c.state.QuorusStateStore [LEADER/1] [req-4d8de8ba-79a2-451e-97d2-c2643548f4d3] - Command applied successfully: type=Set, result=Success
09:37:17.955 [vert.x-eventloop-thread-0] INFO  d.m.quorus.controller.raft.RaftNode [LEADER/1] [req-4d8de8ba-79a2-451e-97d2-c2643548f4d3] - Command submitted at index 5 term 1
09:37:17.955 [vert.x-eventloop-thread-0] DEBUG d.m.q.c.state.QuorusStateStore [LEADER/1] [req-4d8de8ba-79a2-451e-97d2-c2643548f4d3] - Applying command: type=Set
09:37:17.956 [vert.x-eventloop-thread-0] DEBUG d.m.q.c.state.QuorusStateStore [LEADER/1] [req-4d8de8ba-79a2-451e-97d2-c2643548f4d3] - Processing system metadata command: key=phase4.v2.security-event.bank.branch:1790498237955.11fcf02a-329d-4052-954c-146dbdb2bc2e, type=Set
09:37:17.956 [vert.x-eventloop-thread-0] INFO  d.m.q.c.state.QuorusStateStore [LEADER/1] [req-4d8de8ba-79a2-451e-97d2-c2643548f4d3] - Set system metadata: key=phase4.v2.security-event.bank.branch:1790498237955.11fcf02a-329d-4052-954c-146dbdb2bc2e, valuePresent=true, replaced=false
09:37:17.956 [vert.x-eventloop-thread-0] DEBUG d.m.q.c.state.QuorusStateStore [LEADER/1] [req-4d8de8ba-79a2-451e-97d2-c2643548f4d3] - Command applied successfully: type=Set, result=Success
09:37:17.958 [vert.x-eventloop-thread-0] INFO  d.m.quorus.controller.raft.RaftNode [LEADER/1] [req-5fe3415e-6b4b-4b6e-928e-55f7336aaf39] - Command submitted at index 6 term 1
09:37:17.958 [vert.x-eventloop-thread-0] DEBUG d.m.q.c.state.QuorusStateStore [LEADER/1] [req-5fe3415e-6b4b-4b6e-928e-55f7336aaf39] - Applying command: type=Set
09:37:17.959 [vert.x-eventloop-thread-0] DEBUG d.m.q.c.state.QuorusStateStore [LEADER/1] [req-5fe3415e-6b4b-4b6e-928e-55f7336aaf39] - Processing system metadata command: key=phase4.v2.secret-reference.bank:own-secret, type=Set
09:37:17.959 [vert.x-eventloop-thread-0] INFO  d.m.q.c.state.QuorusStateStore [LEADER/1] [req-5fe3415e-6b4b-4b6e-928e-55f7336aaf39] - Set system metadata: key=phase4.v2.secret-reference.bank:own-secret, valuePresent=true, replaced=false
09:37:17.959 [vert.x-eventloop-thread-0] DEBUG d.m.q.c.state.QuorusStateStore [LEADER/1] [req-5fe3415e-6b4b-4b6e-928e-55f7336aaf39] - Command applied successfully: type=Set, result=Success
09:37:17.959 [vert.x-eventloop-thread-0] INFO  d.m.quorus.controller.raft.RaftNode [LEADER/1] [req-5fe3415e-6b4b-4b6e-928e-55f7336aaf39] - Command submitted at index 7 term 1
09:37:17.959 [vert.x-eventloop-thread-0] DEBUG d.m.q.c.state.QuorusStateStore [LEADER/1] [req-5fe3415e-6b4b-4b6e-928e-55f7336aaf39] - Applying command: type=Set
09:37:17.959 [vert.x-eventloop-thread-0] DEBUG d.m.q.c.state.QuorusStateStore [LEADER/1] [req-5fe3415e-6b4b-4b6e-928e-55f7336aaf39] - Processing system metadata command: key=phase4.v2.security-event.bank:1790498237959.fc1fc185-ebb7-474e-8cc8-e3313f6fa4e0, type=Set
09:37:17.960 [vert.x-eventloop-thread-0] INFO  d.m.q.c.state.QuorusStateStore [LEADER/1] [req-5fe3415e-6b4b-4b6e-928e-55f7336aaf39] - Set system metadata: key=phase4.v2.security-event.bank:1790498237959.fc1fc185-ebb7-474e-8cc8-e3313f6fa4e0, valuePresent=true, replaced=false
09:37:17.960 [vert.x-eventloop-thread-0] DEBUG d.m.q.c.state.QuorusStateStore [LEADER/1] [req-5fe3415e-6b4b-4b6e-928e-55f7336aaf39] - Command applied successfully: type=Set, result=Success
09:37:17.962 [vert.x-eventloop-thread-0] INFO  d.m.quorus.controller.raft.RaftNode [LEADER/1] [req-6c81465c-9f03-45c0-bba9-4e8040f3b479] - Command submitted at index 8 term 1
09:37:17.963 [vert.x-eventloop-thread-0] DEBUG d.m.q.c.state.QuorusStateStore [LEADER/1] [req-6c81465c-9f03-45c0-bba9-4e8040f3b479] - Applying command: type=Set
09:37:17.963 [vert.x-eventloop-thread-0] DEBUG d.m.q.c.state.QuorusStateStore [LEADER/1] [req-6c81465c-9f03-45c0-bba9-4e8040f3b479] - Processing system metadata command: key=phase4.v2.service-connection.bank:branch.ledger, type=Set
09:37:17.963 [vert.x-eventloop-thread-0] INFO  d.m.q.c.state.QuorusStateStore [LEADER/1] [req-6c81465c-9f03-45c0-bba9-4e8040f3b479] - Set system metadata: key=phase4.v2.service-connection.bank:branch.ledger, valuePresent=true, replaced=false
09:37:17.963 [vert.x-eventloop-thread-0] DEBUG d.m.q.c.state.QuorusStateStore [LEADER/1] [req-6c81465c-9f03-45c0-bba9-4e8040f3b479] - Command applied successfully: type=Set, result=Success
09:37:17.963 [vert.x-eventloop-thread-0] INFO  d.m.quorus.controller.raft.RaftNode [LEADER/1] [req-6c81465c-9f03-45c0-bba9-4e8040f3b479] - Command submitted at index 9 term 1
09:37:17.963 [vert.x-eventloop-thread-0] DEBUG d.m.q.c.state.QuorusStateStore [LEADER/1] [req-6c81465c-9f03-45c0-bba9-4e8040f3b479] - Applying command: type=Set
09:37:17.964 [vert.x-eventloop-thread-0] DEBUG d.m.q.c.state.QuorusStateStore [LEADER/1] [req-6c81465c-9f03-45c0-bba9-4e8040f3b479] - Processing system metadata command: key=phase4.v2.security-event.bank:1790498237963.dced208f-1b38-4044-ad67-9c1b4a3a4c26, type=Set
09:37:17.964 [vert.x-eventloop-thread-0] INFO  d.m.q.c.state.QuorusStateStore [LEADER/1] [req-6c81465c-9f03-45c0-bba9-4e8040f3b479] - Set system metadata: key=phase4.v2.security-event.bank:1790498237963.dced208f-1b38-4044-ad67-9c1b4a3a4c26, valuePresent=true, replaced=false
09:37:17.964 [vert.x-eventloop-thread-0] DEBUG d.m.q.c.state.QuorusStateStore [LEADER/1] [req-6c81465c-9f03-45c0-bba9-4e8040f3b479] - Command applied successfully: type=Set, result=Success
09:37:17.968 [vert.x-eventloop-thread-0] INFO  d.m.q.controller.http.HttpApiServer [LEADER/1] - HTTP API Server stopped
09:37:17.968 [vert.x-eventloop-thread-0] INFO  d.m.q.c.r.InMemoryTransportSimulator [LEADER/1] - Stopped in-memory transport for node: security-boundary-24622172460900
09:37:17.968 [vert.x-eventloop-thread-0] INFO  d.m.quorus.controller.raft.RaftNode [LEADER/1] - Raft node stopped: security-boundary-24622172460900
09:37:18.004 [ForkJoinPool-1-worker-1] DEBUG d.m.q.c.state.QuorusStateStore - Initializing default metadata: version=2.0
09:37:18.005 [vert.x-eventloop-thread-0] INFO  d.m.quorus.controller.raft.RaftNode - Starting Raft node: security-boundary-24622673727100
09:37:18.005 [vert.x-eventloop-thread-0] INFO  d.m.quorus.controller.raft.RaftNode [FOLLOWER/0] - No storage configured, running in volatile mode
09:37:18.005 [vert.x-eventloop-thread-0] INFO  d.m.q.c.r.InMemoryTransportSimulator [FOLLOWER/0] - Started in-memory transport for node: security-boundary-24622673727100
09:37:18.005 [vert.x-eventloop-thread-0] INFO  d.m.quorus.controller.raft.RaftNode [FOLLOWER/0] - Raft node security-boundary-24622673727100 started successfully (term=0, logSize=1)
09:37:18.454 [vert.x-eventloop-thread-0] INFO  d.m.quorus.controller.raft.RaftNode [FOLLOWER/0] - Starting election for node: security-boundary-24622673727100
09:37:18.454 [vert.x-eventloop-thread-0] DEBUG d.m.quorus.controller.raft.RaftNode [CANDIDATE/1] - Persisting raft metadata: term=1, votedForPresent=true, votedFor=security-boundary-24622673727100
09:37:18.455 [vert.x-eventloop-thread-0] INFO  d.m.quorus.controller.raft.RaftNode [LEADER/1] - Node security-boundary-24622673727100 became LEADER for term 1
09:37:18.455 [vert.x-eventloop-thread-0] INFO  d.m.quorus.controller.raft.RaftNode [LEADER/1] - Command submitted at index 1 term 1
09:37:18.455 [vert.x-eventloop-thread-0] DEBUG d.m.quorus.controller.raft.RaftNode [LEADER/1] - Committed leader no-op entry for term 1
09:37:18.456 [ForkJoinPool-1-worker-1] INFO  d.m.q.controller.config.AppConfig - Loaded configuration from quorus-controller.properties
09:37:18.457 [ForkJoinPool-1-worker-1] DEBUG d.m.q.controller.config.AppConfig - Optional configuration profile quorus-controller-test.properties not found
09:37:18.457 [ForkJoinPool-1-worker-1] INFO  d.m.q.controller.config.AppConfig - === Quorus Controller Configuration ===
09:37:18.457 [ForkJoinPool-1-worker-1] INFO  d.m.q.controller.config.AppConfig -   Node ID:              test-node
09:37:18.457 [ForkJoinPool-1-worker-1] INFO  d.m.q.controller.config.AppConfig -   HTTP Host:            127.0.0.1
09:37:18.457 [ForkJoinPool-1-worker-1] INFO  d.m.q.controller.config.AppConfig -   HTTP Port:            8080
09:37:18.457 [ForkJoinPool-1-worker-1] INFO  d.m.q.controller.config.AppConfig -   Raft Port:            9080
09:37:18.457 [ForkJoinPool-1-worker-1] INFO  d.m.q.controller.config.AppConfig -   Cluster Nodes:        test-node=localhost:9080
09:37:18.458 [ForkJoinPool-1-worker-1] INFO  d.m.q.controller.config.AppConfig -   Service Name:         quorus-controller
09:37:18.458 [ForkJoinPool-1-worker-1] INFO  d.m.q.controller.config.AppConfig -   Version:              2.0-ext
09:37:18.458 [ForkJoinPool-1-worker-1] INFO  d.m.q.controller.config.AppConfig -   --- Thread Pools ---
09:37:18.458 [ForkJoinPool-1-worker-1] INFO  d.m.q.controller.config.AppConfig -   Raft I/O Pool Size:   10
09:37:18.458 [ForkJoinPool-1-worker-1] INFO  d.m.q.controller.config.AppConfig -   Raft I/O Queue Size:  1000
09:37:18.458 [ForkJoinPool-1-worker-1] INFO  d.m.q.controller.config.AppConfig -   --- Job Assignment ---
09:37:18.458 [ForkJoinPool-1-worker-1] INFO  d.m.q.controller.config.AppConfig -   Initial Delay:        5000ms
09:37:18.458 [ForkJoinPool-1-worker-1] INFO  d.m.q.controller.config.AppConfig -   Assignment Interval:  10000ms
09:37:18.458 [ForkJoinPool-1-worker-1] INFO  d.m.q.controller.config.AppConfig -   Timeout Initial:      30000ms
09:37:18.458 [ForkJoinPool-1-worker-1] INFO  d.m.q.controller.config.AppConfig -   Timeout Interval:     30000ms
09:37:18.458 [ForkJoinPool-1-worker-1] INFO  d.m.q.controller.config.AppConfig -   --- Snapshot ---
09:37:18.458 [ForkJoinPool-1-worker-1] INFO  d.m.q.controller.config.AppConfig -   Enabled:              true
09:37:18.458 [ForkJoinPool-1-worker-1] INFO  d.m.q.controller.config.AppConfig -   Threshold:            10000 entries
09:37:18.458 [ForkJoinPool-1-worker-1] INFO  d.m.q.controller.config.AppConfig -   Check Interval:       60000ms
09:37:18.458 [ForkJoinPool-1-worker-1] INFO  d.m.q.controller.config.AppConfig -   --- Telemetry ---
09:37:18.458 [ForkJoinPool-1-worker-1] INFO  d.m.q.controller.config.AppConfig -   Enabled:              true
09:37:18.458 [ForkJoinPool-1-worker-1] INFO  d.m.q.controller.config.AppConfig -   OTLP Endpoint:        http://localhost:4317
09:37:18.458 [ForkJoinPool-1-worker-1] INFO  d.m.q.controller.config.AppConfig -   Prometheus Port:      9464
09:37:18.458 [ForkJoinPool-1-worker-1] INFO  d.m.q.controller.config.AppConfig -   Transfer Freshness:   60000ms
09:37:18.458 [ForkJoinPool-1-worker-1] INFO  d.m.q.controller.config.AppConfig -   Transfer Stall:       120000ms
09:37:18.459 [ForkJoinPool-1-worker-1] INFO  d.m.q.controller.config.AppConfig - ========================================
09:37:18.473 [vert.x-eventloop-thread-0] INFO  d.m.q.controller.http.HttpApiServer [LEADER/1] - HTTP API Server listening on 127.0.0.1:52567
09:37:18.507 [vert.x-eventloop-thread-0] INFO  d.m.quorus.controller.raft.RaftNode [LEADER/1] [req-bf682632-79e1-44b8-90f8-016ab26a627e] - Command submitted at index 2 term 1
09:37:18.507 [vert.x-eventloop-thread-0] DEBUG d.m.q.c.state.QuorusStateStore [LEADER/1] [req-bf682632-79e1-44b8-90f8-016ab26a627e] - Applying command: type=Set
09:37:18.507 [vert.x-eventloop-thread-0] DEBUG d.m.q.c.state.QuorusStateStore [LEADER/1] [req-bf682632-79e1-44b8-90f8-016ab26a627e] - Processing system metadata command: key=phase4.v2.secret-reference.bank.branch:ledger, type=Set
09:37:18.507 [vert.x-eventloop-thread-0] INFO  d.m.q.c.state.QuorusStateStore [LEADER/1] [req-bf682632-79e1-44b8-90f8-016ab26a627e] - Set system metadata: key=phase4.v2.secret-reference.bank.branch:ledger, valuePresent=true, replaced=false
09:37:18.508 [vert.x-eventloop-thread-0] DEBUG d.m.q.c.state.QuorusStateStore [LEADER/1] [req-bf682632-79e1-44b8-90f8-016ab26a627e] - Command applied successfully: type=Set, result=Success
09:37:18.508 [vert.x-eventloop-thread-0] INFO  d.m.quorus.controller.raft.RaftNode [LEADER/1] [req-bf682632-79e1-44b8-90f8-016ab26a627e] - Command submitted at index 3 term 1
09:37:18.508 [vert.x-eventloop-thread-0] DEBUG d.m.q.c.state.QuorusStateStore [LEADER/1] [req-bf682632-79e1-44b8-90f8-016ab26a627e] - Applying command: type=Set
09:37:18.508 [vert.x-eventloop-thread-0] DEBUG d.m.q.c.state.QuorusStateStore [LEADER/1] [req-bf682632-79e1-44b8-90f8-016ab26a627e] - Processing system metadata command: key=phase4.v2.security-event.bank.branch:1790498238508.98805e85-c680-4e2b-a347-c7d81d5ec253, type=Set
09:37:18.508 [vert.x-eventloop-thread-0] INFO  d.m.q.c.state.QuorusStateStore [LEADER/1] [req-bf682632-79e1-44b8-90f8-016ab26a627e] - Set system metadata: key=phase4.v2.security-event.bank.branch:1790498238508.98805e85-c680-4e2b-a347-c7d81d5ec253, valuePresent=true, replaced=false
09:37:18.508 [vert.x-eventloop-thread-0] DEBUG d.m.q.c.state.QuorusStateStore [LEADER/1] [req-bf682632-79e1-44b8-90f8-016ab26a627e] - Command applied successfully: type=Set, result=Success
09:37:18.512 [vert.x-eventloop-thread-0] INFO  d.m.quorus.controller.raft.RaftNode [LEADER/1] [req-2a55ce1f-58ee-4605-a85d-92deff09c3e3] - Command submitted at index 4 term 1
09:37:18.512 [vert.x-eventloop-thread-0] DEBUG d.m.q.c.state.QuorusStateStore [LEADER/1] [req-2a55ce1f-58ee-4605-a85d-92deff09c3e3] - Applying command: type=Set
09:37:18.512 [vert.x-eventloop-thread-0] DEBUG d.m.q.c.state.QuorusStateStore [LEADER/1] [req-2a55ce1f-58ee-4605-a85d-92deff09c3e3] - Processing system metadata command: key=phase4.v2.service-connection.bank.branch:ledger, type=Set
09:37:18.512 [vert.x-eventloop-thread-0] INFO  d.m.q.c.state.QuorusStateStore [LEADER/1] [req-2a55ce1f-58ee-4605-a85d-92deff09c3e3] - Set system metadata: key=phase4.v2.service-connection.bank.branch:ledger, valuePresent=true, replaced=false
09:37:18.512 [vert.x-eventloop-thread-0] DEBUG d.m.q.c.state.QuorusStateStore [LEADER/1] [req-2a55ce1f-58ee-4605-a85d-92deff09c3e3] - Command applied successfully: type=Set, result=Success
09:37:18.512 [vert.x-eventloop-thread-0] INFO  d.m.quorus.controller.raft.RaftNode [LEADER/1] [req-2a55ce1f-58ee-4605-a85d-92deff09c3e3] - Command submitted at index 5 term 1
09:37:18.512 [vert.x-eventloop-thread-0] DEBUG d.m.q.c.state.QuorusStateStore [LEADER/1] [req-2a55ce1f-58ee-4605-a85d-92deff09c3e3] - Applying command: type=Set
09:37:18.512 [vert.x-eventloop-thread-0] DEBUG d.m.q.c.state.QuorusStateStore [LEADER/1] [req-2a55ce1f-58ee-4605-a85d-92deff09c3e3] - Processing system metadata command: key=phase4.v2.security-event.bank.branch:1790498238512.db36e446-e8b5-4f3c-8193-94c7392461d1, type=Set
09:37:18.513 [vert.x-eventloop-thread-0] INFO  d.m.q.c.state.QuorusStateStore [LEADER/1] [req-2a55ce1f-58ee-4605-a85d-92deff09c3e3] - Set system metadata: key=phase4.v2.security-event.bank.branch:1790498238512.db36e446-e8b5-4f3c-8193-94c7392461d1, valuePresent=true, replaced=false
09:37:18.513 [vert.x-eventloop-thread-0] DEBUG d.m.q.c.state.QuorusStateStore [LEADER/1] [req-2a55ce1f-58ee-4605-a85d-92deff09c3e3] - Command applied successfully: type=Set, result=Success
09:37:18.515 [vert.x-eventloop-thread-0] INFO  d.m.quorus.controller.raft.RaftNode [LEADER/1] [req-d528c2db-9959-44ae-a504-46805cd1cd3f] - Command submitted at index 6 term 1
09:37:18.515 [vert.x-eventloop-thread-0] DEBUG d.m.q.c.state.QuorusStateStore [LEADER/1] [req-d528c2db-9959-44ae-a504-46805cd1cd3f] - Applying command: type=Set
09:37:18.515 [vert.x-eventloop-thread-0] DEBUG d.m.q.c.state.QuorusStateStore [LEADER/1] [req-d528c2db-9959-44ae-a504-46805cd1cd3f] - Processing system metadata command: key=phase4.v2.secret-reference.bank:own-secret, type=Set
09:37:18.515 [vert.x-eventloop-thread-0] INFO  d.m.q.c.state.QuorusStateStore [LEADER/1] [req-d528c2db-9959-44ae-a504-46805cd1cd3f] - Set system metadata: key=phase4.v2.secret-reference.bank:own-secret, valuePresent=true, replaced=false
09:37:18.515 [vert.x-eventloop-thread-0] DEBUG d.m.q.c.state.QuorusStateStore [LEADER/1] [req-d528c2db-9959-44ae-a504-46805cd1cd3f] - Command applied successfully: type=Set, result=Success
09:37:18.515 [vert.x-eventloop-thread-0] INFO  d.m.quorus.controller.raft.RaftNode [LEADER/1] [req-d528c2db-9959-44ae-a504-46805cd1cd3f] - Command submitted at index 7 term 1
09:37:18.515 [vert.x-eventloop-thread-0] DEBUG d.m.q.c.state.QuorusStateStore [LEADER/1] [req-d528c2db-9959-44ae-a504-46805cd1cd3f] - Applying command: type=Set
09:37:18.515 [vert.x-eventloop-thread-0] DEBUG d.m.q.c.state.QuorusStateStore [LEADER/1] [req-d528c2db-9959-44ae-a504-46805cd1cd3f] - Processing system metadata command: key=phase4.v2.security-event.bank:1790498238515.2128cd08-8545-40b3-849e-04872e187903, type=Set
09:37:18.515 [vert.x-eventloop-thread-0] INFO  d.m.q.c.state.QuorusStateStore [LEADER/1] [req-d528c2db-9959-44ae-a504-46805cd1cd3f] - Set system metadata: key=phase4.v2.security-event.bank:1790498238515.2128cd08-8545-40b3-849e-04872e187903, valuePresent=true, replaced=false
09:37:18.515 [vert.x-eventloop-thread-0] DEBUG d.m.q.c.state.QuorusStateStore [LEADER/1] [req-d528c2db-9959-44ae-a504-46805cd1cd3f] - Command applied successfully: type=Set, result=Success
09:37:18.520 [vert.x-eventloop-thread-0] INFO  d.m.q.controller.http.HttpApiServer [LEADER/1] - HTTP API Server stopped
09:37:18.520 [vert.x-eventloop-thread-0] INFO  d.m.q.c.r.InMemoryTransportSimulator [LEADER/1] - Stopped in-memory transport for node: security-boundary-24622673727100
09:37:18.520 [vert.x-eventloop-thread-0] INFO  d.m.quorus.controller.raft.RaftNode [LEADER/1] - Raft node stopped: security-boundary-24622673727100
09:37:18.567 [ForkJoinPool-1-worker-1] DEBUG d.m.q.c.state.QuorusStateStore - Initializing default metadata: version=2.0
09:37:18.567 [vert.x-eventloop-thread-0] INFO  d.m.quorus.controller.raft.RaftNode - Starting Raft node: security-boundary-24623235958300
09:37:18.567 [vert.x-eventloop-thread-0] INFO  d.m.quorus.controller.raft.RaftNode [FOLLOWER/0] - No storage configured, running in volatile mode
09:37:18.567 [vert.x-eventloop-thread-0] INFO  d.m.q.c.r.InMemoryTransportSimulator [FOLLOWER/0] - Started in-memory transport for node: security-boundary-24623235958300
09:37:18.567 [vert.x-eventloop-thread-0] INFO  d.m.quorus.controller.raft.RaftNode [FOLLOWER/0] - Raft node security-boundary-24623235958300 started successfully (term=0, logSize=1)
09:37:18.892 [vert.x-eventloop-thread-0] INFO  d.m.quorus.controller.raft.RaftNode [FOLLOWER/0] - Starting election for node: security-boundary-24623235958300
09:37:18.893 [vert.x-eventloop-thread-0] DEBUG d.m.quorus.controller.raft.RaftNode [CANDIDATE/1] - Persisting raft metadata: term=1, votedForPresent=true, votedFor=security-boundary-24623235958300
09:37:18.893 [vert.x-eventloop-thread-0] INFO  d.m.quorus.controller.raft.RaftNode [LEADER/1] - Node security-boundary-24623235958300 became LEADER for term 1
09:37:18.893 [vert.x-eventloop-thread-0] INFO  d.m.quorus.controller.raft.RaftNode [LEADER/1] - Command submitted at index 1 term 1
09:37:18.893 [vert.x-eventloop-thread-0] DEBUG d.m.quorus.controller.raft.RaftNode [LEADER/1] - Committed leader no-op entry for term 1
09:37:18.898 [ForkJoinPool-1-worker-1] INFO  d.m.q.controller.config.AppConfig - Loaded configuration from quorus-controller.properties
09:37:18.899 [ForkJoinPool-1-worker-1] DEBUG d.m.q.controller.config.AppConfig - Optional configuration profile quorus-controller-test.properties not found
09:37:18.899 [ForkJoinPool-1-worker-1] INFO  d.m.q.controller.config.AppConfig - === Quorus Controller Configuration ===
09:37:18.899 [ForkJoinPool-1-worker-1] INFO  d.m.q.controller.config.AppConfig -   Node ID:              test-node
09:37:18.899 [ForkJoinPool-1-worker-1] INFO  d.m.q.controller.config.AppConfig -   HTTP Host:            127.0.0.1
09:37:18.899 [ForkJoinPool-1-worker-1] INFO  d.m.q.controller.config.AppConfig -   HTTP Port:            8080
09:37:18.899 [ForkJoinPool-1-worker-1] INFO  d.m.q.controller.config.AppConfig -   Raft Port:            9080
09:37:18.899 [ForkJoinPool-1-worker-1] INFO  d.m.q.controller.config.AppConfig -   Cluster Nodes:        test-node=localhost:9080
09:37:18.899 [ForkJoinPool-1-worker-1] INFO  d.m.q.controller.config.AppConfig -   Service Name:         quorus-controller
09:37:18.899 [ForkJoinPool-1-worker-1] INFO  d.m.q.controller.config.AppConfig -   Version:              2.0-ext
09:37:18.899 [ForkJoinPool-1-worker-1] INFO  d.m.q.controller.config.AppConfig -   --- Thread Pools ---
09:37:18.899 [ForkJoinPool-1-worker-1] INFO  d.m.q.controller.config.AppConfig -   Raft I/O Pool Size:   10
09:37:18.899 [ForkJoinPool-1-worker-1] INFO  d.m.q.controller.config.AppConfig -   Raft I/O Queue Size:  1000
09:37:18.899 [ForkJoinPool-1-worker-1] INFO  d.m.q.controller.config.AppConfig -   --- Job Assignment ---
09:37:18.899 [ForkJoinPool-1-worker-1] INFO  d.m.q.controller.config.AppConfig -   Initial Delay:        5000ms
09:37:18.899 [ForkJoinPool-1-worker-1] INFO  d.m.q.controller.config.AppConfig -   Assignment Interval:  10000ms
09:37:18.899 [ForkJoinPool-1-worker-1] INFO  d.m.q.controller.config.AppConfig -   Timeout Initial:      30000ms
09:37:18.899 [ForkJoinPool-1-worker-1] INFO  d.m.q.controller.config.AppConfig -   Timeout Interval:     30000ms
09:37:18.899 [ForkJoinPool-1-worker-1] INFO  d.m.q.controller.config.AppConfig -   --- Snapshot ---
09:37:18.899 [ForkJoinPool-1-worker-1] INFO  d.m.q.controller.config.AppConfig -   Enabled:              true
09:37:18.899 [ForkJoinPool-1-worker-1] INFO  d.m.q.controller.config.AppConfig -   Threshold:            10000 entries
09:37:18.899 [ForkJoinPool-1-worker-1] INFO  d.m.q.controller.config.AppConfig -   Check Interval:       60000ms
09:37:18.899 [ForkJoinPool-1-worker-1] INFO  d.m.q.controller.config.AppConfig -   --- Telemetry ---
09:37:18.899 [ForkJoinPool-1-worker-1] INFO  d.m.q.controller.config.AppConfig -   Enabled:              true
09:37:18.899 [ForkJoinPool-1-worker-1] INFO  d.m.q.controller.config.AppConfig -   OTLP Endpoint:        http://localhost:4317
09:37:18.899 [ForkJoinPool-1-worker-1] INFO  d.m.q.controller.config.AppConfig -   Prometheus Port:      9464
09:37:18.899 [ForkJoinPool-1-worker-1] INFO  d.m.q.controller.config.AppConfig -   Transfer Freshness:   60000ms
09:37:18.899 [ForkJoinPool-1-worker-1] INFO  d.m.q.controller.config.AppConfig -   Transfer Stall:       120000ms
09:37:18.899 [ForkJoinPool-1-worker-1] INFO  d.m.q.controller.config.AppConfig - ========================================
09:37:18.915 [vert.x-eventloop-thread-0] INFO  d.m.q.controller.http.HttpApiServer [LEADER/1] - HTTP API Server listening on 127.0.0.1:52569
09:37:18.950 [vert.x-eventloop-thread-0] INFO  d.m.quorus.controller.raft.RaftNode [LEADER/1] [req-22903b3c-877e-49bd-95f6-44ff72fd81fc] - Command submitted at index 2 term 1
09:37:18.950 [vert.x-eventloop-thread-0] DEBUG d.m.q.c.state.QuorusStateStore [LEADER/1] [req-22903b3c-877e-49bd-95f6-44ff72fd81fc] - Applying command: type=Set
09:37:18.950 [vert.x-eventloop-thread-0] DEBUG d.m.q.c.state.QuorusStateStore [LEADER/1] [req-22903b3c-877e-49bd-95f6-44ff72fd81fc] - Processing system metadata command: key=phase4.v2.secret-reference.bank.branch:ledger, type=Set
09:37:18.950 [vert.x-eventloop-thread-0] INFO  d.m.q.c.state.QuorusStateStore [LEADER/1] [req-22903b3c-877e-49bd-95f6-44ff72fd81fc] - Set system metadata: key=phase4.v2.secret-reference.bank.branch:ledger, valuePresent=true, replaced=false
09:37:18.950 [vert.x-eventloop-thread-0] DEBUG d.m.q.c.state.QuorusStateStore [LEADER/1] [req-22903b3c-877e-49bd-95f6-44ff72fd81fc] - Command applied successfully: type=Set, result=Success
09:37:18.950 [vert.x-eventloop-thread-0] INFO  d.m.quorus.controller.raft.RaftNode [LEADER/1] [req-22903b3c-877e-49bd-95f6-44ff72fd81fc] - Command submitted at index 3 term 1
09:37:18.951 [vert.x-eventloop-thread-0] DEBUG d.m.q.c.state.QuorusStateStore [LEADER/1] [req-22903b3c-877e-49bd-95f6-44ff72fd81fc] - Applying command: type=Set
09:37:18.951 [vert.x-eventloop-thread-0] DEBUG d.m.q.c.state.QuorusStateStore [LEADER/1] [req-22903b3c-877e-49bd-95f6-44ff72fd81fc] - Processing system metadata command: key=phase4.v2.security-event.bank.branch:1790498238950.e59bc303-1be6-4543-94ba-7703351954ca, type=Set
09:37:18.951 [vert.x-eventloop-thread-0] INFO  d.m.q.c.state.QuorusStateStore [LEADER/1] [req-22903b3c-877e-49bd-95f6-44ff72fd81fc] - Set system metadata: key=phase4.v2.security-event.bank.branch:1790498238950.e59bc303-1be6-4543-94ba-7703351954ca, valuePresent=true, replaced=false
09:37:18.951 [vert.x-eventloop-thread-0] DEBUG d.m.q.c.state.QuorusStateStore [LEADER/1] [req-22903b3c-877e-49bd-95f6-44ff72fd81fc] - Command applied successfully: type=Set, result=Success
09:37:18.953 [vert.x-eventloop-thread-0] INFO  d.m.quorus.controller.raft.RaftNode [LEADER/1] [req-35a5ee0f-8968-4379-b5a1-69b9ff1ea7a0] - Command submitted at index 4 term 1
09:37:18.953 [vert.x-eventloop-thread-0] DEBUG d.m.q.c.state.QuorusStateStore [LEADER/1] [req-35a5ee0f-8968-4379-b5a1-69b9ff1ea7a0] - Applying command: type=Set
09:37:18.954 [vert.x-eventloop-thread-0] DEBUG d.m.q.c.state.QuorusStateStore [LEADER/1] [req-35a5ee0f-8968-4379-b5a1-69b9ff1ea7a0] - Processing system metadata command: key=phase4.v2.service-connection.bank.branch:ledger, type=Set
09:37:18.954 [vert.x-eventloop-thread-0] INFO  d.m.q.c.state.QuorusStateStore [LEADER/1] [req-35a5ee0f-8968-4379-b5a1-69b9ff1ea7a0] - Set system metadata: key=phase4.v2.service-connection.bank.branch:ledger, valuePresent=true, replaced=false
09:37:18.954 [vert.x-eventloop-thread-0] DEBUG d.m.q.c.state.QuorusStateStore [LEADER/1] [req-35a5ee0f-8968-4379-b5a1-69b9ff1ea7a0] - Command applied successfully: type=Set, result=Success
09:37:18.954 [vert.x-eventloop-thread-0] INFO  d.m.quorus.controller.raft.RaftNode [LEADER/1] [req-35a5ee0f-8968-4379-b5a1-69b9ff1ea7a0] - Command submitted at index 5 term 1
09:37:18.954 [vert.x-eventloop-thread-0] DEBUG d.m.q.c.state.QuorusStateStore [LEADER/1] [req-35a5ee0f-8968-4379-b5a1-69b9ff1ea7a0] - Applying command: type=Set
09:37:18.954 [vert.x-eventloop-thread-0] DEBUG d.m.q.c.state.QuorusStateStore [LEADER/1] [req-35a5ee0f-8968-4379-b5a1-69b9ff1ea7a0] - Processing system metadata command: key=phase4.v2.security-event.bank.branch:1790498238954.6dd7451f-369d-42e2-82e7-4580f9aaf618, type=Set
09:37:18.954 [vert.x-eventloop-thread-0] INFO  d.m.q.c.state.QuorusStateStore [LEADER/1] [req-35a5ee0f-8968-4379-b5a1-69b9ff1ea7a0] - Set system metadata: key=phase4.v2.security-event.bank.branch:1790498238954.6dd7451f-369d-42e2-82e7-4580f9aaf618, valuePresent=true, replaced=false
09:37:18.954 [vert.x-eventloop-thread-0] DEBUG d.m.q.c.state.QuorusStateStore [LEADER/1] [req-35a5ee0f-8968-4379-b5a1-69b9ff1ea7a0] - Command applied successfully: type=Set, result=Success
09:37:18.955 [vert.x-eventloop-thread-0] INFO  d.m.quorus.controller.raft.RaftNode [LEADER/1] [req-960b2ddc-5af2-4484-9837-9b807e17916d] - Command submitted at index 6 term 1
09:37:18.955 [vert.x-eventloop-thread-0] DEBUG d.m.q.c.state.QuorusStateStore [LEADER/1] [req-960b2ddc-5af2-4484-9837-9b807e17916d] - Applying command: type=Set
09:37:18.956 [vert.x-eventloop-thread-0] DEBUG d.m.q.c.state.QuorusStateStore [LEADER/1] [req-960b2ddc-5af2-4484-9837-9b807e17916d] - Processing system metadata command: key=phase4.v2.secret-reference.bank:own-secret, type=Set
09:37:18.956 [vert.x-eventloop-thread-0] INFO  d.m.q.c.state.QuorusStateStore [LEADER/1] [req-960b2ddc-5af2-4484-9837-9b807e17916d] - Set system metadata: key=phase4.v2.secret-reference.bank:own-secret, valuePresent=true, replaced=false
09:37:18.956 [vert.x-eventloop-thread-0] DEBUG d.m.q.c.state.QuorusStateStore [LEADER/1] [req-960b2ddc-5af2-4484-9837-9b807e17916d] - Command applied successfully: type=Set, result=Success
09:37:18.956 [vert.x-eventloop-thread-0] INFO  d.m.quorus.controller.raft.RaftNode [LEADER/1] [req-960b2ddc-5af2-4484-9837-9b807e17916d] - Command submitted at index 7 term 1
09:37:18.956 [vert.x-eventloop-thread-0] DEBUG d.m.q.c.state.QuorusStateStore [LEADER/1] [req-960b2ddc-5af2-4484-9837-9b807e17916d] - Applying command: type=Set
09:37:18.956 [vert.x-eventloop-thread-0] DEBUG d.m.q.c.state.QuorusStateStore [LEADER/1] [req-960b2ddc-5af2-4484-9837-9b807e17916d] - Processing system metadata command: key=phase4.v2.security-event.bank:1790498238956.6e6bfcc2-8765-4999-9e2b-1fed58bd46b5, type=Set
09:37:18.956 [vert.x-eventloop-thread-0] INFO  d.m.q.c.state.QuorusStateStore [LEADER/1] [req-960b2ddc-5af2-4484-9837-9b807e17916d] - Set system metadata: key=phase4.v2.security-event.bank:1790498238956.6e6bfcc2-8765-4999-9e2b-1fed58bd46b5, valuePresent=true, replaced=false
09:37:18.956 [vert.x-eventloop-thread-0] DEBUG d.m.q.c.state.QuorusStateStore [LEADER/1] [req-960b2ddc-5af2-4484-9837-9b807e17916d] - Command applied successfully: type=Set, result=Success
09:37:18.958 [vert.x-eventloop-thread-0] WARN  d.m.q.c.http.GlobalErrorHandler [LEADER/1] [req-e7157d45-1041-4f85-ba20-acaa17856ef3] - Client error [NOT_FOUND] at /api/v1/service-connections/branch.ledger: Service connection not found
09:37:18.959 [vert.x-eventloop-thread-0] INFO  d.m.q.controller.http.HttpApiServer [LEADER/1] - HTTP API Server stopped
09:37:18.960 [vert.x-eventloop-thread-0] INFO  d.m.q.c.r.InMemoryTransportSimulator [LEADER/1] - Stopped in-memory transport for node: security-boundary-24623235958300
09:37:18.960 [vert.x-eventloop-thread-0] INFO  d.m.quorus.controller.raft.RaftNode [LEADER/1] - Raft node stopped: security-boundary-24623235958300
09:37:19.004 [ForkJoinPool-1-worker-1] DEBUG d.m.q.c.state.QuorusStateStore - Initializing default metadata: version=2.0
09:37:19.005 [vert.x-eventloop-thread-0] INFO  d.m.quorus.controller.raft.RaftNode - Starting Raft node: security-boundary-24623673609900
09:37:19.005 [vert.x-eventloop-thread-0] INFO  d.m.quorus.controller.raft.RaftNode [FOLLOWER/0] - No storage configured, running in volatile mode
09:37:19.005 [vert.x-eventloop-thread-0] INFO  d.m.q.c.r.InMemoryTransportSimulator [FOLLOWER/0] - Started in-memory transport for node: security-boundary-24623673609900
09:37:19.005 [vert.x-eventloop-thread-0] INFO  d.m.quorus.controller.raft.RaftNode [FOLLOWER/0] - Raft node security-boundary-24623673609900 started successfully (term=0, logSize=1)
09:37:19.349 [vert.x-eventloop-thread-0] INFO  d.m.quorus.controller.raft.RaftNode [FOLLOWER/0] - Starting election for node: security-boundary-24623673609900
09:37:19.349 [vert.x-eventloop-thread-0] DEBUG d.m.quorus.controller.raft.RaftNode [CANDIDATE/1] - Persisting raft metadata: term=1, votedForPresent=true, votedFor=security-boundary-24623673609900
09:37:19.349 [vert.x-eventloop-thread-0] INFO  d.m.quorus.controller.raft.RaftNode [LEADER/1] - Node security-boundary-24623673609900 became LEADER for term 1
09:37:19.349 [vert.x-eventloop-thread-0] INFO  d.m.quorus.controller.raft.RaftNode [LEADER/1] - Command submitted at index 1 term 1
09:37:19.349 [vert.x-eventloop-thread-0] DEBUG d.m.quorus.controller.raft.RaftNode [LEADER/1] - Committed leader no-op entry for term 1
09:37:19.355 [ForkJoinPool-1-worker-1] INFO  d.m.q.controller.config.AppConfig - Loaded configuration from quorus-controller.properties
09:37:19.356 [ForkJoinPool-1-worker-1] DEBUG d.m.q.controller.config.AppConfig - Optional configuration profile quorus-controller-test.properties not found
09:37:19.356 [ForkJoinPool-1-worker-1] INFO  d.m.q.controller.config.AppConfig - === Quorus Controller Configuration ===
09:37:19.356 [ForkJoinPool-1-worker-1] INFO  d.m.q.controller.config.AppConfig -   Node ID:              test-node
09:37:19.356 [ForkJoinPool-1-worker-1] INFO  d.m.q.controller.config.AppConfig -   HTTP Host:            127.0.0.1
09:37:19.356 [ForkJoinPool-1-worker-1] INFO  d.m.q.controller.config.AppConfig -   HTTP Port:            8080
09:37:19.356 [ForkJoinPool-1-worker-1] INFO  d.m.q.controller.config.AppConfig -   Raft Port:            9080
09:37:19.356 [ForkJoinPool-1-worker-1] INFO  d.m.q.controller.config.AppConfig -   Cluster Nodes:        test-node=localhost:9080
09:37:19.356 [ForkJoinPool-1-worker-1] INFO  d.m.q.controller.config.AppConfig -   Service Name:         quorus-controller
09:37:19.356 [ForkJoinPool-1-worker-1] INFO  d.m.q.controller.config.AppConfig -   Version:              2.0-ext
09:37:19.356 [ForkJoinPool-1-worker-1] INFO  d.m.q.controller.config.AppConfig -   --- Thread Pools ---
09:37:19.356 [ForkJoinPool-1-worker-1] INFO  d.m.q.controller.config.AppConfig -   Raft I/O Pool Size:   10
09:37:19.356 [ForkJoinPool-1-worker-1] INFO  d.m.q.controller.config.AppConfig -   Raft I/O Queue Size:  1000
09:37:19.356 [ForkJoinPool-1-worker-1] INFO  d.m.q.controller.config.AppConfig -   --- Job Assignment ---
09:37:19.356 [ForkJoinPool-1-worker-1] INFO  d.m.q.controller.config.AppConfig -   Initial Delay:        5000ms
09:37:19.356 [ForkJoinPool-1-worker-1] INFO  d.m.q.controller.config.AppConfig -   Assignment Interval:  10000ms
09:37:19.356 [ForkJoinPool-1-worker-1] INFO  d.m.q.controller.config.AppConfig -   Timeout Initial:      30000ms
09:37:19.356 [ForkJoinPool-1-worker-1] INFO  d.m.q.controller.config.AppConfig -   Timeout Interval:     30000ms
09:37:19.356 [ForkJoinPool-1-worker-1] INFO  d.m.q.controller.config.AppConfig -   --- Snapshot ---
09:37:19.356 [ForkJoinPool-1-worker-1] INFO  d.m.q.controller.config.AppConfig -   Enabled:              true
09:37:19.356 [ForkJoinPool-1-worker-1] INFO  d.m.q.controller.config.AppConfig -   Threshold:            10000 entries
09:37:19.356 [ForkJoinPool-1-worker-1] INFO  d.m.q.controller.config.AppConfig -   Check Interval:       60000ms
09:37:19.356 [ForkJoinPool-1-worker-1] INFO  d.m.q.controller.config.AppConfig -   --- Telemetry ---
09:37:19.356 [ForkJoinPool-1-worker-1] INFO  d.m.q.controller.config.AppConfig -   Enabled:              true
09:37:19.356 [ForkJoinPool-1-worker-1] INFO  d.m.q.controller.config.AppConfig -   OTLP Endpoint:        http://localhost:4317
09:37:19.356 [ForkJoinPool-1-worker-1] INFO  d.m.q.controller.config.AppConfig -   Prometheus Port:      9464
09:37:19.356 [ForkJoinPool-1-worker-1] INFO  d.m.q.controller.config.AppConfig -   Transfer Freshness:   60000ms
09:37:19.356 [ForkJoinPool-1-worker-1] INFO  d.m.q.controller.config.AppConfig -   Transfer Stall:       120000ms
09:37:19.356 [ForkJoinPool-1-worker-1] INFO  d.m.q.controller.config.AppConfig - ========================================
09:37:19.371 [vert.x-eventloop-thread-0] INFO  d.m.q.controller.http.HttpApiServer [LEADER/1] - HTTP API Server listening on 127.0.0.1:52571
09:37:19.402 [vert.x-eventloop-thread-0] INFO  d.m.quorus.controller.raft.RaftNode [LEADER/1] [req-8bb8abcd-fc61-4f4b-ac3f-4ccd7cb365d7] - Command submitted at index 2 term 1
09:37:19.402 [vert.x-eventloop-thread-0] DEBUG d.m.q.c.state.QuorusStateStore [LEADER/1] [req-8bb8abcd-fc61-4f4b-ac3f-4ccd7cb365d7] - Applying command: type=Set
09:37:19.402 [vert.x-eventloop-thread-0] DEBUG d.m.q.c.state.QuorusStateStore [LEADER/1] [req-8bb8abcd-fc61-4f4b-ac3f-4ccd7cb365d7] - Processing system metadata command: key=phase4.v2.secret-reference.bank.branch:ledger, type=Set
09:37:19.402 [vert.x-eventloop-thread-0] INFO  d.m.q.c.state.QuorusStateStore [LEADER/1] [req-8bb8abcd-fc61-4f4b-ac3f-4ccd7cb365d7] - Set system metadata: key=phase4.v2.secret-reference.bank.branch:ledger, valuePresent=true, replaced=false
09:37:19.402 [vert.x-eventloop-thread-0] DEBUG d.m.q.c.state.QuorusStateStore [LEADER/1] [req-8bb8abcd-fc61-4f4b-ac3f-4ccd7cb365d7] - Command applied successfully: type=Set, result=Success
09:37:19.402 [vert.x-eventloop-thread-0] INFO  d.m.quorus.controller.raft.RaftNode [LEADER/1] [req-8bb8abcd-fc61-4f4b-ac3f-4ccd7cb365d7] - Command submitted at index 3 term 1
09:37:19.403 [vert.x-eventloop-thread-0] DEBUG d.m.q.c.state.QuorusStateStore [LEADER/1] [req-8bb8abcd-fc61-4f4b-ac3f-4ccd7cb365d7] - Applying command: type=Set
09:37:19.403 [vert.x-eventloop-thread-0] DEBUG d.m.q.c.state.QuorusStateStore [LEADER/1] [req-8bb8abcd-fc61-4f4b-ac3f-4ccd7cb365d7] - Processing system metadata command: key=phase4.v2.security-event.bank.branch:1790498239402.3734e307-f48b-4201-97bd-b5ab953f25aa, type=Set
09:37:19.403 [vert.x-eventloop-thread-0] INFO  d.m.q.c.state.QuorusStateStore [LEADER/1] [req-8bb8abcd-fc61-4f4b-ac3f-4ccd7cb365d7] - Set system metadata: key=phase4.v2.security-event.bank.branch:1790498239402.3734e307-f48b-4201-97bd-b5ab953f25aa, valuePresent=true, replaced=false
09:37:19.403 [vert.x-eventloop-thread-0] DEBUG d.m.q.c.state.QuorusStateStore [LEADER/1] [req-8bb8abcd-fc61-4f4b-ac3f-4ccd7cb365d7] - Command applied successfully: type=Set, result=Success
09:37:19.406 [vert.x-eventloop-thread-0] INFO  d.m.quorus.controller.raft.RaftNode [LEADER/1] [req-dbea6cd6-592b-4826-98ae-f5196c1c2e6d] - Command submitted at index 4 term 1
09:37:19.406 [vert.x-eventloop-thread-0] DEBUG d.m.q.c.state.QuorusStateStore [LEADER/1] [req-dbea6cd6-592b-4826-98ae-f5196c1c2e6d] - Applying command: type=Set
09:37:19.407 [vert.x-eventloop-thread-0] DEBUG d.m.q.c.state.QuorusStateStore [LEADER/1] [req-dbea6cd6-592b-4826-98ae-f5196c1c2e6d] - Processing system metadata command: key=phase4.v2.service-connection.bank.branch:ledger, type=Set
09:37:19.407 [vert.x-eventloop-thread-0] INFO  d.m.q.c.state.QuorusStateStore [LEADER/1] [req-dbea6cd6-592b-4826-98ae-f5196c1c2e6d] - Set system metadata: key=phase4.v2.service-connection.bank.branch:ledger, valuePresent=true, replaced=false
09:37:19.407 [vert.x-eventloop-thread-0] DEBUG d.m.q.c.state.QuorusStateStore [LEADER/1] [req-dbea6cd6-592b-4826-98ae-f5196c1c2e6d] - Command applied successfully: type=Set, result=Success
09:37:19.407 [vert.x-eventloop-thread-0] INFO  d.m.quorus.controller.raft.RaftNode [LEADER/1] [req-dbea6cd6-592b-4826-98ae-f5196c1c2e6d] - Command submitted at index 5 term 1
09:37:19.407 [vert.x-eventloop-thread-0] DEBUG d.m.q.c.state.QuorusStateStore [LEADER/1] [req-dbea6cd6-592b-4826-98ae-f5196c1c2e6d] - Applying command: type=Set
09:37:19.407 [vert.x-eventloop-thread-0] DEBUG d.m.q.c.state.QuorusStateStore [LEADER/1] [req-dbea6cd6-592b-4826-98ae-f5196c1c2e6d] - Processing system metadata command: key=phase4.v2.security-event.bank.branch:1790498239407.574057f7-335d-494e-b634-d5dad40a39b5, type=Set
09:37:19.407 [vert.x-eventloop-thread-0] INFO  d.m.q.c.state.QuorusStateStore [LEADER/1] [req-dbea6cd6-592b-4826-98ae-f5196c1c2e6d] - Set system metadata: key=phase4.v2.security-event.bank.branch:1790498239407.574057f7-335d-494e-b634-d5dad40a39b5, valuePresent=true, replaced=false
09:37:19.407 [vert.x-eventloop-thread-0] DEBUG d.m.q.c.state.QuorusStateStore [LEADER/1] [req-dbea6cd6-592b-4826-98ae-f5196c1c2e6d] - Command applied successfully: type=Set, result=Success
09:37:19.410 [vert.x-eventloop-thread-0] INFO  d.m.quorus.controller.raft.RaftNode [LEADER/1] [req-89d1e1aa-5173-4c1f-8c4b-8782563a895d] - Command submitted at index 6 term 1
09:37:19.410 [vert.x-eventloop-thread-0] DEBUG d.m.q.c.state.QuorusStateStore [LEADER/1] [req-89d1e1aa-5173-4c1f-8c4b-8782563a895d] - Applying command: type=Set
09:37:19.410 [vert.x-eventloop-thread-0] DEBUG d.m.q.c.state.QuorusStateStore [LEADER/1] [req-89d1e1aa-5173-4c1f-8c4b-8782563a895d] - Processing system metadata command: key=phase4.v2.secret-reference.bank:own-secret, type=Set
09:37:19.410 [vert.x-eventloop-thread-0] INFO  d.m.q.c.state.QuorusStateStore [LEADER/1] [req-89d1e1aa-5173-4c1f-8c4b-8782563a895d] - Set system metadata: key=phase4.v2.secret-reference.bank:own-secret, valuePresent=true, replaced=false
09:37:19.410 [vert.x-eventloop-thread-0] DEBUG d.m.q.c.state.QuorusStateStore [LEADER/1] [req-89d1e1aa-5173-4c1f-8c4b-8782563a895d] - Command applied successfully: type=Set, result=Success
09:37:19.410 [vert.x-eventloop-thread-0] INFO  d.m.quorus.controller.raft.RaftNode [LEADER/1] [req-89d1e1aa-5173-4c1f-8c4b-8782563a895d] - Command submitted at index 7 term 1
09:37:19.410 [vert.x-eventloop-thread-0] DEBUG d.m.q.c.state.QuorusStateStore [LEADER/1] [req-89d1e1aa-5173-4c1f-8c4b-8782563a895d] - Applying command: type=Set
09:37:19.410 [vert.x-eventloop-thread-0] DEBUG d.m.q.c.state.QuorusStateStore [LEADER/1] [req-89d1e1aa-5173-4c1f-8c4b-8782563a895d] - Processing system metadata command: key=phase4.v2.security-event.bank:1790498239410.64990fc6-d5b3-4d80-b800-4ccf7353beed, type=Set
09:37:19.410 [vert.x-eventloop-thread-0] INFO  d.m.q.c.state.QuorusStateStore [LEADER/1] [req-89d1e1aa-5173-4c1f-8c4b-8782563a895d] - Set system metadata: key=phase4.v2.security-event.bank:1790498239410.64990fc6-d5b3-4d80-b800-4ccf7353beed, valuePresent=true, replaced=false
09:37:19.411 [vert.x-eventloop-thread-0] DEBUG d.m.q.c.state.QuorusStateStore [LEADER/1] [req-89d1e1aa-5173-4c1f-8c4b-8782563a895d] - Command applied successfully: type=Set, result=Success
09:37:19.413 [vert.x-eventloop-thread-0] WARN  d.m.q.c.http.GlobalErrorHandler [LEADER/1] [req-e9581d9c-7d63-4cf3-b5b0-6ef8f6c562d8] - Client error [NOT_FOUND] at /api/v1/service-connections/branch.ledger: Service connection not found
09:37:19.415 [vert.x-eventloop-thread-0] INFO  d.m.q.controller.http.HttpApiServer [LEADER/1] - HTTP API Server stopped
09:37:19.416 [vert.x-eventloop-thread-0] INFO  d.m.q.c.r.InMemoryTransportSimulator [LEADER/1] - Stopped in-memory transport for node: security-boundary-24623673609900
09:37:19.416 [vert.x-eventloop-thread-0] INFO  d.m.quorus.controller.raft.RaftNode [LEADER/1] - Raft node stopped: security-boundary-24623673609900
09:37:19.458 [ForkJoinPool-1-worker-1] DEBUG d.m.q.c.state.QuorusStateStore - Initializing default metadata: version=2.0
09:37:19.458 [vert.x-eventloop-thread-0] INFO  d.m.quorus.controller.raft.RaftNode - Starting Raft node: security-boundary-24624127439600
09:37:19.458 [vert.x-eventloop-thread-0] INFO  d.m.quorus.controller.raft.RaftNode [FOLLOWER/0] - No storage configured, running in volatile mode
09:37:19.458 [vert.x-eventloop-thread-0] INFO  d.m.q.c.r.InMemoryTransportSimulator [FOLLOWER/0] - Started in-memory transport for node: security-boundary-24624127439600
09:37:19.458 [vert.x-eventloop-thread-0] INFO  d.m.quorus.controller.raft.RaftNode [FOLLOWER/0] - Raft node security-boundary-24624127439600 started successfully (term=0, logSize=1)
09:37:19.864 [vert.x-eventloop-thread-0] INFO  d.m.quorus.controller.raft.RaftNode [FOLLOWER/0] - Starting election for node: security-boundary-24624127439600
09:37:19.864 [vert.x-eventloop-thread-0] DEBUG d.m.quorus.controller.raft.RaftNode [CANDIDATE/1] - Persisting raft metadata: term=1, votedForPresent=true, votedFor=security-boundary-24624127439600
09:37:19.864 [vert.x-eventloop-thread-0] INFO  d.m.quorus.controller.raft.RaftNode [LEADER/1] - Node security-boundary-24624127439600 became LEADER for term 1
09:37:19.865 [vert.x-eventloop-thread-0] INFO  d.m.quorus.controller.raft.RaftNode [LEADER/1] - Command submitted at index 1 term 1
09:37:19.865 [vert.x-eventloop-thread-0] DEBUG d.m.quorus.controller.raft.RaftNode [LEADER/1] - Committed leader no-op entry for term 1
09:37:19.869 [ForkJoinPool-1-worker-1] INFO  d.m.q.controller.config.AppConfig - Loaded configuration from quorus-controller.properties
09:37:19.870 [ForkJoinPool-1-worker-1] DEBUG d.m.q.controller.config.AppConfig - Optional configuration profile quorus-controller-test.properties not found
09:37:19.870 [ForkJoinPool-1-worker-1] INFO  d.m.q.controller.config.AppConfig - === Quorus Controller Configuration ===
09:37:19.870 [ForkJoinPool-1-worker-1] INFO  d.m.q.controller.config.AppConfig -   Node ID:              test-node
09:37:19.870 [ForkJoinPool-1-worker-1] INFO  d.m.q.controller.config.AppConfig -   HTTP Host:            127.0.0.1
09:37:19.870 [ForkJoinPool-1-worker-1] INFO  d.m.q.controller.config.AppConfig -   HTTP Port:            8080
09:37:19.870 [ForkJoinPool-1-worker-1] INFO  d.m.q.controller.config.AppConfig -   Raft Port:            9080
09:37:19.870 [ForkJoinPool-1-worker-1] INFO  d.m.q.controller.config.AppConfig -   Cluster Nodes:        test-node=localhost:9080
09:37:19.870 [ForkJoinPool-1-worker-1] INFO  d.m.q.controller.config.AppConfig -   Service Name:         quorus-controller
09:37:19.870 [ForkJoinPool-1-worker-1] INFO  d.m.q.controller.config.AppConfig -   Version:              2.0-ext
09:37:19.870 [ForkJoinPool-1-worker-1] INFO  d.m.q.controller.config.AppConfig -   --- Thread Pools ---
09:37:19.870 [ForkJoinPool-1-worker-1] INFO  d.m.q.controller.config.AppConfig -   Raft I/O Pool Size:   10
09:37:19.870 [ForkJoinPool-1-worker-1] INFO  d.m.q.controller.config.AppConfig -   Raft I/O Queue Size:  1000
09:37:19.870 [ForkJoinPool-1-worker-1] INFO  d.m.q.controller.config.AppConfig -   --- Job Assignment ---
09:37:19.870 [ForkJoinPool-1-worker-1] INFO  d.m.q.controller.config.AppConfig -   Initial Delay:        5000ms
09:37:19.870 [ForkJoinPool-1-worker-1] INFO  d.m.q.controller.config.AppConfig -   Assignment Interval:  10000ms
09:37:19.870 [ForkJoinPool-1-worker-1] INFO  d.m.q.controller.config.AppConfig -   Timeout Initial:      30000ms
09:37:19.870 [ForkJoinPool-1-worker-1] INFO  d.m.q.controller.config.AppConfig -   Timeout Interval:     30000ms
09:37:19.870 [ForkJoinPool-1-worker-1] INFO  d.m.q.controller.config.AppConfig -   --- Snapshot ---
09:37:19.870 [ForkJoinPool-1-worker-1] INFO  d.m.q.controller.config.AppConfig -   Enabled:              true
09:37:19.870 [ForkJoinPool-1-worker-1] INFO  d.m.q.controller.config.AppConfig -   Threshold:            10000 entries
09:37:19.870 [ForkJoinPool-1-worker-1] INFO  d.m.q.controller.config.AppConfig -   Check Interval:       60000ms
09:37:19.870 [ForkJoinPool-1-worker-1] INFO  d.m.q.controller.config.AppConfig -   --- Telemetry ---
09:37:19.870 [ForkJoinPool-1-worker-1] INFO  d.m.q.controller.config.AppConfig -   Enabled:              true
09:37:19.870 [ForkJoinPool-1-worker-1] INFO  d.m.q.controller.config.AppConfig -   OTLP Endpoint:        http://localhost:4317
09:37:19.870 [ForkJoinPool-1-worker-1] INFO  d.m.q.controller.config.AppConfig -   Prometheus Port:      9464
09:37:19.870 [ForkJoinPool-1-worker-1] INFO  d.m.q.controller.config.AppConfig -   Transfer Freshness:   60000ms
09:37:19.870 [ForkJoinPool-1-worker-1] INFO  d.m.q.controller.config.AppConfig -   Transfer Stall:       120000ms
09:37:19.870 [ForkJoinPool-1-worker-1] INFO  d.m.q.controller.config.AppConfig - ========================================
09:37:19.886 [vert.x-eventloop-thread-0] INFO  d.m.q.controller.http.HttpApiServer [LEADER/1] - HTTP API Server listening on 127.0.0.1:52573
09:37:19.917 [vert.x-eventloop-thread-0] INFO  d.m.quorus.controller.raft.RaftNode [LEADER/1] [req-da304711-71af-4907-8305-94f52491a3fd] - Command submitted at index 2 term 1
09:37:19.917 [vert.x-eventloop-thread-0] DEBUG d.m.q.c.state.QuorusStateStore [LEADER/1] [req-da304711-71af-4907-8305-94f52491a3fd] - Applying command: type=Set
09:37:19.917 [vert.x-eventloop-thread-0] DEBUG d.m.q.c.state.QuorusStateStore [LEADER/1] [req-da304711-71af-4907-8305-94f52491a3fd] - Processing system metadata command: key=phase4.v2.secret-reference.bank.branch:ledger, type=Set
09:37:19.917 [vert.x-eventloop-thread-0] INFO  d.m.q.c.state.QuorusStateStore [LEADER/1] [req-da304711-71af-4907-8305-94f52491a3fd] - Set system metadata: key=phase4.v2.secret-reference.bank.branch:ledger, valuePresent=true, replaced=false
09:37:19.917 [vert.x-eventloop-thread-0] DEBUG d.m.q.c.state.QuorusStateStore [LEADER/1] [req-da304711-71af-4907-8305-94f52491a3fd] - Command applied successfully: type=Set, result=Success
09:37:19.917 [vert.x-eventloop-thread-0] INFO  d.m.quorus.controller.raft.RaftNode [LEADER/1] [req-da304711-71af-4907-8305-94f52491a3fd] - Command submitted at index 3 term 1
09:37:19.917 [vert.x-eventloop-thread-0] DEBUG d.m.q.c.state.QuorusStateStore [LEADER/1] [req-da304711-71af-4907-8305-94f52491a3fd] - Applying command: type=Set
09:37:19.917 [vert.x-eventloop-thread-0] DEBUG d.m.q.c.state.QuorusStateStore [LEADER/1] [req-da304711-71af-4907-8305-94f52491a3fd] - Processing system metadata command: key=phase4.v2.security-event.bank.branch:1790498239917.5b68f999-e976-4376-9685-87a7fc4941b8, type=Set
09:37:19.917 [vert.x-eventloop-thread-0] INFO  d.m.q.c.state.QuorusStateStore [LEADER/1] [req-da304711-71af-4907-8305-94f52491a3fd] - Set system metadata: key=phase4.v2.security-event.bank.branch:1790498239917.5b68f999-e976-4376-9685-87a7fc4941b8, valuePresent=true, replaced=false
09:37:19.917 [vert.x-eventloop-thread-0] DEBUG d.m.q.c.state.QuorusStateStore [LEADER/1] [req-da304711-71af-4907-8305-94f52491a3fd] - Command applied successfully: type=Set, result=Success
09:37:19.926 [vert.x-eventloop-thread-0] INFO  d.m.q.controller.http.HttpApiServer [LEADER/1] - HTTP API Server stopped
09:37:19.926 [vert.x-eventloop-thread-0] INFO  d.m.q.c.r.InMemoryTransportSimulator [LEADER/1] - Stopped in-memory transport for node: security-boundary-24624127439600
09:37:19.926 [vert.x-eventloop-thread-0] INFO  d.m.quorus.controller.raft.RaftNode [LEADER/1] - Raft node stopped: security-boundary-24624127439600
09:37:19.972 [ForkJoinPool-1-worker-1] DEBUG d.m.q.c.state.QuorusStateStore - Initializing default metadata: version=2.0
09:37:19.972 [vert.x-eventloop-thread-0] INFO  d.m.quorus.controller.raft.RaftNode - Starting Raft node: security-boundary-24624641412400
09:37:19.973 [vert.x-eventloop-thread-0] INFO  d.m.quorus.controller.raft.RaftNode [FOLLOWER/0] - No storage configured, running in volatile mode
09:37:19.973 [vert.x-eventloop-thread-0] INFO  d.m.q.c.r.InMemoryTransportSimulator [FOLLOWER/0] - Started in-memory transport for node: security-boundary-24624641412400
09:37:19.973 [vert.x-eventloop-thread-0] INFO  d.m.quorus.controller.raft.RaftNode [FOLLOWER/0] - Raft node security-boundary-24624641412400 started successfully (term=0, logSize=1)
09:37:20.418 [vert.x-eventloop-thread-0] INFO  d.m.quorus.controller.raft.RaftNode [FOLLOWER/0] - Starting election for node: security-boundary-24624641412400
09:37:20.418 [vert.x-eventloop-thread-0] DEBUG d.m.quorus.controller.raft.RaftNode [CANDIDATE/1] - Persisting raft metadata: term=1, votedForPresent=true, votedFor=security-boundary-24624641412400
09:37:20.418 [vert.x-eventloop-thread-0] INFO  d.m.quorus.controller.raft.RaftNode [LEADER/1] - Node security-boundary-24624641412400 became LEADER for term 1
09:37:20.419 [vert.x-eventloop-thread-0] INFO  d.m.quorus.controller.raft.RaftNode [LEADER/1] - Command submitted at index 1 term 1
09:37:20.419 [vert.x-eventloop-thread-0] DEBUG d.m.quorus.controller.raft.RaftNode [LEADER/1] - Committed leader no-op entry for term 1
09:37:20.424 [ForkJoinPool-1-worker-1] INFO  d.m.q.controller.config.AppConfig - Loaded configuration from quorus-controller.properties
09:37:20.425 [ForkJoinPool-1-worker-1] DEBUG d.m.q.controller.config.AppConfig - Optional configuration profile quorus-controller-test.properties not found
09:37:20.425 [ForkJoinPool-1-worker-1] INFO  d.m.q.controller.config.AppConfig - === Quorus Controller Configuration ===
09:37:20.425 [ForkJoinPool-1-worker-1] INFO  d.m.q.controller.config.AppConfig -   Node ID:              test-node
09:37:20.425 [ForkJoinPool-1-worker-1] INFO  d.m.q.controller.config.AppConfig -   HTTP Host:            127.0.0.1
09:37:20.425 [ForkJoinPool-1-worker-1] INFO  d.m.q.controller.config.AppConfig -   HTTP Port:            8080
09:37:20.425 [ForkJoinPool-1-worker-1] INFO  d.m.q.controller.config.AppConfig -   Raft Port:            9080
09:37:20.425 [ForkJoinPool-1-worker-1] INFO  d.m.q.controller.config.AppConfig -   Cluster Nodes:        test-node=localhost:9080
09:37:20.425 [ForkJoinPool-1-worker-1] INFO  d.m.q.controller.config.AppConfig -   Service Name:         quorus-controller
09:37:20.425 [ForkJoinPool-1-worker-1] INFO  d.m.q.controller.config.AppConfig -   Version:              2.0-ext
09:37:20.425 [ForkJoinPool-1-worker-1] INFO  d.m.q.controller.config.AppConfig -   --- Thread Pools ---
09:37:20.425 [ForkJoinPool-1-worker-1] INFO  d.m.q.controller.config.AppConfig -   Raft I/O Pool Size:   10
09:37:20.425 [ForkJoinPool-1-worker-1] INFO  d.m.q.controller.config.AppConfig -   Raft I/O Queue Size:  1000
09:37:20.425 [ForkJoinPool-1-worker-1] INFO  d.m.q.controller.config.AppConfig -   --- Job Assignment ---
09:37:20.425 [ForkJoinPool-1-worker-1] INFO  d.m.q.controller.config.AppConfig -   Initial Delay:        5000ms
09:37:20.425 [ForkJoinPool-1-worker-1] INFO  d.m.q.controller.config.AppConfig -   Assignment Interval:  10000ms
09:37:20.425 [ForkJoinPool-1-worker-1] INFO  d.m.q.controller.config.AppConfig -   Timeout Initial:      30000ms
09:37:20.425 [ForkJoinPool-1-worker-1] INFO  d.m.q.controller.config.AppConfig -   Timeout Interval:     30000ms
09:37:20.425 [ForkJoinPool-1-worker-1] INFO  d.m.q.controller.config.AppConfig -   --- Snapshot ---
09:37:20.425 [ForkJoinPool-1-worker-1] INFO  d.m.q.controller.config.AppConfig -   Enabled:              true
09:37:20.425 [ForkJoinPool-1-worker-1] INFO  d.m.q.controller.config.AppConfig -   Threshold:            10000 entries
09:37:20.425 [ForkJoinPool-1-worker-1] INFO  d.m.q.controller.config.AppConfig -   Check Interval:       60000ms
09:37:20.425 [ForkJoinPool-1-worker-1] INFO  d.m.q.controller.config.AppConfig -   --- Telemetry ---
09:37:20.425 [ForkJoinPool-1-worker-1] INFO  d.m.q.controller.config.AppConfig -   Enabled:              true
09:37:20.425 [ForkJoinPool-1-worker-1] INFO  d.m.q.controller.config.AppConfig -   OTLP Endpoint:        http://localhost:4317
09:37:20.425 [ForkJoinPool-1-worker-1] INFO  d.m.q.controller.config.AppConfig -   Prometheus Port:      9464
09:37:20.425 [ForkJoinPool-1-worker-1] INFO  d.m.q.controller.config.AppConfig -   Transfer Freshness:   60000ms
09:37:20.425 [ForkJoinPool-1-worker-1] INFO  d.m.q.controller.config.AppConfig -   Transfer Stall:       120000ms
09:37:20.425 [ForkJoinPool-1-worker-1] INFO  d.m.q.controller.config.AppConfig - ========================================
09:37:20.439 [vert.x-eventloop-thread-0] INFO  d.m.q.controller.http.HttpApiServer [LEADER/1] - HTTP API Server listening on 127.0.0.1:52575
09:37:20.466 [vert.x-eventloop-thread-0] WARN  d.m.q.c.s.AuthenticationHandler [LEADER/1] [req-67279db5-8920-49f5-8f35-21386cd9c3e6] - Authentication denied: code=Q-AUTHN-CERTIFICATE-REVOKED, method=GET, path=/api/v1/security/me
09:37:20.466 [vert.x-eventloop-thread-0] WARN  d.m.q.c.http.GlobalErrorHandler [LEADER/1] [req-67279db5-8920-49f5-8f35-21386cd9c3e6] - Client error [UNAUTHORIZED] at /api/v1/security/me: Client certificate is revoked
09:37:20.469 [vert.x-eventloop-thread-0] INFO  d.m.q.controller.http.HttpApiServer [LEADER/1] - HTTP API Server stopped
09:37:20.469 [vert.x-eventloop-thread-0] INFO  d.m.q.c.r.InMemoryTransportSimulator [LEADER/1] - Stopped in-memory transport for node: security-boundary-24624641412400
09:37:20.469 [vert.x-eventloop-thread-0] INFO  d.m.quorus.controller.raft.RaftNode [LEADER/1] - Raft node stopped: security-boundary-24624641412400
09:37:20.514 [ForkJoinPool-1-worker-1] DEBUG d.m.q.c.state.QuorusStateStore - Initializing default metadata: version=2.0
09:37:20.515 [vert.x-eventloop-thread-0] INFO  d.m.quorus.controller.raft.RaftNode - Starting Raft node: security-boundary-24625183886700
09:37:20.515 [vert.x-eventloop-thread-0] INFO  d.m.quorus.controller.raft.RaftNode [FOLLOWER/0] - No storage configured, running in volatile mode
09:37:20.515 [vert.x-eventloop-thread-0] INFO  d.m.q.c.r.InMemoryTransportSimulator [FOLLOWER/0] - Started in-memory transport for node: security-boundary-24625183886700
09:37:20.515 [vert.x-eventloop-thread-0] INFO  d.m.quorus.controller.raft.RaftNode [FOLLOWER/0] - Raft node security-boundary-24625183886700 started successfully (term=0, logSize=1)
09:37:20.949 [vert.x-eventloop-thread-0] INFO  d.m.quorus.controller.raft.RaftNode [FOLLOWER/0] - Starting election for node: security-boundary-24625183886700
09:37:20.949 [vert.x-eventloop-thread-0] DEBUG d.m.quorus.controller.raft.RaftNode [CANDIDATE/1] - Persisting raft metadata: term=1, votedForPresent=true, votedFor=security-boundary-24625183886700
09:37:20.949 [vert.x-eventloop-thread-0] INFO  d.m.quorus.controller.raft.RaftNode [LEADER/1] - Node security-boundary-24625183886700 became LEADER for term 1
09:37:20.949 [vert.x-eventloop-thread-0] INFO  d.m.quorus.controller.raft.RaftNode [LEADER/1] - Command submitted at index 1 term 1
09:37:20.949 [vert.x-eventloop-thread-0] DEBUG d.m.quorus.controller.raft.RaftNode [LEADER/1] - Committed leader no-op entry for term 1
09:37:20.957 [ForkJoinPool-1-worker-1] INFO  d.m.q.controller.config.AppConfig - Loaded configuration from quorus-controller.properties
09:37:20.958 [ForkJoinPool-1-worker-1] DEBUG d.m.q.controller.config.AppConfig - Optional configuration profile quorus-controller-test.properties not found
09:37:20.958 [ForkJoinPool-1-worker-1] INFO  d.m.q.controller.config.AppConfig - === Quorus Controller Configuration ===
09:37:20.958 [ForkJoinPool-1-worker-1] INFO  d.m.q.controller.config.AppConfig -   Node ID:              test-node
09:37:20.958 [ForkJoinPool-1-worker-1] INFO  d.m.q.controller.config.AppConfig -   HTTP Host:            127.0.0.1
09:37:20.958 [ForkJoinPool-1-worker-1] INFO  d.m.q.controller.config.AppConfig -   HTTP Port:            8080
09:37:20.958 [ForkJoinPool-1-worker-1] INFO  d.m.q.controller.config.AppConfig -   Raft Port:            9080
09:37:20.958 [ForkJoinPool-1-worker-1] INFO  d.m.q.controller.config.AppConfig -   Cluster Nodes:        test-node=localhost:9080
09:37:20.958 [ForkJoinPool-1-worker-1] INFO  d.m.q.controller.config.AppConfig -   Service Name:         quorus-controller
09:37:20.958 [ForkJoinPool-1-worker-1] INFO  d.m.q.controller.config.AppConfig -   Version:              2.0-ext
09:37:20.958 [ForkJoinPool-1-worker-1] INFO  d.m.q.controller.config.AppConfig -   --- Thread Pools ---
09:37:20.958 [ForkJoinPool-1-worker-1] INFO  d.m.q.controller.config.AppConfig -   Raft I/O Pool Size:   10
09:37:20.958 [ForkJoinPool-1-worker-1] INFO  d.m.q.controller.config.AppConfig -   Raft I/O Queue Size:  1000
09:37:20.958 [ForkJoinPool-1-worker-1] INFO  d.m.q.controller.config.AppConfig -   --- Job Assignment ---
09:37:20.958 [ForkJoinPool-1-worker-1] INFO  d.m.q.controller.config.AppConfig -   Initial Delay:        5000ms
09:37:20.958 [ForkJoinPool-1-worker-1] INFO  d.m.q.controller.config.AppConfig -   Assignment Interval:  10000ms
09:37:20.958 [ForkJoinPool-1-worker-1] INFO  d.m.q.controller.config.AppConfig -   Timeout Initial:      30000ms
09:37:20.958 [ForkJoinPool-1-worker-1] INFO  d.m.q.controller.config.AppConfig -   Timeout Interval:     30000ms
09:37:20.958 [ForkJoinPool-1-worker-1] INFO  d.m.q.controller.config.AppConfig -   --- Snapshot ---
09:37:20.958 [ForkJoinPool-1-worker-1] INFO  d.m.q.controller.config.AppConfig -   Enabled:              true
09:37:20.958 [ForkJoinPool-1-worker-1] INFO  d.m.q.controller.config.AppConfig -   Threshold:            10000 entries
09:37:20.958 [ForkJoinPool-1-worker-1] INFO  d.m.q.controller.config.AppConfig -   Check Interval:       60000ms
09:37:20.958 [ForkJoinPool-1-worker-1] INFO  d.m.q.controller.config.AppConfig -   --- Telemetry ---
09:37:20.958 [ForkJoinPool-1-worker-1] INFO  d.m.q.controller.config.AppConfig -   Enabled:              true
09:37:20.958 [ForkJoinPool-1-worker-1] INFO  d.m.q.controller.config.AppConfig -   OTLP Endpoint:        http://localhost:4317
09:37:20.958 [ForkJoinPool-1-worker-1] INFO  d.m.q.controller.config.AppConfig -   Prometheus Port:      9464
09:37:20.958 [ForkJoinPool-1-worker-1] INFO  d.m.q.controller.config.AppConfig -   Transfer Freshness:   60000ms
09:37:20.958 [ForkJoinPool-1-worker-1] INFO  d.m.q.controller.config.AppConfig -   Transfer Stall:       120000ms
09:37:20.958 [ForkJoinPool-1-worker-1] INFO  d.m.q.controller.config.AppConfig - ========================================
09:37:20.974 [vert.x-eventloop-thread-0] INFO  d.m.q.controller.http.HttpApiServer [LEADER/1] - HTTP API Server listening on 127.0.0.1:52577
09:37:21.002 [vert.x-eventloop-thread-0] WARN  d.m.q.c.s.AuthenticationHandler [LEADER/1] [req-a223b73f-b198-47fc-b9bf-890327aa9e84] - Authentication denied: code=Q-AUTHN-IDENTITY-EXPIRED, method=GET, path=/api/v1/security/me
09:37:21.002 [vert.x-eventloop-thread-0] WARN  d.m.q.c.http.GlobalErrorHandler [LEADER/1] [req-a223b73f-b198-47fc-b9bf-890327aa9e84] - Client error [UNAUTHORIZED] at /api/v1/security/me: Identity assertion has expired
09:37:21.004 [vert.x-eventloop-thread-0] WARN  d.m.q.c.s.AuthenticationHandler [LEADER/1] [req-f28ddd9e-d7d5-4175-a19e-b0c3d67a6748] - Authentication denied: code=Q-AUTHN-ASSERTION-INVALID, method=GET, path=/api/v1/security/me
09:37:21.004 [vert.x-eventloop-thread-0] WARN  d.m.q.c.http.GlobalErrorHandler [LEADER/1] [req-f28ddd9e-d7d5-4175-a19e-b0c3d67a6748] - Client error [UNAUTHORIZED] at /api/v1/security/me: Trusted identity assertion is incomplete or invalid
09:37:21.006 [vert.x-eventloop-thread-0] INFO  d.m.q.controller.http.HttpApiServer [LEADER/1] - HTTP API Server stopped
09:37:21.006 [vert.x-eventloop-thread-0] INFO  d.m.q.c.r.InMemoryTransportSimulator [LEADER/1] - Stopped in-memory transport for node: security-boundary-24625183886700
09:37:21.006 [vert.x-eventloop-thread-0] INFO  d.m.quorus.controller.raft.RaftNode [LEADER/1] - Raft node stopped: security-boundary-24625183886700
09:37:21.050 [ForkJoinPool-1-worker-1] DEBUG d.m.q.c.state.QuorusStateStore - Initializing default metadata: version=2.0
09:37:21.050 [vert.x-eventloop-thread-0] INFO  d.m.quorus.controller.raft.RaftNode - Starting Raft node: security-boundary-24625719173000
09:37:21.050 [vert.x-eventloop-thread-0] INFO  d.m.quorus.controller.raft.RaftNode [FOLLOWER/0] - No storage configured, running in volatile mode
09:37:21.050 [vert.x-eventloop-thread-0] INFO  d.m.q.c.r.InMemoryTransportSimulator [FOLLOWER/0] - Started in-memory transport for node: security-boundary-24625719173000
09:37:21.050 [vert.x-eventloop-thread-0] INFO  d.m.quorus.controller.raft.RaftNode [FOLLOWER/0] - Raft node security-boundary-24625719173000 started successfully (term=0, logSize=1)
09:37:21.472 [vert.x-eventloop-thread-0] INFO  d.m.quorus.controller.raft.RaftNode [FOLLOWER/0] - Starting election for node: security-boundary-24625719173000
09:37:21.472 [vert.x-eventloop-thread-0] DEBUG d.m.quorus.controller.raft.RaftNode [CANDIDATE/1] - Persisting raft metadata: term=1, votedForPresent=true, votedFor=security-boundary-24625719173000
09:37:21.472 [vert.x-eventloop-thread-0] INFO  d.m.quorus.controller.raft.RaftNode [LEADER/1] - Node security-boundary-24625719173000 became LEADER for term 1
09:37:21.472 [vert.x-eventloop-thread-0] INFO  d.m.quorus.controller.raft.RaftNode [LEADER/1] - Command submitted at index 1 term 1
09:37:21.472 [vert.x-eventloop-thread-0] DEBUG d.m.quorus.controller.raft.RaftNode [LEADER/1] - Committed leader no-op entry for term 1
09:37:21.472 [ForkJoinPool-1-worker-1] INFO  d.m.q.controller.config.AppConfig - Loaded configuration from quorus-controller.properties
09:37:21.473 [ForkJoinPool-1-worker-1] DEBUG d.m.q.controller.config.AppConfig - Optional configuration profile quorus-controller-test.properties not found
09:37:21.473 [ForkJoinPool-1-worker-1] INFO  d.m.q.controller.config.AppConfig - === Quorus Controller Configuration ===
09:37:21.473 [ForkJoinPool-1-worker-1] INFO  d.m.q.controller.config.AppConfig -   Node ID:              test-node
09:37:21.473 [ForkJoinPool-1-worker-1] INFO  d.m.q.controller.config.AppConfig -   HTTP Host:            127.0.0.1
09:37:21.473 [ForkJoinPool-1-worker-1] INFO  d.m.q.controller.config.AppConfig -   HTTP Port:            8080
09:37:21.473 [ForkJoinPool-1-worker-1] INFO  d.m.q.controller.config.AppConfig -   Raft Port:            9080
09:37:21.473 [ForkJoinPool-1-worker-1] INFO  d.m.q.controller.config.AppConfig -   Cluster Nodes:        test-node=localhost:9080
09:37:21.473 [ForkJoinPool-1-worker-1] INFO  d.m.q.controller.config.AppConfig -   Service Name:         quorus-controller
09:37:21.473 [ForkJoinPool-1-worker-1] INFO  d.m.q.controller.config.AppConfig -   Version:              2.0-ext
09:37:21.473 [ForkJoinPool-1-worker-1] INFO  d.m.q.controller.config.AppConfig -   --- Thread Pools ---
09:37:21.473 [ForkJoinPool-1-worker-1] INFO  d.m.q.controller.config.AppConfig -   Raft I/O Pool Size:   10
09:37:21.473 [ForkJoinPool-1-worker-1] INFO  d.m.q.controller.config.AppConfig -   Raft I/O Queue Size:  1000
09:37:21.473 [ForkJoinPool-1-worker-1] INFO  d.m.q.controller.config.AppConfig -   --- Job Assignment ---
09:37:21.473 [ForkJoinPool-1-worker-1] INFO  d.m.q.controller.config.AppConfig -   Initial Delay:        5000ms
09:37:21.473 [ForkJoinPool-1-worker-1] INFO  d.m.q.controller.config.AppConfig -   Assignment Interval:  10000ms
09:37:21.473 [ForkJoinPool-1-worker-1] INFO  d.m.q.controller.config.AppConfig -   Timeout Initial:      30000ms
09:37:21.473 [ForkJoinPool-1-worker-1] INFO  d.m.q.controller.config.AppConfig -   Timeout Interval:     30000ms
09:37:21.473 [ForkJoinPool-1-worker-1] INFO  d.m.q.controller.config.AppConfig -   --- Snapshot ---
09:37:21.473 [ForkJoinPool-1-worker-1] INFO  d.m.q.controller.config.AppConfig -   Enabled:              true
09:37:21.473 [ForkJoinPool-1-worker-1] INFO  d.m.q.controller.config.AppConfig -   Threshold:            10000 entries
09:37:21.473 [ForkJoinPool-1-worker-1] INFO  d.m.q.controller.config.AppConfig -   Check Interval:       60000ms
09:37:21.473 [ForkJoinPool-1-worker-1] INFO  d.m.q.controller.config.AppConfig -   --- Telemetry ---
09:37:21.473 [ForkJoinPool-1-worker-1] INFO  d.m.q.controller.config.AppConfig -   Enabled:              true
09:37:21.473 [ForkJoinPool-1-worker-1] INFO  d.m.q.controller.config.AppConfig -   OTLP Endpoint:        http://localhost:4317
09:37:21.473 [ForkJoinPool-1-worker-1] INFO  d.m.q.controller.config.AppConfig -   Prometheus Port:      9464
09:37:21.473 [ForkJoinPool-1-worker-1] INFO  d.m.q.controller.config.AppConfig -   Transfer Freshness:   60000ms
09:37:21.473 [ForkJoinPool-1-worker-1] INFO  d.m.q.controller.config.AppConfig -   Transfer Stall:       120000ms
09:37:21.473 [ForkJoinPool-1-worker-1] INFO  d.m.q.controller.config.AppConfig - ========================================
09:37:21.486 [vert.x-eventloop-thread-0] INFO  d.m.q.controller.http.HttpApiServer [LEADER/1] - HTTP API Server listening on 127.0.0.1:52579
09:37:21.518 [vert.x-eventloop-thread-0] WARN  d.m.q.c.s.AuthenticationHandler [LEADER/1] [req-4e7c5727-9b2f-4b83-9b55-1e310887c3c3] - Authentication denied: code=Q-AUTHN-CERTIFICATE-REVOKED, method=GET, path=/api/v1/security/me
09:37:21.518 [vert.x-eventloop-thread-0] WARN  d.m.q.c.http.GlobalErrorHandler [LEADER/1] [req-4e7c5727-9b2f-4b83-9b55-1e310887c3c3] - Client error [UNAUTHORIZED] at /api/v1/security/me: Client certificate is revoked
09:37:21.520 [vert.x-eventloop-thread-0] INFO  d.m.q.controller.http.HttpApiServer [LEADER/1] - HTTP API Server stopped
09:37:21.520 [vert.x-eventloop-thread-0] INFO  d.m.q.c.r.InMemoryTransportSimulator [LEADER/1] - Stopped in-memory transport for node: security-boundary-24625719173000
09:37:21.520 [vert.x-eventloop-thread-0] INFO  d.m.quorus.controller.raft.RaftNode [LEADER/1] - Raft node stopped: security-boundary-24625719173000
09:37:21.581 [ForkJoinPool-1-worker-1] DEBUG d.m.q.c.state.QuorusStateStore - Initializing default metadata: version=2.0
09:37:21.581 [vert.x-eventloop-thread-0] INFO  d.m.quorus.controller.raft.RaftNode - Starting Raft node: security-boundary-24626249814100
09:37:21.581 [vert.x-eventloop-thread-0] INFO  d.m.quorus.controller.raft.RaftNode [FOLLOWER/0] - No storage configured, running in volatile mode
09:37:21.581 [vert.x-eventloop-thread-0] INFO  d.m.q.c.r.InMemoryTransportSimulator [FOLLOWER/0] - Started in-memory transport for node: security-boundary-24626249814100
09:37:21.581 [vert.x-eventloop-thread-0] INFO  d.m.quorus.controller.raft.RaftNode [FOLLOWER/0] - Raft node security-boundary-24626249814100 started successfully (term=0, logSize=1)
09:37:21.923 [vert.x-eventloop-thread-0] INFO  d.m.quorus.controller.raft.RaftNode [FOLLOWER/0] - Starting election for node: security-boundary-24626249814100
09:37:21.923 [vert.x-eventloop-thread-0] DEBUG d.m.quorus.controller.raft.RaftNode [CANDIDATE/1] - Persisting raft metadata: term=1, votedForPresent=true, votedFor=security-boundary-24626249814100
09:37:21.923 [vert.x-eventloop-thread-0] INFO  d.m.quorus.controller.raft.RaftNode [LEADER/1] - Node security-boundary-24626249814100 became LEADER for term 1
09:37:21.923 [vert.x-eventloop-thread-0] INFO  d.m.quorus.controller.raft.RaftNode [LEADER/1] - Command submitted at index 1 term 1
09:37:21.923 [vert.x-eventloop-thread-0] DEBUG d.m.quorus.controller.raft.RaftNode [LEADER/1] - Committed leader no-op entry for term 1
09:37:21.933 [ForkJoinPool-1-worker-1] INFO  d.m.q.controller.config.AppConfig - Loaded configuration from quorus-controller.properties
09:37:21.934 [ForkJoinPool-1-worker-1] DEBUG d.m.q.controller.config.AppConfig - Optional configuration profile quorus-controller-test.properties not found
09:37:21.934 [ForkJoinPool-1-worker-1] INFO  d.m.q.controller.config.AppConfig - === Quorus Controller Configuration ===
09:37:21.934 [ForkJoinPool-1-worker-1] INFO  d.m.q.controller.config.AppConfig -   Node ID:              test-node
09:37:21.934 [ForkJoinPool-1-worker-1] INFO  d.m.q.controller.config.AppConfig -   HTTP Host:            127.0.0.1
09:37:21.934 [ForkJoinPool-1-worker-1] INFO  d.m.q.controller.config.AppConfig -   HTTP Port:            8080
09:37:21.934 [ForkJoinPool-1-worker-1] INFO  d.m.q.controller.config.AppConfig -   Raft Port:            9080
09:37:21.934 [ForkJoinPool-1-worker-1] INFO  d.m.q.controller.config.AppConfig -   Cluster Nodes:        test-node=localhost:9080
09:37:21.934 [ForkJoinPool-1-worker-1] INFO  d.m.q.controller.config.AppConfig -   Service Name:         quorus-controller
09:37:21.934 [ForkJoinPool-1-worker-1] INFO  d.m.q.controller.config.AppConfig -   Version:              2.0-ext
09:37:21.935 [ForkJoinPool-1-worker-1] INFO  d.m.q.controller.config.AppConfig -   --- Thread Pools ---
09:37:21.935 [ForkJoinPool-1-worker-1] INFO  d.m.q.controller.config.AppConfig -   Raft I/O Pool Size:   10
09:37:21.935 [ForkJoinPool-1-worker-1] INFO  d.m.q.controller.config.AppConfig -   Raft I/O Queue Size:  1000
09:37:21.935 [ForkJoinPool-1-worker-1] INFO  d.m.q.controller.config.AppConfig -   --- Job Assignment ---
09:37:21.935 [ForkJoinPool-1-worker-1] INFO  d.m.q.controller.config.AppConfig -   Initial Delay:        5000ms
09:37:21.935 [ForkJoinPool-1-worker-1] INFO  d.m.q.controller.config.AppConfig -   Assignment Interval:  10000ms
09:37:21.935 [ForkJoinPool-1-worker-1] INFO  d.m.q.controller.config.AppConfig -   Timeout Initial:      30000ms
09:37:21.935 [ForkJoinPool-1-worker-1] INFO  d.m.q.controller.config.AppConfig -   Timeout Interval:     30000ms
09:37:21.935 [ForkJoinPool-1-worker-1] INFO  d.m.q.controller.config.AppConfig -   --- Snapshot ---
09:37:21.935 [ForkJoinPool-1-worker-1] INFO  d.m.q.controller.config.AppConfig -   Enabled:              true
09:37:21.936 [ForkJoinPool-1-worker-1] INFO  d.m.q.controller.config.AppConfig -   Threshold:            10000 entries
09:37:21.936 [ForkJoinPool-1-worker-1] INFO  d.m.q.controller.config.AppConfig -   Check Interval:       60000ms
09:37:21.936 [ForkJoinPool-1-worker-1] INFO  d.m.q.controller.config.AppConfig -   --- Telemetry ---
09:37:21.936 [ForkJoinPool-1-worker-1] INFO  d.m.q.controller.config.AppConfig -   Enabled:              true
09:37:21.936 [ForkJoinPool-1-worker-1] INFO  d.m.q.controller.config.AppConfig -   OTLP Endpoint:        http://localhost:4317
09:37:21.936 [ForkJoinPool-1-worker-1] INFO  d.m.q.controller.config.AppConfig -   Prometheus Port:      9464
09:37:21.936 [ForkJoinPool-1-worker-1] INFO  d.m.q.controller.config.AppConfig -   Transfer Freshness:   60000ms
09:37:21.936 [ForkJoinPool-1-worker-1] INFO  d.m.q.controller.config.AppConfig -   Transfer Stall:       120000ms
09:37:21.936 [ForkJoinPool-1-worker-1] INFO  d.m.q.controller.config.AppConfig - ========================================
09:37:21.951 [vert.x-eventloop-thread-0] INFO  d.m.q.controller.http.HttpApiServer [LEADER/1] - HTTP API Server listening on 127.0.0.1:52581
09:37:22.005 [vert.x-eventloop-thread-0] WARN  d.m.q.c.s.AuthenticationHandler [LEADER/1] [req-a2efe828-b085-4843-9889-f0798bd86677] - Authentication denied: code=Q-AUTHN-CERTIFICATE-REVOKED, method=GET, path=/api/v1/security/me
09:37:22.005 [vert.x-eventloop-thread-0] WARN  d.m.q.c.http.GlobalErrorHandler [LEADER/1] [req-a2efe828-b085-4843-9889-f0798bd86677] - Client error [UNAUTHORIZED] at /api/v1/security/me: Client certificate is revoked
09:37:22.008 [vert.x-eventloop-thread-0] INFO  d.m.q.controller.http.HttpApiServer [LEADER/1] - HTTP API Server stopped
09:37:22.008 [vert.x-eventloop-thread-0] INFO  d.m.q.c.r.InMemoryTransportSimulator [LEADER/1] - Stopped in-memory transport for node: security-boundary-24626249814100
09:37:22.008 [vert.x-eventloop-thread-0] INFO  d.m.quorus.controller.raft.RaftNode [LEADER/1] - Raft node stopped: security-boundary-24626249814100
09:37:22.054 [ForkJoinPool-1-worker-1] DEBUG d.m.q.c.state.QuorusStateStore - Initializing default metadata: version=2.0
09:37:22.054 [vert.x-eventloop-thread-0] INFO  d.m.quorus.controller.raft.RaftNode - Starting Raft node: security-boundary-24626722767500
09:37:22.054 [vert.x-eventloop-thread-0] INFO  d.m.quorus.controller.raft.RaftNode [FOLLOWER/0] - No storage configured, running in volatile mode
09:37:22.054 [vert.x-eventloop-thread-0] INFO  d.m.q.c.r.InMemoryTransportSimulator [FOLLOWER/0] - Started in-memory transport for node: security-boundary-24626722767500
09:37:22.054 [vert.x-eventloop-thread-0] INFO  d.m.quorus.controller.raft.RaftNode [FOLLOWER/0] - Raft node security-boundary-24626722767500 started successfully (term=0, logSize=1)
09:37:22.348 [vert.x-eventloop-thread-0] INFO  d.m.quorus.controller.raft.RaftNode [FOLLOWER/0] - Starting election for node: security-boundary-24626722767500
09:37:22.348 [vert.x-eventloop-thread-0] DEBUG d.m.quorus.controller.raft.RaftNode [CANDIDATE/1] - Persisting raft metadata: term=1, votedForPresent=true, votedFor=security-boundary-24626722767500
09:37:22.348 [vert.x-eventloop-thread-0] INFO  d.m.quorus.controller.raft.RaftNode [LEADER/1] - Node security-boundary-24626722767500 became LEADER for term 1
09:37:22.348 [vert.x-eventloop-thread-0] INFO  d.m.quorus.controller.raft.RaftNode [LEADER/1] - Command submitted at index 1 term 1
09:37:22.348 [vert.x-eventloop-thread-0] DEBUG d.m.quorus.controller.raft.RaftNode [LEADER/1] - Committed leader no-op entry for term 1
09:37:22.355 [ForkJoinPool-1-worker-1] INFO  d.m.q.controller.config.AppConfig - Loaded configuration from quorus-controller.properties
09:37:22.356 [ForkJoinPool-1-worker-1] DEBUG d.m.q.controller.config.AppConfig - Optional configuration profile quorus-controller-test.properties not found
09:37:22.356 [ForkJoinPool-1-worker-1] INFO  d.m.q.controller.config.AppConfig - === Quorus Controller Configuration ===
09:37:22.356 [ForkJoinPool-1-worker-1] INFO  d.m.q.controller.config.AppConfig -   Node ID:              test-node
09:37:22.356 [ForkJoinPool-1-worker-1] INFO  d.m.q.controller.config.AppConfig -   HTTP Host:            127.0.0.1
09:37:22.356 [ForkJoinPool-1-worker-1] INFO  d.m.q.controller.config.AppConfig -   HTTP Port:            8080
09:37:22.356 [ForkJoinPool-1-worker-1] INFO  d.m.q.controller.config.AppConfig -   Raft Port:            9080
09:37:22.356 [ForkJoinPool-1-worker-1] INFO  d.m.q.controller.config.AppConfig -   Cluster Nodes:        test-node=localhost:9080
09:37:22.356 [ForkJoinPool-1-worker-1] INFO  d.m.q.controller.config.AppConfig -   Service Name:         quorus-controller
09:37:22.356 [ForkJoinPool-1-worker-1] INFO  d.m.q.controller.config.AppConfig -   Version:              2.0-ext
09:37:22.356 [ForkJoinPool-1-worker-1] INFO  d.m.q.controller.config.AppConfig -   --- Thread Pools ---
09:37:22.356 [ForkJoinPool-1-worker-1] INFO  d.m.q.controller.config.AppConfig -   Raft I/O Pool Size:   10
09:37:22.356 [ForkJoinPool-1-worker-1] INFO  d.m.q.controller.config.AppConfig -   Raft I/O Queue Size:  1000
09:37:22.356 [ForkJoinPool-1-worker-1] INFO  d.m.q.controller.config.AppConfig -   --- Job Assignment ---
09:37:22.356 [ForkJoinPool-1-worker-1] INFO  d.m.q.controller.config.AppConfig -   Initial Delay:        5000ms
09:37:22.356 [ForkJoinPool-1-worker-1] INFO  d.m.q.controller.config.AppConfig -   Assignment Interval:  10000ms
09:37:22.356 [ForkJoinPool-1-worker-1] INFO  d.m.q.controller.config.AppConfig -   Timeout Initial:      30000ms
09:37:22.356 [ForkJoinPool-1-worker-1] INFO  d.m.q.controller.config.AppConfig -   Timeout Interval:     30000ms
09:37:22.356 [ForkJoinPool-1-worker-1] INFO  d.m.q.controller.config.AppConfig -   --- Snapshot ---
09:37:22.356 [ForkJoinPool-1-worker-1] INFO  d.m.q.controller.config.AppConfig -   Enabled:              true
09:37:22.356 [ForkJoinPool-1-worker-1] INFO  d.m.q.controller.config.AppConfig -   Threshold:            10000 entries
09:37:22.356 [ForkJoinPool-1-worker-1] INFO  d.m.q.controller.config.AppConfig -   Check Interval:       60000ms
09:37:22.356 [ForkJoinPool-1-worker-1] INFO  d.m.q.controller.config.AppConfig -   --- Telemetry ---
09:37:22.357 [ForkJoinPool-1-worker-1] INFO  d.m.q.controller.config.AppConfig -   Enabled:              true
09:37:22.357 [ForkJoinPool-1-worker-1] INFO  d.m.q.controller.config.AppConfig -   OTLP Endpoint:        http://localhost:4317
09:37:22.357 [ForkJoinPool-1-worker-1] INFO  d.m.q.controller.config.AppConfig -   Prometheus Port:      9464
09:37:22.357 [ForkJoinPool-1-worker-1] INFO  d.m.q.controller.config.AppConfig -   Transfer Freshness:   60000ms
09:37:22.357 [ForkJoinPool-1-worker-1] INFO  d.m.q.controller.config.AppConfig -   Transfer Stall:       120000ms
09:37:22.357 [ForkJoinPool-1-worker-1] INFO  d.m.q.controller.config.AppConfig - ========================================
09:37:22.369 [vert.x-eventloop-thread-0] INFO  d.m.q.controller.http.HttpApiServer [LEADER/1] - HTTP API Server listening on 127.0.0.1:52584
09:37:22.396 [vert.x-eventloop-thread-0] DEBUG d.m.q.c.http.handlers.InfoHandler [LEADER/1] [req-6eec58aa-6235-4f7c-a5e8-12300d52bf65] - API info requested
09:37:22.399 [ForkJoinPool-1-worker-1] DEBUG d.m.q.c.state.QuorusStateStore - Applying command: type=Create
09:37:22.400 [ForkJoinPool-1-worker-1] DEBUG d.m.q.c.state.QuorusStateStore - Creating transfer job: jobId=foreign-transfer, sourceUri=https://payments.example.test/foreign.dat, destPath=file:///C:/Users/mraysmit/AppData/Local/Temp/junit13957431134576202045/foreign.dat
09:37:22.402 [ForkJoinPool-1-worker-1] INFO  d.m.q.c.state.QuorusStateStore - Created transfer job: jobId=foreign-transfer, protocol=http, totalJobs=1
09:37:22.402 [ForkJoinPool-1-worker-1] DEBUG d.m.q.c.state.QuorusStateStore - Command applied successfully: type=Create, result=Success
09:37:22.403 [vert.x-eventloop-thread-0] DEBUG d.m.q.c.h.handlers.TransferHandler [LEADER/1] [req-f0813d4f-5b7b-4d8e-902a-49b7c7fba818] - Getting transfer job: jobId=foreign-transfer
09:37:22.403 [vert.x-eventloop-thread-0] WARN  d.m.q.c.http.GlobalErrorHandler [LEADER/1] [req-f0813d4f-5b7b-4d8e-902a-49b7c7fba818] - Client error [FORBIDDEN] at /api/v1/transfers/foreign-transfer: Caller tenant does not match the authenticated tenant
09:37:22.414 [vert.x-eventloop-thread-0] ERROR i.vertx.core.net.impl.ConnectionBase [LEADER/1] - javax.net.ssl.SSLHandshakeException: (certificate_required) Received fatal alert: certificate_required
09:37:22.415 [vert.x-eventloop-thread-0] INFO  d.m.q.controller.http.HttpApiServer [LEADER/1] - HTTP API Server stopped
09:37:22.416 [vert.x-eventloop-thread-0] INFO  d.m.q.c.r.InMemoryTransportSimulator [LEADER/1] - Stopped in-memory transport for node: security-boundary-24626722767500
09:37:22.416 [vert.x-eventloop-thread-0] INFO  d.m.quorus.controller.raft.RaftNode [LEADER/1] - Raft node stopped: security-boundary-24626722767500
[INFO] Tests run: 17, Failures: 0, Errors: 0, Skipped: 0, Time elapsed: 8.470 s -- in dev.mars.quorus.controller.http.SecurityBoundaryIntegrationTest
[INFO] Running dev.mars.quorus.controller.security.AuthorizationPolicyEngineTest
[INFO] Tests run: 4, Failures: 0, Errors: 0, Skipped: 0, Time elapsed: 0.004 s -- in dev.mars.quorus.controller.security.AuthorizationPolicyEngineTest
[INFO] 
[INFO] Results:
[INFO] 
[INFO] Tests run: 38, Failures: 0, Errors: 0, Skipped: 0
[INFO] 
[INFO] 
[INFO] --- jacoco:0.8.15:report (report) @ quorus-controller ---
[INFO] Skipping JaCoCo execution because property jacoco.skip is set.
[INFO] ------------------------------------------------------------------------
[INFO] Reactor Summary for Quorus File Transfer System 1.0-SNAPSHOT:
[INFO] 
[INFO] Quorus File Transfer System ........................ SUCCESS [  0.195 s]
[INFO] Quorus Core ........................................ SUCCESS [  0.794 s]
[INFO] Quorus Workflow Engine ............................. SUCCESS [  0.109 s]
[INFO] Quorus Tenant Management ........................... SUCCESS [  0.074 s]
[INFO] Quorus Distributed Controller ...................... SUCCESS [ 19.471 s]
[INFO] ------------------------------------------------------------------------
[INFO] BUILD SUCCESS
[INFO] ------------------------------------------------------------------------
[INFO] Total time:  20.810 s
[INFO] Finished at: 2026-09-27T09:37:22+01:00
[INFO] ------------------------------------------------------------------------
