WARNING: A terminally deprecated method in sun.misc.Unsafe has been called
WARNING: sun.misc.Unsafe::staticFieldBase has been called by com.google.inject.internal.aop.HiddenClassDefiner (file:/C:/Users/mraysmit/scoop/apps/maven/current/lib/guice-5.1.0-classes.jar)
WARNING: Please consider reporting this to the maintainers of class com.google.inject.internal.aop.HiddenClassDefiner
WARNING: sun.misc.Unsafe::staticFieldBase will be removed in a future release
[INFO] Scanning for projects...
[INFO] ------------------------------------------------------------------------
[INFO] Reactor Build Order:
[INFO] 
[INFO] Quorus File Transfer System                                        [pom]
[INFO] Quorus Core                                                        [jar]
[INFO] Quorus Workflow Engine                                             [jar]
[INFO] Quorus Tenant Management                                           [jar]
[INFO] Quorus Distributed Controller                                      [jar]
[INFO] 
[INFO] --------------------------< dev.mars:quorus >---------------------------
[INFO] Building Quorus File Transfer System 1.0-SNAPSHOT                  [1/5]
[INFO]   from pom.xml
[INFO] --------------------------------[ pom ]---------------------------------
[INFO] 
[INFO] --- jacoco:0.8.15:prepare-agent (prepare-agent) @ quorus ---
[INFO] argLine set to -javaagent:C:\\Users\\mraysmit\\.m2\\repository\\org\\jacoco\\org.jacoco.agent\\0.8.15\\org.jacoco.agent-0.8.15-runtime.jar=destfile=C:\\Users\\mraysmit\\dev\\idea-projects\\quorus\\target\\jacoco.exec,excludes=sun/**:jdk/**:java/**:com/sun/**:org/jcp/**
[INFO] 
[INFO] --- jacoco:0.8.15:report (report) @ quorus ---
[INFO] Skipping JaCoCo execution due to missing execution data file.
[INFO] 
[INFO] ------------------------< dev.mars:quorus-core >------------------------
[INFO] Building Quorus Core 1.0-SNAPSHOT                                  [2/5]
[INFO]   from quorus-core\pom.xml
[INFO] --------------------------------[ jar ]---------------------------------
[INFO] 
[INFO] --- jacoco:0.8.15:prepare-agent (prepare-agent) @ quorus-core ---
[INFO] argLine set to -javaagent:C:\\Users\\mraysmit\\.m2\\repository\\org\\jacoco\\org.jacoco.agent\\0.8.15\\org.jacoco.agent-0.8.15-runtime.jar=destfile=C:\\Users\\mraysmit\\dev\\idea-projects\\quorus\\quorus-core\\target\\jacoco.exec,excludes=sun/**:jdk/**:java/**:com/sun/**:org/jcp/**
[INFO] 
[INFO] --- resources:3.3.1:resources (default-resources) @ quorus-core ---
[INFO] Copying 1 resource from src\main\resources to target\classes
[INFO] 
[INFO] --- compiler:3.13.0:compile (default-compile) @ quorus-core ---
[INFO] Nothing to compile - all classes are up to date.
[INFO] 
[INFO] --- resources:3.3.1:testResources (default-testResources) @ quorus-core ---
[INFO] Copying 11 resources from src\test\resources to target\test-classes
[INFO] 
[INFO] --- compiler:3.13.0:testCompile (default-testCompile) @ quorus-core ---
[INFO] Nothing to compile - all classes are up to date.
[INFO] 
[INFO] --- surefire:3.2.2:test (default-test) @ quorus-core ---
[INFO] 
[INFO] --- jacoco:0.8.15:report (report) @ quorus-core ---
[INFO] Loading execution data file C:\Users\mraysmit\dev\idea-projects\quorus\quorus-core\target\jacoco.exec
[INFO] Analyzed bundle 'Quorus Core' with 124 classes
[INFO] 
[INFO] ----------------------< dev.mars:quorus-workflow >----------------------
[INFO] Building Quorus Workflow Engine 1.0-SNAPSHOT                       [3/5]
[INFO]   from quorus-workflow\pom.xml
[INFO] --------------------------------[ jar ]---------------------------------
[INFO] 
[INFO] --- jacoco:0.8.15:prepare-agent (prepare-agent) @ quorus-workflow ---
[INFO] argLine set to -javaagent:C:\\Users\\mraysmit\\.m2\\repository\\org\\jacoco\\org.jacoco.agent\\0.8.15\\org.jacoco.agent-0.8.15-runtime.jar=destfile=C:\\Users\\mraysmit\\dev\\idea-projects\\quorus\\quorus-workflow\\target\\jacoco.exec,excludes=sun/**:jdk/**:java/**:com/sun/**:org/jcp/**
[INFO] 
[INFO] --- resources:3.3.1:resources (default-resources) @ quorus-workflow ---
[INFO] Copying 1 resource from src\main\resources to target\classes
[INFO] 
[INFO] --- compiler:3.13.0:compile (default-compile) @ quorus-workflow ---
[INFO] Nothing to compile - all classes are up to date.
[INFO] 
[INFO] --- resources:3.3.1:testResources (default-testResources) @ quorus-workflow ---
[INFO] Copying 2 resources from src\test\resources to target\test-classes
[INFO] 
[INFO] --- compiler:3.13.0:testCompile (default-testCompile) @ quorus-workflow ---
[INFO] Nothing to compile - all classes are up to date.
[INFO] 
[INFO] --- surefire:3.2.2:test (default-test) @ quorus-workflow ---
[INFO] 
[INFO] --- jacoco:0.8.15:report (report) @ quorus-workflow ---
[INFO] Loading execution data file C:\Users\mraysmit\dev\idea-projects\quorus\quorus-workflow\target\jacoco.exec
[INFO] Analyzed bundle 'Quorus Workflow Engine' with 24 classes
[INFO] 
[INFO] -----------------------< dev.mars:quorus-tenant >-----------------------
[INFO] Building Quorus Tenant Management 1.0-SNAPSHOT                     [4/5]
[INFO]   from quorus-tenant\pom.xml
[INFO] --------------------------------[ jar ]---------------------------------
[INFO] 
[INFO] --- jacoco:0.8.15:prepare-agent (prepare-agent) @ quorus-tenant ---
[INFO] argLine set to -javaagent:C:\\Users\\mraysmit\\.m2\\repository\\org\\jacoco\\org.jacoco.agent\\0.8.15\\org.jacoco.agent-0.8.15-runtime.jar=destfile=C:\\Users\\mraysmit\\dev\\idea-projects\\quorus\\quorus-tenant\\target\\jacoco.exec,excludes=sun/**:jdk/**:java/**:com/sun/**:org/jcp/**
[INFO] 
[INFO] --- resources:3.3.1:resources (default-resources) @ quorus-tenant ---
[INFO] skip non existing resourceDirectory C:\Users\mraysmit\dev\idea-projects\quorus\quorus-tenant\src\main\resources
[INFO] 
[INFO] --- compiler:3.13.0:compile (default-compile) @ quorus-tenant ---
[INFO] Nothing to compile - all classes are up to date.
[INFO] 
[INFO] --- resources:3.3.1:testResources (default-testResources) @ quorus-tenant ---
[INFO] Copying 1 resource from src\test\resources to target\test-classes
[INFO] 
[INFO] --- compiler:3.13.0:testCompile (default-testCompile) @ quorus-tenant ---
[INFO] Nothing to compile - all classes are up to date.
[INFO] 
[INFO] --- surefire:3.2.2:test (default-test) @ quorus-tenant ---
[INFO] 
[INFO] --- jacoco:0.8.15:report (report) @ quorus-tenant ---
[INFO] Loading execution data file C:\Users\mraysmit\dev\idea-projects\quorus\quorus-tenant\target\jacoco.exec
[INFO] Analyzed bundle 'Quorus Tenant Management' with 25 classes
[INFO] 
[INFO] ---------------------< dev.mars:quorus-controller >---------------------
[INFO] Building Quorus Distributed Controller 1.0-SNAPSHOT                [5/5]
[INFO]   from quorus-controller\pom.xml
[INFO] --------------------------------[ jar ]---------------------------------
[INFO] 
[INFO] --- jacoco:0.8.15:prepare-agent (prepare-agent) @ quorus-controller ---
[INFO] argLine set to -javaagent:C:\\Users\\mraysmit\\.m2\\repository\\org\\jacoco\\org.jacoco.agent\\0.8.15\\org.jacoco.agent-0.8.15-runtime.jar=destfile=C:\\Users\\mraysmit\\dev\\idea-projects\\quorus\\quorus-controller\\target\\jacoco.exec,excludes=sun/**:jdk/**:java/**:com/sun/**:org/jcp/**:dev/mars/quorus/controller/raft/grpc/**
[INFO] 
[INFO] --- protobuf:4.1.2:generate (default) @ quorus-controller ---
[WARNING]  Parameter 'binaryMavenPlugins' is deprecated: Users should now use plugins instead. This option will be removed in v5.
[INFO] Resolving artifact "com.google.protobuf:protoc:exe:windows-x86_64:3.25.5"
[INFO] Resolving artifact "io.grpc:protoc-gen-grpc-java:exe:windows-x86_64:1.68.1"
[INFO] Registering "C:\Users\mraysmit\dev\idea-projects\quorus\quorus-controller\target\generated-sources\protobuf" as a Maven main source root for compiler plugins
[INFO] Registering "C:\Users\mraysmit\dev\idea-projects\quorus\quorus-controller\target\generated-sources\protobuf" as a Maven main source root for compiler plugins
[INFO] Found 2 proto source files and 0 descriptor files to compile, but all are up-to-date so none will be built this time
[INFO] NOTHING TO DO: There is nothing to do. If this is unexpected, review the above logs for more details.
[INFO] 
[INFO] --- resources:3.3.1:resources (default-resources) @ quorus-controller ---
[INFO] Copying 3 resources from src\main\resources to target\classes
[INFO] 
[INFO] --- compiler:3.13.0:compile (default-compile) @ quorus-controller ---
[INFO] Nothing to compile - all classes are up to date.
[INFO] 
[INFO] --- resources:3.3.1:testResources (default-testResources) @ quorus-controller ---
[INFO] Copying 11 resources from src\test\resources to target\test-classes
[INFO] 
[INFO] --- compiler:3.13.0:testCompile (default-testCompile) @ quorus-controller ---
[INFO] Nothing to compile - all classes are up to date.
[INFO] 
[INFO] --- surefire:3.2.2:test (default-test) @ quorus-controller ---
[INFO] Using auto detected provider org.apache.maven.surefire.junitplatform.JUnitPlatformProvider
[INFO] 
[INFO] -------------------------------------------------------
[INFO]  T E S T S
[INFO] -------------------------------------------------------
18:45:09,870 |-INFO in ch.qos.logback.classic.LoggerContext[default] - Found logback-core version 1.5.32
18:45:09,873 |-INFO in ch.qos.logback.classic.util.ContextInitializer@3ea3e028 - No custom configurators were discovered as a service.
18:45:09,873 |-INFO in ch.qos.logback.classic.util.ContextInitializer@3ea3e028 - Trying to configure with ch.qos.logback.classic.util.DefaultJoranConfigurator
18:45:09,875 |-INFO in ch.qos.logback.classic.util.ContextInitializer@3ea3e028 - Constructed configurator of type class ch.qos.logback.classic.util.DefaultJoranConfigurator
18:45:09,877 |-INFO in ch.qos.logback.classic.LoggerContext[default] - Found resource [logback-test.xml] at [file:/C:/Users/mraysmit/dev/idea-projects/quorus/quorus-controller/target/test-classes/logback-test.xml]
18:45:09,878 |-WARN in ch.qos.logback.classic.util.DefaultJoranConfigurator@2019412e - Resource [logback-test.xml] occurs multiple times on the classpath.
18:45:09,880 |-WARN in ch.qos.logback.classic.util.DefaultJoranConfigurator@2019412e - Resource [logback-test.xml] occurs at [file:/C:/Users/mraysmit/dev/idea-projects/quorus/quorus-core/target/test-classes/logback-test.xml]
18:45:09,880 |-WARN in ch.qos.logback.classic.util.DefaultJoranConfigurator@2019412e - Resource [logback-test.xml] occurs at [file:/C:/Users/mraysmit/dev/idea-projects/quorus/quorus-controller/target/test-classes/logback-test.xml]
18:45:10,041 |-INFO in ch.qos.logback.classic.model.processor.ConfigurationModelHandlerFull - Scan attribute not set or set to unrecognized value.
18:45:10,053 |-INFO in ch.qos.logback.core.model.processor.ModelInterpretationContext@48294a31 - value "../test-logs/quorus-test-2026-09-05_10-45-04.log" substituted for "../test-logs/quorus-test-${testRunTimestamp}.log"
18:45:10,055 |-INFO in ch.qos.logback.core.model.processor.AppenderModelHandler - Processing appender named [CONSOLE]
18:45:10,055 |-INFO in ch.qos.logback.core.model.processor.AppenderModelHandler - About to instantiate appender of type [ch.qos.logback.core.ConsoleAppender]
18:45:10,066 |-INFO in ch.qos.logback.core.model.processor.ImplicitModelHandler - Assuming default type [ch.qos.logback.classic.encoder.PatternLayoutEncoder] for [encoder] property
18:45:10,135 |-INFO in ch.qos.logback.core.ConsoleAppender[CONSOLE] - NOTE: Writing to the console can be slow. Try to avoid logging to the 
18:45:10,135 |-INFO in ch.qos.logback.core.ConsoleAppender[CONSOLE] - console in production environments, especially in high volume systems.
18:45:10,135 |-INFO in ch.qos.logback.core.ConsoleAppender[CONSOLE] - See also https://logback.qos.ch/codes.html#slowConsole
18:45:10,137 |-INFO in ch.qos.logback.core.model.processor.AppenderModelHandler - Processing appender named [FILE]
18:45:10,137 |-INFO in ch.qos.logback.core.model.processor.AppenderModelHandler - About to instantiate appender of type [ch.qos.logback.core.FileAppender]
18:45:10,139 |-INFO in ch.qos.logback.core.model.processor.ModelInterpretationContext@48294a31 - value "../test-logs/quorus-test-2026-09-05_10-45-04.log" substituted for "../test-logs/quorus-test-${testRunTimestamp}.log"
18:45:10,143 |-INFO in ch.qos.logback.core.model.processor.ImplicitModelHandler - Assuming default type [ch.qos.logback.classic.encoder.PatternLayoutEncoder] for [encoder] property
18:45:10,144 |-INFO in ch.qos.logback.core.FileAppender[FILE] - File property is set to [../test-logs/quorus-test-2026-09-05_10-45-04.log]
18:45:10,150 |-INFO in ch.qos.logback.classic.model.processor.LoggerModelHandler - Setting level of logger [dev.mars.quorus] to DEBUG
18:45:10,150 |-INFO in ch.qos.logback.classic.model.processor.LoggerModelHandler - Setting level of logger [org.apache] to WARN
18:45:10,151 |-INFO in ch.qos.logback.classic.model.processor.LoggerModelHandler - Setting level of logger [io.vertx] to WARN
18:45:10,151 |-INFO in ch.qos.logback.classic.model.processor.LoggerModelHandler - Setting level of logger [io.netty] to WARN
18:45:10,151 |-INFO in ch.qos.logback.classic.model.processor.LoggerModelHandler - Setting level of logger [io.grpc] to WARN
18:45:10,151 |-INFO in ch.qos.logback.classic.model.processor.RootLoggerModelHandler - Setting level of ROOT logger to INFO
18:45:10,151 |-INFO in ch.qos.logback.core.model.processor.AppenderRefModelHandler - Attaching appender named [CONSOLE] to Logger[ROOT]
18:45:10,152 |-INFO in ch.qos.logback.core.model.processor.AppenderRefModelHandler - Attaching appender named [FILE] to Logger[ROOT]
18:45:10,152 |-INFO in ch.qos.logback.core.model.processor.DefaultProcessor@7f973d50 - End of configuration.
18:45:10,153 |-INFO in ch.qos.logback.classic.joran.JoranConfigurator@5e94302a - Registering current configuration as safe fallback point
18:45:10,155 |-INFO in ch.qos.logback.classic.util.ContextInitializer@3ea3e028 - ch.qos.logback.classic.util.DefaultJoranConfigurator.configure() call lasted 278 milliseconds. ExecutionStatus=DO_NOT_INVOKE_NEXT_IF_ANY

[INFO] Running dev.mars.quorus.controller.http.ControllerDnsBoundaryTest
18:45:11.131 [ForkJoinPool-1-worker-1] DEBUG d.m.q.c.state.QuorusStateStore - Initializing default metadata: version=2.0
18:45:11.182 [vert.x-eventloop-thread-0] INFO  d.m.quorus.controller.raft.RaftNode - Starting Raft node: dns-167131801566100
18:45:11.183 [vert.x-eventloop-thread-0] INFO  d.m.quorus.controller.raft.RaftNode [FOLLOWER/0] - No storage configured, running in volatile mode
18:45:11.184 [vert.x-eventloop-thread-0] INFO  d.m.q.c.r.InMemoryTransportSimulator [FOLLOWER/0] - Started in-memory transport for node: dns-167131801566100
18:45:11.186 [vert.x-eventloop-thread-0] INFO  d.m.quorus.controller.raft.RaftNode [FOLLOWER/0] - Raft node dns-167131801566100 started successfully (term=0, logSize=1)
18:45:11.637 [vert.x-eventloop-thread-0] INFO  d.m.quorus.controller.raft.RaftNode [FOLLOWER/0] - Starting election for node: dns-167131801566100
18:45:11.638 [vert.x-eventloop-thread-0] DEBUG d.m.quorus.controller.raft.RaftNode [CANDIDATE/1] - Persisting raft metadata: term=1, votedForPresent=true, votedFor=dns-167131801566100
18:45:11.640 [vert.x-eventloop-thread-0] INFO  d.m.quorus.controller.raft.RaftNode [LEADER/1] - Node dns-167131801566100 became LEADER for term 1
18:45:11.646 [vert.x-eventloop-thread-0] INFO  d.m.quorus.controller.raft.RaftNode [LEADER/1] - Command submitted at index 1 term 1
18:45:11.646 [vert.x-eventloop-thread-0] DEBUG d.m.quorus.controller.raft.RaftNode [LEADER/1] - Committed leader no-op entry for term 1
18:45:11.700 [vert.x-eventloop-thread-0] INFO  d.m.quorus.controller.raft.RaftNode [LEADER/1] - Command submitted at index 2 term 1
18:45:11.701 [vert.x-eventloop-thread-0] DEBUG d.m.q.c.state.QuorusStateStore [LEADER/1] - Applying command: type=Set
18:45:11.732 [vert.x-eventloop-thread-0] DEBUG d.m.q.c.state.QuorusStateStore [LEADER/1] - Processing system metadata command: key=phase4.v2.secret-reference.tenant:secret, type=Set
18:45:11.734 [vert.x-eventloop-thread-0] INFO  d.m.q.c.state.QuorusStateStore [LEADER/1] - Set system metadata: key=phase4.v2.secret-reference.tenant:secret, valuePresent=true, replaced=false
18:45:11.734 [vert.x-eventloop-thread-0] DEBUG d.m.q.c.state.QuorusStateStore [LEADER/1] - Command applied successfully: type=Set, result=Success
18:45:11.764 [vert.x-eventloop-thread-0] INFO  d.m.quorus.controller.raft.RaftNode [LEADER/1] - Command submitted at index 3 term 1
18:45:11.765 [vert.x-eventloop-thread-0] DEBUG d.m.q.c.state.QuorusStateStore [LEADER/1] - Applying command: type=Set
18:45:11.772 [vert.x-eventloop-thread-0] DEBUG d.m.q.c.state.QuorusStateStore [LEADER/1] - Processing system metadata command: key=phase4.v2.service-connection.tenant:connection, type=Set
18:45:11.773 [vert.x-eventloop-thread-0] INFO  d.m.q.c.state.QuorusStateStore [LEADER/1] - Set system metadata: key=phase4.v2.service-connection.tenant:connection, valuePresent=true, replaced=false
18:45:11.773 [vert.x-eventloop-thread-0] DEBUG d.m.q.c.state.QuorusStateStore [LEADER/1] - Command applied successfully: type=Set, result=Success
18:45:12.488 [vert.x-eventloop-thread-0] ERROR d.m.q.c.http.GlobalErrorHandler [LEADER/1] - Server error [SERVICE_UNAVAILABLE] at /api/v1/transfers: DNS authorization capacity is exhausted
18:45:12.488 [vert.x-eventloop-thread-0] DEBUG d.m.q.c.http.GlobalErrorHandler [LEADER/1] - Stack trace for server error [SERVICE_UNAVAILABLE] at /api/v1/transfers
dev.mars.quorus.controller.http.QuorusApiException: DNS authorization capacity is exhausted
	at dev.mars.quorus.controller.http.ControllerConnectionAuthorizer.authorize(ControllerConnectionAuthorizer.java:38)
	at dev.mars.quorus.controller.http.handlers.TransferHandler.lambda$0(TransferHandler.java:155)
	at io.vertx.ext.web.impl.RouteState.handleContext(RouteState.java:1344)
	at io.vertx.ext.web.impl.RoutingContextImplBase.iterateNext(RoutingContextImplBase.java:196)
	at io.vertx.ext.web.impl.RoutingContextImpl.next(RoutingContextImpl.java:150)
	at io.vertx.ext.web.handler.impl.BodyHandlerImpl$BHandler.doEnd(BodyHandlerImpl.java:365)
	at io.vertx.ext.web.handler.impl.BodyHandlerImpl$BHandler.end(BodyHandlerImpl.java:342)
	at io.vertx.core.internal.ContextInternal.dispatch(ContextInternal.java:249)
	at io.vertx.core.internal.ContextInternal.dispatch(ContextInternal.java:231)
	at io.vertx.core.http.impl.HttpEventHandler.handleEnd(HttpEventHandler.java:76)
	at io.vertx.core.http.impl.Http1xServerRequest.onEnd(Http1xServerRequest.java:593)
	at io.vertx.core.http.impl.Http1xServerRequest$1.handleMessage(Http1xServerRequest.java:111)
	at io.vertx.core.internal.concurrent.InboundMessageQueue.test(InboundMessageQueue.java:86)
	at io.vertx.core.streams.impl.MessagePassingQueue.drain(MessagePassingQueue.java:228)
	at io.vertx.core.streams.impl.MessagePassingQueue.drain(MessagePassingQueue.java:210)
	at io.vertx.core.internal.concurrent.InboundMessageQueue.drainInternal(InboundMessageQueue.java:168)
	at io.vertx.core.internal.concurrent.InboundMessageQueue.drain(InboundMessageQueue.java:145)
	at io.vertx.core.http.impl.Http1xServerRequest.handleEnd(Http1xServerRequest.java:175)
	at io.vertx.core.http.impl.Http1xServerRequest.handleEnd(Http1xServerRequest.java:166)
	at io.vertx.core.http.impl.Http1xServerConnection.onEnd(Http1xServerConnection.java:199)
	at io.vertx.core.http.impl.Http1xServerConnection.onContent(Http1xServerConnection.java:190)
	at io.vertx.core.http.impl.Http1xServerConnection.handleOther(Http1xServerConnection.java:175)
	at io.vertx.core.http.impl.Http1xServerConnection.handleMessage(Http1xServerConnection.java:168)
	at io.vertx.core.net.impl.VertxConnection.read(VertxConnection.java:247)
	at io.vertx.core.net.impl.VertxHandler.channelRead(VertxHandler.java:148)
	at io.netty.channel.AbstractChannelHandlerContext.fireChannelRead(AbstractChannelHandlerContext.java:355)
	at io.netty.channel.ChannelInboundHandlerAdapter.channelRead(ChannelInboundHandlerAdapter.java:93)
	at io.netty.handler.codec.http.websocketx.extensions.WebSocketServerExtensionHandler.channelRead(WebSocketServerExtensionHandler.java:84)
	at io.netty.channel.AbstractChannelHandlerContext.fireChannelRead(AbstractChannelHandlerContext.java:355)
	at io.netty.handler.codec.ByteToMessageDecoder.fireChannelRead(ByteToMessageDecoder.java:361)
	at io.netty.handler.codec.ByteToMessageDecoder.channelRead(ByteToMessageDecoder.java:325)
	at io.netty.channel.AbstractChannelHandlerContext.fireChannelRead(AbstractChannelHandlerContext.java:357)
	at io.vertx.core.http.impl.Http1xOrH2CHandler.end(Http1xOrH2CHandler.java:61)
	at io.vertx.core.http.impl.Http1xOrH2CHandler.channelRead(Http1xOrH2CHandler.java:38)
	at io.netty.channel.AbstractChannelHandlerContext.fireChannelRead(AbstractChannelHandlerContext.java:357)
	at io.netty.channel.DefaultChannelPipeline$HeadContext.channelRead(DefaultChannelPipeline.java:1429)
	at io.netty.channel.DefaultChannelPipeline.fireChannelRead(DefaultChannelPipeline.java:918)
	at io.netty.channel.nio.AbstractNioByteChannel$NioByteUnsafe.read(AbstractNioByteChannel.java:176)
	at io.netty.channel.nio.AbstractNioChannel$AbstractNioUnsafe.handle(AbstractNioChannel.java:445)
	at io.netty.channel.nio.NioIoHandler$DefaultNioRegistration.handle(NioIoHandler.java:388)
	at io.netty.channel.nio.NioIoHandler.processSelectedKey(NioIoHandler.java:596)
	at io.netty.channel.nio.NioIoHandler.processSelectedKeysPlain(NioIoHandler.java:541)
	at io.netty.channel.nio.NioIoHandler.processSelectedKeys(NioIoHandler.java:514)
	at io.netty.channel.nio.NioIoHandler.run(NioIoHandler.java:484)
	at io.netty.channel.SingleThreadIoEventLoop.runIo(SingleThreadIoEventLoop.java:225)
	at io.netty.channel.SingleThreadIoEventLoop.run(SingleThreadIoEventLoop.java:196)
	at io.netty.util.concurrent.SingleThreadEventExecutor$5.run(SingleThreadEventExecutor.java:1195)
	at io.netty.util.internal.ThreadExecutorMap$2.run(ThreadExecutorMap.java:74)
	at io.netty.util.concurrent.FastThreadLocalRunnable.run(FastThreadLocalRunnable.java:30)
	at java.base/java.lang.Thread.run(Thread.java:1474)
18:45:12.649 [vert.x-eventloop-thread-0] INFO  d.m.q.c.h.handlers.TransferHandler [LEADER/1] - Creating transfer job: jobId=2fcff270-9229-4ee3-8f8c-6b287c80e2ce, tenantId=tenant
18:45:12.652 [vert.x-eventloop-thread-0] INFO  d.m.quorus.controller.raft.RaftNode [LEADER/1] - Command submitted at index 4 term 1
18:45:12.652 [vert.x-eventloop-thread-0] DEBUG d.m.q.c.state.QuorusStateStore [LEADER/1] - Applying command: type=Set
18:45:12.655 [vert.x-eventloop-thread-0] DEBUG d.m.q.c.state.QuorusStateStore [LEADER/1] - Processing system metadata command: key=phase4.v2.security-event.tenant:1788605112531.e66a287a-672f-401a-a6df-3416ae5a8448, type=Set
18:45:12.655 [vert.x-eventloop-thread-0] INFO  d.m.q.c.state.QuorusStateStore [LEADER/1] - Set system metadata: key=phase4.v2.security-event.tenant:1788605112531.e66a287a-672f-401a-a6df-3416ae5a8448, valuePresent=true, replaced=false
18:45:12.655 [vert.x-eventloop-thread-0] DEBUG d.m.q.c.state.QuorusStateStore [LEADER/1] - Command applied successfully: type=Set, result=Success
18:45:12.659 [vert.x-eventloop-thread-0] INFO  d.m.quorus.controller.raft.RaftNode [LEADER/1] - Command submitted at index 5 term 1
18:45:12.659 [vert.x-eventloop-thread-0] DEBUG d.m.q.c.state.QuorusStateStore [LEADER/1] - Applying command: type=Create
18:45:12.663 [vert.x-eventloop-thread-0] DEBUG d.m.q.c.state.QuorusStateStore [LEADER/1] - Creating transfer job: jobId=2fcff270-9229-4ee3-8f8c-6b287c80e2ce, sourceUri=sftp://dns.example.test/approved/file.dat, destPath=file:///C:/Users/mraysmit/dev/idea-projects/quorus/quorus-controller/downloads/dns-test.dat
18:45:12.666 [vert.x-eventloop-thread-0] INFO  d.m.q.c.state.QuorusStateStore [LEADER/1] - Created transfer job: jobId=2fcff270-9229-4ee3-8f8c-6b287c80e2ce, protocol=http, totalJobs=1
18:45:12.666 [vert.x-eventloop-thread-0] DEBUG d.m.q.c.state.QuorusStateStore [LEADER/1] - Command applied successfully: type=Create, result=Success
18:45:12.667 [vert.x-eventloop-thread-0] INFO  d.m.q.c.h.handlers.TransferHandler [LEADER/1] - Transfer job created: jobId=2fcff270-9229-4ee3-8f8c-6b287c80e2ce
18:45:12.669 [vert.x-eventloop-thread-0] INFO  d.m.quorus.controller.raft.RaftNode [LEADER/1] - Command submitted at index 6 term 1
18:45:12.669 [vert.x-eventloop-thread-0] DEBUG d.m.q.c.state.QuorusStateStore [LEADER/1] - Applying command: type=Set
18:45:12.670 [vert.x-eventloop-thread-0] DEBUG d.m.q.c.state.QuorusStateStore [LEADER/1] - Processing system metadata command: key=phase4.v2.security-event.tenant:1788605112668.3489ffcc-6050-43f4-b93a-5a152f95e577, type=Set
18:45:12.670 [vert.x-eventloop-thread-0] INFO  d.m.q.c.state.QuorusStateStore [LEADER/1] - Set system metadata: key=phase4.v2.security-event.tenant:1788605112668.3489ffcc-6050-43f4-b93a-5a152f95e577, valuePresent=true, replaced=false
18:45:12.670 [vert.x-eventloop-thread-0] DEBUG d.m.q.c.state.QuorusStateStore [LEADER/1] - Command applied successfully: type=Set, result=Success
18:45:12.690 [vert.x-eventloop-thread-0] INFO  d.m.q.c.r.InMemoryTransportSimulator [LEADER/1] - Stopped in-memory transport for node: dns-167131801566100
18:45:12.691 [vert.x-eventloop-thread-0] INFO  d.m.quorus.controller.raft.RaftNode [LEADER/1] - Raft node stopped: dns-167131801566100
18:45:12.815 [ForkJoinPool-1-worker-1] DEBUG d.m.q.c.state.QuorusStateStore - Initializing default metadata: version=2.0
18:45:12.817 [vert.x-eventloop-thread-0] INFO  d.m.quorus.controller.raft.RaftNode - Starting Raft node: dns-167133459183800
18:45:12.817 [vert.x-eventloop-thread-0] INFO  d.m.quorus.controller.raft.RaftNode [FOLLOWER/0] - No storage configured, running in volatile mode
18:45:12.818 [vert.x-eventloop-thread-0] INFO  d.m.q.c.r.InMemoryTransportSimulator [FOLLOWER/0] - Started in-memory transport for node: dns-167133459183800
18:45:12.818 [vert.x-eventloop-thread-0] INFO  d.m.quorus.controller.raft.RaftNode [FOLLOWER/0] - Raft node dns-167133459183800 started successfully (term=0, logSize=1)
18:45:13.120 [vert.x-eventloop-thread-0] INFO  d.m.quorus.controller.raft.RaftNode [FOLLOWER/0] - Starting election for node: dns-167133459183800
18:45:13.120 [vert.x-eventloop-thread-0] DEBUG d.m.quorus.controller.raft.RaftNode [CANDIDATE/1] - Persisting raft metadata: term=1, votedForPresent=true, votedFor=dns-167133459183800
18:45:13.121 [vert.x-eventloop-thread-0] INFO  d.m.quorus.controller.raft.RaftNode [LEADER/1] - Node dns-167133459183800 became LEADER for term 1
18:45:13.121 [vert.x-eventloop-thread-0] INFO  d.m.quorus.controller.raft.RaftNode [LEADER/1] - Command submitted at index 1 term 1
18:45:13.121 [vert.x-eventloop-thread-0] DEBUG d.m.quorus.controller.raft.RaftNode [LEADER/1] - Committed leader no-op entry for term 1
18:45:13.122 [vert.x-eventloop-thread-0] INFO  d.m.quorus.controller.raft.RaftNode [LEADER/1] - Command submitted at index 2 term 1
18:45:13.122 [vert.x-eventloop-thread-0] DEBUG d.m.q.c.state.QuorusStateStore [LEADER/1] - Applying command: type=Set
18:45:13.123 [vert.x-eventloop-thread-0] DEBUG d.m.q.c.state.QuorusStateStore [LEADER/1] - Processing system metadata command: key=phase4.v2.secret-reference.tenant:secret, type=Set
18:45:13.123 [vert.x-eventloop-thread-0] INFO  d.m.q.c.state.QuorusStateStore [LEADER/1] - Set system metadata: key=phase4.v2.secret-reference.tenant:secret, valuePresent=true, replaced=false
18:45:13.123 [vert.x-eventloop-thread-0] DEBUG d.m.q.c.state.QuorusStateStore [LEADER/1] - Command applied successfully: type=Set, result=Success
18:45:13.124 [vert.x-eventloop-thread-0] INFO  d.m.quorus.controller.raft.RaftNode [LEADER/1] - Command submitted at index 3 term 1
18:45:13.125 [vert.x-eventloop-thread-0] DEBUG d.m.q.c.state.QuorusStateStore [LEADER/1] - Applying command: type=Set
18:45:13.126 [vert.x-eventloop-thread-0] DEBUG d.m.q.c.state.QuorusStateStore [LEADER/1] - Processing system metadata command: key=phase4.v2.service-connection.tenant:connection, type=Set
18:45:13.127 [vert.x-eventloop-thread-0] INFO  d.m.q.c.state.QuorusStateStore [LEADER/1] - Set system metadata: key=phase4.v2.service-connection.tenant:connection, valuePresent=true, replaced=false
18:45:13.127 [vert.x-eventloop-thread-0] DEBUG d.m.q.c.state.QuorusStateStore [LEADER/1] - Command applied successfully: type=Set, result=Success
18:45:13.143 [vert.x-eventloop-thread-0] INFO  d.m.quorus.controller.raft.RaftNode [LEADER/1] - Command submitted at index 4 term 1
18:45:13.143 [vert.x-eventloop-thread-0] DEBUG d.m.q.c.state.QuorusStateStore [LEADER/1] - Applying command: type=Set
18:45:13.143 [vert.x-eventloop-thread-0] DEBUG d.m.q.c.state.QuorusStateStore [LEADER/1] - Processing system metadata command: key=phase4.v2.security-event.tenant:1788605113142.70251703-11a3-477a-85a7-a8cb1be5a5f2, type=Set
18:45:13.144 [vert.x-eventloop-thread-0] INFO  d.m.q.c.state.QuorusStateStore [LEADER/1] - Set system metadata: key=phase4.v2.security-event.tenant:1788605113142.70251703-11a3-477a-85a7-a8cb1be5a5f2, valuePresent=true, replaced=false
18:45:13.144 [vert.x-eventloop-thread-0] DEBUG d.m.q.c.state.QuorusStateStore [LEADER/1] - Command applied successfully: type=Set, result=Success
18:45:13.149 [vert.x-eventloop-thread-0] INFO  d.m.q.c.r.InMemoryTransportSimulator [LEADER/1] - Stopped in-memory transport for node: dns-167133459183800
18:45:13.149 [vert.x-eventloop-thread-0] INFO  d.m.quorus.controller.raft.RaftNode [LEADER/1] - Raft node stopped: dns-167133459183800
18:45:13.224 [ForkJoinPool-1-worker-1] DEBUG d.m.q.c.state.QuorusStateStore - Initializing default metadata: version=2.0
18:45:13.225 [vert.x-eventloop-thread-0] INFO  d.m.quorus.controller.raft.RaftNode - Starting Raft node: dns-167133867280700
18:45:13.225 [vert.x-eventloop-thread-0] INFO  d.m.quorus.controller.raft.RaftNode [FOLLOWER/0] - No storage configured, running in volatile mode
18:45:13.226 [vert.x-eventloop-thread-0] INFO  d.m.q.c.r.InMemoryTransportSimulator [FOLLOWER/0] - Started in-memory transport for node: dns-167133867280700
18:45:13.226 [vert.x-eventloop-thread-0] INFO  d.m.quorus.controller.raft.RaftNode [FOLLOWER/0] - Raft node dns-167133867280700 started successfully (term=0, logSize=1)
18:45:13.568 [vert.x-eventloop-thread-0] INFO  d.m.quorus.controller.raft.RaftNode [FOLLOWER/0] - Starting election for node: dns-167133867280700
18:45:13.568 [vert.x-eventloop-thread-0] DEBUG d.m.quorus.controller.raft.RaftNode [CANDIDATE/1] - Persisting raft metadata: term=1, votedForPresent=true, votedFor=dns-167133867280700
18:45:13.569 [vert.x-eventloop-thread-0] INFO  d.m.quorus.controller.raft.RaftNode [LEADER/1] - Node dns-167133867280700 became LEADER for term 1
18:45:13.569 [vert.x-eventloop-thread-0] INFO  d.m.quorus.controller.raft.RaftNode [LEADER/1] - Command submitted at index 1 term 1
18:45:13.569 [vert.x-eventloop-thread-0] DEBUG d.m.quorus.controller.raft.RaftNode [LEADER/1] - Committed leader no-op entry for term 1
18:45:13.570 [vert.x-eventloop-thread-0] INFO  d.m.quorus.controller.raft.RaftNode [LEADER/1] - Command submitted at index 2 term 1
18:45:13.570 [vert.x-eventloop-thread-0] DEBUG d.m.q.c.state.QuorusStateStore [LEADER/1] - Applying command: type=Set
18:45:13.571 [vert.x-eventloop-thread-0] DEBUG d.m.q.c.state.QuorusStateStore [LEADER/1] - Processing system metadata command: key=phase4.v2.secret-reference.tenant:secret, type=Set
18:45:13.571 [vert.x-eventloop-thread-0] INFO  d.m.q.c.state.QuorusStateStore [LEADER/1] - Set system metadata: key=phase4.v2.secret-reference.tenant:secret, valuePresent=true, replaced=false
18:45:13.571 [vert.x-eventloop-thread-0] DEBUG d.m.q.c.state.QuorusStateStore [LEADER/1] - Command applied successfully: type=Set, result=Success
18:45:13.571 [vert.x-eventloop-thread-0] INFO  d.m.quorus.controller.raft.RaftNode [LEADER/1] - Command submitted at index 3 term 1
18:45:13.573 [vert.x-eventloop-thread-0] DEBUG d.m.q.c.state.QuorusStateStore [LEADER/1] - Applying command: type=Set
18:45:13.574 [vert.x-eventloop-thread-0] DEBUG d.m.q.c.state.QuorusStateStore [LEADER/1] - Processing system metadata command: key=phase4.v2.service-connection.tenant:connection, type=Set
18:45:13.574 [vert.x-eventloop-thread-0] INFO  d.m.q.c.state.QuorusStateStore [LEADER/1] - Set system metadata: key=phase4.v2.service-connection.tenant:connection, valuePresent=true, replaced=false
18:45:13.574 [vert.x-eventloop-thread-0] DEBUG d.m.q.c.state.QuorusStateStore [LEADER/1] - Command applied successfully: type=Set, result=Success
18:45:13.588 [vert.x-eventloop-thread-0] INFO  d.m.q.c.h.handlers.TransferHandler [LEADER/1] - Creating transfer job: jobId=0bd602c3-e6c4-488d-ab01-7b5d6a05693b, tenantId=tenant
18:45:13.588 [vert.x-eventloop-thread-0] INFO  d.m.quorus.controller.raft.RaftNode [LEADER/1] - Command submitted at index 4 term 1
18:45:13.589 [vert.x-eventloop-thread-0] DEBUG d.m.q.c.state.QuorusStateStore [LEADER/1] - Applying command: type=Create
18:45:13.589 [vert.x-eventloop-thread-0] DEBUG d.m.q.c.state.QuorusStateStore [LEADER/1] - Creating transfer job: jobId=0bd602c3-e6c4-488d-ab01-7b5d6a05693b, sourceUri=sftp://dns.example.test/approved/file.dat, destPath=file:///C:/Users/mraysmit/dev/idea-projects/quorus/quorus-controller/downloads/dns-test.dat
18:45:13.589 [vert.x-eventloop-thread-0] INFO  d.m.q.c.state.QuorusStateStore [LEADER/1] - Created transfer job: jobId=0bd602c3-e6c4-488d-ab01-7b5d6a05693b, protocol=http, totalJobs=1
18:45:13.589 [vert.x-eventloop-thread-0] DEBUG d.m.q.c.state.QuorusStateStore [LEADER/1] - Command applied successfully: type=Create, result=Success
18:45:13.589 [vert.x-eventloop-thread-0] INFO  d.m.q.c.h.handlers.TransferHandler [LEADER/1] - Transfer job created: jobId=0bd602c3-e6c4-488d-ab01-7b5d6a05693b
18:45:13.590 [vert.x-eventloop-thread-0] INFO  d.m.quorus.controller.raft.RaftNode [LEADER/1] - Command submitted at index 5 term 1
18:45:13.590 [vert.x-eventloop-thread-0] DEBUG d.m.q.c.state.QuorusStateStore [LEADER/1] - Applying command: type=Set
18:45:13.590 [vert.x-eventloop-thread-0] DEBUG d.m.q.c.state.QuorusStateStore [LEADER/1] - Processing system metadata command: key=phase4.v2.security-event.tenant:1788605113589.5b14d4de-1838-461a-82b8-2fe8c24ed2b2, type=Set
18:45:13.591 [vert.x-eventloop-thread-0] INFO  d.m.q.c.state.QuorusStateStore [LEADER/1] - Set system metadata: key=phase4.v2.security-event.tenant:1788605113589.5b14d4de-1838-461a-82b8-2fe8c24ed2b2, valuePresent=true, replaced=false
18:45:13.591 [vert.x-eventloop-thread-0] DEBUG d.m.q.c.state.QuorusStateStore [LEADER/1] - Command applied successfully: type=Set, result=Success
18:45:13.593 [vert.x-eventloop-thread-0] INFO  d.m.q.c.r.InMemoryTransportSimulator [LEADER/1] - Stopped in-memory transport for node: dns-167133867280700
18:45:13.594 [vert.x-eventloop-thread-0] INFO  d.m.quorus.controller.raft.RaftNode [LEADER/1] - Raft node stopped: dns-167133867280700
18:45:13.666 [ForkJoinPool-1-worker-1] DEBUG d.m.q.c.state.QuorusStateStore - Initializing default metadata: version=2.0
18:45:13.667 [vert.x-eventloop-thread-0] INFO  d.m.quorus.controller.raft.RaftNode - Starting Raft node: dns-167134309089200
18:45:13.667 [vert.x-eventloop-thread-0] INFO  d.m.quorus.controller.raft.RaftNode [FOLLOWER/0] - No storage configured, running in volatile mode
18:45:13.667 [vert.x-eventloop-thread-0] INFO  d.m.q.c.r.InMemoryTransportSimulator [FOLLOWER/0] - Started in-memory transport for node: dns-167134309089200
18:45:13.668 [vert.x-eventloop-thread-0] INFO  d.m.quorus.controller.raft.RaftNode [FOLLOWER/0] - Raft node dns-167134309089200 started successfully (term=0, logSize=1)
18:45:14.158 [vert.x-eventloop-thread-0] INFO  d.m.quorus.controller.raft.RaftNode [FOLLOWER/0] - Starting election for node: dns-167134309089200
18:45:14.160 [vert.x-eventloop-thread-0] DEBUG d.m.quorus.controller.raft.RaftNode [CANDIDATE/1] - Persisting raft metadata: term=1, votedForPresent=true, votedFor=dns-167134309089200
18:45:14.160 [vert.x-eventloop-thread-0] INFO  d.m.quorus.controller.raft.RaftNode [LEADER/1] - Node dns-167134309089200 became LEADER for term 1
18:45:14.160 [vert.x-eventloop-thread-0] INFO  d.m.quorus.controller.raft.RaftNode [LEADER/1] - Command submitted at index 1 term 1
18:45:14.160 [vert.x-eventloop-thread-0] DEBUG d.m.quorus.controller.raft.RaftNode [LEADER/1] - Committed leader no-op entry for term 1
18:45:14.175 [vert.x-eventloop-thread-0] INFO  d.m.quorus.controller.raft.RaftNode [LEADER/1] - Command submitted at index 2 term 1
18:45:14.175 [vert.x-eventloop-thread-0] DEBUG d.m.q.c.state.QuorusStateStore [LEADER/1] - Applying command: type=Set
18:45:14.176 [vert.x-eventloop-thread-0] DEBUG d.m.q.c.state.QuorusStateStore [LEADER/1] - Processing system metadata command: key=phase4.v2.secret-reference.tenant:secret, type=Set
18:45:14.177 [vert.x-eventloop-thread-0] INFO  d.m.q.c.state.QuorusStateStore [LEADER/1] - Set system metadata: key=phase4.v2.secret-reference.tenant:secret, valuePresent=true, replaced=false
18:45:14.177 [vert.x-eventloop-thread-0] DEBUG d.m.q.c.state.QuorusStateStore [LEADER/1] - Command applied successfully: type=Set, result=Success
18:45:14.178 [vert.x-eventloop-thread-0] INFO  d.m.quorus.controller.raft.RaftNode [LEADER/1] - Command submitted at index 3 term 1
18:45:14.179 [vert.x-eventloop-thread-0] DEBUG d.m.q.c.state.QuorusStateStore [LEADER/1] - Applying command: type=Set
18:45:14.180 [vert.x-eventloop-thread-0] DEBUG d.m.q.c.state.QuorusStateStore [LEADER/1] - Processing system metadata command: key=phase4.v2.service-connection.tenant:connection, type=Set
18:45:14.181 [vert.x-eventloop-thread-0] INFO  d.m.q.c.state.QuorusStateStore [LEADER/1] - Set system metadata: key=phase4.v2.service-connection.tenant:connection, valuePresent=true, replaced=false
18:45:14.181 [vert.x-eventloop-thread-0] DEBUG d.m.q.c.state.QuorusStateStore [LEADER/1] - Command applied successfully: type=Set, result=Success
18:45:14.299 [vert.x-eventloop-thread-0] ERROR d.m.q.c.http.GlobalErrorHandler [LEADER/1] - Server error [TIMEOUT] at /api/v1/service-connections/connection/validate: DNS authorization timed out
18:45:14.300 [vert.x-eventloop-thread-0] DEBUG d.m.q.c.http.GlobalErrorHandler [LEADER/1] - Stack trace for server error [TIMEOUT] at /api/v1/service-connections/connection/validate
dev.mars.quorus.controller.http.QuorusApiException: DNS authorization timed out
	at dev.mars.quorus.controller.http.ControllerConnectionAuthorizer.timeout(ControllerConnectionAuthorizer.java:85)
	at dev.mars.quorus.controller.http.ControllerConnectionAuthorizer.lambda$0(ControllerConnectionAuthorizer.java:45)
	at io.vertx.core.impl.VertxImpl$InternalTimerHandler.handle(VertxImpl.java:1023)
	at io.vertx.core.impl.VertxImpl$InternalTimerHandler.handle(VertxImpl.java:990)
	at io.vertx.core.impl.ContextBase.emit(ContextBase.java:82)
	at io.vertx.core.internal.ContextInternal.emit(ContextInternal.java:179)
	at io.vertx.core.impl.VertxImpl$InternalTimerHandler.run(VertxImpl.java:1012)
	at io.netty.util.concurrent.PromiseTask.runTask(PromiseTask.java:98)
	at io.netty.util.concurrent.ScheduledFutureTask.run(ScheduledFutureTask.java:160)
	at io.netty.util.concurrent.AbstractEventExecutor.runTask(AbstractEventExecutor.java:148)
	at io.netty.util.concurrent.AbstractEventExecutor.safeExecute(AbstractEventExecutor.java:141)
	at io.netty.util.concurrent.SingleThreadEventExecutor.runAllTasks(SingleThreadEventExecutor.java:535)
	at io.netty.channel.SingleThreadIoEventLoop.run(SingleThreadIoEventLoop.java:201)
	at io.netty.util.concurrent.SingleThreadEventExecutor$5.run(SingleThreadEventExecutor.java:1195)
	at io.netty.util.internal.ThreadExecutorMap$2.run(ThreadExecutorMap.java:74)
	at io.netty.util.concurrent.FastThreadLocalRunnable.run(FastThreadLocalRunnable.java:30)
	at java.base/java.lang.Thread.run(Thread.java:1474)
18:45:14.309 [vert.x-eventloop-thread-0] ERROR d.m.q.c.http.GlobalErrorHandler [LEADER/1] - Server error [SERVICE_UNAVAILABLE] at /api/v1/transfers: DNS authorization capacity is exhausted
18:45:14.309 [vert.x-eventloop-thread-0] DEBUG d.m.q.c.http.GlobalErrorHandler [LEADER/1] - Stack trace for server error [SERVICE_UNAVAILABLE] at /api/v1/transfers
dev.mars.quorus.controller.http.QuorusApiException: DNS authorization capacity is exhausted
	at dev.mars.quorus.controller.http.ControllerConnectionAuthorizer.authorize(ControllerConnectionAuthorizer.java:38)
	at dev.mars.quorus.controller.http.handlers.TransferHandler.lambda$0(TransferHandler.java:155)
	at io.vertx.ext.web.impl.RouteState.handleContext(RouteState.java:1344)
	at io.vertx.ext.web.impl.RoutingContextImplBase.iterateNext(RoutingContextImplBase.java:196)
	at io.vertx.ext.web.impl.RoutingContextImpl.next(RoutingContextImpl.java:150)
	at io.vertx.ext.web.handler.impl.BodyHandlerImpl$BHandler.doEnd(BodyHandlerImpl.java:365)
	at io.vertx.ext.web.handler.impl.BodyHandlerImpl$BHandler.end(BodyHandlerImpl.java:342)
	at io.vertx.core.internal.ContextInternal.dispatch(ContextInternal.java:249)
	at io.vertx.core.internal.ContextInternal.dispatch(ContextInternal.java:231)
	at io.vertx.core.http.impl.HttpEventHandler.handleEnd(HttpEventHandler.java:76)
	at io.vertx.core.http.impl.Http1xServerRequest.onEnd(Http1xServerRequest.java:593)
	at io.vertx.core.http.impl.Http1xServerRequest$1.handleMessage(Http1xServerRequest.java:111)
	at io.vertx.core.internal.concurrent.InboundMessageQueue.test(InboundMessageQueue.java:86)
	at io.vertx.core.streams.impl.MessagePassingQueue.drain(MessagePassingQueue.java:228)
	at io.vertx.core.streams.impl.MessagePassingQueue.drain(MessagePassingQueue.java:210)
	at io.vertx.core.internal.concurrent.InboundMessageQueue.drainInternal(InboundMessageQueue.java:168)
	at io.vertx.core.internal.concurrent.InboundMessageQueue.drain(InboundMessageQueue.java:145)
	at io.vertx.core.http.impl.Http1xServerRequest.handleEnd(Http1xServerRequest.java:175)
	at io.vertx.core.http.impl.Http1xServerRequest.handleEnd(Http1xServerRequest.java:166)
	at io.vertx.core.http.impl.Http1xServerConnection.onEnd(Http1xServerConnection.java:199)
	at io.vertx.core.http.impl.Http1xServerConnection.onContent(Http1xServerConnection.java:190)
	at io.vertx.core.http.impl.Http1xServerConnection.handleOther(Http1xServerConnection.java:175)
	at io.vertx.core.http.impl.Http1xServerConnection.handleMessage(Http1xServerConnection.java:168)
	at io.vertx.core.net.impl.VertxConnection.read(VertxConnection.java:247)
	at io.vertx.core.net.impl.VertxHandler.channelRead(VertxHandler.java:148)
	at io.netty.channel.AbstractChannelHandlerContext.fireChannelRead(AbstractChannelHandlerContext.java:355)
	at io.netty.channel.ChannelInboundHandlerAdapter.channelRead(ChannelInboundHandlerAdapter.java:93)
	at io.netty.handler.codec.http.websocketx.extensions.WebSocketServerExtensionHandler.channelRead(WebSocketServerExtensionHandler.java:84)
	at io.netty.channel.AbstractChannelHandlerContext.fireChannelRead(AbstractChannelHandlerContext.java:355)
	at io.netty.handler.codec.ByteToMessageDecoder.fireChannelRead(ByteToMessageDecoder.java:361)
	at io.netty.handler.codec.ByteToMessageDecoder.channelRead(ByteToMessageDecoder.java:325)
	at io.netty.channel.AbstractChannelHandlerContext.fireChannelRead(AbstractChannelHandlerContext.java:357)
	at io.netty.channel.DefaultChannelPipeline$HeadContext.channelRead(DefaultChannelPipeline.java:1429)
	at io.netty.channel.DefaultChannelPipeline.fireChannelRead(DefaultChannelPipeline.java:918)
	at io.netty.channel.nio.AbstractNioByteChannel$NioByteUnsafe.read(AbstractNioByteChannel.java:176)
	at io.netty.channel.nio.AbstractNioChannel$AbstractNioUnsafe.handle(AbstractNioChannel.java:445)
	at io.netty.channel.nio.NioIoHandler$DefaultNioRegistration.handle(NioIoHandler.java:388)
	at io.netty.channel.nio.NioIoHandler.processSelectedKey(NioIoHandler.java:596)
	at io.netty.channel.nio.NioIoHandler.processSelectedKeysPlain(NioIoHandler.java:541)
	at io.netty.channel.nio.NioIoHandler.processSelectedKeys(NioIoHandler.java:514)
	at io.netty.channel.nio.NioIoHandler.run(NioIoHandler.java:484)
	at io.netty.channel.SingleThreadIoEventLoop.runIo(SingleThreadIoEventLoop.java:225)
	at io.netty.channel.SingleThreadIoEventLoop.run(SingleThreadIoEventLoop.java:196)
	at io.netty.util.concurrent.SingleThreadEventExecutor$5.run(SingleThreadEventExecutor.java:1195)
	at io.netty.util.internal.ThreadExecutorMap$2.run(ThreadExecutorMap.java:74)
	at io.netty.util.concurrent.FastThreadLocalRunnable.run(FastThreadLocalRunnable.java:30)
	at java.base/java.lang.Thread.run(Thread.java:1474)
18:45:14.317 [vert.x-eventloop-thread-0] INFO  d.m.quorus.controller.raft.RaftNode [LEADER/1] - Command submitted at index 4 term 1
18:45:14.317 [vert.x-eventloop-thread-0] DEBUG d.m.q.c.state.QuorusStateStore [LEADER/1] - Applying command: type=Set
18:45:14.318 [vert.x-eventloop-thread-0] DEBUG d.m.q.c.state.QuorusStateStore [LEADER/1] - Processing system metadata command: key=phase4.v2.security-event.tenant:1788605114315.c32b86a8-b38c-41b4-b825-0afae3491aef, type=Set
18:45:14.318 [vert.x-eventloop-thread-0] INFO  d.m.q.c.state.QuorusStateStore [LEADER/1] - Set system metadata: key=phase4.v2.security-event.tenant:1788605114315.c32b86a8-b38c-41b4-b825-0afae3491aef, valuePresent=true, replaced=false
18:45:14.319 [vert.x-eventloop-thread-0] DEBUG d.m.q.c.state.QuorusStateStore [LEADER/1] - Command applied successfully: type=Set, result=Success
18:45:14.322 [vert.x-eventloop-thread-0] INFO  d.m.q.c.r.InMemoryTransportSimulator [LEADER/1] - Stopped in-memory transport for node: dns-167134309089200
18:45:14.322 [vert.x-eventloop-thread-0] INFO  d.m.quorus.controller.raft.RaftNode [LEADER/1] - Raft node stopped: dns-167134309089200
18:45:14.388 [ForkJoinPool-1-worker-1] DEBUG d.m.q.c.state.QuorusStateStore - Initializing default metadata: version=2.0
18:45:14.389 [vert.x-eventloop-thread-0] INFO  d.m.quorus.controller.raft.RaftNode - Starting Raft node: dns-167135031483900
18:45:14.389 [vert.x-eventloop-thread-0] INFO  d.m.quorus.controller.raft.RaftNode [FOLLOWER/0] - No storage configured, running in volatile mode
18:45:14.389 [vert.x-eventloop-thread-0] INFO  d.m.q.c.r.InMemoryTransportSimulator [FOLLOWER/0] - Started in-memory transport for node: dns-167135031483900
18:45:14.390 [vert.x-eventloop-thread-0] INFO  d.m.quorus.controller.raft.RaftNode [FOLLOWER/0] - Raft node dns-167135031483900 started successfully (term=0, logSize=1)
18:45:14.722 [vert.x-eventloop-thread-0] INFO  d.m.quorus.controller.raft.RaftNode [FOLLOWER/0] - Starting election for node: dns-167135031483900
18:45:14.723 [vert.x-eventloop-thread-0] DEBUG d.m.quorus.controller.raft.RaftNode [CANDIDATE/1] - Persisting raft metadata: term=1, votedForPresent=true, votedFor=dns-167135031483900
18:45:14.723 [vert.x-eventloop-thread-0] INFO  d.m.quorus.controller.raft.RaftNode [LEADER/1] - Node dns-167135031483900 became LEADER for term 1
18:45:14.723 [vert.x-eventloop-thread-0] INFO  d.m.quorus.controller.raft.RaftNode [LEADER/1] - Command submitted at index 1 term 1
18:45:14.723 [vert.x-eventloop-thread-0] DEBUG d.m.quorus.controller.raft.RaftNode [LEADER/1] - Committed leader no-op entry for term 1
18:45:14.724 [vert.x-eventloop-thread-0] INFO  d.m.quorus.controller.raft.RaftNode [LEADER/1] - Command submitted at index 2 term 1
18:45:14.724 [vert.x-eventloop-thread-0] DEBUG d.m.q.c.state.QuorusStateStore [LEADER/1] - Applying command: type=Set
18:45:14.725 [vert.x-eventloop-thread-0] DEBUG d.m.q.c.state.QuorusStateStore [LEADER/1] - Processing system metadata command: key=phase4.v2.secret-reference.tenant:secret, type=Set
18:45:14.725 [vert.x-eventloop-thread-0] INFO  d.m.q.c.state.QuorusStateStore [LEADER/1] - Set system metadata: key=phase4.v2.secret-reference.tenant:secret, valuePresent=true, replaced=false
18:45:14.725 [vert.x-eventloop-thread-0] DEBUG d.m.q.c.state.QuorusStateStore [LEADER/1] - Command applied successfully: type=Set, result=Success
18:45:14.726 [vert.x-eventloop-thread-0] INFO  d.m.quorus.controller.raft.RaftNode [LEADER/1] - Command submitted at index 3 term 1
18:45:14.726 [vert.x-eventloop-thread-0] DEBUG d.m.q.c.state.QuorusStateStore [LEADER/1] - Applying command: type=Set
18:45:14.727 [vert.x-eventloop-thread-0] DEBUG d.m.q.c.state.QuorusStateStore [LEADER/1] - Processing system metadata command: key=phase4.v2.service-connection.tenant:connection, type=Set
18:45:14.727 [vert.x-eventloop-thread-0] INFO  d.m.q.c.state.QuorusStateStore [LEADER/1] - Set system metadata: key=phase4.v2.service-connection.tenant:connection, valuePresent=true, replaced=false
18:45:14.727 [vert.x-eventloop-thread-0] DEBUG d.m.q.c.state.QuorusStateStore [LEADER/1] - Command applied successfully: type=Set, result=Success
18:45:14.846 [vert.x-eventloop-thread-0] ERROR d.m.q.c.http.GlobalErrorHandler [LEADER/1] - Server error [TIMEOUT] at /api/v1/transfers: DNS authorization timed out
18:45:14.846 [vert.x-eventloop-thread-0] DEBUG d.m.q.c.http.GlobalErrorHandler [LEADER/1] - Stack trace for server error [TIMEOUT] at /api/v1/transfers
dev.mars.quorus.controller.http.QuorusApiException: DNS authorization timed out
	at dev.mars.quorus.controller.http.ControllerConnectionAuthorizer.timeout(ControllerConnectionAuthorizer.java:85)
	at dev.mars.quorus.controller.http.ControllerConnectionAuthorizer.lambda$0(ControllerConnectionAuthorizer.java:45)
	at io.vertx.core.impl.VertxImpl$InternalTimerHandler.handle(VertxImpl.java:1023)
	at io.vertx.core.impl.VertxImpl$InternalTimerHandler.handle(VertxImpl.java:990)
	at io.vertx.core.impl.ContextBase.emit(ContextBase.java:82)
	at io.vertx.core.internal.ContextInternal.emit(ContextInternal.java:179)
	at io.vertx.core.impl.VertxImpl$InternalTimerHandler.run(VertxImpl.java:1012)
	at io.netty.util.concurrent.PromiseTask.runTask(PromiseTask.java:98)
	at io.netty.util.concurrent.ScheduledFutureTask.run(ScheduledFutureTask.java:160)
	at io.netty.util.concurrent.AbstractEventExecutor.runTask(AbstractEventExecutor.java:148)
	at io.netty.util.concurrent.AbstractEventExecutor.safeExecute(AbstractEventExecutor.java:141)
	at io.netty.util.concurrent.SingleThreadEventExecutor.runAllTasks(SingleThreadEventExecutor.java:535)
	at io.netty.channel.SingleThreadIoEventLoop.run(SingleThreadIoEventLoop.java:201)
	at io.netty.util.concurrent.SingleThreadEventExecutor$5.run(SingleThreadEventExecutor.java:1195)
	at io.netty.util.internal.ThreadExecutorMap$2.run(ThreadExecutorMap.java:74)
	at io.netty.util.concurrent.FastThreadLocalRunnable.run(FastThreadLocalRunnable.java:30)
	at java.base/java.lang.Thread.run(Thread.java:1474)
18:45:14.853 [vert.x-eventloop-thread-0] ERROR d.m.q.c.http.GlobalErrorHandler [LEADER/1] - Server error [SERVICE_UNAVAILABLE] at /api/v1/service-connections/connection/validate: DNS authorization capacity is exhausted
18:45:14.854 [vert.x-eventloop-thread-0] DEBUG d.m.q.c.http.GlobalErrorHandler [LEADER/1] - Stack trace for server error [SERVICE_UNAVAILABLE] at /api/v1/service-connections/connection/validate
dev.mars.quorus.controller.http.QuorusApiException: DNS authorization capacity is exhausted
	at dev.mars.quorus.controller.http.ControllerConnectionAuthorizer.authorize(ControllerConnectionAuthorizer.java:38)
	at dev.mars.quorus.controller.http.handlers.ServiceConnectionHandler.lambda$36(ServiceConnectionHandler.java:189)
	at dev.mars.quorus.controller.http.handlers.ServiceConnectionHandler.execute(ServiceConnectionHandler.java:387)
	at dev.mars.quorus.controller.http.handlers.ServiceConnectionHandler.lambda$35(ServiceConnectionHandler.java:182)
	at io.vertx.ext.web.impl.RouteState.handleContext(RouteState.java:1344)
	at io.vertx.ext.web.impl.RoutingContextImplBase.iterateNext(RoutingContextImplBase.java:196)
	at io.vertx.ext.web.impl.RoutingContextImpl.next(RoutingContextImpl.java:150)
	at io.vertx.ext.web.handler.impl.BodyHandlerImpl$BHandler.doEnd(BodyHandlerImpl.java:365)
	at io.vertx.ext.web.handler.impl.BodyHandlerImpl$BHandler.end(BodyHandlerImpl.java:342)
	at io.vertx.core.internal.ContextInternal.dispatch(ContextInternal.java:249)
	at io.vertx.core.internal.ContextInternal.dispatch(ContextInternal.java:231)
	at io.vertx.core.http.impl.HttpEventHandler.handleEnd(HttpEventHandler.java:76)
	at io.vertx.core.http.impl.Http1xServerRequest.onEnd(Http1xServerRequest.java:593)
	at io.vertx.core.http.impl.Http1xServerRequest$1.handleMessage(Http1xServerRequest.java:111)
	at io.vertx.core.internal.concurrent.InboundMessageQueue.test(InboundMessageQueue.java:86)
	at io.vertx.core.streams.impl.MessagePassingQueue.drain(MessagePassingQueue.java:228)
	at io.vertx.core.streams.impl.MessagePassingQueue.drain(MessagePassingQueue.java:210)
	at io.vertx.core.internal.concurrent.InboundMessageQueue.drainInternal(InboundMessageQueue.java:168)
	at io.vertx.core.internal.concurrent.InboundMessageQueue.drain(InboundMessageQueue.java:145)
	at io.vertx.core.http.impl.Http1xServerRequest.handleEnd(Http1xServerRequest.java:175)
	at io.vertx.core.http.impl.Http1xServerRequest.handleEnd(Http1xServerRequest.java:166)
	at io.vertx.core.http.impl.Http1xServerConnection.onEnd(Http1xServerConnection.java:199)
	at io.vertx.core.http.impl.Http1xServerConnection.onContent(Http1xServerConnection.java:190)
	at io.vertx.core.http.impl.Http1xServerConnection.handleOther(Http1xServerConnection.java:175)
	at io.vertx.core.http.impl.Http1xServerConnection.handleMessage(Http1xServerConnection.java:168)
	at io.vertx.core.net.impl.VertxConnection.read(VertxConnection.java:247)
	at io.vertx.core.net.impl.VertxHandler.channelRead(VertxHandler.java:148)
	at io.netty.channel.AbstractChannelHandlerContext.fireChannelRead(AbstractChannelHandlerContext.java:355)
	at io.netty.channel.ChannelInboundHandlerAdapter.channelRead(ChannelInboundHandlerAdapter.java:93)
	at io.netty.handler.codec.http.websocketx.extensions.WebSocketServerExtensionHandler.channelRead(WebSocketServerExtensionHandler.java:84)
	at io.netty.channel.AbstractChannelHandlerContext.fireChannelRead(AbstractChannelHandlerContext.java:355)
	at io.netty.handler.codec.ByteToMessageDecoder.fireChannelRead(ByteToMessageDecoder.java:361)
	at io.netty.handler.codec.ByteToMessageDecoder.channelRead(ByteToMessageDecoder.java:325)
	at io.netty.channel.AbstractChannelHandlerContext.fireChannelRead(AbstractChannelHandlerContext.java:357)
	at io.netty.channel.DefaultChannelPipeline$HeadContext.channelRead(DefaultChannelPipeline.java:1429)
	at io.netty.channel.DefaultChannelPipeline.fireChannelRead(DefaultChannelPipeline.java:918)
	at io.netty.channel.nio.AbstractNioByteChannel$NioByteUnsafe.read(AbstractNioByteChannel.java:176)
	at io.netty.channel.nio.AbstractNioChannel$AbstractNioUnsafe.handle(AbstractNioChannel.java:445)
	at io.netty.channel.nio.NioIoHandler$DefaultNioRegistration.handle(NioIoHandler.java:388)
	at io.netty.channel.nio.NioIoHandler.processSelectedKey(NioIoHandler.java:596)
	at io.netty.channel.nio.NioIoHandler.processSelectedKeysPlain(NioIoHandler.java:541)
	at io.netty.channel.nio.NioIoHandler.processSelectedKeys(NioIoHandler.java:514)
	at io.netty.channel.nio.NioIoHandler.run(NioIoHandler.java:484)
	at io.netty.channel.SingleThreadIoEventLoop.runIo(SingleThreadIoEventLoop.java:225)
	at io.netty.channel.SingleThreadIoEventLoop.run(SingleThreadIoEventLoop.java:196)
	at io.netty.util.concurrent.SingleThreadEventExecutor$5.run(SingleThreadEventExecutor.java:1195)
	at io.netty.util.internal.ThreadExecutorMap$2.run(ThreadExecutorMap.java:74)
	at io.netty.util.concurrent.FastThreadLocalRunnable.run(FastThreadLocalRunnable.java:30)
	at java.base/java.lang.Thread.run(Thread.java:1474)
18:45:14.861 [vert.x-eventloop-thread-0] INFO  d.m.quorus.controller.raft.RaftNode [LEADER/1] - Command submitted at index 4 term 1
18:45:14.862 [vert.x-eventloop-thread-0] DEBUG d.m.q.c.state.QuorusStateStore [LEADER/1] - Applying command: type=Set
18:45:14.862 [vert.x-eventloop-thread-0] DEBUG d.m.q.c.state.QuorusStateStore [LEADER/1] - Processing system metadata command: key=phase4.v2.security-event.tenant:1788605114861.6800d7df-833a-4739-9a98-0b5ffd02ca09, type=Set
18:45:14.862 [vert.x-eventloop-thread-0] INFO  d.m.q.c.state.QuorusStateStore [LEADER/1] - Set system metadata: key=phase4.v2.security-event.tenant:1788605114861.6800d7df-833a-4739-9a98-0b5ffd02ca09, valuePresent=true, replaced=false
18:45:14.862 [vert.x-eventloop-thread-0] DEBUG d.m.q.c.state.QuorusStateStore [LEADER/1] - Command applied successfully: type=Set, result=Success
18:45:14.867 [vert.x-eventloop-thread-0] INFO  d.m.q.c.r.InMemoryTransportSimulator [LEADER/1] - Stopped in-memory transport for node: dns-167135031483900
18:45:14.867 [vert.x-eventloop-thread-0] INFO  d.m.quorus.controller.raft.RaftNode [LEADER/1] - Raft node stopped: dns-167135031483900
18:45:14.934 [ForkJoinPool-1-worker-1] DEBUG d.m.q.c.state.QuorusStateStore - Initializing default metadata: version=2.0
18:45:14.936 [vert.x-eventloop-thread-0] INFO  d.m.quorus.controller.raft.RaftNode - Starting Raft node: dns-167135578727800
18:45:14.936 [vert.x-eventloop-thread-0] INFO  d.m.quorus.controller.raft.RaftNode [FOLLOWER/0] - No storage configured, running in volatile mode
18:45:14.937 [vert.x-eventloop-thread-0] INFO  d.m.q.c.r.InMemoryTransportSimulator [FOLLOWER/0] - Started in-memory transport for node: dns-167135578727800
18:45:14.937 [vert.x-eventloop-thread-0] INFO  d.m.quorus.controller.raft.RaftNode [FOLLOWER/0] - Raft node dns-167135578727800 started successfully (term=0, logSize=1)
18:45:15.357 [vert.x-eventloop-thread-0] INFO  d.m.quorus.controller.raft.RaftNode [FOLLOWER/0] - Starting election for node: dns-167135578727800
18:45:15.358 [vert.x-eventloop-thread-0] DEBUG d.m.quorus.controller.raft.RaftNode [CANDIDATE/1] - Persisting raft metadata: term=1, votedForPresent=true, votedFor=dns-167135578727800
18:45:15.358 [vert.x-eventloop-thread-0] INFO  d.m.quorus.controller.raft.RaftNode [LEADER/1] - Node dns-167135578727800 became LEADER for term 1
18:45:15.358 [vert.x-eventloop-thread-0] INFO  d.m.quorus.controller.raft.RaftNode [LEADER/1] - Command submitted at index 1 term 1
18:45:15.358 [vert.x-eventloop-thread-0] DEBUG d.m.quorus.controller.raft.RaftNode [LEADER/1] - Committed leader no-op entry for term 1
18:45:15.359 [vert.x-eventloop-thread-0] INFO  d.m.quorus.controller.raft.RaftNode [LEADER/1] - Command submitted at index 2 term 1
18:45:15.359 [vert.x-eventloop-thread-0] DEBUG d.m.q.c.state.QuorusStateStore [LEADER/1] - Applying command: type=Set
18:45:15.360 [vert.x-eventloop-thread-0] DEBUG d.m.q.c.state.QuorusStateStore [LEADER/1] - Processing system metadata command: key=phase4.v2.secret-reference.tenant:secret, type=Set
18:45:15.360 [vert.x-eventloop-thread-0] INFO  d.m.q.c.state.QuorusStateStore [LEADER/1] - Set system metadata: key=phase4.v2.secret-reference.tenant:secret, valuePresent=true, replaced=false
18:45:15.360 [vert.x-eventloop-thread-0] DEBUG d.m.q.c.state.QuorusStateStore [LEADER/1] - Command applied successfully: type=Set, result=Success
18:45:15.361 [vert.x-eventloop-thread-0] INFO  d.m.quorus.controller.raft.RaftNode [LEADER/1] - Command submitted at index 3 term 1
18:45:15.361 [vert.x-eventloop-thread-0] DEBUG d.m.q.c.state.QuorusStateStore [LEADER/1] - Applying command: type=Set
18:45:15.362 [vert.x-eventloop-thread-0] DEBUG d.m.q.c.state.QuorusStateStore [LEADER/1] - Processing system metadata command: key=phase4.v2.service-connection.tenant:connection, type=Set
18:45:15.362 [vert.x-eventloop-thread-0] INFO  d.m.q.c.state.QuorusStateStore [LEADER/1] - Set system metadata: key=phase4.v2.service-connection.tenant:connection, valuePresent=true, replaced=false
18:45:15.362 [vert.x-eventloop-thread-0] DEBUG d.m.q.c.state.QuorusStateStore [LEADER/1] - Command applied successfully: type=Set, result=Success
18:45:15.480 [vert.x-eventloop-thread-0] ERROR d.m.q.c.http.GlobalErrorHandler [LEADER/1] - Server error [TIMEOUT] at /api/v1/transfers: DNS authorization timed out
18:45:15.481 [vert.x-eventloop-thread-0] DEBUG d.m.q.c.http.GlobalErrorHandler [LEADER/1] - Stack trace for server error [TIMEOUT] at /api/v1/transfers
dev.mars.quorus.controller.http.QuorusApiException: DNS authorization timed out
	at dev.mars.quorus.controller.http.ControllerConnectionAuthorizer.timeout(ControllerConnectionAuthorizer.java:85)
	at dev.mars.quorus.controller.http.ControllerConnectionAuthorizer.lambda$0(ControllerConnectionAuthorizer.java:45)
	at io.vertx.core.impl.VertxImpl$InternalTimerHandler.handle(VertxImpl.java:1023)
	at io.vertx.core.impl.VertxImpl$InternalTimerHandler.handle(VertxImpl.java:990)
	at io.vertx.core.impl.ContextBase.emit(ContextBase.java:82)
	at io.vertx.core.internal.ContextInternal.emit(ContextInternal.java:179)
	at io.vertx.core.impl.VertxImpl$InternalTimerHandler.run(VertxImpl.java:1012)
	at io.netty.util.concurrent.PromiseTask.runTask(PromiseTask.java:98)
	at io.netty.util.concurrent.ScheduledFutureTask.run(ScheduledFutureTask.java:160)
	at io.netty.util.concurrent.AbstractEventExecutor.runTask(AbstractEventExecutor.java:148)
	at io.netty.util.concurrent.AbstractEventExecutor.safeExecute(AbstractEventExecutor.java:141)
	at io.netty.util.concurrent.SingleThreadEventExecutor.runAllTasks(SingleThreadEventExecutor.java:535)
	at io.netty.channel.SingleThreadIoEventLoop.run(SingleThreadIoEventLoop.java:201)
	at io.netty.util.concurrent.SingleThreadEventExecutor$5.run(SingleThreadEventExecutor.java:1195)
	at io.netty.util.internal.ThreadExecutorMap$2.run(ThreadExecutorMap.java:74)
	at io.netty.util.concurrent.FastThreadLocalRunnable.run(FastThreadLocalRunnable.java:30)
	at java.base/java.lang.Thread.run(Thread.java:1474)
18:45:15.484 [vert.x-eventloop-thread-0] ERROR d.m.q.c.http.GlobalErrorHandler [LEADER/1] - Server error [TIMEOUT] at /api/v1/service-connections/connection/validate: DNS authorization timed out
18:45:15.484 [vert.x-eventloop-thread-0] DEBUG d.m.q.c.http.GlobalErrorHandler [LEADER/1] - Stack trace for server error [TIMEOUT] at /api/v1/service-connections/connection/validate
dev.mars.quorus.controller.http.QuorusApiException: DNS authorization timed out
	at dev.mars.quorus.controller.http.ControllerConnectionAuthorizer.timeout(ControllerConnectionAuthorizer.java:85)
	at dev.mars.quorus.controller.http.ControllerConnectionAuthorizer.lambda$0(ControllerConnectionAuthorizer.java:45)
	at io.vertx.core.impl.VertxImpl$InternalTimerHandler.handle(VertxImpl.java:1023)
	at io.vertx.core.impl.VertxImpl$InternalTimerHandler.handle(VertxImpl.java:990)
	at io.vertx.core.impl.ContextBase.emit(ContextBase.java:82)
	at io.vertx.core.internal.ContextInternal.emit(ContextInternal.java:179)
	at io.vertx.core.impl.VertxImpl$InternalTimerHandler.run(VertxImpl.java:1012)
	at io.netty.util.concurrent.PromiseTask.runTask(PromiseTask.java:98)
	at io.netty.util.concurrent.ScheduledFutureTask.run(ScheduledFutureTask.java:160)
	at io.netty.util.concurrent.AbstractEventExecutor.runTask(AbstractEventExecutor.java:148)
	at io.netty.util.concurrent.AbstractEventExecutor.safeExecute(AbstractEventExecutor.java:141)
	at io.netty.util.concurrent.SingleThreadEventExecutor.runAllTasks(SingleThreadEventExecutor.java:535)
	at io.netty.channel.SingleThreadIoEventLoop.run(SingleThreadIoEventLoop.java:201)
	at io.netty.util.concurrent.SingleThreadEventExecutor$5.run(SingleThreadEventExecutor.java:1195)
	at io.netty.util.internal.ThreadExecutorMap$2.run(ThreadExecutorMap.java:74)
	at io.netty.util.concurrent.FastThreadLocalRunnable.run(FastThreadLocalRunnable.java:30)
	at java.base/java.lang.Thread.run(Thread.java:1474)
18:45:15.491 [vert.x-eventloop-thread-0] INFO  d.m.quorus.controller.raft.RaftNode [LEADER/1] - Command submitted at index 4 term 1
18:45:15.491 [vert.x-eventloop-thread-0] DEBUG d.m.q.c.state.QuorusStateStore [LEADER/1] - Applying command: type=Set
18:45:15.492 [vert.x-eventloop-thread-0] DEBUG d.m.q.c.state.QuorusStateStore [LEADER/1] - Processing system metadata command: key=phase4.v2.security-event.tenant:1788605115490.e87062a9-bbb1-4634-9416-aa9c114b0a34, type=Set
18:45:15.492 [vert.x-eventloop-thread-0] INFO  d.m.q.c.state.QuorusStateStore [LEADER/1] - Set system metadata: key=phase4.v2.security-event.tenant:1788605115490.e87062a9-bbb1-4634-9416-aa9c114b0a34, valuePresent=true, replaced=false
18:45:15.492 [vert.x-eventloop-thread-0] DEBUG d.m.q.c.state.QuorusStateStore [LEADER/1] - Command applied successfully: type=Set, result=Success
18:45:15.497 [vert.x-eventloop-thread-0] INFO  d.m.q.c.r.InMemoryTransportSimulator [LEADER/1] - Stopped in-memory transport for node: dns-167135578727800
18:45:15.497 [vert.x-eventloop-thread-0] INFO  d.m.quorus.controller.raft.RaftNode [LEADER/1] - Raft node stopped: dns-167135578727800
18:45:15.588 [ForkJoinPool-1-worker-1] DEBUG d.m.q.c.state.QuorusStateStore - Initializing default metadata: version=2.0
18:45:15.589 [vert.x-eventloop-thread-0] INFO  d.m.quorus.controller.raft.RaftNode - Starting Raft node: dns-167136231263200
18:45:15.590 [vert.x-eventloop-thread-0] INFO  d.m.quorus.controller.raft.RaftNode [FOLLOWER/0] - No storage configured, running in volatile mode
18:45:15.590 [vert.x-eventloop-thread-0] INFO  d.m.q.c.r.InMemoryTransportSimulator [FOLLOWER/0] - Started in-memory transport for node: dns-167136231263200
18:45:15.590 [vert.x-eventloop-thread-0] INFO  d.m.quorus.controller.raft.RaftNode [FOLLOWER/0] - Raft node dns-167136231263200 started successfully (term=0, logSize=1)
18:45:16.069 [vert.x-eventloop-thread-0] INFO  d.m.quorus.controller.raft.RaftNode [FOLLOWER/0] - Starting election for node: dns-167136231263200
18:45:16.069 [vert.x-eventloop-thread-0] DEBUG d.m.quorus.controller.raft.RaftNode [CANDIDATE/1] - Persisting raft metadata: term=1, votedForPresent=true, votedFor=dns-167136231263200
18:45:16.070 [vert.x-eventloop-thread-0] INFO  d.m.quorus.controller.raft.RaftNode [LEADER/1] - Node dns-167136231263200 became LEADER for term 1
18:45:16.070 [vert.x-eventloop-thread-0] INFO  d.m.quorus.controller.raft.RaftNode [LEADER/1] - Command submitted at index 1 term 1
18:45:16.070 [vert.x-eventloop-thread-0] DEBUG d.m.quorus.controller.raft.RaftNode [LEADER/1] - Committed leader no-op entry for term 1
18:45:16.071 [vert.x-eventloop-thread-0] INFO  d.m.quorus.controller.raft.RaftNode [LEADER/1] - Command submitted at index 2 term 1
18:45:16.071 [vert.x-eventloop-thread-0] DEBUG d.m.q.c.state.QuorusStateStore [LEADER/1] - Applying command: type=Set
18:45:16.071 [vert.x-eventloop-thread-0] DEBUG d.m.q.c.state.QuorusStateStore [LEADER/1] - Processing system metadata command: key=phase4.v2.secret-reference.tenant:secret, type=Set
18:45:16.071 [vert.x-eventloop-thread-0] INFO  d.m.q.c.state.QuorusStateStore [LEADER/1] - Set system metadata: key=phase4.v2.secret-reference.tenant:secret, valuePresent=true, replaced=false
18:45:16.071 [vert.x-eventloop-thread-0] DEBUG d.m.q.c.state.QuorusStateStore [LEADER/1] - Command applied successfully: type=Set, result=Success
18:45:16.072 [vert.x-eventloop-thread-0] INFO  d.m.quorus.controller.raft.RaftNode [LEADER/1] - Command submitted at index 3 term 1
18:45:16.072 [vert.x-eventloop-thread-0] DEBUG d.m.q.c.state.QuorusStateStore [LEADER/1] - Applying command: type=Set
18:45:16.073 [vert.x-eventloop-thread-0] DEBUG d.m.q.c.state.QuorusStateStore [LEADER/1] - Processing system metadata command: key=phase4.v2.service-connection.tenant:connection, type=Set
18:45:16.073 [vert.x-eventloop-thread-0] INFO  d.m.q.c.state.QuorusStateStore [LEADER/1] - Set system metadata: key=phase4.v2.service-connection.tenant:connection, valuePresent=true, replaced=false
18:45:16.073 [vert.x-eventloop-thread-0] DEBUG d.m.q.c.state.QuorusStateStore [LEADER/1] - Command applied successfully: type=Set, result=Success
18:45:16.082 [vert.x-eventloop-thread-0] INFO  d.m.quorus.controller.raft.RaftNode [LEADER/1] - Command submitted at index 4 term 1
18:45:16.083 [vert.x-eventloop-thread-0] DEBUG d.m.q.c.state.QuorusStateStore [LEADER/1] - Applying command: type=Delete
18:45:16.083 [vert.x-eventloop-thread-0] DEBUG d.m.q.c.state.QuorusStateStore [LEADER/1] - Processing system metadata command: key=phase4.v2.service-connection.tenant:connection, type=Delete
18:45:16.083 [vert.x-eventloop-thread-0] INFO  d.m.q.c.state.QuorusStateStore [LEADER/1] - Deleted system metadata: key=phase4.v2.service-connection.tenant:connection, valueRemoved=true
18:45:16.083 [vert.x-eventloop-thread-0] DEBUG d.m.q.c.state.QuorusStateStore [LEADER/1] - Command applied successfully: type=Delete, result=Success
18:45:16.084 [vert.x-eventloop-thread-0] WARN  d.m.q.c.http.GlobalErrorHandler [LEADER/1] - Client error [CONFLICT] at /api/v1/service-connections/connection/validate: Service connection changed during DNS authorization; retry
18:45:16.087 [vert.x-eventloop-thread-0] INFO  d.m.q.c.r.InMemoryTransportSimulator [LEADER/1] - Stopped in-memory transport for node: dns-167136231263200
18:45:16.087 [vert.x-eventloop-thread-0] INFO  d.m.quorus.controller.raft.RaftNode [LEADER/1] - Raft node stopped: dns-167136231263200
18:45:16.147 [ForkJoinPool-1-worker-1] DEBUG d.m.q.c.state.QuorusStateStore - Initializing default metadata: version=2.0
18:45:16.149 [vert.x-eventloop-thread-0] INFO  d.m.quorus.controller.raft.RaftNode - Starting Raft node: dns-167136791228200
18:45:16.149 [vert.x-eventloop-thread-0] INFO  d.m.quorus.controller.raft.RaftNode [FOLLOWER/0] - No storage configured, running in volatile mode
18:45:16.150 [vert.x-eventloop-thread-0] INFO  d.m.q.c.r.InMemoryTransportSimulator [FOLLOWER/0] - Started in-memory transport for node: dns-167136791228200
18:45:16.150 [vert.x-eventloop-thread-0] INFO  d.m.quorus.controller.raft.RaftNode [FOLLOWER/0] - Raft node dns-167136791228200 started successfully (term=0, logSize=1)
18:45:16.414 [vert.x-eventloop-thread-0] INFO  d.m.quorus.controller.raft.RaftNode [FOLLOWER/0] - Starting election for node: dns-167136791228200
18:45:16.414 [vert.x-eventloop-thread-0] DEBUG d.m.quorus.controller.raft.RaftNode [CANDIDATE/1] - Persisting raft metadata: term=1, votedForPresent=true, votedFor=dns-167136791228200
18:45:16.415 [vert.x-eventloop-thread-0] INFO  d.m.quorus.controller.raft.RaftNode [LEADER/1] - Node dns-167136791228200 became LEADER for term 1
18:45:16.415 [vert.x-eventloop-thread-0] INFO  d.m.quorus.controller.raft.RaftNode [LEADER/1] - Command submitted at index 1 term 1
18:45:16.415 [vert.x-eventloop-thread-0] DEBUG d.m.quorus.controller.raft.RaftNode [LEADER/1] - Committed leader no-op entry for term 1
18:45:16.416 [vert.x-eventloop-thread-0] INFO  d.m.quorus.controller.raft.RaftNode [LEADER/1] - Command submitted at index 2 term 1
18:45:16.416 [vert.x-eventloop-thread-0] DEBUG d.m.q.c.state.QuorusStateStore [LEADER/1] - Applying command: type=Set
18:45:16.417 [vert.x-eventloop-thread-0] DEBUG d.m.q.c.state.QuorusStateStore [LEADER/1] - Processing system metadata command: key=phase4.v2.secret-reference.tenant:secret, type=Set
18:45:16.417 [vert.x-eventloop-thread-0] INFO  d.m.q.c.state.QuorusStateStore [LEADER/1] - Set system metadata: key=phase4.v2.secret-reference.tenant:secret, valuePresent=true, replaced=false
18:45:16.417 [vert.x-eventloop-thread-0] DEBUG d.m.q.c.state.QuorusStateStore [LEADER/1] - Command applied successfully: type=Set, result=Success
18:45:16.418 [vert.x-eventloop-thread-0] INFO  d.m.quorus.controller.raft.RaftNode [LEADER/1] - Command submitted at index 3 term 1
18:45:16.418 [vert.x-eventloop-thread-0] DEBUG d.m.q.c.state.QuorusStateStore [LEADER/1] - Applying command: type=Set
18:45:16.419 [vert.x-eventloop-thread-0] DEBUG d.m.q.c.state.QuorusStateStore [LEADER/1] - Processing system metadata command: key=phase4.v2.service-connection.tenant:connection, type=Set
18:45:16.419 [vert.x-eventloop-thread-0] INFO  d.m.q.c.state.QuorusStateStore [LEADER/1] - Set system metadata: key=phase4.v2.service-connection.tenant:connection, valuePresent=true, replaced=false
18:45:16.419 [vert.x-eventloop-thread-0] DEBUG d.m.q.c.state.QuorusStateStore [LEADER/1] - Command applied successfully: type=Set, result=Success
18:45:16.431 [vert.x-eventloop-thread-0] INFO  d.m.quorus.controller.raft.RaftNode [LEADER/1] - Command submitted at index 4 term 1
18:45:16.431 [vert.x-eventloop-thread-0] DEBUG d.m.q.c.state.QuorusStateStore [LEADER/1] - Applying command: type=Delete
18:45:16.433 [vert.x-eventloop-thread-0] DEBUG d.m.q.c.state.QuorusStateStore [LEADER/1] - Processing system metadata command: key=phase4.v2.service-connection.tenant:connection, type=Delete
18:45:16.433 [vert.x-eventloop-thread-0] INFO  d.m.q.c.state.QuorusStateStore [LEADER/1] - Deleted system metadata: key=phase4.v2.service-connection.tenant:connection, valueRemoved=true
18:45:16.433 [vert.x-eventloop-thread-0] DEBUG d.m.q.c.state.QuorusStateStore [LEADER/1] - Command applied successfully: type=Delete, result=Success
18:45:16.434 [vert.x-eventloop-thread-0] WARN  d.m.q.c.http.GlobalErrorHandler [LEADER/1] - Client error [CONFLICT] at /api/v1/transfers: Service connection changed during DNS authorization; retry
18:45:16.439 [vert.x-eventloop-thread-0] INFO  d.m.q.c.r.InMemoryTransportSimulator [LEADER/1] - Stopped in-memory transport for node: dns-167136791228200
18:45:16.439 [vert.x-eventloop-thread-0] INFO  d.m.quorus.controller.raft.RaftNode [LEADER/1] - Raft node stopped: dns-167136791228200
18:45:16.488 [ForkJoinPool-1-worker-1] DEBUG d.m.q.c.state.QuorusStateStore - Initializing default metadata: version=2.0
18:45:16.489 [vert.x-eventloop-thread-0] INFO  d.m.quorus.controller.raft.RaftNode - Starting Raft node: dns-167137131079400
18:45:16.489 [vert.x-eventloop-thread-0] INFO  d.m.quorus.controller.raft.RaftNode [FOLLOWER/0] - No storage configured, running in volatile mode
18:45:16.489 [vert.x-eventloop-thread-0] INFO  d.m.q.c.r.InMemoryTransportSimulator [FOLLOWER/0] - Started in-memory transport for node: dns-167137131079400
18:45:16.490 [vert.x-eventloop-thread-0] INFO  d.m.quorus.controller.raft.RaftNode [FOLLOWER/0] - Raft node dns-167137131079400 started successfully (term=0, logSize=1)
18:45:16.816 [vert.x-eventloop-thread-0] INFO  d.m.quorus.controller.raft.RaftNode [FOLLOWER/0] - Starting election for node: dns-167137131079400
18:45:16.816 [vert.x-eventloop-thread-0] DEBUG d.m.quorus.controller.raft.RaftNode [CANDIDATE/1] - Persisting raft metadata: term=1, votedForPresent=true, votedFor=dns-167137131079400
18:45:16.816 [vert.x-eventloop-thread-0] INFO  d.m.quorus.controller.raft.RaftNode [LEADER/1] - Node dns-167137131079400 became LEADER for term 1
18:45:16.817 [vert.x-eventloop-thread-0] INFO  d.m.quorus.controller.raft.RaftNode [LEADER/1] - Command submitted at index 1 term 1
18:45:16.817 [vert.x-eventloop-thread-0] DEBUG d.m.quorus.controller.raft.RaftNode [LEADER/1] - Committed leader no-op entry for term 1
18:45:16.831 [vert.x-eventloop-thread-0] INFO  d.m.quorus.controller.raft.RaftNode [LEADER/1] - Command submitted at index 2 term 1
18:45:16.832 [vert.x-eventloop-thread-0] DEBUG d.m.q.c.state.QuorusStateStore [LEADER/1] - Applying command: type=Set
18:45:16.832 [vert.x-eventloop-thread-0] DEBUG d.m.q.c.state.QuorusStateStore [LEADER/1] - Processing system metadata command: key=phase4.v2.secret-reference.tenant:secret, type=Set
18:45:16.832 [vert.x-eventloop-thread-0] INFO  d.m.q.c.state.QuorusStateStore [LEADER/1] - Set system metadata: key=phase4.v2.secret-reference.tenant:secret, valuePresent=true, replaced=false
18:45:16.833 [vert.x-eventloop-thread-0] DEBUG d.m.q.c.state.QuorusStateStore [LEADER/1] - Command applied successfully: type=Set, result=Success
18:45:16.834 [vert.x-eventloop-thread-0] INFO  d.m.quorus.controller.raft.RaftNode [LEADER/1] - Command submitted at index 3 term 1
18:45:16.834 [vert.x-eventloop-thread-0] DEBUG d.m.q.c.state.QuorusStateStore [LEADER/1] - Applying command: type=Set
18:45:16.834 [vert.x-eventloop-thread-0] DEBUG d.m.q.c.state.QuorusStateStore [LEADER/1] - Processing system metadata command: key=phase4.v2.service-connection.tenant:connection, type=Set
18:45:16.834 [vert.x-eventloop-thread-0] INFO  d.m.q.c.state.QuorusStateStore [LEADER/1] - Set system metadata: key=phase4.v2.service-connection.tenant:connection, valuePresent=true, replaced=false
18:45:16.834 [vert.x-eventloop-thread-0] DEBUG d.m.q.c.state.QuorusStateStore [LEADER/1] - Command applied successfully: type=Set, result=Success
18:45:16.846 [vert.x-eventloop-thread-0] WARN  d.m.q.c.http.GlobalErrorHandler [LEADER/1] - Client error [VALIDATION_ERROR] at /api/v1/transfers: Endpoint DNS resolution failed
18:45:16.851 [vert.x-eventloop-thread-0] INFO  d.m.q.c.h.handlers.TransferHandler [LEADER/1] - Creating transfer job: jobId=f9ba3a6c-2d1d-48f7-8959-58f468b73501, tenantId=tenant
18:45:16.851 [vert.x-eventloop-thread-0] INFO  d.m.quorus.controller.raft.RaftNode [LEADER/1] - Command submitted at index 4 term 1
18:45:16.851 [vert.x-eventloop-thread-0] DEBUG d.m.q.c.state.QuorusStateStore [LEADER/1] - Applying command: type=Create
18:45:16.852 [vert.x-eventloop-thread-0] DEBUG d.m.q.c.state.QuorusStateStore [LEADER/1] - Creating transfer job: jobId=f9ba3a6c-2d1d-48f7-8959-58f468b73501, sourceUri=sftp://dns.example.test/approved/file.dat, destPath=file:///C:/Users/mraysmit/dev/idea-projects/quorus/quorus-controller/downloads/dns-test.dat
18:45:16.852 [vert.x-eventloop-thread-0] INFO  d.m.q.c.state.QuorusStateStore [LEADER/1] - Created transfer job: jobId=f9ba3a6c-2d1d-48f7-8959-58f468b73501, protocol=http, totalJobs=1
18:45:16.852 [vert.x-eventloop-thread-0] DEBUG d.m.q.c.state.QuorusStateStore [LEADER/1] - Command applied successfully: type=Create, result=Success
18:45:16.852 [vert.x-eventloop-thread-0] INFO  d.m.q.c.h.handlers.TransferHandler [LEADER/1] - Transfer job created: jobId=f9ba3a6c-2d1d-48f7-8959-58f468b73501
18:45:16.852 [vert.x-eventloop-thread-0] INFO  d.m.quorus.controller.raft.RaftNode [LEADER/1] - Command submitted at index 5 term 1
18:45:16.852 [vert.x-eventloop-thread-0] DEBUG d.m.q.c.state.QuorusStateStore [LEADER/1] - Applying command: type=Set
18:45:16.852 [vert.x-eventloop-thread-0] DEBUG d.m.q.c.state.QuorusStateStore [LEADER/1] - Processing system metadata command: key=phase4.v2.security-event.tenant:1788605116852.5a38e277-4319-466a-81b7-895831920897, type=Set
18:45:16.853 [vert.x-eventloop-thread-0] INFO  d.m.q.c.state.QuorusStateStore [LEADER/1] - Set system metadata: key=phase4.v2.security-event.tenant:1788605116852.5a38e277-4319-466a-81b7-895831920897, valuePresent=true, replaced=false
18:45:16.853 [vert.x-eventloop-thread-0] DEBUG d.m.q.c.state.QuorusStateStore [LEADER/1] - Command applied successfully: type=Set, result=Success
18:45:16.858 [vert.x-eventloop-thread-0] INFO  d.m.q.c.r.InMemoryTransportSimulator [LEADER/1] - Stopped in-memory transport for node: dns-167137131079400
18:45:16.858 [vert.x-eventloop-thread-0] INFO  d.m.quorus.controller.raft.RaftNode [LEADER/1] - Raft node stopped: dns-167137131079400
18:45:16.910 [ForkJoinPool-1-worker-1] DEBUG d.m.q.c.state.QuorusStateStore - Initializing default metadata: version=2.0
18:45:16.911 [vert.x-eventloop-thread-0] INFO  d.m.quorus.controller.raft.RaftNode - Starting Raft node: dns-167137554091000
18:45:16.912 [vert.x-eventloop-thread-0] INFO  d.m.quorus.controller.raft.RaftNode [FOLLOWER/0] - No storage configured, running in volatile mode
18:45:16.912 [vert.x-eventloop-thread-0] INFO  d.m.q.c.r.InMemoryTransportSimulator [FOLLOWER/0] - Started in-memory transport for node: dns-167137554091000
18:45:16.912 [vert.x-eventloop-thread-0] INFO  d.m.quorus.controller.raft.RaftNode [FOLLOWER/0] - Raft node dns-167137554091000 started successfully (term=0, logSize=1)
18:45:17.175 [vert.x-eventloop-thread-0] INFO  d.m.quorus.controller.raft.RaftNode [FOLLOWER/0] - Starting election for node: dns-167137554091000
18:45:17.175 [vert.x-eventloop-thread-0] DEBUG d.m.quorus.controller.raft.RaftNode [CANDIDATE/1] - Persisting raft metadata: term=1, votedForPresent=true, votedFor=dns-167137554091000
18:45:17.175 [vert.x-eventloop-thread-0] INFO  d.m.quorus.controller.raft.RaftNode [LEADER/1] - Node dns-167137554091000 became LEADER for term 1
18:45:17.175 [vert.x-eventloop-thread-0] INFO  d.m.quorus.controller.raft.RaftNode [LEADER/1] - Command submitted at index 1 term 1
18:45:17.175 [vert.x-eventloop-thread-0] DEBUG d.m.quorus.controller.raft.RaftNode [LEADER/1] - Committed leader no-op entry for term 1
18:45:17.176 [vert.x-eventloop-thread-0] INFO  d.m.quorus.controller.raft.RaftNode [LEADER/1] - Command submitted at index 2 term 1
18:45:17.176 [vert.x-eventloop-thread-0] DEBUG d.m.q.c.state.QuorusStateStore [LEADER/1] - Applying command: type=Set
18:45:17.176 [vert.x-eventloop-thread-0] DEBUG d.m.q.c.state.QuorusStateStore [LEADER/1] - Processing system metadata command: key=phase4.v2.secret-reference.tenant:secret, type=Set
18:45:17.176 [vert.x-eventloop-thread-0] INFO  d.m.q.c.state.QuorusStateStore [LEADER/1] - Set system metadata: key=phase4.v2.secret-reference.tenant:secret, valuePresent=true, replaced=false
18:45:17.176 [vert.x-eventloop-thread-0] DEBUG d.m.q.c.state.QuorusStateStore [LEADER/1] - Command applied successfully: type=Set, result=Success
18:45:17.177 [vert.x-eventloop-thread-0] INFO  d.m.quorus.controller.raft.RaftNode [LEADER/1] - Command submitted at index 3 term 1
18:45:17.177 [vert.x-eventloop-thread-0] DEBUG d.m.q.c.state.QuorusStateStore [LEADER/1] - Applying command: type=Set
18:45:17.178 [vert.x-eventloop-thread-0] DEBUG d.m.q.c.state.QuorusStateStore [LEADER/1] - Processing system metadata command: key=phase4.v2.service-connection.tenant:connection, type=Set
18:45:17.178 [vert.x-eventloop-thread-0] INFO  d.m.q.c.state.QuorusStateStore [LEADER/1] - Set system metadata: key=phase4.v2.service-connection.tenant:connection, valuePresent=true, replaced=false
18:45:17.179 [vert.x-eventloop-thread-0] DEBUG d.m.q.c.state.QuorusStateStore [LEADER/1] - Command applied successfully: type=Set, result=Success
18:45:17.202 [vert.x-eventloop-thread-0] ERROR d.m.q.c.http.GlobalErrorHandler [LEADER/1] - Server error [SERVICE_UNAVAILABLE] at /api/v1/transfers: DNS authorization capacity is exhausted
18:45:17.202 [vert.x-eventloop-thread-0] DEBUG d.m.q.c.http.GlobalErrorHandler [LEADER/1] - Stack trace for server error [SERVICE_UNAVAILABLE] at /api/v1/transfers
dev.mars.quorus.controller.http.QuorusApiException: DNS authorization capacity is exhausted
	at dev.mars.quorus.controller.http.ControllerConnectionAuthorizer.authorize(ControllerConnectionAuthorizer.java:38)
	at dev.mars.quorus.controller.http.handlers.TransferHandler.lambda$0(TransferHandler.java:155)
	at io.vertx.ext.web.impl.RouteState.handleContext(RouteState.java:1344)
	at io.vertx.ext.web.impl.RoutingContextImplBase.iterateNext(RoutingContextImplBase.java:196)
	at io.vertx.ext.web.impl.RoutingContextImpl.next(RoutingContextImpl.java:150)
	at io.vertx.ext.web.handler.impl.BodyHandlerImpl$BHandler.doEnd(BodyHandlerImpl.java:365)
	at io.vertx.ext.web.handler.impl.BodyHandlerImpl$BHandler.end(BodyHandlerImpl.java:342)
	at io.vertx.core.internal.ContextInternal.dispatch(ContextInternal.java:249)
	at io.vertx.core.internal.ContextInternal.dispatch(ContextInternal.java:231)
	at io.vertx.core.http.impl.HttpEventHandler.handleEnd(HttpEventHandler.java:76)
	at io.vertx.core.http.impl.Http1xServerRequest.onEnd(Http1xServerRequest.java:593)
	at io.vertx.core.http.impl.Http1xServerRequest$1.handleMessage(Http1xServerRequest.java:111)
	at io.vertx.core.internal.concurrent.InboundMessageQueue.test(InboundMessageQueue.java:86)
	at io.vertx.core.streams.impl.MessagePassingQueue.drain(MessagePassingQueue.java:228)
	at io.vertx.core.streams.impl.MessagePassingQueue.drain(MessagePassingQueue.java:210)
	at io.vertx.core.internal.concurrent.InboundMessageQueue.drainInternal(InboundMessageQueue.java:168)
	at io.vertx.core.internal.concurrent.InboundMessageQueue.drain(InboundMessageQueue.java:145)
	at io.vertx.core.http.impl.Http1xServerRequest.handleEnd(Http1xServerRequest.java:175)
	at io.vertx.core.http.impl.Http1xServerRequest.handleEnd(Http1xServerRequest.java:166)
	at io.vertx.core.http.impl.Http1xServerConnection.onEnd(Http1xServerConnection.java:199)
	at io.vertx.core.http.impl.Http1xServerConnection.onContent(Http1xServerConnection.java:190)
	at io.vertx.core.http.impl.Http1xServerConnection.handleOther(Http1xServerConnection.java:175)
	at io.vertx.core.http.impl.Http1xServerConnection.handleMessage(Http1xServerConnection.java:168)
	at io.vertx.core.net.impl.VertxConnection.read(VertxConnection.java:247)
	at io.vertx.core.net.impl.VertxHandler.channelRead(VertxHandler.java:148)
	at io.netty.channel.AbstractChannelHandlerContext.fireChannelRead(AbstractChannelHandlerContext.java:355)
	at io.netty.channel.ChannelInboundHandlerAdapter.channelRead(ChannelInboundHandlerAdapter.java:93)
	at io.netty.handler.codec.http.websocketx.extensions.WebSocketServerExtensionHandler.channelRead(WebSocketServerExtensionHandler.java:84)
	at io.netty.channel.AbstractChannelHandlerContext.fireChannelRead(AbstractChannelHandlerContext.java:355)
	at io.netty.handler.codec.ByteToMessageDecoder.fireChannelRead(ByteToMessageDecoder.java:361)
	at io.netty.handler.codec.ByteToMessageDecoder.channelRead(ByteToMessageDecoder.java:325)
	at io.netty.channel.AbstractChannelHandlerContext.fireChannelRead(AbstractChannelHandlerContext.java:357)
	at io.netty.channel.DefaultChannelPipeline$HeadContext.channelRead(DefaultChannelPipeline.java:1429)
	at io.netty.channel.DefaultChannelPipeline.fireChannelRead(DefaultChannelPipeline.java:918)
	at io.netty.channel.nio.AbstractNioByteChannel$NioByteUnsafe.read(AbstractNioByteChannel.java:176)
	at io.netty.channel.nio.AbstractNioChannel$AbstractNioUnsafe.handle(AbstractNioChannel.java:445)
	at io.netty.channel.nio.NioIoHandler$DefaultNioRegistration.handle(NioIoHandler.java:388)
	at io.netty.channel.nio.NioIoHandler.processSelectedKey(NioIoHandler.java:596)
	at io.netty.channel.nio.NioIoHandler.processSelectedKeysPlain(NioIoHandler.java:541)
	at io.netty.channel.nio.NioIoHandler.processSelectedKeys(NioIoHandler.java:514)
	at io.netty.channel.nio.NioIoHandler.run(NioIoHandler.java:484)
	at io.netty.channel.SingleThreadIoEventLoop.runIo(SingleThreadIoEventLoop.java:225)
	at io.netty.channel.SingleThreadIoEventLoop.run(SingleThreadIoEventLoop.java:196)
	at io.netty.util.concurrent.SingleThreadEventExecutor$5.run(SingleThreadEventExecutor.java:1195)
	at io.netty.util.internal.ThreadExecutorMap$2.run(ThreadExecutorMap.java:74)
	at io.netty.util.concurrent.FastThreadLocalRunnable.run(FastThreadLocalRunnable.java:30)
	at java.base/java.lang.Thread.run(Thread.java:1474)
18:45:17.206 [vert.x-eventloop-thread-0] INFO  d.m.quorus.controller.raft.RaftNode [LEADER/1] - Command submitted at index 4 term 1
18:45:17.206 [vert.x-eventloop-thread-0] DEBUG d.m.q.c.state.QuorusStateStore [LEADER/1] - Applying command: type=Set
18:45:17.206 [vert.x-eventloop-thread-0] DEBUG d.m.q.c.state.QuorusStateStore [LEADER/1] - Processing system metadata command: key=phase4.v2.security-event.tenant:1788605117205.bf83d5a6-47bf-47c7-8469-3c547a2c3de0, type=Set
18:45:17.206 [vert.x-eventloop-thread-0] INFO  d.m.q.c.state.QuorusStateStore [LEADER/1] - Set system metadata: key=phase4.v2.security-event.tenant:1788605117205.bf83d5a6-47bf-47c7-8469-3c547a2c3de0, valuePresent=true, replaced=false
18:45:17.206 [vert.x-eventloop-thread-0] DEBUG d.m.q.c.state.QuorusStateStore [LEADER/1] - Command applied successfully: type=Set, result=Success
18:45:17.210 [vert.x-eventloop-thread-0] INFO  d.m.q.c.r.InMemoryTransportSimulator [LEADER/1] - Stopped in-memory transport for node: dns-167137554091000
18:45:17.210 [vert.x-eventloop-thread-0] INFO  d.m.quorus.controller.raft.RaftNode [LEADER/1] - Raft node stopped: dns-167137554091000
18:45:17.267 [ForkJoinPool-1-worker-1] DEBUG d.m.q.c.state.QuorusStateStore - Initializing default metadata: version=2.0
18:45:17.269 [vert.x-eventloop-thread-0] INFO  d.m.quorus.controller.raft.RaftNode - Starting Raft node: dns-167137910917600
18:45:17.269 [vert.x-eventloop-thread-0] INFO  d.m.quorus.controller.raft.RaftNode [FOLLOWER/0] - No storage configured, running in volatile mode
18:45:17.269 [vert.x-eventloop-thread-0] INFO  d.m.q.c.r.InMemoryTransportSimulator [FOLLOWER/0] - Started in-memory transport for node: dns-167137910917600
18:45:17.269 [vert.x-eventloop-thread-0] INFO  d.m.quorus.controller.raft.RaftNode [FOLLOWER/0] - Raft node dns-167137910917600 started successfully (term=0, logSize=1)
18:45:17.754 [vert.x-eventloop-thread-0] INFO  d.m.quorus.controller.raft.RaftNode [FOLLOWER/0] - Starting election for node: dns-167137910917600
18:45:17.754 [vert.x-eventloop-thread-0] DEBUG d.m.quorus.controller.raft.RaftNode [CANDIDATE/1] - Persisting raft metadata: term=1, votedForPresent=true, votedFor=dns-167137910917600
18:45:17.754 [vert.x-eventloop-thread-0] INFO  d.m.quorus.controller.raft.RaftNode [LEADER/1] - Node dns-167137910917600 became LEADER for term 1
18:45:17.754 [vert.x-eventloop-thread-0] INFO  d.m.quorus.controller.raft.RaftNode [LEADER/1] - Command submitted at index 1 term 1
18:45:17.755 [vert.x-eventloop-thread-0] DEBUG d.m.quorus.controller.raft.RaftNode [LEADER/1] - Committed leader no-op entry for term 1
18:45:17.755 [vert.x-eventloop-thread-0] INFO  d.m.quorus.controller.raft.RaftNode [LEADER/1] - Command submitted at index 2 term 1
18:45:17.755 [vert.x-eventloop-thread-0] DEBUG d.m.q.c.state.QuorusStateStore [LEADER/1] - Applying command: type=Set
18:45:17.756 [vert.x-eventloop-thread-0] DEBUG d.m.q.c.state.QuorusStateStore [LEADER/1] - Processing system metadata command: key=phase4.v2.secret-reference.tenant:secret, type=Set
18:45:17.756 [vert.x-eventloop-thread-0] INFO  d.m.q.c.state.QuorusStateStore [LEADER/1] - Set system metadata: key=phase4.v2.secret-reference.tenant:secret, valuePresent=true, replaced=false
18:45:17.756 [vert.x-eventloop-thread-0] DEBUG d.m.q.c.state.QuorusStateStore [LEADER/1] - Command applied successfully: type=Set, result=Success
18:45:17.758 [vert.x-eventloop-thread-0] INFO  d.m.quorus.controller.raft.RaftNode [LEADER/1] - Command submitted at index 3 term 1
18:45:17.758 [vert.x-eventloop-thread-0] DEBUG d.m.q.c.state.QuorusStateStore [LEADER/1] - Applying command: type=Set
18:45:17.758 [vert.x-eventloop-thread-0] DEBUG d.m.q.c.state.QuorusStateStore [LEADER/1] - Processing system metadata command: key=phase4.v2.service-connection.tenant:connection, type=Set
18:45:17.758 [vert.x-eventloop-thread-0] INFO  d.m.q.c.state.QuorusStateStore [LEADER/1] - Set system metadata: key=phase4.v2.service-connection.tenant:connection, valuePresent=true, replaced=false
18:45:17.758 [vert.x-eventloop-thread-0] DEBUG d.m.q.c.state.QuorusStateStore [LEADER/1] - Command applied successfully: type=Set, result=Success
18:45:17.777 [vert.x-eventloop-thread-0] ERROR d.m.q.c.http.GlobalErrorHandler [LEADER/1] - Server error [SERVICE_UNAVAILABLE] at /api/v1/service-connections/connection/validate: DNS authorization capacity is exhausted
18:45:17.778 [vert.x-eventloop-thread-0] DEBUG d.m.q.c.http.GlobalErrorHandler [LEADER/1] - Stack trace for server error [SERVICE_UNAVAILABLE] at /api/v1/service-connections/connection/validate
dev.mars.quorus.controller.http.QuorusApiException: DNS authorization capacity is exhausted
	at dev.mars.quorus.controller.http.ControllerConnectionAuthorizer.authorize(ControllerConnectionAuthorizer.java:38)
	at dev.mars.quorus.controller.http.handlers.ServiceConnectionHandler.lambda$36(ServiceConnectionHandler.java:189)
	at dev.mars.quorus.controller.http.handlers.ServiceConnectionHandler.execute(ServiceConnectionHandler.java:387)
	at dev.mars.quorus.controller.http.handlers.ServiceConnectionHandler.lambda$35(ServiceConnectionHandler.java:182)
	at io.vertx.ext.web.impl.RouteState.handleContext(RouteState.java:1344)
	at io.vertx.ext.web.impl.RoutingContextImplBase.iterateNext(RoutingContextImplBase.java:196)
	at io.vertx.ext.web.impl.RoutingContextImpl.next(RoutingContextImpl.java:150)
	at io.vertx.ext.web.handler.impl.BodyHandlerImpl$BHandler.doEnd(BodyHandlerImpl.java:365)
	at io.vertx.ext.web.handler.impl.BodyHandlerImpl$BHandler.end(BodyHandlerImpl.java:342)
	at io.vertx.core.internal.ContextInternal.dispatch(ContextInternal.java:249)
	at io.vertx.core.internal.ContextInternal.dispatch(ContextInternal.java:231)
	at io.vertx.core.http.impl.HttpEventHandler.handleEnd(HttpEventHandler.java:76)
	at io.vertx.core.http.impl.Http1xServerRequest.onEnd(Http1xServerRequest.java:593)
	at io.vertx.core.http.impl.Http1xServerRequest$1.handleMessage(Http1xServerRequest.java:111)
	at io.vertx.core.internal.concurrent.InboundMessageQueue.test(InboundMessageQueue.java:86)
	at io.vertx.core.streams.impl.MessagePassingQueue.drain(MessagePassingQueue.java:228)
	at io.vertx.core.streams.impl.MessagePassingQueue.drain(MessagePassingQueue.java:210)
	at io.vertx.core.internal.concurrent.InboundMessageQueue.drainInternal(InboundMessageQueue.java:168)
	at io.vertx.core.internal.concurrent.InboundMessageQueue.drain(InboundMessageQueue.java:145)
	at io.vertx.core.http.impl.Http1xServerRequest.handleEnd(Http1xServerRequest.java:175)
	at io.vertx.core.http.impl.Http1xServerRequest.handleEnd(Http1xServerRequest.java:166)
	at io.vertx.core.http.impl.Http1xServerConnection.onEnd(Http1xServerConnection.java:199)
	at io.vertx.core.http.impl.Http1xServerConnection.onContent(Http1xServerConnection.java:190)
	at io.vertx.core.http.impl.Http1xServerConnection.handleOther(Http1xServerConnection.java:175)
	at io.vertx.core.http.impl.Http1xServerConnection.handleMessage(Http1xServerConnection.java:168)
	at io.vertx.core.net.impl.VertxConnection.read(VertxConnection.java:247)
	at io.vertx.core.net.impl.VertxHandler.channelRead(VertxHandler.java:148)
	at io.netty.channel.AbstractChannelHandlerContext.fireChannelRead(AbstractChannelHandlerContext.java:355)
	at io.netty.channel.ChannelInboundHandlerAdapter.channelRead(ChannelInboundHandlerAdapter.java:93)
	at io.netty.handler.codec.http.websocketx.extensions.WebSocketServerExtensionHandler.channelRead(WebSocketServerExtensionHandler.java:84)
	at io.netty.channel.AbstractChannelHandlerContext.fireChannelRead(AbstractChannelHandlerContext.java:355)
	at io.netty.handler.codec.ByteToMessageDecoder.fireChannelRead(ByteToMessageDecoder.java:361)
	at io.netty.handler.codec.ByteToMessageDecoder.channelRead(ByteToMessageDecoder.java:325)
	at io.netty.channel.AbstractChannelHandlerContext.fireChannelRead(AbstractChannelHandlerContext.java:357)
	at io.netty.channel.DefaultChannelPipeline$HeadContext.channelRead(DefaultChannelPipeline.java:1429)
	at io.netty.channel.DefaultChannelPipeline.fireChannelRead(DefaultChannelPipeline.java:918)
	at io.netty.channel.nio.AbstractNioByteChannel$NioByteUnsafe.read(AbstractNioByteChannel.java:176)
	at io.netty.channel.nio.AbstractNioChannel$AbstractNioUnsafe.handle(AbstractNioChannel.java:445)
	at io.netty.channel.nio.NioIoHandler$DefaultNioRegistration.handle(NioIoHandler.java:388)
	at io.netty.channel.nio.NioIoHandler.processSelectedKey(NioIoHandler.java:596)
	at io.netty.channel.nio.NioIoHandler.processSelectedKeysPlain(NioIoHandler.java:541)
	at io.netty.channel.nio.NioIoHandler.processSelectedKeys(NioIoHandler.java:514)
	at io.netty.channel.nio.NioIoHandler.run(NioIoHandler.java:484)
	at io.netty.channel.SingleThreadIoEventLoop.runIo(SingleThreadIoEventLoop.java:225)
	at io.netty.channel.SingleThreadIoEventLoop.run(SingleThreadIoEventLoop.java:196)
	at io.netty.util.concurrent.SingleThreadEventExecutor$5.run(SingleThreadEventExecutor.java:1195)
	at io.netty.util.internal.ThreadExecutorMap$2.run(ThreadExecutorMap.java:74)
	at io.netty.util.concurrent.FastThreadLocalRunnable.run(FastThreadLocalRunnable.java:30)
	at java.base/java.lang.Thread.run(Thread.java:1474)
18:45:17.781 [vert.x-eventloop-thread-0] INFO  d.m.q.c.h.handlers.TransferHandler [LEADER/1] - Creating transfer job: jobId=f1f7761e-de1d-4dc3-bf4a-800f46d97cdb, tenantId=tenant
18:45:17.781 [vert.x-eventloop-thread-0] INFO  d.m.quorus.controller.raft.RaftNode [LEADER/1] - Command submitted at index 4 term 1
18:45:17.781 [vert.x-eventloop-thread-0] DEBUG d.m.q.c.state.QuorusStateStore [LEADER/1] - Applying command: type=Create
18:45:17.782 [vert.x-eventloop-thread-0] DEBUG d.m.q.c.state.QuorusStateStore [LEADER/1] - Creating transfer job: jobId=f1f7761e-de1d-4dc3-bf4a-800f46d97cdb, sourceUri=sftp://dns.example.test/approved/file.dat, destPath=file:///C:/Users/mraysmit/dev/idea-projects/quorus/quorus-controller/downloads/dns-test.dat
18:45:17.782 [vert.x-eventloop-thread-0] INFO  d.m.q.c.state.QuorusStateStore [LEADER/1] - Created transfer job: jobId=f1f7761e-de1d-4dc3-bf4a-800f46d97cdb, protocol=http, totalJobs=1
18:45:17.782 [vert.x-eventloop-thread-0] DEBUG d.m.q.c.state.QuorusStateStore [LEADER/1] - Command applied successfully: type=Create, result=Success
18:45:17.782 [vert.x-eventloop-thread-0] INFO  d.m.q.c.h.handlers.TransferHandler [LEADER/1] - Transfer job created: jobId=f1f7761e-de1d-4dc3-bf4a-800f46d97cdb
18:45:17.782 [vert.x-eventloop-thread-0] INFO  d.m.quorus.controller.raft.RaftNode [LEADER/1] - Command submitted at index 5 term 1
18:45:17.782 [vert.x-eventloop-thread-0] DEBUG d.m.q.c.state.QuorusStateStore [LEADER/1] - Applying command: type=Set
18:45:17.782 [vert.x-eventloop-thread-0] DEBUG d.m.q.c.state.QuorusStateStore [LEADER/1] - Processing system metadata command: key=phase4.v2.security-event.tenant:1788605117782.6f91a450-3830-443c-a20c-3a104426fcfc, type=Set
18:45:17.782 [vert.x-eventloop-thread-0] INFO  d.m.q.c.state.QuorusStateStore [LEADER/1] - Set system metadata: key=phase4.v2.security-event.tenant:1788605117782.6f91a450-3830-443c-a20c-3a104426fcfc, valuePresent=true, replaced=false
18:45:17.782 [vert.x-eventloop-thread-0] DEBUG d.m.q.c.state.QuorusStateStore [LEADER/1] - Command applied successfully: type=Set, result=Success
18:45:17.785 [vert.x-eventloop-thread-0] INFO  d.m.q.c.r.InMemoryTransportSimulator [LEADER/1] - Stopped in-memory transport for node: dns-167137910917600
18:45:17.785 [vert.x-eventloop-thread-0] INFO  d.m.quorus.controller.raft.RaftNode [LEADER/1] - Raft node stopped: dns-167137910917600
18:45:17.850 [ForkJoinPool-1-worker-1] DEBUG d.m.q.c.state.QuorusStateStore - Initializing default metadata: version=2.0
18:45:17.852 [vert.x-eventloop-thread-0] INFO  d.m.quorus.controller.raft.RaftNode - Starting Raft node: dns-167138493831900
18:45:17.852 [vert.x-eventloop-thread-0] INFO  d.m.quorus.controller.raft.RaftNode [FOLLOWER/0] - No storage configured, running in volatile mode
18:45:17.852 [vert.x-eventloop-thread-0] INFO  d.m.q.c.r.InMemoryTransportSimulator [FOLLOWER/0] - Started in-memory transport for node: dns-167138493831900
18:45:17.852 [vert.x-eventloop-thread-0] INFO  d.m.quorus.controller.raft.RaftNode [FOLLOWER/0] - Raft node dns-167138493831900 started successfully (term=0, logSize=1)
18:45:18.187 [vert.x-eventloop-thread-0] INFO  d.m.quorus.controller.raft.RaftNode [FOLLOWER/0] - Starting election for node: dns-167138493831900
18:45:18.187 [vert.x-eventloop-thread-0] DEBUG d.m.quorus.controller.raft.RaftNode [CANDIDATE/1] - Persisting raft metadata: term=1, votedForPresent=true, votedFor=dns-167138493831900
18:45:18.188 [vert.x-eventloop-thread-0] INFO  d.m.quorus.controller.raft.RaftNode [LEADER/1] - Node dns-167138493831900 became LEADER for term 1
18:45:18.188 [vert.x-eventloop-thread-0] INFO  d.m.quorus.controller.raft.RaftNode [LEADER/1] - Command submitted at index 1 term 1
18:45:18.188 [vert.x-eventloop-thread-0] DEBUG d.m.quorus.controller.raft.RaftNode [LEADER/1] - Committed leader no-op entry for term 1
18:45:18.188 [vert.x-eventloop-thread-0] INFO  d.m.quorus.controller.raft.RaftNode [LEADER/1] - Command submitted at index 2 term 1
18:45:18.189 [vert.x-eventloop-thread-0] DEBUG d.m.q.c.state.QuorusStateStore [LEADER/1] - Applying command: type=Set
18:45:18.189 [vert.x-eventloop-thread-0] DEBUG d.m.q.c.state.QuorusStateStore [LEADER/1] - Processing system metadata command: key=phase4.v2.secret-reference.tenant:secret, type=Set
18:45:18.189 [vert.x-eventloop-thread-0] INFO  d.m.q.c.state.QuorusStateStore [LEADER/1] - Set system metadata: key=phase4.v2.secret-reference.tenant:secret, valuePresent=true, replaced=false
18:45:18.189 [vert.x-eventloop-thread-0] DEBUG d.m.q.c.state.QuorusStateStore [LEADER/1] - Command applied successfully: type=Set, result=Success
18:45:18.190 [vert.x-eventloop-thread-0] INFO  d.m.quorus.controller.raft.RaftNode [LEADER/1] - Command submitted at index 3 term 1
18:45:18.190 [vert.x-eventloop-thread-0] DEBUG d.m.q.c.state.QuorusStateStore [LEADER/1] - Applying command: type=Set
18:45:18.190 [vert.x-eventloop-thread-0] DEBUG d.m.q.c.state.QuorusStateStore [LEADER/1] - Processing system metadata command: key=phase4.v2.service-connection.tenant:connection, type=Set
18:45:18.190 [vert.x-eventloop-thread-0] INFO  d.m.q.c.state.QuorusStateStore [LEADER/1] - Set system metadata: key=phase4.v2.service-connection.tenant:connection, valuePresent=true, replaced=false
18:45:18.190 [vert.x-eventloop-thread-0] DEBUG d.m.q.c.state.QuorusStateStore [LEADER/1] - Command applied successfully: type=Set, result=Success
18:45:18.194 [vert.x-eventloop-thread-0] INFO  d.m.quorus.controller.raft.RaftNode [LEADER/1] - Command submitted at index 4 term 1
18:45:18.194 [vert.x-eventloop-thread-0] DEBUG d.m.q.c.state.QuorusStateStore [LEADER/1] - Applying command: type=Set
18:45:18.195 [vert.x-eventloop-thread-0] DEBUG d.m.q.c.state.QuorusStateStore [LEADER/1] - Processing system metadata command: key=phase4.v2.secret-reference.tenant:secret, type=Set
18:45:18.195 [vert.x-eventloop-thread-0] INFO  d.m.q.c.state.QuorusStateStore [LEADER/1] - Set system metadata: key=phase4.v2.secret-reference.tenant:secret, valuePresent=true, replaced=true
18:45:18.195 [vert.x-eventloop-thread-0] DEBUG d.m.q.c.state.QuorusStateStore [LEADER/1] - Command applied successfully: type=Set, result=Success
18:45:18.700 [vert.x-eventloop-thread-0] INFO  d.m.quorus.controller.raft.RaftNode [LEADER/1] - Command submitted at index 5 term 1
18:45:18.701 [vert.x-eventloop-thread-0] DEBUG d.m.q.c.state.QuorusStateStore [LEADER/1] - Applying command: type=Set
18:45:18.701 [vert.x-eventloop-thread-0] DEBUG d.m.q.c.state.QuorusStateStore [LEADER/1] - Processing system metadata command: key=phase4.v2.secret-reference.tenant:secret, type=Set
18:45:18.701 [vert.x-eventloop-thread-0] INFO  d.m.q.c.state.QuorusStateStore [LEADER/1] - Set system metadata: key=phase4.v2.secret-reference.tenant:secret, valuePresent=true, replaced=true
18:45:18.701 [vert.x-eventloop-thread-0] DEBUG d.m.q.c.state.QuorusStateStore [LEADER/1] - Command applied successfully: type=Set, result=Success
18:45:18.702 [vert.x-eventloop-thread-0] INFO  d.m.quorus.controller.raft.RaftNode [LEADER/1] - Command submitted at index 6 term 1
18:45:18.702 [vert.x-eventloop-thread-0] DEBUG d.m.q.c.state.QuorusStateStore [LEADER/1] - Applying command: type=Set
18:45:18.702 [vert.x-eventloop-thread-0] DEBUG d.m.q.c.state.QuorusStateStore [LEADER/1] - Processing system metadata command: key=phase4.v2.security-event.tenant:1788605118699.266fb93d-0e66-492e-a622-e889a1c544f4, type=Set
18:45:18.702 [vert.x-eventloop-thread-0] INFO  d.m.q.c.state.QuorusStateStore [LEADER/1] - Set system metadata: key=phase4.v2.security-event.tenant:1788605118699.266fb93d-0e66-492e-a622-e889a1c544f4, valuePresent=true, replaced=false
18:45:18.703 [vert.x-eventloop-thread-0] DEBUG d.m.q.c.state.QuorusStateStore [LEADER/1] - Command applied successfully: type=Set, result=Success
18:45:18.703 [vert.x-eventloop-thread-0] WARN  d.m.q.c.http.GlobalErrorHandler [LEADER/1] - Client error [CONFLICT] at /api/v1/transfers: Service connection secret reference is unavailable
18:45:18.709 [vert.x-eventloop-thread-0] INFO  d.m.q.c.r.InMemoryTransportSimulator [LEADER/1] - Stopped in-memory transport for node: dns-167138493831900
18:45:18.709 [vert.x-eventloop-thread-0] INFO  d.m.quorus.controller.raft.RaftNode [LEADER/1] - Raft node stopped: dns-167138493831900
18:45:18.758 [ForkJoinPool-1-worker-1] DEBUG d.m.q.c.state.QuorusStateStore - Initializing default metadata: version=2.0
18:45:18.759 [vert.x-eventloop-thread-0] INFO  d.m.quorus.controller.raft.RaftNode - Starting Raft node: dns-167139401467700
18:45:18.759 [vert.x-eventloop-thread-0] INFO  d.m.quorus.controller.raft.RaftNode [FOLLOWER/0] - No storage configured, running in volatile mode
18:45:18.759 [vert.x-eventloop-thread-0] INFO  d.m.q.c.r.InMemoryTransportSimulator [FOLLOWER/0] - Started in-memory transport for node: dns-167139401467700
18:45:18.759 [vert.x-eventloop-thread-0] INFO  d.m.quorus.controller.raft.RaftNode [FOLLOWER/0] - Raft node dns-167139401467700 started successfully (term=0, logSize=1)
18:45:19.193 [vert.x-eventloop-thread-0] INFO  d.m.quorus.controller.raft.RaftNode [FOLLOWER/0] - Starting election for node: dns-167139401467700
18:45:19.193 [vert.x-eventloop-thread-0] DEBUG d.m.quorus.controller.raft.RaftNode [CANDIDATE/1] - Persisting raft metadata: term=1, votedForPresent=true, votedFor=dns-167139401467700
18:45:19.194 [vert.x-eventloop-thread-0] INFO  d.m.quorus.controller.raft.RaftNode [LEADER/1] - Node dns-167139401467700 became LEADER for term 1
18:45:19.194 [vert.x-eventloop-thread-0] INFO  d.m.quorus.controller.raft.RaftNode [LEADER/1] - Command submitted at index 1 term 1
18:45:19.194 [vert.x-eventloop-thread-0] DEBUG d.m.quorus.controller.raft.RaftNode [LEADER/1] - Committed leader no-op entry for term 1
18:45:19.194 [vert.x-eventloop-thread-0] INFO  d.m.quorus.controller.raft.RaftNode [LEADER/1] - Command submitted at index 2 term 1
18:45:19.194 [vert.x-eventloop-thread-0] DEBUG d.m.q.c.state.QuorusStateStore [LEADER/1] - Applying command: type=Set
18:45:19.195 [vert.x-eventloop-thread-0] DEBUG d.m.q.c.state.QuorusStateStore [LEADER/1] - Processing system metadata command: key=phase4.v2.secret-reference.tenant:secret, type=Set
18:45:19.195 [vert.x-eventloop-thread-0] INFO  d.m.q.c.state.QuorusStateStore [LEADER/1] - Set system metadata: key=phase4.v2.secret-reference.tenant:secret, valuePresent=true, replaced=false
18:45:19.195 [vert.x-eventloop-thread-0] DEBUG d.m.q.c.state.QuorusStateStore [LEADER/1] - Command applied successfully: type=Set, result=Success
18:45:19.195 [vert.x-eventloop-thread-0] INFO  d.m.quorus.controller.raft.RaftNode [LEADER/1] - Command submitted at index 3 term 1
18:45:19.195 [vert.x-eventloop-thread-0] DEBUG d.m.q.c.state.QuorusStateStore [LEADER/1] - Applying command: type=Set
18:45:19.196 [vert.x-eventloop-thread-0] DEBUG d.m.q.c.state.QuorusStateStore [LEADER/1] - Processing system metadata command: key=phase4.v2.service-connection.tenant:connection, type=Set
18:45:19.196 [vert.x-eventloop-thread-0] INFO  d.m.q.c.state.QuorusStateStore [LEADER/1] - Set system metadata: key=phase4.v2.service-connection.tenant:connection, valuePresent=true, replaced=false
18:45:19.196 [vert.x-eventloop-thread-0] DEBUG d.m.q.c.state.QuorusStateStore [LEADER/1] - Command applied successfully: type=Set, result=Success
18:45:19.210 [vert.x-eventloop-thread-0] INFO  d.m.quorus.controller.raft.RaftNode [LEADER/1] - Command submitted at index 4 term 1
18:45:19.210 [vert.x-eventloop-thread-0] DEBUG d.m.q.c.state.QuorusStateStore [LEADER/1] - Applying command: type=Delete
18:45:19.211 [vert.x-eventloop-thread-0] DEBUG d.m.q.c.state.QuorusStateStore [LEADER/1] - Processing system metadata command: key=phase4.v2.secret-reference.tenant:secret, type=Delete
18:45:19.211 [vert.x-eventloop-thread-0] INFO  d.m.q.c.state.QuorusStateStore [LEADER/1] - Deleted system metadata: key=phase4.v2.secret-reference.tenant:secret, valueRemoved=true
18:45:19.211 [vert.x-eventloop-thread-0] DEBUG d.m.q.c.state.QuorusStateStore [LEADER/1] - Command applied successfully: type=Delete, result=Success
18:45:19.212 [vert.x-eventloop-thread-0] WARN  d.m.q.c.http.GlobalErrorHandler [LEADER/1] - Client error [CONFLICT] at /api/v1/transfers: Service connection secret changed during DNS authorization; retry
18:45:19.216 [vert.x-eventloop-thread-0] INFO  d.m.q.c.r.InMemoryTransportSimulator [LEADER/1] - Stopped in-memory transport for node: dns-167139401467700
18:45:19.216 [vert.x-eventloop-thread-0] INFO  d.m.quorus.controller.raft.RaftNode [LEADER/1] - Raft node stopped: dns-167139401467700
18:45:19.267 [ForkJoinPool-1-worker-1] DEBUG d.m.q.c.state.QuorusStateStore - Initializing default metadata: version=2.0
18:45:19.268 [vert.x-eventloop-thread-0] INFO  d.m.quorus.controller.raft.RaftNode - Starting Raft node: dns-167139910493700
18:45:19.268 [vert.x-eventloop-thread-0] INFO  d.m.quorus.controller.raft.RaftNode [FOLLOWER/0] - No storage configured, running in volatile mode
18:45:19.268 [vert.x-eventloop-thread-0] INFO  d.m.q.c.r.InMemoryTransportSimulator [FOLLOWER/0] - Started in-memory transport for node: dns-167139910493700
18:45:19.268 [vert.x-eventloop-thread-0] INFO  d.m.quorus.controller.raft.RaftNode [FOLLOWER/0] - Raft node dns-167139910493700 started successfully (term=0, logSize=1)
18:45:19.701 [vert.x-eventloop-thread-0] INFO  d.m.quorus.controller.raft.RaftNode [FOLLOWER/0] - Starting election for node: dns-167139910493700
18:45:19.701 [vert.x-eventloop-thread-0] DEBUG d.m.quorus.controller.raft.RaftNode [CANDIDATE/1] - Persisting raft metadata: term=1, votedForPresent=true, votedFor=dns-167139910493700
18:45:19.701 [vert.x-eventloop-thread-0] INFO  d.m.quorus.controller.raft.RaftNode [LEADER/1] - Node dns-167139910493700 became LEADER for term 1
18:45:19.701 [vert.x-eventloop-thread-0] INFO  d.m.quorus.controller.raft.RaftNode [LEADER/1] - Command submitted at index 1 term 1
18:45:19.702 [vert.x-eventloop-thread-0] DEBUG d.m.quorus.controller.raft.RaftNode [LEADER/1] - Committed leader no-op entry for term 1
18:45:19.702 [vert.x-eventloop-thread-0] INFO  d.m.quorus.controller.raft.RaftNode [LEADER/1] - Command submitted at index 2 term 1
18:45:19.702 [vert.x-eventloop-thread-0] DEBUG d.m.q.c.state.QuorusStateStore [LEADER/1] - Applying command: type=Set
18:45:19.702 [vert.x-eventloop-thread-0] DEBUG d.m.q.c.state.QuorusStateStore [LEADER/1] - Processing system metadata command: key=phase4.v2.secret-reference.tenant:secret, type=Set
18:45:19.702 [vert.x-eventloop-thread-0] INFO  d.m.q.c.state.QuorusStateStore [LEADER/1] - Set system metadata: key=phase4.v2.secret-reference.tenant:secret, valuePresent=true, replaced=false
18:45:19.703 [vert.x-eventloop-thread-0] DEBUG d.m.q.c.state.QuorusStateStore [LEADER/1] - Command applied successfully: type=Set, result=Success
18:45:19.703 [vert.x-eventloop-thread-0] INFO  d.m.quorus.controller.raft.RaftNode [LEADER/1] - Command submitted at index 3 term 1
18:45:19.704 [vert.x-eventloop-thread-0] DEBUG d.m.q.c.state.QuorusStateStore [LEADER/1] - Applying command: type=Set
18:45:19.704 [vert.x-eventloop-thread-0] DEBUG d.m.q.c.state.QuorusStateStore [LEADER/1] - Processing system metadata command: key=phase4.v2.service-connection.tenant:connection, type=Set
18:45:19.704 [vert.x-eventloop-thread-0] INFO  d.m.q.c.state.QuorusStateStore [LEADER/1] - Set system metadata: key=phase4.v2.service-connection.tenant:connection, valuePresent=true, replaced=false
18:45:19.704 [vert.x-eventloop-thread-0] DEBUG d.m.q.c.state.QuorusStateStore [LEADER/1] - Command applied successfully: type=Set, result=Success
18:45:19.715 [vert.x-eventloop-thread-0] INFO  d.m.quorus.controller.raft.RaftNode [LEADER/1] - Command submitted at index 4 term 1
18:45:19.716 [vert.x-eventloop-thread-0] DEBUG d.m.q.c.state.QuorusStateStore [LEADER/1] - Applying command: type=Set
18:45:19.716 [vert.x-eventloop-thread-0] DEBUG d.m.q.c.state.QuorusStateStore [LEADER/1] - Processing system metadata command: key=phase4.v2.security-event.tenant:1788605119715.8e05b922-3baa-423c-8aa4-89f9c3a3555f, type=Set
18:45:19.716 [vert.x-eventloop-thread-0] INFO  d.m.q.c.state.QuorusStateStore [LEADER/1] - Set system metadata: key=phase4.v2.security-event.tenant:1788605119715.8e05b922-3baa-423c-8aa4-89f9c3a3555f, valuePresent=true, replaced=false
18:45:19.716 [vert.x-eventloop-thread-0] DEBUG d.m.q.c.state.QuorusStateStore [LEADER/1] - Command applied successfully: type=Set, result=Success
18:45:19.716 [vert.x-eventloop-thread-0] WARN  d.m.q.c.http.GlobalErrorHandler [LEADER/1] - Client error [VALIDATION_ERROR] at /api/v1/service-connections/connection/validate: A resolved endpoint address is outside the approved CIDR policy
18:45:19.719 [vert.x-eventloop-thread-0] INFO  d.m.q.c.r.InMemoryTransportSimulator [LEADER/1] - Stopped in-memory transport for node: dns-167139910493700
18:45:19.720 [vert.x-eventloop-thread-0] INFO  d.m.quorus.controller.raft.RaftNode [LEADER/1] - Raft node stopped: dns-167139910493700
18:45:19.778 [ForkJoinPool-1-worker-1] DEBUG d.m.q.c.state.QuorusStateStore - Initializing default metadata: version=2.0
18:45:19.779 [vert.x-eventloop-thread-0] INFO  d.m.quorus.controller.raft.RaftNode - Starting Raft node: dns-167140420698500
18:45:19.779 [vert.x-eventloop-thread-0] INFO  d.m.quorus.controller.raft.RaftNode [FOLLOWER/0] - No storage configured, running in volatile mode
18:45:19.779 [vert.x-eventloop-thread-0] INFO  d.m.q.c.r.InMemoryTransportSimulator [FOLLOWER/0] - Started in-memory transport for node: dns-167140420698500
18:45:19.779 [vert.x-eventloop-thread-0] INFO  d.m.quorus.controller.raft.RaftNode [FOLLOWER/0] - Raft node dns-167140420698500 started successfully (term=0, logSize=1)
18:45:20.276 [vert.x-eventloop-thread-0] INFO  d.m.quorus.controller.raft.RaftNode [FOLLOWER/0] - Starting election for node: dns-167140420698500
18:45:20.276 [vert.x-eventloop-thread-0] DEBUG d.m.quorus.controller.raft.RaftNode [CANDIDATE/1] - Persisting raft metadata: term=1, votedForPresent=true, votedFor=dns-167140420698500
18:45:20.276 [vert.x-eventloop-thread-0] INFO  d.m.quorus.controller.raft.RaftNode [LEADER/1] - Node dns-167140420698500 became LEADER for term 1
18:45:20.276 [vert.x-eventloop-thread-0] INFO  d.m.quorus.controller.raft.RaftNode [LEADER/1] - Command submitted at index 1 term 1
18:45:20.277 [vert.x-eventloop-thread-0] DEBUG d.m.quorus.controller.raft.RaftNode [LEADER/1] - Committed leader no-op entry for term 1
18:45:20.292 [vert.x-eventloop-thread-0] INFO  d.m.quorus.controller.raft.RaftNode [LEADER/1] - Command submitted at index 2 term 1
18:45:20.293 [vert.x-eventloop-thread-0] DEBUG d.m.q.c.state.QuorusStateStore [LEADER/1] - Applying command: type=Set
18:45:20.294 [vert.x-eventloop-thread-0] DEBUG d.m.q.c.state.QuorusStateStore [LEADER/1] - Processing system metadata command: key=phase4.v2.secret-reference.tenant:secret, type=Set
18:45:20.294 [vert.x-eventloop-thread-0] INFO  d.m.q.c.state.QuorusStateStore [LEADER/1] - Set system metadata: key=phase4.v2.secret-reference.tenant:secret, valuePresent=true, replaced=false
18:45:20.294 [vert.x-eventloop-thread-0] DEBUG d.m.q.c.state.QuorusStateStore [LEADER/1] - Command applied successfully: type=Set, result=Success
18:45:20.295 [vert.x-eventloop-thread-0] INFO  d.m.quorus.controller.raft.RaftNode [LEADER/1] - Command submitted at index 3 term 1
18:45:20.295 [vert.x-eventloop-thread-0] DEBUG d.m.q.c.state.QuorusStateStore [LEADER/1] - Applying command: type=Set
18:45:20.296 [vert.x-eventloop-thread-0] DEBUG d.m.q.c.state.QuorusStateStore [LEADER/1] - Processing system metadata command: key=phase4.v2.service-connection.tenant:connection, type=Set
18:45:20.296 [vert.x-eventloop-thread-0] INFO  d.m.q.c.state.QuorusStateStore [LEADER/1] - Set system metadata: key=phase4.v2.service-connection.tenant:connection, valuePresent=true, replaced=false
18:45:20.296 [vert.x-eventloop-thread-0] DEBUG d.m.q.c.state.QuorusStateStore [LEADER/1] - Command applied successfully: type=Set, result=Success
18:45:20.310 [vert.x-eventloop-thread-0] WARN  d.m.q.c.http.GlobalErrorHandler [LEADER/1] - Client error [VALIDATION_ERROR] at /api/v1/transfers: A resolved endpoint address is outside the approved CIDR policy
18:45:20.313 [vert.x-eventloop-thread-0] INFO  d.m.q.c.r.InMemoryTransportSimulator [LEADER/1] - Stopped in-memory transport for node: dns-167140420698500
18:45:20.313 [vert.x-eventloop-thread-0] INFO  d.m.quorus.controller.raft.RaftNode [LEADER/1] - Raft node stopped: dns-167140420698500
[INFO] Tests run: 15, Failures: 0, Errors: 0, Skipped: 0, Time elapsed: 10.13 s -- in dev.mars.quorus.controller.http.ControllerDnsBoundaryTest
[INFO] Running dev.mars.quorus.controller.http.SecurityBoundaryIntegrationTest
18:45:20.445 [ForkJoinPool-1-worker-1] DEBUG d.m.q.c.state.QuorusStateStore - Initializing default metadata: version=2.0
18:45:20.447 [vert.x-eventloop-thread-0] INFO  d.m.quorus.controller.raft.RaftNode - Starting Raft node: security-boundary-167141088191000
18:45:20.447 [vert.x-eventloop-thread-0] INFO  d.m.quorus.controller.raft.RaftNode [FOLLOWER/0] - No storage configured, running in volatile mode
18:45:20.447 [vert.x-eventloop-thread-0] INFO  d.m.q.c.r.InMemoryTransportSimulator [FOLLOWER/0] - Started in-memory transport for node: security-boundary-167141088191000
18:45:20.447 [vert.x-eventloop-thread-0] INFO  d.m.quorus.controller.raft.RaftNode [FOLLOWER/0] - Raft node security-boundary-167141088191000 started successfully (term=0, logSize=1)
18:45:20.745 [vert.x-eventloop-thread-0] INFO  d.m.quorus.controller.raft.RaftNode [FOLLOWER/0] - Starting election for node: security-boundary-167141088191000
18:45:20.745 [vert.x-eventloop-thread-0] DEBUG d.m.quorus.controller.raft.RaftNode [CANDIDATE/1] - Persisting raft metadata: term=1, votedForPresent=true, votedFor=security-boundary-167141088191000
18:45:20.745 [vert.x-eventloop-thread-0] INFO  d.m.quorus.controller.raft.RaftNode [LEADER/1] - Node security-boundary-167141088191000 became LEADER for term 1
18:45:20.746 [vert.x-eventloop-thread-0] INFO  d.m.quorus.controller.raft.RaftNode [LEADER/1] - Command submitted at index 1 term 1
18:45:20.746 [vert.x-eventloop-thread-0] DEBUG d.m.quorus.controller.raft.RaftNode [LEADER/1] - Committed leader no-op entry for term 1
18:45:20.750 [ForkJoinPool-1-worker-1] INFO  d.m.q.controller.config.AppConfig - Loaded configuration from quorus-controller.properties
18:45:20.751 [ForkJoinPool-1-worker-1] DEBUG d.m.q.controller.config.AppConfig - Optional configuration profile quorus-controller-test.properties not found
18:45:20.751 [ForkJoinPool-1-worker-1] INFO  d.m.q.controller.config.AppConfig - === Quorus Controller Configuration ===
18:45:20.752 [ForkJoinPool-1-worker-1] INFO  d.m.q.controller.config.AppConfig -   Node ID:              test-node
18:45:20.752 [ForkJoinPool-1-worker-1] INFO  d.m.q.controller.config.AppConfig -   HTTP Host:            127.0.0.1
18:45:20.752 [ForkJoinPool-1-worker-1] INFO  d.m.q.controller.config.AppConfig -   HTTP Port:            8080
18:45:20.752 [ForkJoinPool-1-worker-1] INFO  d.m.q.controller.config.AppConfig -   Raft Port:            9080
18:45:20.752 [ForkJoinPool-1-worker-1] INFO  d.m.q.controller.config.AppConfig -   Cluster Nodes:        test-node=localhost:9080
18:45:20.752 [ForkJoinPool-1-worker-1] INFO  d.m.q.controller.config.AppConfig -   Service Name:         quorus-controller
18:45:20.752 [ForkJoinPool-1-worker-1] INFO  d.m.q.controller.config.AppConfig -   Version:              2.0-ext
18:45:20.752 [ForkJoinPool-1-worker-1] INFO  d.m.q.controller.config.AppConfig -   --- Thread Pools ---
18:45:20.752 [ForkJoinPool-1-worker-1] INFO  d.m.q.controller.config.AppConfig -   Raft I/O Pool Size:   10
18:45:20.752 [ForkJoinPool-1-worker-1] INFO  d.m.q.controller.config.AppConfig -   Raft I/O Queue Size:  1000
18:45:20.752 [ForkJoinPool-1-worker-1] INFO  d.m.q.controller.config.AppConfig -   --- Job Assignment ---
18:45:20.752 [ForkJoinPool-1-worker-1] INFO  d.m.q.controller.config.AppConfig -   Initial Delay:        5000ms
18:45:20.752 [ForkJoinPool-1-worker-1] INFO  d.m.q.controller.config.AppConfig -   Assignment Interval:  10000ms
18:45:20.752 [ForkJoinPool-1-worker-1] INFO  d.m.q.controller.config.AppConfig -   Timeout Initial:      30000ms
18:45:20.752 [ForkJoinPool-1-worker-1] INFO  d.m.q.controller.config.AppConfig -   Timeout Interval:     30000ms
18:45:20.752 [ForkJoinPool-1-worker-1] INFO  d.m.q.controller.config.AppConfig -   --- Snapshot ---
18:45:20.752 [ForkJoinPool-1-worker-1] INFO  d.m.q.controller.config.AppConfig -   Enabled:              true
18:45:20.752 [ForkJoinPool-1-worker-1] INFO  d.m.q.controller.config.AppConfig -   Threshold:            10000 entries
18:45:20.752 [ForkJoinPool-1-worker-1] INFO  d.m.q.controller.config.AppConfig -   Check Interval:       60000ms
18:45:20.752 [ForkJoinPool-1-worker-1] INFO  d.m.q.controller.config.AppConfig -   --- Telemetry ---
18:45:20.752 [ForkJoinPool-1-worker-1] INFO  d.m.q.controller.config.AppConfig -   Enabled:              true
18:45:20.752 [ForkJoinPool-1-worker-1] INFO  d.m.q.controller.config.AppConfig -   OTLP Endpoint:        http://localhost:4317
18:45:20.753 [ForkJoinPool-1-worker-1] INFO  d.m.q.controller.config.AppConfig -   Prometheus Port:      9464
18:45:20.753 [ForkJoinPool-1-worker-1] INFO  d.m.q.controller.config.AppConfig -   Transfer Freshness:   60000ms
18:45:20.753 [ForkJoinPool-1-worker-1] INFO  d.m.q.controller.config.AppConfig -   Transfer Stall:       120000ms
18:45:20.753 [ForkJoinPool-1-worker-1] INFO  d.m.q.controller.config.AppConfig - ========================================
18:45:20.902 [vert.x-eventloop-thread-0] INFO  d.m.q.controller.http.HttpApiServer [LEADER/1] - HTTP API Server listening on 127.0.0.1:63250
18:45:21.329 [vert.x-eventloop-thread-0] WARN  d.m.q.c.http.GlobalErrorHandler [LEADER/1] [req-ad957537-fe53-4533-a918-99db457e338d] - Client error [FORBIDDEN] at /api/v1/agents: Required permission is not granted [Q-AUTHZ-SCOPE-MISSING]
18:45:21.338 [vert.x-eventloop-thread-0] INFO  d.m.q.controller.http.HttpApiServer [LEADER/1] - HTTP API Server stopped
18:45:21.339 [vert.x-eventloop-thread-0] INFO  d.m.q.c.r.InMemoryTransportSimulator [LEADER/1] - Stopped in-memory transport for node: security-boundary-167141088191000
18:45:21.339 [vert.x-eventloop-thread-0] INFO  d.m.quorus.controller.raft.RaftNode [LEADER/1] - Raft node stopped: security-boundary-167141088191000
18:45:21.410 [ForkJoinPool-1-worker-1] DEBUG d.m.q.c.state.QuorusStateStore - Initializing default metadata: version=2.0
18:45:21.412 [vert.x-eventloop-thread-0] INFO  d.m.quorus.controller.raft.RaftNode - Starting Raft node: security-boundary-167142053428900
18:45:21.412 [vert.x-eventloop-thread-0] INFO  d.m.quorus.controller.raft.RaftNode [FOLLOWER/0] - No storage configured, running in volatile mode
18:45:21.412 [vert.x-eventloop-thread-0] INFO  d.m.q.c.r.InMemoryTransportSimulator [FOLLOWER/0] - Started in-memory transport for node: security-boundary-167142053428900
18:45:21.413 [vert.x-eventloop-thread-0] INFO  d.m.quorus.controller.raft.RaftNode [FOLLOWER/0] - Raft node security-boundary-167142053428900 started successfully (term=0, logSize=1)
18:45:21.778 [vert.x-eventloop-thread-0] INFO  d.m.quorus.controller.raft.RaftNode [FOLLOWER/0] - Starting election for node: security-boundary-167142053428900
18:45:21.778 [vert.x-eventloop-thread-0] DEBUG d.m.quorus.controller.raft.RaftNode [CANDIDATE/1] - Persisting raft metadata: term=1, votedForPresent=true, votedFor=security-boundary-167142053428900
18:45:21.778 [vert.x-eventloop-thread-0] INFO  d.m.quorus.controller.raft.RaftNode [LEADER/1] - Node security-boundary-167142053428900 became LEADER for term 1
18:45:21.778 [vert.x-eventloop-thread-0] INFO  d.m.quorus.controller.raft.RaftNode [LEADER/1] - Command submitted at index 1 term 1
18:45:21.779 [vert.x-eventloop-thread-0] DEBUG d.m.quorus.controller.raft.RaftNode [LEADER/1] - Committed leader no-op entry for term 1
18:45:21.780 [ForkJoinPool-1-worker-1] INFO  d.m.q.controller.config.AppConfig - Loaded configuration from quorus-controller.properties
18:45:21.780 [ForkJoinPool-1-worker-1] DEBUG d.m.q.controller.config.AppConfig - Optional configuration profile quorus-controller-test.properties not found
18:45:21.780 [ForkJoinPool-1-worker-1] INFO  d.m.q.controller.config.AppConfig - === Quorus Controller Configuration ===
18:45:21.781 [ForkJoinPool-1-worker-1] INFO  d.m.q.controller.config.AppConfig -   Node ID:              test-node
18:45:21.781 [ForkJoinPool-1-worker-1] INFO  d.m.q.controller.config.AppConfig -   HTTP Host:            127.0.0.1
18:45:21.781 [ForkJoinPool-1-worker-1] INFO  d.m.q.controller.config.AppConfig -   HTTP Port:            8080
18:45:21.781 [ForkJoinPool-1-worker-1] INFO  d.m.q.controller.config.AppConfig -   Raft Port:            9080
18:45:21.781 [ForkJoinPool-1-worker-1] INFO  d.m.q.controller.config.AppConfig -   Cluster Nodes:        test-node=localhost:9080
18:45:21.781 [ForkJoinPool-1-worker-1] INFO  d.m.q.controller.config.AppConfig -   Service Name:         quorus-controller
18:45:21.781 [ForkJoinPool-1-worker-1] INFO  d.m.q.controller.config.AppConfig -   Version:              2.0-ext
18:45:21.781 [ForkJoinPool-1-worker-1] INFO  d.m.q.controller.config.AppConfig -   --- Thread Pools ---
18:45:21.781 [ForkJoinPool-1-worker-1] INFO  d.m.q.controller.config.AppConfig -   Raft I/O Pool Size:   10
18:45:21.781 [ForkJoinPool-1-worker-1] INFO  d.m.q.controller.config.AppConfig -   Raft I/O Queue Size:  1000
18:45:21.781 [ForkJoinPool-1-worker-1] INFO  d.m.q.controller.config.AppConfig -   --- Job Assignment ---
18:45:21.781 [ForkJoinPool-1-worker-1] INFO  d.m.q.controller.config.AppConfig -   Initial Delay:        5000ms
18:45:21.781 [ForkJoinPool-1-worker-1] INFO  d.m.q.controller.config.AppConfig -   Assignment Interval:  10000ms
18:45:21.781 [ForkJoinPool-1-worker-1] INFO  d.m.q.controller.config.AppConfig -   Timeout Initial:      30000ms
18:45:21.781 [ForkJoinPool-1-worker-1] INFO  d.m.q.controller.config.AppConfig -   Timeout Interval:     30000ms
18:45:21.781 [ForkJoinPool-1-worker-1] INFO  d.m.q.controller.config.AppConfig -   --- Snapshot ---
18:45:21.781 [ForkJoinPool-1-worker-1] INFO  d.m.q.controller.config.AppConfig -   Enabled:              true
18:45:21.781 [ForkJoinPool-1-worker-1] INFO  d.m.q.controller.config.AppConfig -   Threshold:            10000 entries
18:45:21.781 [ForkJoinPool-1-worker-1] INFO  d.m.q.controller.config.AppConfig -   Check Interval:       60000ms
18:45:21.781 [ForkJoinPool-1-worker-1] INFO  d.m.q.controller.config.AppConfig -   --- Telemetry ---
18:45:21.782 [ForkJoinPool-1-worker-1] INFO  d.m.q.controller.config.AppConfig -   Enabled:              true
18:45:21.782 [ForkJoinPool-1-worker-1] INFO  d.m.q.controller.config.AppConfig -   OTLP Endpoint:        http://localhost:4317
18:45:21.782 [ForkJoinPool-1-worker-1] INFO  d.m.q.controller.config.AppConfig -   Prometheus Port:      9464
18:45:21.782 [ForkJoinPool-1-worker-1] INFO  d.m.q.controller.config.AppConfig -   Transfer Freshness:   60000ms
18:45:21.782 [ForkJoinPool-1-worker-1] INFO  d.m.q.controller.config.AppConfig -   Transfer Stall:       120000ms
18:45:21.782 [ForkJoinPool-1-worker-1] INFO  d.m.q.controller.config.AppConfig - ========================================
18:45:21.827 [vert.x-eventloop-thread-0] INFO  d.m.q.controller.http.HttpApiServer [LEADER/1] - HTTP API Server listening on 127.0.0.1:63252
18:45:21.895 [vert.x-eventloop-thread-0] INFO  d.m.quorus.controller.raft.RaftNode [LEADER/1] [req-23c8c3cb-d369-4695-89c9-1d97243b3681] - Command submitted at index 2 term 1
18:45:21.896 [vert.x-eventloop-thread-0] DEBUG d.m.q.c.state.QuorusStateStore [LEADER/1] [req-23c8c3cb-d369-4695-89c9-1d97243b3681] - Applying command: type=Set
18:45:21.896 [vert.x-eventloop-thread-0] DEBUG d.m.q.c.state.QuorusStateStore [LEADER/1] [req-23c8c3cb-d369-4695-89c9-1d97243b3681] - Processing system metadata command: key=phase4.v2.secret-reference.bank.branch:ledger, type=Set
18:45:21.896 [vert.x-eventloop-thread-0] INFO  d.m.q.c.state.QuorusStateStore [LEADER/1] [req-23c8c3cb-d369-4695-89c9-1d97243b3681] - Set system metadata: key=phase4.v2.secret-reference.bank.branch:ledger, valuePresent=true, replaced=false
18:45:21.896 [vert.x-eventloop-thread-0] DEBUG d.m.q.c.state.QuorusStateStore [LEADER/1] [req-23c8c3cb-d369-4695-89c9-1d97243b3681] - Command applied successfully: type=Set, result=Success
18:45:21.897 [vert.x-eventloop-thread-0] INFO  d.m.quorus.controller.raft.RaftNode [LEADER/1] [req-23c8c3cb-d369-4695-89c9-1d97243b3681] - Command submitted at index 3 term 1
18:45:21.897 [vert.x-eventloop-thread-0] DEBUG d.m.q.c.state.QuorusStateStore [LEADER/1] [req-23c8c3cb-d369-4695-89c9-1d97243b3681] - Applying command: type=Set
18:45:21.897 [vert.x-eventloop-thread-0] DEBUG d.m.q.c.state.QuorusStateStore [LEADER/1] [req-23c8c3cb-d369-4695-89c9-1d97243b3681] - Processing system metadata command: key=phase4.v2.security-event.bank.branch:1788605121896.dfaa1f73-9e55-417d-a35b-83be688ddcc7, type=Set
18:45:21.897 [vert.x-eventloop-thread-0] INFO  d.m.q.c.state.QuorusStateStore [LEADER/1] [req-23c8c3cb-d369-4695-89c9-1d97243b3681] - Set system metadata: key=phase4.v2.security-event.bank.branch:1788605121896.dfaa1f73-9e55-417d-a35b-83be688ddcc7, valuePresent=true, replaced=false
18:45:21.897 [vert.x-eventloop-thread-0] DEBUG d.m.q.c.state.QuorusStateStore [LEADER/1] [req-23c8c3cb-d369-4695-89c9-1d97243b3681] - Command applied successfully: type=Set, result=Success
18:45:21.905 [vert.x-eventloop-thread-0] WARN  d.m.q.c.http.GlobalErrorHandler [LEADER/1] [req-d0342d74-7cc5-4321-ae7c-ad80c760b45b] - Client error [NOT_FOUND] at /api/v1/secret-references/branch.ledger: Secret reference not found
18:45:21.911 [vert.x-eventloop-thread-0] INFO  d.m.q.controller.http.HttpApiServer [LEADER/1] - HTTP API Server stopped
18:45:21.912 [vert.x-eventloop-thread-0] INFO  d.m.q.c.r.InMemoryTransportSimulator [LEADER/1] - Stopped in-memory transport for node: security-boundary-167142053428900
18:45:21.912 [vert.x-eventloop-thread-0] INFO  d.m.quorus.controller.raft.RaftNode [LEADER/1] - Raft node stopped: security-boundary-167142053428900
18:45:21.989 [ForkJoinPool-1-worker-1] DEBUG d.m.q.c.state.QuorusStateStore - Initializing default metadata: version=2.0
18:45:21.990 [vert.x-eventloop-thread-0] INFO  d.m.quorus.controller.raft.RaftNode - Starting Raft node: security-boundary-167142631093000
18:45:21.990 [vert.x-eventloop-thread-0] INFO  d.m.quorus.controller.raft.RaftNode [FOLLOWER/0] - No storage configured, running in volatile mode
18:45:21.990 [vert.x-eventloop-thread-0] INFO  d.m.q.c.r.InMemoryTransportSimulator [FOLLOWER/0] - Started in-memory transport for node: security-boundary-167142631093000
18:45:21.990 [vert.x-eventloop-thread-0] INFO  d.m.quorus.controller.raft.RaftNode [FOLLOWER/0] - Raft node security-boundary-167142631093000 started successfully (term=0, logSize=1)
18:45:22.293 [vert.x-eventloop-thread-0] INFO  d.m.quorus.controller.raft.RaftNode [FOLLOWER/0] - Starting election for node: security-boundary-167142631093000
18:45:22.293 [vert.x-eventloop-thread-0] DEBUG d.m.quorus.controller.raft.RaftNode [CANDIDATE/1] - Persisting raft metadata: term=1, votedForPresent=true, votedFor=security-boundary-167142631093000
18:45:22.293 [vert.x-eventloop-thread-0] INFO  d.m.quorus.controller.raft.RaftNode [LEADER/1] - Node security-boundary-167142631093000 became LEADER for term 1
18:45:22.294 [vert.x-eventloop-thread-0] INFO  d.m.quorus.controller.raft.RaftNode [LEADER/1] - Command submitted at index 1 term 1
18:45:22.294 [vert.x-eventloop-thread-0] DEBUG d.m.quorus.controller.raft.RaftNode [LEADER/1] - Committed leader no-op entry for term 1
18:45:22.294 [ForkJoinPool-1-worker-1] INFO  d.m.q.controller.config.AppConfig - Loaded configuration from quorus-controller.properties
18:45:22.294 [ForkJoinPool-1-worker-1] DEBUG d.m.q.controller.config.AppConfig - Optional configuration profile quorus-controller-test.properties not found
18:45:22.294 [ForkJoinPool-1-worker-1] INFO  d.m.q.controller.config.AppConfig - === Quorus Controller Configuration ===
18:45:22.296 [ForkJoinPool-1-worker-1] INFO  d.m.q.controller.config.AppConfig -   Node ID:              test-node
18:45:22.296 [ForkJoinPool-1-worker-1] INFO  d.m.q.controller.config.AppConfig -   HTTP Host:            127.0.0.1
18:45:22.296 [ForkJoinPool-1-worker-1] INFO  d.m.q.controller.config.AppConfig -   HTTP Port:            8080
18:45:22.296 [ForkJoinPool-1-worker-1] INFO  d.m.q.controller.config.AppConfig -   Raft Port:            9080
18:45:22.296 [ForkJoinPool-1-worker-1] INFO  d.m.q.controller.config.AppConfig -   Cluster Nodes:        test-node=localhost:9080
18:45:22.296 [ForkJoinPool-1-worker-1] INFO  d.m.q.controller.config.AppConfig -   Service Name:         quorus-controller
18:45:22.296 [ForkJoinPool-1-worker-1] INFO  d.m.q.controller.config.AppConfig -   Version:              2.0-ext
18:45:22.296 [ForkJoinPool-1-worker-1] INFO  d.m.q.controller.config.AppConfig -   --- Thread Pools ---
18:45:22.296 [ForkJoinPool-1-worker-1] INFO  d.m.q.controller.config.AppConfig -   Raft I/O Pool Size:   10
18:45:22.296 [ForkJoinPool-1-worker-1] INFO  d.m.q.controller.config.AppConfig -   Raft I/O Queue Size:  1000
18:45:22.296 [ForkJoinPool-1-worker-1] INFO  d.m.q.controller.config.AppConfig -   --- Job Assignment ---
18:45:22.296 [ForkJoinPool-1-worker-1] INFO  d.m.q.controller.config.AppConfig -   Initial Delay:        5000ms
18:45:22.296 [ForkJoinPool-1-worker-1] INFO  d.m.q.controller.config.AppConfig -   Assignment Interval:  10000ms
18:45:22.296 [ForkJoinPool-1-worker-1] INFO  d.m.q.controller.config.AppConfig -   Timeout Initial:      30000ms
18:45:22.296 [ForkJoinPool-1-worker-1] INFO  d.m.q.controller.config.AppConfig -   Timeout Interval:     30000ms
18:45:22.296 [ForkJoinPool-1-worker-1] INFO  d.m.q.controller.config.AppConfig -   --- Snapshot ---
18:45:22.296 [ForkJoinPool-1-worker-1] INFO  d.m.q.controller.config.AppConfig -   Enabled:              true
18:45:22.296 [ForkJoinPool-1-worker-1] INFO  d.m.q.controller.config.AppConfig -   Threshold:            10000 entries
18:45:22.296 [ForkJoinPool-1-worker-1] INFO  d.m.q.controller.config.AppConfig -   Check Interval:       60000ms
18:45:22.296 [ForkJoinPool-1-worker-1] INFO  d.m.q.controller.config.AppConfig -   --- Telemetry ---
18:45:22.296 [ForkJoinPool-1-worker-1] INFO  d.m.q.controller.config.AppConfig -   Enabled:              true
18:45:22.296 [ForkJoinPool-1-worker-1] INFO  d.m.q.controller.config.AppConfig -   OTLP Endpoint:        http://localhost:4317
18:45:22.296 [ForkJoinPool-1-worker-1] INFO  d.m.q.controller.config.AppConfig -   Prometheus Port:      9464
18:45:22.296 [ForkJoinPool-1-worker-1] INFO  d.m.q.controller.config.AppConfig -   Transfer Freshness:   60000ms
18:45:22.296 [ForkJoinPool-1-worker-1] INFO  d.m.q.controller.config.AppConfig -   Transfer Stall:       120000ms
18:45:22.296 [ForkJoinPool-1-worker-1] INFO  d.m.q.controller.config.AppConfig - ========================================
18:45:22.323 [vert.x-eventloop-thread-0] INFO  d.m.q.controller.http.HttpApiServer [LEADER/1] - HTTP API Server listening on 127.0.0.1:63254
18:45:22.379 [vert.x-eventloop-thread-0] INFO  d.m.quorus.controller.raft.RaftNode [LEADER/1] [req-a09e862a-6f30-4e69-be30-ada387fcbd06] - Command submitted at index 2 term 1
18:45:22.379 [vert.x-eventloop-thread-0] DEBUG d.m.q.c.state.QuorusStateStore [LEADER/1] [req-a09e862a-6f30-4e69-be30-ada387fcbd06] - Applying command: type=Set
18:45:22.380 [vert.x-eventloop-thread-0] DEBUG d.m.q.c.state.QuorusStateStore [LEADER/1] [req-a09e862a-6f30-4e69-be30-ada387fcbd06] - Processing system metadata command: key=phase4.v2.secret-reference.bank.branch:ledger, type=Set
18:45:22.380 [vert.x-eventloop-thread-0] INFO  d.m.q.c.state.QuorusStateStore [LEADER/1] [req-a09e862a-6f30-4e69-be30-ada387fcbd06] - Set system metadata: key=phase4.v2.secret-reference.bank.branch:ledger, valuePresent=true, replaced=false
18:45:22.380 [vert.x-eventloop-thread-0] DEBUG d.m.q.c.state.QuorusStateStore [LEADER/1] [req-a09e862a-6f30-4e69-be30-ada387fcbd06] - Command applied successfully: type=Set, result=Success
18:45:22.380 [vert.x-eventloop-thread-0] INFO  d.m.quorus.controller.raft.RaftNode [LEADER/1] [req-a09e862a-6f30-4e69-be30-ada387fcbd06] - Command submitted at index 3 term 1
18:45:22.380 [vert.x-eventloop-thread-0] DEBUG d.m.q.c.state.QuorusStateStore [LEADER/1] [req-a09e862a-6f30-4e69-be30-ada387fcbd06] - Applying command: type=Set
18:45:22.381 [vert.x-eventloop-thread-0] DEBUG d.m.q.c.state.QuorusStateStore [LEADER/1] [req-a09e862a-6f30-4e69-be30-ada387fcbd06] - Processing system metadata command: key=phase4.v2.security-event.bank.branch:1788605122380.b715ce6d-e712-46ce-84c7-9ae6a5658d4c, type=Set
18:45:22.381 [vert.x-eventloop-thread-0] INFO  d.m.q.c.state.QuorusStateStore [LEADER/1] [req-a09e862a-6f30-4e69-be30-ada387fcbd06] - Set system metadata: key=phase4.v2.security-event.bank.branch:1788605122380.b715ce6d-e712-46ce-84c7-9ae6a5658d4c, valuePresent=true, replaced=false
18:45:22.381 [vert.x-eventloop-thread-0] DEBUG d.m.q.c.state.QuorusStateStore [LEADER/1] [req-a09e862a-6f30-4e69-be30-ada387fcbd06] - Command applied successfully: type=Set, result=Success
18:45:22.386 [vert.x-eventloop-thread-0] INFO  d.m.quorus.controller.raft.RaftNode [LEADER/1] [req-ac7dc7ad-5f96-4fae-a0b1-970b8d6c26ec] - Command submitted at index 4 term 1
18:45:22.386 [vert.x-eventloop-thread-0] DEBUG d.m.q.c.state.QuorusStateStore [LEADER/1] [req-ac7dc7ad-5f96-4fae-a0b1-970b8d6c26ec] - Applying command: type=Set
18:45:22.386 [vert.x-eventloop-thread-0] DEBUG d.m.q.c.state.QuorusStateStore [LEADER/1] [req-ac7dc7ad-5f96-4fae-a0b1-970b8d6c26ec] - Processing system metadata command: key=phase4.v2.secret-reference.bank:branch.ledger, type=Set
18:45:22.387 [vert.x-eventloop-thread-0] INFO  d.m.q.c.state.QuorusStateStore [LEADER/1] [req-ac7dc7ad-5f96-4fae-a0b1-970b8d6c26ec] - Set system metadata: key=phase4.v2.secret-reference.bank:branch.ledger, valuePresent=true, replaced=false
18:45:22.387 [vert.x-eventloop-thread-0] DEBUG d.m.q.c.state.QuorusStateStore [LEADER/1] [req-ac7dc7ad-5f96-4fae-a0b1-970b8d6c26ec] - Command applied successfully: type=Set, result=Success
18:45:22.387 [vert.x-eventloop-thread-0] INFO  d.m.quorus.controller.raft.RaftNode [LEADER/1] [req-ac7dc7ad-5f96-4fae-a0b1-970b8d6c26ec] - Command submitted at index 5 term 1
18:45:22.387 [vert.x-eventloop-thread-0] DEBUG d.m.q.c.state.QuorusStateStore [LEADER/1] [req-ac7dc7ad-5f96-4fae-a0b1-970b8d6c26ec] - Applying command: type=Set
18:45:22.387 [vert.x-eventloop-thread-0] DEBUG d.m.q.c.state.QuorusStateStore [LEADER/1] [req-ac7dc7ad-5f96-4fae-a0b1-970b8d6c26ec] - Processing system metadata command: key=phase4.v2.security-event.bank:1788605122387.b393c494-5315-43a1-92a8-868a010d3273, type=Set
18:45:22.388 [vert.x-eventloop-thread-0] INFO  d.m.q.c.state.QuorusStateStore [LEADER/1] [req-ac7dc7ad-5f96-4fae-a0b1-970b8d6c26ec] - Set system metadata: key=phase4.v2.security-event.bank:1788605122387.b393c494-5315-43a1-92a8-868a010d3273, valuePresent=true, replaced=false
18:45:22.388 [vert.x-eventloop-thread-0] DEBUG d.m.q.c.state.QuorusStateStore [LEADER/1] [req-ac7dc7ad-5f96-4fae-a0b1-970b8d6c26ec] - Command applied successfully: type=Set, result=Success
18:45:22.395 [vert.x-eventloop-thread-0] INFO  d.m.q.controller.http.HttpApiServer [LEADER/1] - HTTP API Server stopped
18:45:22.396 [vert.x-eventloop-thread-0] INFO  d.m.q.c.r.InMemoryTransportSimulator [LEADER/1] - Stopped in-memory transport for node: security-boundary-167142631093000
18:45:22.396 [vert.x-eventloop-thread-0] INFO  d.m.quorus.controller.raft.RaftNode [LEADER/1] - Raft node stopped: security-boundary-167142631093000
18:45:22.477 [ForkJoinPool-1-worker-1] DEBUG d.m.q.c.state.QuorusStateStore - Initializing default metadata: version=2.0
18:45:22.478 [vert.x-eventloop-thread-0] INFO  d.m.quorus.controller.raft.RaftNode - Starting Raft node: security-boundary-167143120372200
18:45:22.479 [vert.x-eventloop-thread-0] INFO  d.m.quorus.controller.raft.RaftNode [FOLLOWER/0] - No storage configured, running in volatile mode
18:45:22.479 [vert.x-eventloop-thread-0] INFO  d.m.q.c.r.InMemoryTransportSimulator [FOLLOWER/0] - Started in-memory transport for node: security-boundary-167143120372200
18:45:22.479 [vert.x-eventloop-thread-0] INFO  d.m.quorus.controller.raft.RaftNode [FOLLOWER/0] - Raft node security-boundary-167143120372200 started successfully (term=0, logSize=1)
18:45:22.933 [vert.x-eventloop-thread-0] INFO  d.m.quorus.controller.raft.RaftNode [FOLLOWER/0] - Starting election for node: security-boundary-167143120372200
18:45:22.933 [vert.x-eventloop-thread-0] DEBUG d.m.quorus.controller.raft.RaftNode [CANDIDATE/1] - Persisting raft metadata: term=1, votedForPresent=true, votedFor=security-boundary-167143120372200
18:45:22.933 [vert.x-eventloop-thread-0] INFO  d.m.quorus.controller.raft.RaftNode [LEADER/1] - Node security-boundary-167143120372200 became LEADER for term 1
18:45:22.933 [vert.x-eventloop-thread-0] INFO  d.m.quorus.controller.raft.RaftNode [LEADER/1] - Command submitted at index 1 term 1
18:45:22.933 [vert.x-eventloop-thread-0] DEBUG d.m.quorus.controller.raft.RaftNode [LEADER/1] - Committed leader no-op entry for term 1
18:45:22.934 [ForkJoinPool-1-worker-1] INFO  d.m.q.controller.config.AppConfig - Loaded configuration from quorus-controller.properties
18:45:22.934 [ForkJoinPool-1-worker-1] DEBUG d.m.q.controller.config.AppConfig - Optional configuration profile quorus-controller-test.properties not found
18:45:22.935 [ForkJoinPool-1-worker-1] INFO  d.m.q.controller.config.AppConfig - === Quorus Controller Configuration ===
18:45:22.935 [ForkJoinPool-1-worker-1] INFO  d.m.q.controller.config.AppConfig -   Node ID:              test-node
18:45:22.935 [ForkJoinPool-1-worker-1] INFO  d.m.q.controller.config.AppConfig -   HTTP Host:            127.0.0.1
18:45:22.935 [ForkJoinPool-1-worker-1] INFO  d.m.q.controller.config.AppConfig -   HTTP Port:            8080
18:45:22.935 [ForkJoinPool-1-worker-1] INFO  d.m.q.controller.config.AppConfig -   Raft Port:            9080
18:45:22.935 [ForkJoinPool-1-worker-1] INFO  d.m.q.controller.config.AppConfig -   Cluster Nodes:        test-node=localhost:9080
18:45:22.935 [ForkJoinPool-1-worker-1] INFO  d.m.q.controller.config.AppConfig -   Service Name:         quorus-controller
18:45:22.935 [ForkJoinPool-1-worker-1] INFO  d.m.q.controller.config.AppConfig -   Version:              2.0-ext
18:45:22.935 [ForkJoinPool-1-worker-1] INFO  d.m.q.controller.config.AppConfig -   --- Thread Pools ---
18:45:22.935 [ForkJoinPool-1-worker-1] INFO  d.m.q.controller.config.AppConfig -   Raft I/O Pool Size:   10
18:45:22.935 [ForkJoinPool-1-worker-1] INFO  d.m.q.controller.config.AppConfig -   Raft I/O Queue Size:  1000
18:45:22.935 [ForkJoinPool-1-worker-1] INFO  d.m.q.controller.config.AppConfig -   --- Job Assignment ---
18:45:22.935 [ForkJoinPool-1-worker-1] INFO  d.m.q.controller.config.AppConfig -   Initial Delay:        5000ms
18:45:22.935 [ForkJoinPool-1-worker-1] INFO  d.m.q.controller.config.AppConfig -   Assignment Interval:  10000ms
18:45:22.935 [ForkJoinPool-1-worker-1] INFO  d.m.q.controller.config.AppConfig -   Timeout Initial:      30000ms
18:45:22.935 [ForkJoinPool-1-worker-1] INFO  d.m.q.controller.config.AppConfig -   Timeout Interval:     30000ms
18:45:22.935 [ForkJoinPool-1-worker-1] INFO  d.m.q.controller.config.AppConfig -   --- Snapshot ---
18:45:22.936 [ForkJoinPool-1-worker-1] INFO  d.m.q.controller.config.AppConfig -   Enabled:              true
18:45:22.936 [ForkJoinPool-1-worker-1] INFO  d.m.q.controller.config.AppConfig -   Threshold:            10000 entries
18:45:22.936 [ForkJoinPool-1-worker-1] INFO  d.m.q.controller.config.AppConfig -   Check Interval:       60000ms
18:45:22.936 [ForkJoinPool-1-worker-1] INFO  d.m.q.controller.config.AppConfig -   --- Telemetry ---
18:45:22.936 [ForkJoinPool-1-worker-1] INFO  d.m.q.controller.config.AppConfig -   Enabled:              true
18:45:22.936 [ForkJoinPool-1-worker-1] INFO  d.m.q.controller.config.AppConfig -   OTLP Endpoint:        http://localhost:4317
18:45:22.936 [ForkJoinPool-1-worker-1] INFO  d.m.q.controller.config.AppConfig -   Prometheus Port:      9464
18:45:22.936 [ForkJoinPool-1-worker-1] INFO  d.m.q.controller.config.AppConfig -   Transfer Freshness:   60000ms
18:45:22.936 [ForkJoinPool-1-worker-1] INFO  d.m.q.controller.config.AppConfig -   Transfer Stall:       120000ms
18:45:22.936 [ForkJoinPool-1-worker-1] INFO  d.m.q.controller.config.AppConfig - ========================================
18:45:22.961 [vert.x-eventloop-thread-0] INFO  d.m.q.controller.http.HttpApiServer [LEADER/1] - HTTP API Server listening on 127.0.0.1:63257
18:45:23.016 [vert.x-eventloop-thread-0] INFO  d.m.quorus.controller.raft.RaftNode [LEADER/1] [req-07e820b5-e4a8-44f3-87e7-d5d723faea5b] - Command submitted at index 2 term 1
18:45:23.017 [vert.x-eventloop-thread-0] DEBUG d.m.q.c.state.QuorusStateStore [LEADER/1] [req-07e820b5-e4a8-44f3-87e7-d5d723faea5b] - Applying command: type=Set
18:45:23.017 [vert.x-eventloop-thread-0] DEBUG d.m.q.c.state.QuorusStateStore [LEADER/1] [req-07e820b5-e4a8-44f3-87e7-d5d723faea5b] - Processing system metadata command: key=phase4.v2.secret-reference.bank.branch:ledger, type=Set
18:45:23.017 [vert.x-eventloop-thread-0] INFO  d.m.q.c.state.QuorusStateStore [LEADER/1] [req-07e820b5-e4a8-44f3-87e7-d5d723faea5b] - Set system metadata: key=phase4.v2.secret-reference.bank.branch:ledger, valuePresent=true, replaced=false
18:45:23.017 [vert.x-eventloop-thread-0] DEBUG d.m.q.c.state.QuorusStateStore [LEADER/1] [req-07e820b5-e4a8-44f3-87e7-d5d723faea5b] - Command applied successfully: type=Set, result=Success
18:45:23.017 [vert.x-eventloop-thread-0] INFO  d.m.quorus.controller.raft.RaftNode [LEADER/1] [req-07e820b5-e4a8-44f3-87e7-d5d723faea5b] - Command submitted at index 3 term 1
18:45:23.017 [vert.x-eventloop-thread-0] DEBUG d.m.q.c.state.QuorusStateStore [LEADER/1] [req-07e820b5-e4a8-44f3-87e7-d5d723faea5b] - Applying command: type=Set
18:45:23.018 [vert.x-eventloop-thread-0] DEBUG d.m.q.c.state.QuorusStateStore [LEADER/1] [req-07e820b5-e4a8-44f3-87e7-d5d723faea5b] - Processing system metadata command: key=phase4.v2.security-event.bank.branch:1788605123017.4c094b8f-ca74-429c-b1df-308f2b8dc861, type=Set
18:45:23.018 [vert.x-eventloop-thread-0] INFO  d.m.q.c.state.QuorusStateStore [LEADER/1] [req-07e820b5-e4a8-44f3-87e7-d5d723faea5b] - Set system metadata: key=phase4.v2.security-event.bank.branch:1788605123017.4c094b8f-ca74-429c-b1df-308f2b8dc861, valuePresent=true, replaced=false
18:45:23.018 [vert.x-eventloop-thread-0] DEBUG d.m.q.c.state.QuorusStateStore [LEADER/1] [req-07e820b5-e4a8-44f3-87e7-d5d723faea5b] - Command applied successfully: type=Set, result=Success
18:45:23.033 [vert.x-eventloop-thread-0] INFO  d.m.q.controller.http.HttpApiServer [LEADER/1] - HTTP API Server stopped
18:45:23.033 [vert.x-eventloop-thread-0] INFO  d.m.q.c.r.InMemoryTransportSimulator [LEADER/1] - Stopped in-memory transport for node: security-boundary-167143120372200
18:45:23.034 [vert.x-eventloop-thread-0] INFO  d.m.quorus.controller.raft.RaftNode [LEADER/1] - Raft node stopped: security-boundary-167143120372200
18:45:23.110 [ForkJoinPool-1-worker-1] DEBUG d.m.q.c.state.QuorusStateStore - Initializing default metadata: version=2.0
18:45:23.111 [vert.x-eventloop-thread-0] INFO  d.m.quorus.controller.raft.RaftNode - Starting Raft node: security-boundary-167143752647200
18:45:23.112 [vert.x-eventloop-thread-0] INFO  d.m.quorus.controller.raft.RaftNode [FOLLOWER/0] - No storage configured, running in volatile mode
18:45:23.112 [vert.x-eventloop-thread-0] INFO  d.m.q.c.r.InMemoryTransportSimulator [FOLLOWER/0] - Started in-memory transport for node: security-boundary-167143752647200
18:45:23.112 [vert.x-eventloop-thread-0] INFO  d.m.quorus.controller.raft.RaftNode [FOLLOWER/0] - Raft node security-boundary-167143752647200 started successfully (term=0, logSize=1)
18:45:23.556 [vert.x-eventloop-thread-0] INFO  d.m.quorus.controller.raft.RaftNode [FOLLOWER/0] - Starting election for node: security-boundary-167143752647200
18:45:23.556 [vert.x-eventloop-thread-0] DEBUG d.m.quorus.controller.raft.RaftNode [CANDIDATE/1] - Persisting raft metadata: term=1, votedForPresent=true, votedFor=security-boundary-167143752647200
18:45:23.556 [vert.x-eventloop-thread-0] INFO  d.m.quorus.controller.raft.RaftNode [LEADER/1] - Node security-boundary-167143752647200 became LEADER for term 1
18:45:23.556 [vert.x-eventloop-thread-0] INFO  d.m.quorus.controller.raft.RaftNode [LEADER/1] - Command submitted at index 1 term 1
18:45:23.556 [vert.x-eventloop-thread-0] DEBUG d.m.quorus.controller.raft.RaftNode [LEADER/1] - Committed leader no-op entry for term 1
18:45:23.557 [ForkJoinPool-1-worker-1] INFO  d.m.q.controller.config.AppConfig - Loaded configuration from quorus-controller.properties
18:45:23.557 [ForkJoinPool-1-worker-1] DEBUG d.m.q.controller.config.AppConfig - Optional configuration profile quorus-controller-test.properties not found
18:45:23.557 [ForkJoinPool-1-worker-1] INFO  d.m.q.controller.config.AppConfig - === Quorus Controller Configuration ===
18:45:23.557 [ForkJoinPool-1-worker-1] INFO  d.m.q.controller.config.AppConfig -   Node ID:              test-node
18:45:23.557 [ForkJoinPool-1-worker-1] INFO  d.m.q.controller.config.AppConfig -   HTTP Host:            127.0.0.1
18:45:23.557 [ForkJoinPool-1-worker-1] INFO  d.m.q.controller.config.AppConfig -   HTTP Port:            8080
18:45:23.557 [ForkJoinPool-1-worker-1] INFO  d.m.q.controller.config.AppConfig -   Raft Port:            9080
18:45:23.557 [ForkJoinPool-1-worker-1] INFO  d.m.q.controller.config.AppConfig -   Cluster Nodes:        test-node=localhost:9080
18:45:23.557 [ForkJoinPool-1-worker-1] INFO  d.m.q.controller.config.AppConfig -   Service Name:         quorus-controller
18:45:23.557 [ForkJoinPool-1-worker-1] INFO  d.m.q.controller.config.AppConfig -   Version:              2.0-ext
18:45:23.557 [ForkJoinPool-1-worker-1] INFO  d.m.q.controller.config.AppConfig -   --- Thread Pools ---
18:45:23.557 [ForkJoinPool-1-worker-1] INFO  d.m.q.controller.config.AppConfig -   Raft I/O Pool Size:   10
18:45:23.557 [ForkJoinPool-1-worker-1] INFO  d.m.q.controller.config.AppConfig -   Raft I/O Queue Size:  1000
18:45:23.557 [ForkJoinPool-1-worker-1] INFO  d.m.q.controller.config.AppConfig -   --- Job Assignment ---
18:45:23.557 [ForkJoinPool-1-worker-1] INFO  d.m.q.controller.config.AppConfig -   Initial Delay:        5000ms
18:45:23.557 [ForkJoinPool-1-worker-1] INFO  d.m.q.controller.config.AppConfig -   Assignment Interval:  10000ms
18:45:23.557 [ForkJoinPool-1-worker-1] INFO  d.m.q.controller.config.AppConfig -   Timeout Initial:      30000ms
18:45:23.557 [ForkJoinPool-1-worker-1] INFO  d.m.q.controller.config.AppConfig -   Timeout Interval:     30000ms
18:45:23.557 [ForkJoinPool-1-worker-1] INFO  d.m.q.controller.config.AppConfig -   --- Snapshot ---
18:45:23.557 [ForkJoinPool-1-worker-1] INFO  d.m.q.controller.config.AppConfig -   Enabled:              true
18:45:23.557 [ForkJoinPool-1-worker-1] INFO  d.m.q.controller.config.AppConfig -   Threshold:            10000 entries
18:45:23.557 [ForkJoinPool-1-worker-1] INFO  d.m.q.controller.config.AppConfig -   Check Interval:       60000ms
18:45:23.557 [ForkJoinPool-1-worker-1] INFO  d.m.q.controller.config.AppConfig -   --- Telemetry ---
18:45:23.557 [ForkJoinPool-1-worker-1] INFO  d.m.q.controller.config.AppConfig -   Enabled:              true
18:45:23.557 [ForkJoinPool-1-worker-1] INFO  d.m.q.controller.config.AppConfig -   OTLP Endpoint:        http://localhost:4317
18:45:23.557 [ForkJoinPool-1-worker-1] INFO  d.m.q.controller.config.AppConfig -   Prometheus Port:      9464
18:45:23.557 [ForkJoinPool-1-worker-1] INFO  d.m.q.controller.config.AppConfig -   Transfer Freshness:   60000ms
18:45:23.557 [ForkJoinPool-1-worker-1] INFO  d.m.q.controller.config.AppConfig -   Transfer Stall:       120000ms
18:45:23.557 [ForkJoinPool-1-worker-1] INFO  d.m.q.controller.config.AppConfig - ========================================
18:45:23.581 [vert.x-eventloop-thread-0] INFO  d.m.q.controller.http.HttpApiServer [LEADER/1] - HTTP API Server listening on 127.0.0.1:63260
18:45:23.638 [vert.x-eventloop-thread-0] INFO  d.m.quorus.controller.raft.RaftNode [LEADER/1] [req-9a5f862a-81ef-4626-8ad6-cb3417478b60] - Command submitted at index 2 term 1
18:45:23.638 [vert.x-eventloop-thread-0] DEBUG d.m.q.c.state.QuorusStateStore [LEADER/1] [req-9a5f862a-81ef-4626-8ad6-cb3417478b60] - Applying command: type=Set
18:45:23.638 [vert.x-eventloop-thread-0] DEBUG d.m.q.c.state.QuorusStateStore [LEADER/1] [req-9a5f862a-81ef-4626-8ad6-cb3417478b60] - Processing system metadata command: key=phase4.v2.secret-reference.bank.branch:ledger, type=Set
18:45:23.639 [vert.x-eventloop-thread-0] INFO  d.m.q.c.state.QuorusStateStore [LEADER/1] [req-9a5f862a-81ef-4626-8ad6-cb3417478b60] - Set system metadata: key=phase4.v2.secret-reference.bank.branch:ledger, valuePresent=true, replaced=false
18:45:23.639 [vert.x-eventloop-thread-0] DEBUG d.m.q.c.state.QuorusStateStore [LEADER/1] [req-9a5f862a-81ef-4626-8ad6-cb3417478b60] - Command applied successfully: type=Set, result=Success
18:45:23.639 [vert.x-eventloop-thread-0] INFO  d.m.quorus.controller.raft.RaftNode [LEADER/1] [req-9a5f862a-81ef-4626-8ad6-cb3417478b60] - Command submitted at index 3 term 1
18:45:23.639 [vert.x-eventloop-thread-0] DEBUG d.m.q.c.state.QuorusStateStore [LEADER/1] [req-9a5f862a-81ef-4626-8ad6-cb3417478b60] - Applying command: type=Set
18:45:23.640 [vert.x-eventloop-thread-0] DEBUG d.m.q.c.state.QuorusStateStore [LEADER/1] [req-9a5f862a-81ef-4626-8ad6-cb3417478b60] - Processing system metadata command: key=phase4.v2.security-event.bank.branch:1788605123639.0a4c4354-5b8f-483d-9ad5-6d50e5f5edff, type=Set
18:45:23.640 [vert.x-eventloop-thread-0] INFO  d.m.q.c.state.QuorusStateStore [LEADER/1] [req-9a5f862a-81ef-4626-8ad6-cb3417478b60] - Set system metadata: key=phase4.v2.security-event.bank.branch:1788605123639.0a4c4354-5b8f-483d-9ad5-6d50e5f5edff, valuePresent=true, replaced=false
18:45:23.640 [vert.x-eventloop-thread-0] DEBUG d.m.q.c.state.QuorusStateStore [LEADER/1] [req-9a5f862a-81ef-4626-8ad6-cb3417478b60] - Command applied successfully: type=Set, result=Success
18:45:23.647 [vert.x-eventloop-thread-0] WARN  d.m.q.c.http.GlobalErrorHandler [LEADER/1] [req-26599351-13ce-41d5-bbe2-d26d56ffc1e5] - Client error [NOT_FOUND] at /api/v1/secret-references/branch.ledger: Secret reference not found
18:45:23.652 [vert.x-eventloop-thread-0] INFO  d.m.q.controller.http.HttpApiServer [LEADER/1] - HTTP API Server stopped
18:45:23.652 [vert.x-eventloop-thread-0] INFO  d.m.q.c.r.InMemoryTransportSimulator [LEADER/1] - Stopped in-memory transport for node: security-boundary-167143752647200
18:45:23.653 [vert.x-eventloop-thread-0] INFO  d.m.quorus.controller.raft.RaftNode [LEADER/1] - Raft node stopped: security-boundary-167143752647200
18:45:23.737 [ForkJoinPool-1-worker-1] DEBUG d.m.q.c.state.QuorusStateStore - Initializing default metadata: version=2.0
18:45:23.738 [vert.x-eventloop-thread-0] INFO  d.m.quorus.controller.raft.RaftNode - Starting Raft node: security-boundary-167144380296100
18:45:23.738 [vert.x-eventloop-thread-0] INFO  d.m.quorus.controller.raft.RaftNode [FOLLOWER/0] - No storage configured, running in volatile mode
18:45:23.738 [vert.x-eventloop-thread-0] INFO  d.m.q.c.r.InMemoryTransportSimulator [FOLLOWER/0] - Started in-memory transport for node: security-boundary-167144380296100
18:45:23.739 [vert.x-eventloop-thread-0] INFO  d.m.quorus.controller.raft.RaftNode [FOLLOWER/0] - Raft node security-boundary-167144380296100 started successfully (term=0, logSize=1)
18:45:24.006 [vert.x-eventloop-thread-0] INFO  d.m.quorus.controller.raft.RaftNode [FOLLOWER/0] - Starting election for node: security-boundary-167144380296100
18:45:24.006 [vert.x-eventloop-thread-0] DEBUG d.m.quorus.controller.raft.RaftNode [CANDIDATE/1] - Persisting raft metadata: term=1, votedForPresent=true, votedFor=security-boundary-167144380296100
18:45:24.007 [vert.x-eventloop-thread-0] INFO  d.m.quorus.controller.raft.RaftNode [LEADER/1] - Node security-boundary-167144380296100 became LEADER for term 1
18:45:24.007 [vert.x-eventloop-thread-0] INFO  d.m.quorus.controller.raft.RaftNode [LEADER/1] - Command submitted at index 1 term 1
18:45:24.007 [vert.x-eventloop-thread-0] DEBUG d.m.quorus.controller.raft.RaftNode [LEADER/1] - Committed leader no-op entry for term 1
18:45:24.007 [ForkJoinPool-1-worker-1] INFO  d.m.q.controller.config.AppConfig - Loaded configuration from quorus-controller.properties
18:45:24.008 [ForkJoinPool-1-worker-1] DEBUG d.m.q.controller.config.AppConfig - Optional configuration profile quorus-controller-test.properties not found
18:45:24.008 [ForkJoinPool-1-worker-1] INFO  d.m.q.controller.config.AppConfig - === Quorus Controller Configuration ===
18:45:24.008 [ForkJoinPool-1-worker-1] INFO  d.m.q.controller.config.AppConfig -   Node ID:              test-node
18:45:24.008 [ForkJoinPool-1-worker-1] INFO  d.m.q.controller.config.AppConfig -   HTTP Host:            127.0.0.1
18:45:24.008 [ForkJoinPool-1-worker-1] INFO  d.m.q.controller.config.AppConfig -   HTTP Port:            8080
18:45:24.008 [ForkJoinPool-1-worker-1] INFO  d.m.q.controller.config.AppConfig -   Raft Port:            9080
18:45:24.008 [ForkJoinPool-1-worker-1] INFO  d.m.q.controller.config.AppConfig -   Cluster Nodes:        test-node=localhost:9080
18:45:24.008 [ForkJoinPool-1-worker-1] INFO  d.m.q.controller.config.AppConfig -   Service Name:         quorus-controller
18:45:24.008 [ForkJoinPool-1-worker-1] INFO  d.m.q.controller.config.AppConfig -   Version:              2.0-ext
18:45:24.008 [ForkJoinPool-1-worker-1] INFO  d.m.q.controller.config.AppConfig -   --- Thread Pools ---
18:45:24.008 [ForkJoinPool-1-worker-1] INFO  d.m.q.controller.config.AppConfig -   Raft I/O Pool Size:   10
18:45:24.008 [ForkJoinPool-1-worker-1] INFO  d.m.q.controller.config.AppConfig -   Raft I/O Queue Size:  1000
18:45:24.008 [ForkJoinPool-1-worker-1] INFO  d.m.q.controller.config.AppConfig -   --- Job Assignment ---
18:45:24.008 [ForkJoinPool-1-worker-1] INFO  d.m.q.controller.config.AppConfig -   Initial Delay:        5000ms
18:45:24.008 [ForkJoinPool-1-worker-1] INFO  d.m.q.controller.config.AppConfig -   Assignment Interval:  10000ms
18:45:24.008 [ForkJoinPool-1-worker-1] INFO  d.m.q.controller.config.AppConfig -   Timeout Initial:      30000ms
18:45:24.008 [ForkJoinPool-1-worker-1] INFO  d.m.q.controller.config.AppConfig -   Timeout Interval:     30000ms
18:45:24.008 [ForkJoinPool-1-worker-1] INFO  d.m.q.controller.config.AppConfig -   --- Snapshot ---
18:45:24.009 [ForkJoinPool-1-worker-1] INFO  d.m.q.controller.config.AppConfig -   Enabled:              true
18:45:24.009 [ForkJoinPool-1-worker-1] INFO  d.m.q.controller.config.AppConfig -   Threshold:            10000 entries
18:45:24.009 [ForkJoinPool-1-worker-1] INFO  d.m.q.controller.config.AppConfig -   Check Interval:       60000ms
18:45:24.009 [ForkJoinPool-1-worker-1] INFO  d.m.q.controller.config.AppConfig -   --- Telemetry ---
18:45:24.009 [ForkJoinPool-1-worker-1] INFO  d.m.q.controller.config.AppConfig -   Enabled:              true
18:45:24.009 [ForkJoinPool-1-worker-1] INFO  d.m.q.controller.config.AppConfig -   OTLP Endpoint:        http://localhost:4317
18:45:24.009 [ForkJoinPool-1-worker-1] INFO  d.m.q.controller.config.AppConfig -   Prometheus Port:      9464
18:45:24.009 [ForkJoinPool-1-worker-1] INFO  d.m.q.controller.config.AppConfig -   Transfer Freshness:   60000ms
18:45:24.009 [ForkJoinPool-1-worker-1] INFO  d.m.q.controller.config.AppConfig -   Transfer Stall:       120000ms
18:45:24.009 [ForkJoinPool-1-worker-1] INFO  d.m.q.controller.config.AppConfig - ========================================
18:45:24.036 [vert.x-eventloop-thread-0] INFO  d.m.q.controller.http.HttpApiServer [LEADER/1] - HTTP API Server listening on 127.0.0.1:63262
18:45:24.091 [vert.x-eventloop-thread-0] INFO  d.m.quorus.controller.raft.RaftNode [LEADER/1] [req-ea717bd3-7249-4cbf-b5f3-cc02bc827439] - Command submitted at index 2 term 1
18:45:24.091 [vert.x-eventloop-thread-0] DEBUG d.m.q.c.state.QuorusStateStore [LEADER/1] [req-ea717bd3-7249-4cbf-b5f3-cc02bc827439] - Applying command: type=Set
18:45:24.092 [vert.x-eventloop-thread-0] DEBUG d.m.q.c.state.QuorusStateStore [LEADER/1] [req-ea717bd3-7249-4cbf-b5f3-cc02bc827439] - Processing system metadata command: key=phase4.v2.secret-reference.bank.branch:ledger, type=Set
18:45:24.092 [vert.x-eventloop-thread-0] INFO  d.m.q.c.state.QuorusStateStore [LEADER/1] [req-ea717bd3-7249-4cbf-b5f3-cc02bc827439] - Set system metadata: key=phase4.v2.secret-reference.bank.branch:ledger, valuePresent=true, replaced=false
18:45:24.092 [vert.x-eventloop-thread-0] DEBUG d.m.q.c.state.QuorusStateStore [LEADER/1] [req-ea717bd3-7249-4cbf-b5f3-cc02bc827439] - Command applied successfully: type=Set, result=Success
18:45:24.092 [vert.x-eventloop-thread-0] INFO  d.m.quorus.controller.raft.RaftNode [LEADER/1] [req-ea717bd3-7249-4cbf-b5f3-cc02bc827439] - Command submitted at index 3 term 1
18:45:24.092 [vert.x-eventloop-thread-0] DEBUG d.m.q.c.state.QuorusStateStore [LEADER/1] [req-ea717bd3-7249-4cbf-b5f3-cc02bc827439] - Applying command: type=Set
18:45:24.092 [vert.x-eventloop-thread-0] DEBUG d.m.q.c.state.QuorusStateStore [LEADER/1] [req-ea717bd3-7249-4cbf-b5f3-cc02bc827439] - Processing system metadata command: key=phase4.v2.security-event.bank.branch:1788605124092.8424c8fe-4be9-4010-a17e-2e9e75883f36, type=Set
18:45:24.092 [vert.x-eventloop-thread-0] INFO  d.m.q.c.state.QuorusStateStore [LEADER/1] [req-ea717bd3-7249-4cbf-b5f3-cc02bc827439] - Set system metadata: key=phase4.v2.security-event.bank.branch:1788605124092.8424c8fe-4be9-4010-a17e-2e9e75883f36, valuePresent=true, replaced=false
18:45:24.092 [vert.x-eventloop-thread-0] DEBUG d.m.q.c.state.QuorusStateStore [LEADER/1] [req-ea717bd3-7249-4cbf-b5f3-cc02bc827439] - Command applied successfully: type=Set, result=Success
18:45:24.100 [vert.x-eventloop-thread-0] WARN  d.m.q.c.http.GlobalErrorHandler [LEADER/1] [req-2e8b5266-250f-426a-b98b-8a0487f46bac] - Client error [NOT_FOUND] at /api/v1/secret-references/branch.ledger: Secret reference not found
18:45:24.105 [vert.x-eventloop-thread-0] INFO  d.m.q.controller.http.HttpApiServer [LEADER/1] - HTTP API Server stopped
18:45:24.105 [vert.x-eventloop-thread-0] INFO  d.m.q.c.r.InMemoryTransportSimulator [LEADER/1] - Stopped in-memory transport for node: security-boundary-167144380296100
18:45:24.105 [vert.x-eventloop-thread-0] INFO  d.m.quorus.controller.raft.RaftNode [LEADER/1] - Raft node stopped: security-boundary-167144380296100
18:45:24.205 [ForkJoinPool-1-worker-1] DEBUG d.m.q.c.state.QuorusStateStore - Initializing default metadata: version=2.0
18:45:24.207 [vert.x-eventloop-thread-0] INFO  d.m.quorus.controller.raft.RaftNode - Starting Raft node: security-boundary-167144848350400
18:45:24.207 [vert.x-eventloop-thread-0] INFO  d.m.quorus.controller.raft.RaftNode [FOLLOWER/0] - No storage configured, running in volatile mode
18:45:24.207 [vert.x-eventloop-thread-0] INFO  d.m.q.c.r.InMemoryTransportSimulator [FOLLOWER/0] - Started in-memory transport for node: security-boundary-167144848350400
18:45:24.207 [vert.x-eventloop-thread-0] INFO  d.m.quorus.controller.raft.RaftNode [FOLLOWER/0] - Raft node security-boundary-167144848350400 started successfully (term=0, logSize=1)
18:45:24.519 [vert.x-eventloop-thread-0] INFO  d.m.quorus.controller.raft.RaftNode [FOLLOWER/0] - Starting election for node: security-boundary-167144848350400
18:45:24.519 [vert.x-eventloop-thread-0] DEBUG d.m.quorus.controller.raft.RaftNode [CANDIDATE/1] - Persisting raft metadata: term=1, votedForPresent=true, votedFor=security-boundary-167144848350400
18:45:24.519 [vert.x-eventloop-thread-0] INFO  d.m.quorus.controller.raft.RaftNode [LEADER/1] - Node security-boundary-167144848350400 became LEADER for term 1
18:45:24.519 [vert.x-eventloop-thread-0] INFO  d.m.quorus.controller.raft.RaftNode [LEADER/1] - Command submitted at index 1 term 1
18:45:24.519 [vert.x-eventloop-thread-0] DEBUG d.m.quorus.controller.raft.RaftNode [LEADER/1] - Committed leader no-op entry for term 1
18:45:24.521 [ForkJoinPool-1-worker-1] INFO  d.m.q.controller.config.AppConfig - Loaded configuration from quorus-controller.properties
18:45:24.521 [ForkJoinPool-1-worker-1] DEBUG d.m.q.controller.config.AppConfig - Optional configuration profile quorus-controller-test.properties not found
18:45:24.521 [ForkJoinPool-1-worker-1] INFO  d.m.q.controller.config.AppConfig - === Quorus Controller Configuration ===
18:45:24.521 [ForkJoinPool-1-worker-1] INFO  d.m.q.controller.config.AppConfig -   Node ID:              test-node
18:45:24.521 [ForkJoinPool-1-worker-1] INFO  d.m.q.controller.config.AppConfig -   HTTP Host:            127.0.0.1
18:45:24.521 [ForkJoinPool-1-worker-1] INFO  d.m.q.controller.config.AppConfig -   HTTP Port:            8080
18:45:24.521 [ForkJoinPool-1-worker-1] INFO  d.m.q.controller.config.AppConfig -   Raft Port:            9080
18:45:24.521 [ForkJoinPool-1-worker-1] INFO  d.m.q.controller.config.AppConfig -   Cluster Nodes:        test-node=localhost:9080
18:45:24.521 [ForkJoinPool-1-worker-1] INFO  d.m.q.controller.config.AppConfig -   Service Name:         quorus-controller
18:45:24.521 [ForkJoinPool-1-worker-1] INFO  d.m.q.controller.config.AppConfig -   Version:              2.0-ext
18:45:24.521 [ForkJoinPool-1-worker-1] INFO  d.m.q.controller.config.AppConfig -   --- Thread Pools ---
18:45:24.521 [ForkJoinPool-1-worker-1] INFO  d.m.q.controller.config.AppConfig -   Raft I/O Pool Size:   10
18:45:24.521 [ForkJoinPool-1-worker-1] INFO  d.m.q.controller.config.AppConfig -   Raft I/O Queue Size:  1000
18:45:24.521 [ForkJoinPool-1-worker-1] INFO  d.m.q.controller.config.AppConfig -   --- Job Assignment ---
18:45:24.521 [ForkJoinPool-1-worker-1] INFO  d.m.q.controller.config.AppConfig -   Initial Delay:        5000ms
18:45:24.521 [ForkJoinPool-1-worker-1] INFO  d.m.q.controller.config.AppConfig -   Assignment Interval:  10000ms
18:45:24.521 [ForkJoinPool-1-worker-1] INFO  d.m.q.controller.config.AppConfig -   Timeout Initial:      30000ms
18:45:24.521 [ForkJoinPool-1-worker-1] INFO  d.m.q.controller.config.AppConfig -   Timeout Interval:     30000ms
18:45:24.521 [ForkJoinPool-1-worker-1] INFO  d.m.q.controller.config.AppConfig -   --- Snapshot ---
18:45:24.521 [ForkJoinPool-1-worker-1] INFO  d.m.q.controller.config.AppConfig -   Enabled:              true
18:45:24.521 [ForkJoinPool-1-worker-1] INFO  d.m.q.controller.config.AppConfig -   Threshold:            10000 entries
18:45:24.521 [ForkJoinPool-1-worker-1] INFO  d.m.q.controller.config.AppConfig -   Check Interval:       60000ms
18:45:24.521 [ForkJoinPool-1-worker-1] INFO  d.m.q.controller.config.AppConfig -   --- Telemetry ---
18:45:24.521 [ForkJoinPool-1-worker-1] INFO  d.m.q.controller.config.AppConfig -   Enabled:              true
18:45:24.521 [ForkJoinPool-1-worker-1] INFO  d.m.q.controller.config.AppConfig -   OTLP Endpoint:        http://localhost:4317
18:45:24.521 [ForkJoinPool-1-worker-1] INFO  d.m.q.controller.config.AppConfig -   Prometheus Port:      9464
18:45:24.522 [ForkJoinPool-1-worker-1] INFO  d.m.q.controller.config.AppConfig -   Transfer Freshness:   60000ms
18:45:24.522 [ForkJoinPool-1-worker-1] INFO  d.m.q.controller.config.AppConfig -   Transfer Stall:       120000ms
18:45:24.522 [ForkJoinPool-1-worker-1] INFO  d.m.q.controller.config.AppConfig - ========================================
18:45:24.548 [vert.x-eventloop-thread-0] INFO  d.m.q.controller.http.HttpApiServer [LEADER/1] - HTTP API Server listening on 127.0.0.1:63265
18:45:24.604 [vert.x-eventloop-thread-0] INFO  d.m.quorus.controller.raft.RaftNode [LEADER/1] [req-586fe47f-0877-4565-9af0-df76987a65d5] - Command submitted at index 2 term 1
18:45:24.604 [vert.x-eventloop-thread-0] DEBUG d.m.q.c.state.QuorusStateStore [LEADER/1] [req-586fe47f-0877-4565-9af0-df76987a65d5] - Applying command: type=Set
18:45:24.605 [vert.x-eventloop-thread-0] DEBUG d.m.q.c.state.QuorusStateStore [LEADER/1] [req-586fe47f-0877-4565-9af0-df76987a65d5] - Processing system metadata command: key=phase4.v2.secret-reference.bank.branch:ledger, type=Set
18:45:24.605 [vert.x-eventloop-thread-0] INFO  d.m.q.c.state.QuorusStateStore [LEADER/1] [req-586fe47f-0877-4565-9af0-df76987a65d5] - Set system metadata: key=phase4.v2.secret-reference.bank.branch:ledger, valuePresent=true, replaced=false
18:45:24.605 [vert.x-eventloop-thread-0] DEBUG d.m.q.c.state.QuorusStateStore [LEADER/1] [req-586fe47f-0877-4565-9af0-df76987a65d5] - Command applied successfully: type=Set, result=Success
18:45:24.605 [vert.x-eventloop-thread-0] INFO  d.m.quorus.controller.raft.RaftNode [LEADER/1] [req-586fe47f-0877-4565-9af0-df76987a65d5] - Command submitted at index 3 term 1
18:45:24.605 [vert.x-eventloop-thread-0] DEBUG d.m.q.c.state.QuorusStateStore [LEADER/1] [req-586fe47f-0877-4565-9af0-df76987a65d5] - Applying command: type=Set
18:45:24.605 [vert.x-eventloop-thread-0] DEBUG d.m.q.c.state.QuorusStateStore [LEADER/1] [req-586fe47f-0877-4565-9af0-df76987a65d5] - Processing system metadata command: key=phase4.v2.security-event.bank.branch:1788605124605.9b9b42d6-d6f8-41c9-b0c3-1ad1fe4d6a66, type=Set
18:45:24.605 [vert.x-eventloop-thread-0] INFO  d.m.q.c.state.QuorusStateStore [LEADER/1] [req-586fe47f-0877-4565-9af0-df76987a65d5] - Set system metadata: key=phase4.v2.security-event.bank.branch:1788605124605.9b9b42d6-d6f8-41c9-b0c3-1ad1fe4d6a66, valuePresent=true, replaced=false
18:45:24.605 [vert.x-eventloop-thread-0] DEBUG d.m.q.c.state.QuorusStateStore [LEADER/1] [req-586fe47f-0877-4565-9af0-df76987a65d5] - Command applied successfully: type=Set, result=Success
18:45:24.618 [vert.x-eventloop-thread-0] INFO  d.m.quorus.controller.raft.RaftNode [LEADER/1] [req-95f54977-2227-455d-b37d-5ccf7b697eef] - Command submitted at index 4 term 1
18:45:24.618 [vert.x-eventloop-thread-0] DEBUG d.m.q.c.state.QuorusStateStore [LEADER/1] [req-95f54977-2227-455d-b37d-5ccf7b697eef] - Applying command: type=Set
18:45:24.619 [vert.x-eventloop-thread-0] DEBUG d.m.q.c.state.QuorusStateStore [LEADER/1] [req-95f54977-2227-455d-b37d-5ccf7b697eef] - Processing system metadata command: key=phase4.v2.service-connection.bank.branch:ledger, type=Set
18:45:24.619 [vert.x-eventloop-thread-0] INFO  d.m.q.c.state.QuorusStateStore [LEADER/1] [req-95f54977-2227-455d-b37d-5ccf7b697eef] - Set system metadata: key=phase4.v2.service-connection.bank.branch:ledger, valuePresent=true, replaced=false
18:45:24.619 [vert.x-eventloop-thread-0] DEBUG d.m.q.c.state.QuorusStateStore [LEADER/1] [req-95f54977-2227-455d-b37d-5ccf7b697eef] - Command applied successfully: type=Set, result=Success
18:45:24.620 [vert.x-eventloop-thread-0] INFO  d.m.quorus.controller.raft.RaftNode [LEADER/1] [req-95f54977-2227-455d-b37d-5ccf7b697eef] - Command submitted at index 5 term 1
18:45:24.620 [vert.x-eventloop-thread-0] DEBUG d.m.q.c.state.QuorusStateStore [LEADER/1] [req-95f54977-2227-455d-b37d-5ccf7b697eef] - Applying command: type=Set
18:45:24.620 [vert.x-eventloop-thread-0] DEBUG d.m.q.c.state.QuorusStateStore [LEADER/1] [req-95f54977-2227-455d-b37d-5ccf7b697eef] - Processing system metadata command: key=phase4.v2.security-event.bank.branch:1788605124619.85d68269-43b3-4a1d-9194-f9a970e883ba, type=Set
18:45:24.620 [vert.x-eventloop-thread-0] INFO  d.m.q.c.state.QuorusStateStore [LEADER/1] [req-95f54977-2227-455d-b37d-5ccf7b697eef] - Set system metadata: key=phase4.v2.security-event.bank.branch:1788605124619.85d68269-43b3-4a1d-9194-f9a970e883ba, valuePresent=true, replaced=false
18:45:24.620 [vert.x-eventloop-thread-0] DEBUG d.m.q.c.state.QuorusStateStore [LEADER/1] [req-95f54977-2227-455d-b37d-5ccf7b697eef] - Command applied successfully: type=Set, result=Success
18:45:24.627 [vert.x-eventloop-thread-0] INFO  d.m.quorus.controller.raft.RaftNode [LEADER/1] [req-1cfb8ed4-0f4e-405f-b5cf-8040f49add77] - Command submitted at index 6 term 1
18:45:24.627 [vert.x-eventloop-thread-0] DEBUG d.m.q.c.state.QuorusStateStore [LEADER/1] [req-1cfb8ed4-0f4e-405f-b5cf-8040f49add77] - Applying command: type=Set
18:45:24.627 [vert.x-eventloop-thread-0] DEBUG d.m.q.c.state.QuorusStateStore [LEADER/1] [req-1cfb8ed4-0f4e-405f-b5cf-8040f49add77] - Processing system metadata command: key=phase4.v2.secret-reference.bank:own-secret, type=Set
18:45:24.627 [vert.x-eventloop-thread-0] INFO  d.m.q.c.state.QuorusStateStore [LEADER/1] [req-1cfb8ed4-0f4e-405f-b5cf-8040f49add77] - Set system metadata: key=phase4.v2.secret-reference.bank:own-secret, valuePresent=true, replaced=false
18:45:24.627 [vert.x-eventloop-thread-0] DEBUG d.m.q.c.state.QuorusStateStore [LEADER/1] [req-1cfb8ed4-0f4e-405f-b5cf-8040f49add77] - Command applied successfully: type=Set, result=Success
18:45:24.628 [vert.x-eventloop-thread-0] INFO  d.m.quorus.controller.raft.RaftNode [LEADER/1] [req-1cfb8ed4-0f4e-405f-b5cf-8040f49add77] - Command submitted at index 7 term 1
18:45:24.628 [vert.x-eventloop-thread-0] DEBUG d.m.q.c.state.QuorusStateStore [LEADER/1] [req-1cfb8ed4-0f4e-405f-b5cf-8040f49add77] - Applying command: type=Set
18:45:24.628 [vert.x-eventloop-thread-0] DEBUG d.m.q.c.state.QuorusStateStore [LEADER/1] [req-1cfb8ed4-0f4e-405f-b5cf-8040f49add77] - Processing system metadata command: key=phase4.v2.security-event.bank:1788605124627.cabc317e-d558-41e1-b216-70ab3ea759db, type=Set
18:45:24.628 [vert.x-eventloop-thread-0] INFO  d.m.q.c.state.QuorusStateStore [LEADER/1] [req-1cfb8ed4-0f4e-405f-b5cf-8040f49add77] - Set system metadata: key=phase4.v2.security-event.bank:1788605124627.cabc317e-d558-41e1-b216-70ab3ea759db, valuePresent=true, replaced=false
18:45:24.628 [vert.x-eventloop-thread-0] DEBUG d.m.q.c.state.QuorusStateStore [LEADER/1] [req-1cfb8ed4-0f4e-405f-b5cf-8040f49add77] - Command applied successfully: type=Set, result=Success
18:45:24.634 [vert.x-eventloop-thread-0] WARN  d.m.q.c.http.GlobalErrorHandler [LEADER/1] [req-76de5ab1-5904-4d89-bc45-3ffdd7cd3e5d] - Client error [NOT_FOUND] at /api/v1/service-connections/branch.ledger: Service connection not found
18:45:24.638 [vert.x-eventloop-thread-0] INFO  d.m.q.controller.http.HttpApiServer [LEADER/1] - HTTP API Server stopped
18:45:24.640 [vert.x-eventloop-thread-0] INFO  d.m.q.c.r.InMemoryTransportSimulator [LEADER/1] - Stopped in-memory transport for node: security-boundary-167144848350400
18:45:24.640 [vert.x-eventloop-thread-0] INFO  d.m.quorus.controller.raft.RaftNode [LEADER/1] - Raft node stopped: security-boundary-167144848350400
18:45:24.716 [ForkJoinPool-1-worker-1] DEBUG d.m.q.c.state.QuorusStateStore - Initializing default metadata: version=2.0
18:45:24.717 [vert.x-eventloop-thread-0] INFO  d.m.quorus.controller.raft.RaftNode - Starting Raft node: security-boundary-167145358660900
18:45:24.717 [vert.x-eventloop-thread-0] INFO  d.m.quorus.controller.raft.RaftNode [FOLLOWER/0] - No storage configured, running in volatile mode
18:45:24.717 [vert.x-eventloop-thread-0] INFO  d.m.q.c.r.InMemoryTransportSimulator [FOLLOWER/0] - Started in-memory transport for node: security-boundary-167145358660900
18:45:24.717 [vert.x-eventloop-thread-0] INFO  d.m.quorus.controller.raft.RaftNode [FOLLOWER/0] - Raft node security-boundary-167145358660900 started successfully (term=0, logSize=1)
18:45:25.141 [vert.x-eventloop-thread-0] INFO  d.m.quorus.controller.raft.RaftNode [FOLLOWER/0] - Starting election for node: security-boundary-167145358660900
18:45:25.141 [vert.x-eventloop-thread-0] DEBUG d.m.quorus.controller.raft.RaftNode [CANDIDATE/1] - Persisting raft metadata: term=1, votedForPresent=true, votedFor=security-boundary-167145358660900
18:45:25.141 [vert.x-eventloop-thread-0] INFO  d.m.quorus.controller.raft.RaftNode [LEADER/1] - Node security-boundary-167145358660900 became LEADER for term 1
18:45:25.141 [vert.x-eventloop-thread-0] INFO  d.m.quorus.controller.raft.RaftNode [LEADER/1] - Command submitted at index 1 term 1
18:45:25.142 [vert.x-eventloop-thread-0] DEBUG d.m.quorus.controller.raft.RaftNode [LEADER/1] - Committed leader no-op entry for term 1
18:45:25.143 [ForkJoinPool-1-worker-1] INFO  d.m.q.controller.config.AppConfig - Loaded configuration from quorus-controller.properties
18:45:25.144 [ForkJoinPool-1-worker-1] DEBUG d.m.q.controller.config.AppConfig - Optional configuration profile quorus-controller-test.properties not found
18:45:25.144 [ForkJoinPool-1-worker-1] INFO  d.m.q.controller.config.AppConfig - === Quorus Controller Configuration ===
18:45:25.144 [ForkJoinPool-1-worker-1] INFO  d.m.q.controller.config.AppConfig -   Node ID:              test-node
18:45:25.144 [ForkJoinPool-1-worker-1] INFO  d.m.q.controller.config.AppConfig -   HTTP Host:            127.0.0.1
18:45:25.144 [ForkJoinPool-1-worker-1] INFO  d.m.q.controller.config.AppConfig -   HTTP Port:            8080
18:45:25.144 [ForkJoinPool-1-worker-1] INFO  d.m.q.controller.config.AppConfig -   Raft Port:            9080
18:45:25.144 [ForkJoinPool-1-worker-1] INFO  d.m.q.controller.config.AppConfig -   Cluster Nodes:        test-node=localhost:9080
18:45:25.144 [ForkJoinPool-1-worker-1] INFO  d.m.q.controller.config.AppConfig -   Service Name:         quorus-controller
18:45:25.144 [ForkJoinPool-1-worker-1] INFO  d.m.q.controller.config.AppConfig -   Version:              2.0-ext
18:45:25.144 [ForkJoinPool-1-worker-1] INFO  d.m.q.controller.config.AppConfig -   --- Thread Pools ---
18:45:25.144 [ForkJoinPool-1-worker-1] INFO  d.m.q.controller.config.AppConfig -   Raft I/O Pool Size:   10
18:45:25.144 [ForkJoinPool-1-worker-1] INFO  d.m.q.controller.config.AppConfig -   Raft I/O Queue Size:  1000
18:45:25.144 [ForkJoinPool-1-worker-1] INFO  d.m.q.controller.config.AppConfig -   --- Job Assignment ---
18:45:25.144 [ForkJoinPool-1-worker-1] INFO  d.m.q.controller.config.AppConfig -   Initial Delay:        5000ms
18:45:25.144 [ForkJoinPool-1-worker-1] INFO  d.m.q.controller.config.AppConfig -   Assignment Interval:  10000ms
18:45:25.145 [ForkJoinPool-1-worker-1] INFO  d.m.q.controller.config.AppConfig -   Timeout Initial:      30000ms
18:45:25.145 [ForkJoinPool-1-worker-1] INFO  d.m.q.controller.config.AppConfig -   Timeout Interval:     30000ms
18:45:25.145 [ForkJoinPool-1-worker-1] INFO  d.m.q.controller.config.AppConfig -   --- Snapshot ---
18:45:25.145 [ForkJoinPool-1-worker-1] INFO  d.m.q.controller.config.AppConfig -   Enabled:              true
18:45:25.145 [ForkJoinPool-1-worker-1] INFO  d.m.q.controller.config.AppConfig -   Threshold:            10000 entries
18:45:25.145 [ForkJoinPool-1-worker-1] INFO  d.m.q.controller.config.AppConfig -   Check Interval:       60000ms
18:45:25.145 [ForkJoinPool-1-worker-1] INFO  d.m.q.controller.config.AppConfig -   --- Telemetry ---
18:45:25.145 [ForkJoinPool-1-worker-1] INFO  d.m.q.controller.config.AppConfig -   Enabled:              true
18:45:25.145 [ForkJoinPool-1-worker-1] INFO  d.m.q.controller.config.AppConfig -   OTLP Endpoint:        http://localhost:4317
18:45:25.145 [ForkJoinPool-1-worker-1] INFO  d.m.q.controller.config.AppConfig -   Prometheus Port:      9464
18:45:25.145 [ForkJoinPool-1-worker-1] INFO  d.m.q.controller.config.AppConfig -   Transfer Freshness:   60000ms
18:45:25.145 [ForkJoinPool-1-worker-1] INFO  d.m.q.controller.config.AppConfig -   Transfer Stall:       120000ms
18:45:25.145 [ForkJoinPool-1-worker-1] INFO  d.m.q.controller.config.AppConfig - ========================================
18:45:25.170 [vert.x-eventloop-thread-0] INFO  d.m.q.controller.http.HttpApiServer [LEADER/1] - HTTP API Server listening on 127.0.0.1:63269
18:45:25.224 [vert.x-eventloop-thread-0] INFO  d.m.quorus.controller.raft.RaftNode [LEADER/1] [req-daa7a012-3ab7-47d0-9c16-381188580347] - Command submitted at index 2 term 1
18:45:25.224 [vert.x-eventloop-thread-0] DEBUG d.m.q.c.state.QuorusStateStore [LEADER/1] [req-daa7a012-3ab7-47d0-9c16-381188580347] - Applying command: type=Set
18:45:25.225 [vert.x-eventloop-thread-0] DEBUG d.m.q.c.state.QuorusStateStore [LEADER/1] [req-daa7a012-3ab7-47d0-9c16-381188580347] - Processing system metadata command: key=phase4.v2.secret-reference.bank.branch:ledger, type=Set
18:45:25.225 [vert.x-eventloop-thread-0] INFO  d.m.q.c.state.QuorusStateStore [LEADER/1] [req-daa7a012-3ab7-47d0-9c16-381188580347] - Set system metadata: key=phase4.v2.secret-reference.bank.branch:ledger, valuePresent=true, replaced=false
18:45:25.225 [vert.x-eventloop-thread-0] DEBUG d.m.q.c.state.QuorusStateStore [LEADER/1] [req-daa7a012-3ab7-47d0-9c16-381188580347] - Command applied successfully: type=Set, result=Success
18:45:25.225 [vert.x-eventloop-thread-0] INFO  d.m.quorus.controller.raft.RaftNode [LEADER/1] [req-daa7a012-3ab7-47d0-9c16-381188580347] - Command submitted at index 3 term 1
18:45:25.225 [vert.x-eventloop-thread-0] DEBUG d.m.q.c.state.QuorusStateStore [LEADER/1] [req-daa7a012-3ab7-47d0-9c16-381188580347] - Applying command: type=Set
18:45:25.226 [vert.x-eventloop-thread-0] DEBUG d.m.q.c.state.QuorusStateStore [LEADER/1] [req-daa7a012-3ab7-47d0-9c16-381188580347] - Processing system metadata command: key=phase4.v2.security-event.bank.branch:1788605125225.a974e35c-9e4c-4bcf-9a41-4ca671dec625, type=Set
18:45:25.226 [vert.x-eventloop-thread-0] INFO  d.m.q.c.state.QuorusStateStore [LEADER/1] [req-daa7a012-3ab7-47d0-9c16-381188580347] - Set system metadata: key=phase4.v2.security-event.bank.branch:1788605125225.a974e35c-9e4c-4bcf-9a41-4ca671dec625, valuePresent=true, replaced=false
18:45:25.226 [vert.x-eventloop-thread-0] DEBUG d.m.q.c.state.QuorusStateStore [LEADER/1] [req-daa7a012-3ab7-47d0-9c16-381188580347] - Command applied successfully: type=Set, result=Success
18:45:25.234 [vert.x-eventloop-thread-0] INFO  d.m.quorus.controller.raft.RaftNode [LEADER/1] [req-7057a23e-c203-4cd6-a2e7-a62fe2328975] - Command submitted at index 4 term 1
18:45:25.234 [vert.x-eventloop-thread-0] DEBUG d.m.q.c.state.QuorusStateStore [LEADER/1] [req-7057a23e-c203-4cd6-a2e7-a62fe2328975] - Applying command: type=Set
18:45:25.235 [vert.x-eventloop-thread-0] DEBUG d.m.q.c.state.QuorusStateStore [LEADER/1] [req-7057a23e-c203-4cd6-a2e7-a62fe2328975] - Processing system metadata command: key=phase4.v2.service-connection.bank.branch:ledger, type=Set
18:45:25.235 [vert.x-eventloop-thread-0] INFO  d.m.q.c.state.QuorusStateStore [LEADER/1] [req-7057a23e-c203-4cd6-a2e7-a62fe2328975] - Set system metadata: key=phase4.v2.service-connection.bank.branch:ledger, valuePresent=true, replaced=false
18:45:25.236 [vert.x-eventloop-thread-0] DEBUG d.m.q.c.state.QuorusStateStore [LEADER/1] [req-7057a23e-c203-4cd6-a2e7-a62fe2328975] - Command applied successfully: type=Set, result=Success
18:45:25.236 [vert.x-eventloop-thread-0] INFO  d.m.quorus.controller.raft.RaftNode [LEADER/1] [req-7057a23e-c203-4cd6-a2e7-a62fe2328975] - Command submitted at index 5 term 1
18:45:25.236 [vert.x-eventloop-thread-0] DEBUG d.m.q.c.state.QuorusStateStore [LEADER/1] [req-7057a23e-c203-4cd6-a2e7-a62fe2328975] - Applying command: type=Set
18:45:25.236 [vert.x-eventloop-thread-0] DEBUG d.m.q.c.state.QuorusStateStore [LEADER/1] [req-7057a23e-c203-4cd6-a2e7-a62fe2328975] - Processing system metadata command: key=phase4.v2.security-event.bank.branch:1788605125236.f5989f4b-5d1f-400c-a969-5e080ad14603, type=Set
18:45:25.236 [vert.x-eventloop-thread-0] INFO  d.m.q.c.state.QuorusStateStore [LEADER/1] [req-7057a23e-c203-4cd6-a2e7-a62fe2328975] - Set system metadata: key=phase4.v2.security-event.bank.branch:1788605125236.f5989f4b-5d1f-400c-a969-5e080ad14603, valuePresent=true, replaced=false
18:45:25.237 [vert.x-eventloop-thread-0] DEBUG d.m.q.c.state.QuorusStateStore [LEADER/1] [req-7057a23e-c203-4cd6-a2e7-a62fe2328975] - Command applied successfully: type=Set, result=Success
18:45:25.243 [vert.x-eventloop-thread-0] INFO  d.m.quorus.controller.raft.RaftNode [LEADER/1] [req-7846179d-220b-4f9c-b601-c020cea59ec0] - Command submitted at index 6 term 1
18:45:25.243 [vert.x-eventloop-thread-0] DEBUG d.m.q.c.state.QuorusStateStore [LEADER/1] [req-7846179d-220b-4f9c-b601-c020cea59ec0] - Applying command: type=Set
18:45:25.244 [vert.x-eventloop-thread-0] DEBUG d.m.q.c.state.QuorusStateStore [LEADER/1] [req-7846179d-220b-4f9c-b601-c020cea59ec0] - Processing system metadata command: key=phase4.v2.secret-reference.bank:own-secret, type=Set
18:45:25.244 [vert.x-eventloop-thread-0] INFO  d.m.q.c.state.QuorusStateStore [LEADER/1] [req-7846179d-220b-4f9c-b601-c020cea59ec0] - Set system metadata: key=phase4.v2.secret-reference.bank:own-secret, valuePresent=true, replaced=false
18:45:25.244 [vert.x-eventloop-thread-0] DEBUG d.m.q.c.state.QuorusStateStore [LEADER/1] [req-7846179d-220b-4f9c-b601-c020cea59ec0] - Command applied successfully: type=Set, result=Success
18:45:25.244 [vert.x-eventloop-thread-0] INFO  d.m.quorus.controller.raft.RaftNode [LEADER/1] [req-7846179d-220b-4f9c-b601-c020cea59ec0] - Command submitted at index 7 term 1
18:45:25.244 [vert.x-eventloop-thread-0] DEBUG d.m.q.c.state.QuorusStateStore [LEADER/1] [req-7846179d-220b-4f9c-b601-c020cea59ec0] - Applying command: type=Set
18:45:25.245 [vert.x-eventloop-thread-0] DEBUG d.m.q.c.state.QuorusStateStore [LEADER/1] [req-7846179d-220b-4f9c-b601-c020cea59ec0] - Processing system metadata command: key=phase4.v2.security-event.bank:1788605125244.de107d6b-8397-4567-9a66-e4d8c40bdb3d, type=Set
18:45:25.245 [vert.x-eventloop-thread-0] INFO  d.m.q.c.state.QuorusStateStore [LEADER/1] [req-7846179d-220b-4f9c-b601-c020cea59ec0] - Set system metadata: key=phase4.v2.security-event.bank:1788605125244.de107d6b-8397-4567-9a66-e4d8c40bdb3d, valuePresent=true, replaced=false
18:45:25.245 [vert.x-eventloop-thread-0] DEBUG d.m.q.c.state.QuorusStateStore [LEADER/1] [req-7846179d-220b-4f9c-b601-c020cea59ec0] - Command applied successfully: type=Set, result=Success
18:45:25.255 [vert.x-eventloop-thread-0] INFO  d.m.quorus.controller.raft.RaftNode [LEADER/1] [req-e5b29c92-1aa6-4c10-811f-5b39e5d35fac] - Command submitted at index 8 term 1
18:45:25.255 [vert.x-eventloop-thread-0] DEBUG d.m.q.c.state.QuorusStateStore [LEADER/1] [req-e5b29c92-1aa6-4c10-811f-5b39e5d35fac] - Applying command: type=Set
18:45:25.255 [vert.x-eventloop-thread-0] DEBUG d.m.q.c.state.QuorusStateStore [LEADER/1] [req-e5b29c92-1aa6-4c10-811f-5b39e5d35fac] - Processing system metadata command: key=phase4.v2.service-connection.bank:branch.ledger, type=Set
18:45:25.255 [vert.x-eventloop-thread-0] INFO  d.m.q.c.state.QuorusStateStore [LEADER/1] [req-e5b29c92-1aa6-4c10-811f-5b39e5d35fac] - Set system metadata: key=phase4.v2.service-connection.bank:branch.ledger, valuePresent=true, replaced=false
18:45:25.255 [vert.x-eventloop-thread-0] DEBUG d.m.q.c.state.QuorusStateStore [LEADER/1] [req-e5b29c92-1aa6-4c10-811f-5b39e5d35fac] - Command applied successfully: type=Set, result=Success
18:45:25.257 [vert.x-eventloop-thread-0] INFO  d.m.quorus.controller.raft.RaftNode [LEADER/1] [req-e5b29c92-1aa6-4c10-811f-5b39e5d35fac] - Command submitted at index 9 term 1
18:45:25.257 [vert.x-eventloop-thread-0] DEBUG d.m.q.c.state.QuorusStateStore [LEADER/1] [req-e5b29c92-1aa6-4c10-811f-5b39e5d35fac] - Applying command: type=Set
18:45:25.258 [vert.x-eventloop-thread-0] DEBUG d.m.q.c.state.QuorusStateStore [LEADER/1] [req-e5b29c92-1aa6-4c10-811f-5b39e5d35fac] - Processing system metadata command: key=phase4.v2.security-event.bank:1788605125255.e16dcd1c-e381-4c9a-8dd3-fdd68d18db24, type=Set
18:45:25.258 [vert.x-eventloop-thread-0] INFO  d.m.q.c.state.QuorusStateStore [LEADER/1] [req-e5b29c92-1aa6-4c10-811f-5b39e5d35fac] - Set system metadata: key=phase4.v2.security-event.bank:1788605125255.e16dcd1c-e381-4c9a-8dd3-fdd68d18db24, valuePresent=true, replaced=false
18:45:25.258 [vert.x-eventloop-thread-0] DEBUG d.m.q.c.state.QuorusStateStore [LEADER/1] [req-e5b29c92-1aa6-4c10-811f-5b39e5d35fac] - Command applied successfully: type=Set, result=Success
18:45:25.271 [vert.x-eventloop-thread-0] INFO  d.m.q.controller.http.HttpApiServer [LEADER/1] - HTTP API Server stopped
18:45:25.272 [vert.x-eventloop-thread-0] INFO  d.m.q.c.r.InMemoryTransportSimulator [LEADER/1] - Stopped in-memory transport for node: security-boundary-167145358660900
18:45:25.272 [vert.x-eventloop-thread-0] INFO  d.m.quorus.controller.raft.RaftNode [LEADER/1] - Raft node stopped: security-boundary-167145358660900
18:45:25.363 [ForkJoinPool-1-worker-1] DEBUG d.m.q.c.state.QuorusStateStore - Initializing default metadata: version=2.0
18:45:25.364 [vert.x-eventloop-thread-0] INFO  d.m.quorus.controller.raft.RaftNode - Starting Raft node: security-boundary-167146005545400
18:45:25.364 [vert.x-eventloop-thread-0] INFO  d.m.quorus.controller.raft.RaftNode [FOLLOWER/0] - No storage configured, running in volatile mode
18:45:25.364 [vert.x-eventloop-thread-0] INFO  d.m.q.c.r.InMemoryTransportSimulator [FOLLOWER/0] - Started in-memory transport for node: security-boundary-167146005545400
18:45:25.364 [vert.x-eventloop-thread-0] INFO  d.m.quorus.controller.raft.RaftNode [FOLLOWER/0] - Raft node security-boundary-167146005545400 started successfully (term=0, logSize=1)
18:45:25.854 [vert.x-eventloop-thread-0] INFO  d.m.quorus.controller.raft.RaftNode [FOLLOWER/0] - Starting election for node: security-boundary-167146005545400
18:45:25.854 [vert.x-eventloop-thread-0] DEBUG d.m.quorus.controller.raft.RaftNode [CANDIDATE/1] - Persisting raft metadata: term=1, votedForPresent=true, votedFor=security-boundary-167146005545400
18:45:25.854 [vert.x-eventloop-thread-0] INFO  d.m.quorus.controller.raft.RaftNode [LEADER/1] - Node security-boundary-167146005545400 became LEADER for term 1
18:45:25.854 [vert.x-eventloop-thread-0] INFO  d.m.quorus.controller.raft.RaftNode [LEADER/1] - Command submitted at index 1 term 1
18:45:25.854 [vert.x-eventloop-thread-0] DEBUG d.m.quorus.controller.raft.RaftNode [LEADER/1] - Committed leader no-op entry for term 1
18:45:25.870 [ForkJoinPool-1-worker-1] INFO  d.m.q.controller.config.AppConfig - Loaded configuration from quorus-controller.properties
18:45:25.870 [ForkJoinPool-1-worker-1] DEBUG d.m.q.controller.config.AppConfig - Optional configuration profile quorus-controller-test.properties not found
18:45:25.871 [ForkJoinPool-1-worker-1] INFO  d.m.q.controller.config.AppConfig - === Quorus Controller Configuration ===
18:45:25.871 [ForkJoinPool-1-worker-1] INFO  d.m.q.controller.config.AppConfig -   Node ID:              test-node
18:45:25.871 [ForkJoinPool-1-worker-1] INFO  d.m.q.controller.config.AppConfig -   HTTP Host:            127.0.0.1
18:45:25.871 [ForkJoinPool-1-worker-1] INFO  d.m.q.controller.config.AppConfig -   HTTP Port:            8080
18:45:25.871 [ForkJoinPool-1-worker-1] INFO  d.m.q.controller.config.AppConfig -   Raft Port:            9080
18:45:25.871 [ForkJoinPool-1-worker-1] INFO  d.m.q.controller.config.AppConfig -   Cluster Nodes:        test-node=localhost:9080
18:45:25.871 [ForkJoinPool-1-worker-1] INFO  d.m.q.controller.config.AppConfig -   Service Name:         quorus-controller
18:45:25.871 [ForkJoinPool-1-worker-1] INFO  d.m.q.controller.config.AppConfig -   Version:              2.0-ext
18:45:25.871 [ForkJoinPool-1-worker-1] INFO  d.m.q.controller.config.AppConfig -   --- Thread Pools ---
18:45:25.871 [ForkJoinPool-1-worker-1] INFO  d.m.q.controller.config.AppConfig -   Raft I/O Pool Size:   10
18:45:25.871 [ForkJoinPool-1-worker-1] INFO  d.m.q.controller.config.AppConfig -   Raft I/O Queue Size:  1000
18:45:25.871 [ForkJoinPool-1-worker-1] INFO  d.m.q.controller.config.AppConfig -   --- Job Assignment ---
18:45:25.871 [ForkJoinPool-1-worker-1] INFO  d.m.q.controller.config.AppConfig -   Initial Delay:        5000ms
18:45:25.871 [ForkJoinPool-1-worker-1] INFO  d.m.q.controller.config.AppConfig -   Assignment Interval:  10000ms
18:45:25.871 [ForkJoinPool-1-worker-1] INFO  d.m.q.controller.config.AppConfig -   Timeout Initial:      30000ms
18:45:25.871 [ForkJoinPool-1-worker-1] INFO  d.m.q.controller.config.AppConfig -   Timeout Interval:     30000ms
18:45:25.871 [ForkJoinPool-1-worker-1] INFO  d.m.q.controller.config.AppConfig -   --- Snapshot ---
18:45:25.871 [ForkJoinPool-1-worker-1] INFO  d.m.q.controller.config.AppConfig -   Enabled:              true
18:45:25.871 [ForkJoinPool-1-worker-1] INFO  d.m.q.controller.config.AppConfig -   Threshold:            10000 entries
18:45:25.871 [ForkJoinPool-1-worker-1] INFO  d.m.q.controller.config.AppConfig -   Check Interval:       60000ms
18:45:25.871 [ForkJoinPool-1-worker-1] INFO  d.m.q.controller.config.AppConfig -   --- Telemetry ---
18:45:25.871 [ForkJoinPool-1-worker-1] INFO  d.m.q.controller.config.AppConfig -   Enabled:              true
18:45:25.871 [ForkJoinPool-1-worker-1] INFO  d.m.q.controller.config.AppConfig -   OTLP Endpoint:        http://localhost:4317
18:45:25.871 [ForkJoinPool-1-worker-1] INFO  d.m.q.controller.config.AppConfig -   Prometheus Port:      9464
18:45:25.871 [ForkJoinPool-1-worker-1] INFO  d.m.q.controller.config.AppConfig -   Transfer Freshness:   60000ms
18:45:25.871 [ForkJoinPool-1-worker-1] INFO  d.m.q.controller.config.AppConfig -   Transfer Stall:       120000ms
18:45:25.871 [ForkJoinPool-1-worker-1] INFO  d.m.q.controller.config.AppConfig - ========================================
18:45:25.898 [vert.x-eventloop-thread-0] INFO  d.m.q.controller.http.HttpApiServer [LEADER/1] - HTTP API Server listening on 127.0.0.1:63271
18:45:25.949 [vert.x-eventloop-thread-0] INFO  d.m.quorus.controller.raft.RaftNode [LEADER/1] [req-bcaab258-36c1-437e-bc51-6fb99fd7877f] - Command submitted at index 2 term 1
18:45:25.949 [vert.x-eventloop-thread-0] DEBUG d.m.q.c.state.QuorusStateStore [LEADER/1] [req-bcaab258-36c1-437e-bc51-6fb99fd7877f] - Applying command: type=Set
18:45:25.949 [vert.x-eventloop-thread-0] DEBUG d.m.q.c.state.QuorusStateStore [LEADER/1] [req-bcaab258-36c1-437e-bc51-6fb99fd7877f] - Processing system metadata command: key=phase4.v2.secret-reference.bank.branch:ledger, type=Set
18:45:25.950 [vert.x-eventloop-thread-0] INFO  d.m.q.c.state.QuorusStateStore [LEADER/1] [req-bcaab258-36c1-437e-bc51-6fb99fd7877f] - Set system metadata: key=phase4.v2.secret-reference.bank.branch:ledger, valuePresent=true, replaced=false
18:45:25.950 [vert.x-eventloop-thread-0] DEBUG d.m.q.c.state.QuorusStateStore [LEADER/1] [req-bcaab258-36c1-437e-bc51-6fb99fd7877f] - Command applied successfully: type=Set, result=Success
18:45:25.950 [vert.x-eventloop-thread-0] INFO  d.m.quorus.controller.raft.RaftNode [LEADER/1] [req-bcaab258-36c1-437e-bc51-6fb99fd7877f] - Command submitted at index 3 term 1
18:45:25.950 [vert.x-eventloop-thread-0] DEBUG d.m.q.c.state.QuorusStateStore [LEADER/1] [req-bcaab258-36c1-437e-bc51-6fb99fd7877f] - Applying command: type=Set
18:45:25.950 [vert.x-eventloop-thread-0] DEBUG d.m.q.c.state.QuorusStateStore [LEADER/1] [req-bcaab258-36c1-437e-bc51-6fb99fd7877f] - Processing system metadata command: key=phase4.v2.security-event.bank.branch:1788605125950.1b94c2f1-2561-4d5b-b050-9fc8aa2764f5, type=Set
18:45:25.950 [vert.x-eventloop-thread-0] INFO  d.m.q.c.state.QuorusStateStore [LEADER/1] [req-bcaab258-36c1-437e-bc51-6fb99fd7877f] - Set system metadata: key=phase4.v2.security-event.bank.branch:1788605125950.1b94c2f1-2561-4d5b-b050-9fc8aa2764f5, valuePresent=true, replaced=false
18:45:25.950 [vert.x-eventloop-thread-0] DEBUG d.m.q.c.state.QuorusStateStore [LEADER/1] [req-bcaab258-36c1-437e-bc51-6fb99fd7877f] - Command applied successfully: type=Set, result=Success
18:45:25.955 [vert.x-eventloop-thread-0] INFO  d.m.quorus.controller.raft.RaftNode [LEADER/1] [req-05ff886a-e38f-4037-beb2-a5a0675213a9] - Command submitted at index 4 term 1
18:45:25.956 [vert.x-eventloop-thread-0] DEBUG d.m.q.c.state.QuorusStateStore [LEADER/1] [req-05ff886a-e38f-4037-beb2-a5a0675213a9] - Applying command: type=Set
18:45:25.956 [vert.x-eventloop-thread-0] DEBUG d.m.q.c.state.QuorusStateStore [LEADER/1] [req-05ff886a-e38f-4037-beb2-a5a0675213a9] - Processing system metadata command: key=phase4.v2.service-connection.bank.branch:ledger, type=Set
18:45:25.956 [vert.x-eventloop-thread-0] INFO  d.m.q.c.state.QuorusStateStore [LEADER/1] [req-05ff886a-e38f-4037-beb2-a5a0675213a9] - Set system metadata: key=phase4.v2.service-connection.bank.branch:ledger, valuePresent=true, replaced=false
18:45:25.956 [vert.x-eventloop-thread-0] DEBUG d.m.q.c.state.QuorusStateStore [LEADER/1] [req-05ff886a-e38f-4037-beb2-a5a0675213a9] - Command applied successfully: type=Set, result=Success
18:45:25.956 [vert.x-eventloop-thread-0] INFO  d.m.quorus.controller.raft.RaftNode [LEADER/1] [req-05ff886a-e38f-4037-beb2-a5a0675213a9] - Command submitted at index 5 term 1
18:45:25.956 [vert.x-eventloop-thread-0] DEBUG d.m.q.c.state.QuorusStateStore [LEADER/1] [req-05ff886a-e38f-4037-beb2-a5a0675213a9] - Applying command: type=Set
18:45:25.957 [vert.x-eventloop-thread-0] DEBUG d.m.q.c.state.QuorusStateStore [LEADER/1] [req-05ff886a-e38f-4037-beb2-a5a0675213a9] - Processing system metadata command: key=phase4.v2.security-event.bank.branch:1788605125956.be851c82-b2bf-4d5b-83dd-ae6827766af1, type=Set
18:45:25.957 [vert.x-eventloop-thread-0] INFO  d.m.q.c.state.QuorusStateStore [LEADER/1] [req-05ff886a-e38f-4037-beb2-a5a0675213a9] - Set system metadata: key=phase4.v2.security-event.bank.branch:1788605125956.be851c82-b2bf-4d5b-83dd-ae6827766af1, valuePresent=true, replaced=false
18:45:25.957 [vert.x-eventloop-thread-0] DEBUG d.m.q.c.state.QuorusStateStore [LEADER/1] [req-05ff886a-e38f-4037-beb2-a5a0675213a9] - Command applied successfully: type=Set, result=Success
18:45:25.962 [vert.x-eventloop-thread-0] INFO  d.m.quorus.controller.raft.RaftNode [LEADER/1] [req-f688c7b5-3297-4bd3-bf6b-8ffbcf29e182] - Command submitted at index 6 term 1
18:45:25.962 [vert.x-eventloop-thread-0] DEBUG d.m.q.c.state.QuorusStateStore [LEADER/1] [req-f688c7b5-3297-4bd3-bf6b-8ffbcf29e182] - Applying command: type=Set
18:45:25.962 [vert.x-eventloop-thread-0] DEBUG d.m.q.c.state.QuorusStateStore [LEADER/1] [req-f688c7b5-3297-4bd3-bf6b-8ffbcf29e182] - Processing system metadata command: key=phase4.v2.secret-reference.bank:own-secret, type=Set
18:45:25.962 [vert.x-eventloop-thread-0] INFO  d.m.q.c.state.QuorusStateStore [LEADER/1] [req-f688c7b5-3297-4bd3-bf6b-8ffbcf29e182] - Set system metadata: key=phase4.v2.secret-reference.bank:own-secret, valuePresent=true, replaced=false
18:45:25.962 [vert.x-eventloop-thread-0] DEBUG d.m.q.c.state.QuorusStateStore [LEADER/1] [req-f688c7b5-3297-4bd3-bf6b-8ffbcf29e182] - Command applied successfully: type=Set, result=Success
18:45:25.963 [vert.x-eventloop-thread-0] INFO  d.m.quorus.controller.raft.RaftNode [LEADER/1] [req-f688c7b5-3297-4bd3-bf6b-8ffbcf29e182] - Command submitted at index 7 term 1
18:45:25.963 [vert.x-eventloop-thread-0] DEBUG d.m.q.c.state.QuorusStateStore [LEADER/1] [req-f688c7b5-3297-4bd3-bf6b-8ffbcf29e182] - Applying command: type=Set
18:45:25.963 [vert.x-eventloop-thread-0] DEBUG d.m.q.c.state.QuorusStateStore [LEADER/1] [req-f688c7b5-3297-4bd3-bf6b-8ffbcf29e182] - Processing system metadata command: key=phase4.v2.security-event.bank:1788605125962.de053ad9-b24f-4db0-9d9e-077b2fd952c6, type=Set
18:45:25.963 [vert.x-eventloop-thread-0] INFO  d.m.q.c.state.QuorusStateStore [LEADER/1] [req-f688c7b5-3297-4bd3-bf6b-8ffbcf29e182] - Set system metadata: key=phase4.v2.security-event.bank:1788605125962.de053ad9-b24f-4db0-9d9e-077b2fd952c6, valuePresent=true, replaced=false
18:45:25.963 [vert.x-eventloop-thread-0] DEBUG d.m.q.c.state.QuorusStateStore [LEADER/1] [req-f688c7b5-3297-4bd3-bf6b-8ffbcf29e182] - Command applied successfully: type=Set, result=Success
18:45:25.972 [vert.x-eventloop-thread-0] INFO  d.m.q.controller.http.HttpApiServer [LEADER/1] - HTTP API Server stopped
18:45:25.972 [vert.x-eventloop-thread-0] INFO  d.m.q.c.r.InMemoryTransportSimulator [LEADER/1] - Stopped in-memory transport for node: security-boundary-167146005545400
18:45:25.973 [vert.x-eventloop-thread-0] INFO  d.m.quorus.controller.raft.RaftNode [LEADER/1] - Raft node stopped: security-boundary-167146005545400
18:45:26.047 [ForkJoinPool-1-worker-1] DEBUG d.m.q.c.state.QuorusStateStore - Initializing default metadata: version=2.0
18:45:26.048 [vert.x-eventloop-thread-0] INFO  d.m.quorus.controller.raft.RaftNode - Starting Raft node: security-boundary-167146689968900
18:45:26.048 [vert.x-eventloop-thread-0] INFO  d.m.quorus.controller.raft.RaftNode [FOLLOWER/0] - No storage configured, running in volatile mode
18:45:26.048 [vert.x-eventloop-thread-0] INFO  d.m.q.c.r.InMemoryTransportSimulator [FOLLOWER/0] - Started in-memory transport for node: security-boundary-167146689968900
18:45:26.048 [vert.x-eventloop-thread-0] INFO  d.m.quorus.controller.raft.RaftNode [FOLLOWER/0] - Raft node security-boundary-167146689968900 started successfully (term=0, logSize=1)
18:45:26.540 [vert.x-eventloop-thread-0] INFO  d.m.quorus.controller.raft.RaftNode [FOLLOWER/0] - Starting election for node: security-boundary-167146689968900
18:45:26.540 [vert.x-eventloop-thread-0] DEBUG d.m.quorus.controller.raft.RaftNode [CANDIDATE/1] - Persisting raft metadata: term=1, votedForPresent=true, votedFor=security-boundary-167146689968900
18:45:26.541 [vert.x-eventloop-thread-0] INFO  d.m.quorus.controller.raft.RaftNode [LEADER/1] - Node security-boundary-167146689968900 became LEADER for term 1
18:45:26.541 [vert.x-eventloop-thread-0] INFO  d.m.quorus.controller.raft.RaftNode [LEADER/1] - Command submitted at index 1 term 1
18:45:26.541 [vert.x-eventloop-thread-0] DEBUG d.m.quorus.controller.raft.RaftNode [LEADER/1] - Committed leader no-op entry for term 1
18:45:26.556 [ForkJoinPool-1-worker-1] INFO  d.m.q.controller.config.AppConfig - Loaded configuration from quorus-controller.properties
18:45:26.557 [ForkJoinPool-1-worker-1] DEBUG d.m.q.controller.config.AppConfig - Optional configuration profile quorus-controller-test.properties not found
18:45:26.558 [ForkJoinPool-1-worker-1] INFO  d.m.q.controller.config.AppConfig - === Quorus Controller Configuration ===
18:45:26.558 [ForkJoinPool-1-worker-1] INFO  d.m.q.controller.config.AppConfig -   Node ID:              test-node
18:45:26.558 [ForkJoinPool-1-worker-1] INFO  d.m.q.controller.config.AppConfig -   HTTP Host:            127.0.0.1
18:45:26.558 [ForkJoinPool-1-worker-1] INFO  d.m.q.controller.config.AppConfig -   HTTP Port:            8080
18:45:26.558 [ForkJoinPool-1-worker-1] INFO  d.m.q.controller.config.AppConfig -   Raft Port:            9080
18:45:26.558 [ForkJoinPool-1-worker-1] INFO  d.m.q.controller.config.AppConfig -   Cluster Nodes:        test-node=localhost:9080
18:45:26.558 [ForkJoinPool-1-worker-1] INFO  d.m.q.controller.config.AppConfig -   Service Name:         quorus-controller
18:45:26.558 [ForkJoinPool-1-worker-1] INFO  d.m.q.controller.config.AppConfig -   Version:              2.0-ext
18:45:26.558 [ForkJoinPool-1-worker-1] INFO  d.m.q.controller.config.AppConfig -   --- Thread Pools ---
18:45:26.558 [ForkJoinPool-1-worker-1] INFO  d.m.q.controller.config.AppConfig -   Raft I/O Pool Size:   10
18:45:26.558 [ForkJoinPool-1-worker-1] INFO  d.m.q.controller.config.AppConfig -   Raft I/O Queue Size:  1000
18:45:26.558 [ForkJoinPool-1-worker-1] INFO  d.m.q.controller.config.AppConfig -   --- Job Assignment ---
18:45:26.558 [ForkJoinPool-1-worker-1] INFO  d.m.q.controller.config.AppConfig -   Initial Delay:        5000ms
18:45:26.558 [ForkJoinPool-1-worker-1] INFO  d.m.q.controller.config.AppConfig -   Assignment Interval:  10000ms
18:45:26.558 [ForkJoinPool-1-worker-1] INFO  d.m.q.controller.config.AppConfig -   Timeout Initial:      30000ms
18:45:26.558 [ForkJoinPool-1-worker-1] INFO  d.m.q.controller.config.AppConfig -   Timeout Interval:     30000ms
18:45:26.558 [ForkJoinPool-1-worker-1] INFO  d.m.q.controller.config.AppConfig -   --- Snapshot ---
18:45:26.558 [ForkJoinPool-1-worker-1] INFO  d.m.q.controller.config.AppConfig -   Enabled:              true
18:45:26.559 [ForkJoinPool-1-worker-1] INFO  d.m.q.controller.config.AppConfig -   Threshold:            10000 entries
18:45:26.559 [ForkJoinPool-1-worker-1] INFO  d.m.q.controller.config.AppConfig -   Check Interval:       60000ms
18:45:26.559 [ForkJoinPool-1-worker-1] INFO  d.m.q.controller.config.AppConfig -   --- Telemetry ---
18:45:26.559 [ForkJoinPool-1-worker-1] INFO  d.m.q.controller.config.AppConfig -   Enabled:              true
18:45:26.559 [ForkJoinPool-1-worker-1] INFO  d.m.q.controller.config.AppConfig -   OTLP Endpoint:        http://localhost:4317
18:45:26.559 [ForkJoinPool-1-worker-1] INFO  d.m.q.controller.config.AppConfig -   Prometheus Port:      9464
18:45:26.559 [ForkJoinPool-1-worker-1] INFO  d.m.q.controller.config.AppConfig -   Transfer Freshness:   60000ms
18:45:26.559 [ForkJoinPool-1-worker-1] INFO  d.m.q.controller.config.AppConfig -   Transfer Stall:       120000ms
18:45:26.559 [ForkJoinPool-1-worker-1] INFO  d.m.q.controller.config.AppConfig - ========================================
18:45:26.583 [vert.x-eventloop-thread-0] INFO  d.m.q.controller.http.HttpApiServer [LEADER/1] - HTTP API Server listening on 127.0.0.1:63273
18:45:26.627 [vert.x-eventloop-thread-0] INFO  d.m.quorus.controller.raft.RaftNode [LEADER/1] [req-a921bdd1-0eef-4cd3-be05-d40b0541a0e4] - Command submitted at index 2 term 1
18:45:26.628 [vert.x-eventloop-thread-0] DEBUG d.m.q.c.state.QuorusStateStore [LEADER/1] [req-a921bdd1-0eef-4cd3-be05-d40b0541a0e4] - Applying command: type=Set
18:45:26.628 [vert.x-eventloop-thread-0] DEBUG d.m.q.c.state.QuorusStateStore [LEADER/1] [req-a921bdd1-0eef-4cd3-be05-d40b0541a0e4] - Processing system metadata command: key=phase4.v2.secret-reference.bank.branch:ledger, type=Set
18:45:26.628 [vert.x-eventloop-thread-0] INFO  d.m.q.c.state.QuorusStateStore [LEADER/1] [req-a921bdd1-0eef-4cd3-be05-d40b0541a0e4] - Set system metadata: key=phase4.v2.secret-reference.bank.branch:ledger, valuePresent=true, replaced=false
18:45:26.628 [vert.x-eventloop-thread-0] DEBUG d.m.q.c.state.QuorusStateStore [LEADER/1] [req-a921bdd1-0eef-4cd3-be05-d40b0541a0e4] - Command applied successfully: type=Set, result=Success
18:45:26.628 [vert.x-eventloop-thread-0] INFO  d.m.quorus.controller.raft.RaftNode [LEADER/1] [req-a921bdd1-0eef-4cd3-be05-d40b0541a0e4] - Command submitted at index 3 term 1
18:45:26.628 [vert.x-eventloop-thread-0] DEBUG d.m.q.c.state.QuorusStateStore [LEADER/1] [req-a921bdd1-0eef-4cd3-be05-d40b0541a0e4] - Applying command: type=Set
18:45:26.628 [vert.x-eventloop-thread-0] DEBUG d.m.q.c.state.QuorusStateStore [LEADER/1] [req-a921bdd1-0eef-4cd3-be05-d40b0541a0e4] - Processing system metadata command: key=phase4.v2.security-event.bank.branch:1788605126628.197bf4f9-c951-453c-b43e-a2263dce6df2, type=Set
18:45:26.628 [vert.x-eventloop-thread-0] INFO  d.m.q.c.state.QuorusStateStore [LEADER/1] [req-a921bdd1-0eef-4cd3-be05-d40b0541a0e4] - Set system metadata: key=phase4.v2.security-event.bank.branch:1788605126628.197bf4f9-c951-453c-b43e-a2263dce6df2, valuePresent=true, replaced=false
18:45:26.628 [vert.x-eventloop-thread-0] DEBUG d.m.q.c.state.QuorusStateStore [LEADER/1] [req-a921bdd1-0eef-4cd3-be05-d40b0541a0e4] - Command applied successfully: type=Set, result=Success
18:45:26.634 [vert.x-eventloop-thread-0] INFO  d.m.quorus.controller.raft.RaftNode [LEADER/1] [req-c886b340-dd83-4bf2-a6e5-5c25e134de31] - Command submitted at index 4 term 1
18:45:26.635 [vert.x-eventloop-thread-0] DEBUG d.m.q.c.state.QuorusStateStore [LEADER/1] [req-c886b340-dd83-4bf2-a6e5-5c25e134de31] - Applying command: type=Set
18:45:26.635 [vert.x-eventloop-thread-0] DEBUG d.m.q.c.state.QuorusStateStore [LEADER/1] [req-c886b340-dd83-4bf2-a6e5-5c25e134de31] - Processing system metadata command: key=phase4.v2.service-connection.bank.branch:ledger, type=Set
18:45:26.635 [vert.x-eventloop-thread-0] INFO  d.m.q.c.state.QuorusStateStore [LEADER/1] [req-c886b340-dd83-4bf2-a6e5-5c25e134de31] - Set system metadata: key=phase4.v2.service-connection.bank.branch:ledger, valuePresent=true, replaced=false
18:45:26.635 [vert.x-eventloop-thread-0] DEBUG d.m.q.c.state.QuorusStateStore [LEADER/1] [req-c886b340-dd83-4bf2-a6e5-5c25e134de31] - Command applied successfully: type=Set, result=Success
18:45:26.635 [vert.x-eventloop-thread-0] INFO  d.m.quorus.controller.raft.RaftNode [LEADER/1] [req-c886b340-dd83-4bf2-a6e5-5c25e134de31] - Command submitted at index 5 term 1
18:45:26.635 [vert.x-eventloop-thread-0] DEBUG d.m.q.c.state.QuorusStateStore [LEADER/1] [req-c886b340-dd83-4bf2-a6e5-5c25e134de31] - Applying command: type=Set
18:45:26.636 [vert.x-eventloop-thread-0] DEBUG d.m.q.c.state.QuorusStateStore [LEADER/1] [req-c886b340-dd83-4bf2-a6e5-5c25e134de31] - Processing system metadata command: key=phase4.v2.security-event.bank.branch:1788605126635.d835e541-cdfc-4f60-a252-9c7ff3562794, type=Set
18:45:26.636 [vert.x-eventloop-thread-0] INFO  d.m.q.c.state.QuorusStateStore [LEADER/1] [req-c886b340-dd83-4bf2-a6e5-5c25e134de31] - Set system metadata: key=phase4.v2.security-event.bank.branch:1788605126635.d835e541-cdfc-4f60-a252-9c7ff3562794, valuePresent=true, replaced=false
18:45:26.636 [vert.x-eventloop-thread-0] DEBUG d.m.q.c.state.QuorusStateStore [LEADER/1] [req-c886b340-dd83-4bf2-a6e5-5c25e134de31] - Command applied successfully: type=Set, result=Success
18:45:26.640 [vert.x-eventloop-thread-0] INFO  d.m.quorus.controller.raft.RaftNode [LEADER/1] [req-f179041b-9f02-497c-a0bb-1a345241a7b9] - Command submitted at index 6 term 1
18:45:26.641 [vert.x-eventloop-thread-0] DEBUG d.m.q.c.state.QuorusStateStore [LEADER/1] [req-f179041b-9f02-497c-a0bb-1a345241a7b9] - Applying command: type=Set
18:45:26.641 [vert.x-eventloop-thread-0] DEBUG d.m.q.c.state.QuorusStateStore [LEADER/1] [req-f179041b-9f02-497c-a0bb-1a345241a7b9] - Processing system metadata command: key=phase4.v2.secret-reference.bank:own-secret, type=Set
18:45:26.641 [vert.x-eventloop-thread-0] INFO  d.m.q.c.state.QuorusStateStore [LEADER/1] [req-f179041b-9f02-497c-a0bb-1a345241a7b9] - Set system metadata: key=phase4.v2.secret-reference.bank:own-secret, valuePresent=true, replaced=false
18:45:26.641 [vert.x-eventloop-thread-0] DEBUG d.m.q.c.state.QuorusStateStore [LEADER/1] [req-f179041b-9f02-497c-a0bb-1a345241a7b9] - Command applied successfully: type=Set, result=Success
18:45:26.641 [vert.x-eventloop-thread-0] INFO  d.m.quorus.controller.raft.RaftNode [LEADER/1] [req-f179041b-9f02-497c-a0bb-1a345241a7b9] - Command submitted at index 7 term 1
18:45:26.641 [vert.x-eventloop-thread-0] DEBUG d.m.q.c.state.QuorusStateStore [LEADER/1] [req-f179041b-9f02-497c-a0bb-1a345241a7b9] - Applying command: type=Set
18:45:26.642 [vert.x-eventloop-thread-0] DEBUG d.m.q.c.state.QuorusStateStore [LEADER/1] [req-f179041b-9f02-497c-a0bb-1a345241a7b9] - Processing system metadata command: key=phase4.v2.security-event.bank:1788605126641.f8b48b6e-8c44-45a7-a623-55593af8279e, type=Set
18:45:26.642 [vert.x-eventloop-thread-0] INFO  d.m.q.c.state.QuorusStateStore [LEADER/1] [req-f179041b-9f02-497c-a0bb-1a345241a7b9] - Set system metadata: key=phase4.v2.security-event.bank:1788605126641.f8b48b6e-8c44-45a7-a623-55593af8279e, valuePresent=true, replaced=false
18:45:26.642 [vert.x-eventloop-thread-0] DEBUG d.m.q.c.state.QuorusStateStore [LEADER/1] [req-f179041b-9f02-497c-a0bb-1a345241a7b9] - Command applied successfully: type=Set, result=Success
18:45:26.646 [vert.x-eventloop-thread-0] WARN  d.m.q.c.http.GlobalErrorHandler [LEADER/1] [req-0203820d-f2e2-4de2-a542-3074c69f658f] - Client error [NOT_FOUND] at /api/v1/service-connections/branch.ledger: Service connection not found
18:45:26.650 [vert.x-eventloop-thread-0] INFO  d.m.q.controller.http.HttpApiServer [LEADER/1] - HTTP API Server stopped
18:45:26.650 [vert.x-eventloop-thread-0] INFO  d.m.q.c.r.InMemoryTransportSimulator [LEADER/1] - Stopped in-memory transport for node: security-boundary-167146689968900
18:45:26.651 [vert.x-eventloop-thread-0] INFO  d.m.quorus.controller.raft.RaftNode [LEADER/1] - Raft node stopped: security-boundary-167146689968900
18:45:26.728 [ForkJoinPool-1-worker-1] DEBUG d.m.q.c.state.QuorusStateStore - Initializing default metadata: version=2.0
18:45:26.729 [vert.x-eventloop-thread-0] INFO  d.m.quorus.controller.raft.RaftNode - Starting Raft node: security-boundary-167147370678300
18:45:26.729 [vert.x-eventloop-thread-0] INFO  d.m.quorus.controller.raft.RaftNode [FOLLOWER/0] - No storage configured, running in volatile mode
18:45:26.729 [vert.x-eventloop-thread-0] INFO  d.m.q.c.r.InMemoryTransportSimulator [FOLLOWER/0] - Started in-memory transport for node: security-boundary-167147370678300
18:45:26.730 [vert.x-eventloop-thread-0] INFO  d.m.quorus.controller.raft.RaftNode [FOLLOWER/0] - Raft node security-boundary-167147370678300 started successfully (term=0, logSize=1)
18:45:27.089 [vert.x-eventloop-thread-0] INFO  d.m.quorus.controller.raft.RaftNode [FOLLOWER/0] - Starting election for node: security-boundary-167147370678300
18:45:27.089 [vert.x-eventloop-thread-0] DEBUG d.m.quorus.controller.raft.RaftNode [CANDIDATE/1] - Persisting raft metadata: term=1, votedForPresent=true, votedFor=security-boundary-167147370678300
18:45:27.089 [vert.x-eventloop-thread-0] INFO  d.m.quorus.controller.raft.RaftNode [LEADER/1] - Node security-boundary-167147370678300 became LEADER for term 1
18:45:27.089 [vert.x-eventloop-thread-0] INFO  d.m.quorus.controller.raft.RaftNode [LEADER/1] - Command submitted at index 1 term 1
18:45:27.089 [vert.x-eventloop-thread-0] DEBUG d.m.quorus.controller.raft.RaftNode [LEADER/1] - Committed leader no-op entry for term 1
18:45:27.104 [ForkJoinPool-1-worker-1] INFO  d.m.q.controller.config.AppConfig - Loaded configuration from quorus-controller.properties
18:45:27.105 [ForkJoinPool-1-worker-1] DEBUG d.m.q.controller.config.AppConfig - Optional configuration profile quorus-controller-test.properties not found
18:45:27.105 [ForkJoinPool-1-worker-1] INFO  d.m.q.controller.config.AppConfig - === Quorus Controller Configuration ===
18:45:27.105 [ForkJoinPool-1-worker-1] INFO  d.m.q.controller.config.AppConfig -   Node ID:              test-node
18:45:27.105 [ForkJoinPool-1-worker-1] INFO  d.m.q.controller.config.AppConfig -   HTTP Host:            127.0.0.1
18:45:27.105 [ForkJoinPool-1-worker-1] INFO  d.m.q.controller.config.AppConfig -   HTTP Port:            8080
18:45:27.105 [ForkJoinPool-1-worker-1] INFO  d.m.q.controller.config.AppConfig -   Raft Port:            9080
18:45:27.105 [ForkJoinPool-1-worker-1] INFO  d.m.q.controller.config.AppConfig -   Cluster Nodes:        test-node=localhost:9080
18:45:27.105 [ForkJoinPool-1-worker-1] INFO  d.m.q.controller.config.AppConfig -   Service Name:         quorus-controller
18:45:27.105 [ForkJoinPool-1-worker-1] INFO  d.m.q.controller.config.AppConfig -   Version:              2.0-ext
18:45:27.105 [ForkJoinPool-1-worker-1] INFO  d.m.q.controller.config.AppConfig -   --- Thread Pools ---
18:45:27.106 [ForkJoinPool-1-worker-1] INFO  d.m.q.controller.config.AppConfig -   Raft I/O Pool Size:   10
18:45:27.106 [ForkJoinPool-1-worker-1] INFO  d.m.q.controller.config.AppConfig -   Raft I/O Queue Size:  1000
18:45:27.106 [ForkJoinPool-1-worker-1] INFO  d.m.q.controller.config.AppConfig -   --- Job Assignment ---
18:45:27.106 [ForkJoinPool-1-worker-1] INFO  d.m.q.controller.config.AppConfig -   Initial Delay:        5000ms
18:45:27.106 [ForkJoinPool-1-worker-1] INFO  d.m.q.controller.config.AppConfig -   Assignment Interval:  10000ms
18:45:27.106 [ForkJoinPool-1-worker-1] INFO  d.m.q.controller.config.AppConfig -   Timeout Initial:      30000ms
18:45:27.106 [ForkJoinPool-1-worker-1] INFO  d.m.q.controller.config.AppConfig -   Timeout Interval:     30000ms
18:45:27.106 [ForkJoinPool-1-worker-1] INFO  d.m.q.controller.config.AppConfig -   --- Snapshot ---
18:45:27.106 [ForkJoinPool-1-worker-1] INFO  d.m.q.controller.config.AppConfig -   Enabled:              true
18:45:27.106 [ForkJoinPool-1-worker-1] INFO  d.m.q.controller.config.AppConfig -   Threshold:            10000 entries
18:45:27.106 [ForkJoinPool-1-worker-1] INFO  d.m.q.controller.config.AppConfig -   Check Interval:       60000ms
18:45:27.106 [ForkJoinPool-1-worker-1] INFO  d.m.q.controller.config.AppConfig -   --- Telemetry ---
18:45:27.106 [ForkJoinPool-1-worker-1] INFO  d.m.q.controller.config.AppConfig -   Enabled:              true
18:45:27.106 [ForkJoinPool-1-worker-1] INFO  d.m.q.controller.config.AppConfig -   OTLP Endpoint:        http://localhost:4317
18:45:27.106 [ForkJoinPool-1-worker-1] INFO  d.m.q.controller.config.AppConfig -   Prometheus Port:      9464
18:45:27.106 [ForkJoinPool-1-worker-1] INFO  d.m.q.controller.config.AppConfig -   Transfer Freshness:   60000ms
18:45:27.106 [ForkJoinPool-1-worker-1] INFO  d.m.q.controller.config.AppConfig -   Transfer Stall:       120000ms
18:45:27.106 [ForkJoinPool-1-worker-1] INFO  d.m.q.controller.config.AppConfig - ========================================
18:45:27.128 [vert.x-eventloop-thread-0] INFO  d.m.q.controller.http.HttpApiServer [LEADER/1] - HTTP API Server listening on 127.0.0.1:63276
18:45:27.169 [vert.x-eventloop-thread-0] INFO  d.m.quorus.controller.raft.RaftNode [LEADER/1] [req-9bf3fe54-d166-4862-a51e-fb1fa3c111cc] - Command submitted at index 2 term 1
18:45:27.169 [vert.x-eventloop-thread-0] DEBUG d.m.q.c.state.QuorusStateStore [LEADER/1] [req-9bf3fe54-d166-4862-a51e-fb1fa3c111cc] - Applying command: type=Set
18:45:27.170 [vert.x-eventloop-thread-0] DEBUG d.m.q.c.state.QuorusStateStore [LEADER/1] [req-9bf3fe54-d166-4862-a51e-fb1fa3c111cc] - Processing system metadata command: key=phase4.v2.secret-reference.bank.branch:ledger, type=Set
18:45:27.170 [vert.x-eventloop-thread-0] INFO  d.m.q.c.state.QuorusStateStore [LEADER/1] [req-9bf3fe54-d166-4862-a51e-fb1fa3c111cc] - Set system metadata: key=phase4.v2.secret-reference.bank.branch:ledger, valuePresent=true, replaced=false
18:45:27.170 [vert.x-eventloop-thread-0] DEBUG d.m.q.c.state.QuorusStateStore [LEADER/1] [req-9bf3fe54-d166-4862-a51e-fb1fa3c111cc] - Command applied successfully: type=Set, result=Success
18:45:27.170 [vert.x-eventloop-thread-0] INFO  d.m.quorus.controller.raft.RaftNode [LEADER/1] [req-9bf3fe54-d166-4862-a51e-fb1fa3c111cc] - Command submitted at index 3 term 1
18:45:27.170 [vert.x-eventloop-thread-0] DEBUG d.m.q.c.state.QuorusStateStore [LEADER/1] [req-9bf3fe54-d166-4862-a51e-fb1fa3c111cc] - Applying command: type=Set
18:45:27.170 [vert.x-eventloop-thread-0] DEBUG d.m.q.c.state.QuorusStateStore [LEADER/1] [req-9bf3fe54-d166-4862-a51e-fb1fa3c111cc] - Processing system metadata command: key=phase4.v2.security-event.bank.branch:1788605127170.7b08d2c3-0422-454c-bbfc-9e5e70db9fbd, type=Set
18:45:27.170 [vert.x-eventloop-thread-0] INFO  d.m.q.c.state.QuorusStateStore [LEADER/1] [req-9bf3fe54-d166-4862-a51e-fb1fa3c111cc] - Set system metadata: key=phase4.v2.security-event.bank.branch:1788605127170.7b08d2c3-0422-454c-bbfc-9e5e70db9fbd, valuePresent=true, replaced=false
18:45:27.170 [vert.x-eventloop-thread-0] DEBUG d.m.q.c.state.QuorusStateStore [LEADER/1] [req-9bf3fe54-d166-4862-a51e-fb1fa3c111cc] - Command applied successfully: type=Set, result=Success
18:45:27.176 [vert.x-eventloop-thread-0] INFO  d.m.quorus.controller.raft.RaftNode [LEADER/1] [req-5667627e-e9ff-4208-904c-681ad763de2e] - Command submitted at index 4 term 1
18:45:27.176 [vert.x-eventloop-thread-0] DEBUG d.m.q.c.state.QuorusStateStore [LEADER/1] [req-5667627e-e9ff-4208-904c-681ad763de2e] - Applying command: type=Set
18:45:27.176 [vert.x-eventloop-thread-0] DEBUG d.m.q.c.state.QuorusStateStore [LEADER/1] [req-5667627e-e9ff-4208-904c-681ad763de2e] - Processing system metadata command: key=phase4.v2.service-connection.bank.branch:ledger, type=Set
18:45:27.176 [vert.x-eventloop-thread-0] INFO  d.m.q.c.state.QuorusStateStore [LEADER/1] [req-5667627e-e9ff-4208-904c-681ad763de2e] - Set system metadata: key=phase4.v2.service-connection.bank.branch:ledger, valuePresent=true, replaced=false
18:45:27.176 [vert.x-eventloop-thread-0] DEBUG d.m.q.c.state.QuorusStateStore [LEADER/1] [req-5667627e-e9ff-4208-904c-681ad763de2e] - Command applied successfully: type=Set, result=Success
18:45:27.177 [vert.x-eventloop-thread-0] INFO  d.m.quorus.controller.raft.RaftNode [LEADER/1] [req-5667627e-e9ff-4208-904c-681ad763de2e] - Command submitted at index 5 term 1
18:45:27.177 [vert.x-eventloop-thread-0] DEBUG d.m.q.c.state.QuorusStateStore [LEADER/1] [req-5667627e-e9ff-4208-904c-681ad763de2e] - Applying command: type=Set
18:45:27.177 [vert.x-eventloop-thread-0] DEBUG d.m.q.c.state.QuorusStateStore [LEADER/1] [req-5667627e-e9ff-4208-904c-681ad763de2e] - Processing system metadata command: key=phase4.v2.security-event.bank.branch:1788605127176.57f4c356-5b3d-4be2-b02c-b63ac5aac7c1, type=Set
18:45:27.177 [vert.x-eventloop-thread-0] INFO  d.m.q.c.state.QuorusStateStore [LEADER/1] [req-5667627e-e9ff-4208-904c-681ad763de2e] - Set system metadata: key=phase4.v2.security-event.bank.branch:1788605127176.57f4c356-5b3d-4be2-b02c-b63ac5aac7c1, valuePresent=true, replaced=false
18:45:27.177 [vert.x-eventloop-thread-0] DEBUG d.m.q.c.state.QuorusStateStore [LEADER/1] [req-5667627e-e9ff-4208-904c-681ad763de2e] - Command applied successfully: type=Set, result=Success
18:45:27.182 [vert.x-eventloop-thread-0] INFO  d.m.quorus.controller.raft.RaftNode [LEADER/1] [req-a9e228a2-35be-49f7-ac62-395e554e7feb] - Command submitted at index 6 term 1
18:45:27.182 [vert.x-eventloop-thread-0] DEBUG d.m.q.c.state.QuorusStateStore [LEADER/1] [req-a9e228a2-35be-49f7-ac62-395e554e7feb] - Applying command: type=Set
18:45:27.182 [vert.x-eventloop-thread-0] DEBUG d.m.q.c.state.QuorusStateStore [LEADER/1] [req-a9e228a2-35be-49f7-ac62-395e554e7feb] - Processing system metadata command: key=phase4.v2.secret-reference.bank:own-secret, type=Set
18:45:27.182 [vert.x-eventloop-thread-0] INFO  d.m.q.c.state.QuorusStateStore [LEADER/1] [req-a9e228a2-35be-49f7-ac62-395e554e7feb] - Set system metadata: key=phase4.v2.secret-reference.bank:own-secret, valuePresent=true, replaced=false
18:45:27.182 [vert.x-eventloop-thread-0] DEBUG d.m.q.c.state.QuorusStateStore [LEADER/1] [req-a9e228a2-35be-49f7-ac62-395e554e7feb] - Command applied successfully: type=Set, result=Success
18:45:27.182 [vert.x-eventloop-thread-0] INFO  d.m.quorus.controller.raft.RaftNode [LEADER/1] [req-a9e228a2-35be-49f7-ac62-395e554e7feb] - Command submitted at index 7 term 1
18:45:27.182 [vert.x-eventloop-thread-0] DEBUG d.m.q.c.state.QuorusStateStore [LEADER/1] [req-a9e228a2-35be-49f7-ac62-395e554e7feb] - Applying command: type=Set
18:45:27.182 [vert.x-eventloop-thread-0] DEBUG d.m.q.c.state.QuorusStateStore [LEADER/1] [req-a9e228a2-35be-49f7-ac62-395e554e7feb] - Processing system metadata command: key=phase4.v2.security-event.bank:1788605127182.f7ff54e7-1c7f-4071-9529-43c88377c8b6, type=Set
18:45:27.182 [vert.x-eventloop-thread-0] INFO  d.m.q.c.state.QuorusStateStore [LEADER/1] [req-a9e228a2-35be-49f7-ac62-395e554e7feb] - Set system metadata: key=phase4.v2.security-event.bank:1788605127182.f7ff54e7-1c7f-4071-9529-43c88377c8b6, valuePresent=true, replaced=false
18:45:27.182 [vert.x-eventloop-thread-0] DEBUG d.m.q.c.state.QuorusStateStore [LEADER/1] [req-a9e228a2-35be-49f7-ac62-395e554e7feb] - Command applied successfully: type=Set, result=Success
18:45:27.187 [vert.x-eventloop-thread-0] WARN  d.m.q.c.http.GlobalErrorHandler [LEADER/1] [req-18d4abf8-5eda-42f9-a84f-4e9ea97e0f5d] - Client error [NOT_FOUND] at /api/v1/service-connections/branch.ledger: Service connection not found
18:45:27.191 [vert.x-eventloop-thread-0] INFO  d.m.q.controller.http.HttpApiServer [LEADER/1] - HTTP API Server stopped
18:45:27.191 [vert.x-eventloop-thread-0] INFO  d.m.q.c.r.InMemoryTransportSimulator [LEADER/1] - Stopped in-memory transport for node: security-boundary-167147370678300
18:45:27.191 [vert.x-eventloop-thread-0] INFO  d.m.quorus.controller.raft.RaftNode [LEADER/1] - Raft node stopped: security-boundary-167147370678300
18:45:27.285 [ForkJoinPool-1-worker-1] DEBUG d.m.q.c.state.QuorusStateStore - Initializing default metadata: version=2.0
18:45:27.286 [vert.x-eventloop-thread-0] INFO  d.m.quorus.controller.raft.RaftNode - Starting Raft node: security-boundary-167147928041200
18:45:27.286 [vert.x-eventloop-thread-0] INFO  d.m.quorus.controller.raft.RaftNode [FOLLOWER/0] - No storage configured, running in volatile mode
18:45:27.286 [vert.x-eventloop-thread-0] INFO  d.m.q.c.r.InMemoryTransportSimulator [FOLLOWER/0] - Started in-memory transport for node: security-boundary-167147928041200
18:45:27.286 [vert.x-eventloop-thread-0] INFO  d.m.quorus.controller.raft.RaftNode [FOLLOWER/0] - Raft node security-boundary-167147928041200 started successfully (term=0, logSize=1)
18:45:27.634 [vert.x-eventloop-thread-0] INFO  d.m.quorus.controller.raft.RaftNode [FOLLOWER/0] - Starting election for node: security-boundary-167147928041200
18:45:27.634 [vert.x-eventloop-thread-0] DEBUG d.m.quorus.controller.raft.RaftNode [CANDIDATE/1] - Persisting raft metadata: term=1, votedForPresent=true, votedFor=security-boundary-167147928041200
18:45:27.634 [vert.x-eventloop-thread-0] INFO  d.m.quorus.controller.raft.RaftNode [LEADER/1] - Node security-boundary-167147928041200 became LEADER for term 1
18:45:27.634 [vert.x-eventloop-thread-0] INFO  d.m.quorus.controller.raft.RaftNode [LEADER/1] - Command submitted at index 1 term 1
18:45:27.634 [vert.x-eventloop-thread-0] DEBUG d.m.quorus.controller.raft.RaftNode [LEADER/1] - Committed leader no-op entry for term 1
18:45:27.636 [ForkJoinPool-1-worker-1] INFO  d.m.q.controller.config.AppConfig - Loaded configuration from quorus-controller.properties
18:45:27.636 [ForkJoinPool-1-worker-1] DEBUG d.m.q.controller.config.AppConfig - Optional configuration profile quorus-controller-test.properties not found
18:45:27.636 [ForkJoinPool-1-worker-1] INFO  d.m.q.controller.config.AppConfig - === Quorus Controller Configuration ===
18:45:27.636 [ForkJoinPool-1-worker-1] INFO  d.m.q.controller.config.AppConfig -   Node ID:              test-node
18:45:27.636 [ForkJoinPool-1-worker-1] INFO  d.m.q.controller.config.AppConfig -   HTTP Host:            127.0.0.1
18:45:27.636 [ForkJoinPool-1-worker-1] INFO  d.m.q.controller.config.AppConfig -   HTTP Port:            8080
18:45:27.636 [ForkJoinPool-1-worker-1] INFO  d.m.q.controller.config.AppConfig -   Raft Port:            9080
18:45:27.636 [ForkJoinPool-1-worker-1] INFO  d.m.q.controller.config.AppConfig -   Cluster Nodes:        test-node=localhost:9080
18:45:27.636 [ForkJoinPool-1-worker-1] INFO  d.m.q.controller.config.AppConfig -   Service Name:         quorus-controller
18:45:27.636 [ForkJoinPool-1-worker-1] INFO  d.m.q.controller.config.AppConfig -   Version:              2.0-ext
18:45:27.636 [ForkJoinPool-1-worker-1] INFO  d.m.q.controller.config.AppConfig -   --- Thread Pools ---
18:45:27.636 [ForkJoinPool-1-worker-1] INFO  d.m.q.controller.config.AppConfig -   Raft I/O Pool Size:   10
18:45:27.636 [ForkJoinPool-1-worker-1] INFO  d.m.q.controller.config.AppConfig -   Raft I/O Queue Size:  1000
18:45:27.636 [ForkJoinPool-1-worker-1] INFO  d.m.q.controller.config.AppConfig -   --- Job Assignment ---
18:45:27.636 [ForkJoinPool-1-worker-1] INFO  d.m.q.controller.config.AppConfig -   Initial Delay:        5000ms
18:45:27.636 [ForkJoinPool-1-worker-1] INFO  d.m.q.controller.config.AppConfig -   Assignment Interval:  10000ms
18:45:27.636 [ForkJoinPool-1-worker-1] INFO  d.m.q.controller.config.AppConfig -   Timeout Initial:      30000ms
18:45:27.636 [ForkJoinPool-1-worker-1] INFO  d.m.q.controller.config.AppConfig -   Timeout Interval:     30000ms
18:45:27.636 [ForkJoinPool-1-worker-1] INFO  d.m.q.controller.config.AppConfig -   --- Snapshot ---
18:45:27.636 [ForkJoinPool-1-worker-1] INFO  d.m.q.controller.config.AppConfig -   Enabled:              true
18:45:27.636 [ForkJoinPool-1-worker-1] INFO  d.m.q.controller.config.AppConfig -   Threshold:            10000 entries
18:45:27.636 [ForkJoinPool-1-worker-1] INFO  d.m.q.controller.config.AppConfig -   Check Interval:       60000ms
18:45:27.636 [ForkJoinPool-1-worker-1] INFO  d.m.q.controller.config.AppConfig -   --- Telemetry ---
18:45:27.636 [ForkJoinPool-1-worker-1] INFO  d.m.q.controller.config.AppConfig -   Enabled:              true
18:45:27.636 [ForkJoinPool-1-worker-1] INFO  d.m.q.controller.config.AppConfig -   OTLP Endpoint:        http://localhost:4317
18:45:27.636 [ForkJoinPool-1-worker-1] INFO  d.m.q.controller.config.AppConfig -   Prometheus Port:      9464
18:45:27.636 [ForkJoinPool-1-worker-1] INFO  d.m.q.controller.config.AppConfig -   Transfer Freshness:   60000ms
18:45:27.636 [ForkJoinPool-1-worker-1] INFO  d.m.q.controller.config.AppConfig -   Transfer Stall:       120000ms
18:45:27.636 [ForkJoinPool-1-worker-1] INFO  d.m.q.controller.config.AppConfig - ========================================
18:45:27.660 [vert.x-eventloop-thread-0] INFO  d.m.q.controller.http.HttpApiServer [LEADER/1] - HTTP API Server listening on 127.0.0.1:63998
18:45:27.710 [vert.x-eventloop-thread-0] INFO  d.m.quorus.controller.raft.RaftNode [LEADER/1] [req-bc13a106-52e7-4008-a4ca-0fbc1074b670] - Command submitted at index 2 term 1
18:45:27.711 [vert.x-eventloop-thread-0] DEBUG d.m.q.c.state.QuorusStateStore [LEADER/1] [req-bc13a106-52e7-4008-a4ca-0fbc1074b670] - Applying command: type=Set
18:45:27.711 [vert.x-eventloop-thread-0] DEBUG d.m.q.c.state.QuorusStateStore [LEADER/1] [req-bc13a106-52e7-4008-a4ca-0fbc1074b670] - Processing system metadata command: key=phase4.v2.secret-reference.bank.branch:ledger, type=Set
18:45:27.711 [vert.x-eventloop-thread-0] INFO  d.m.q.c.state.QuorusStateStore [LEADER/1] [req-bc13a106-52e7-4008-a4ca-0fbc1074b670] - Set system metadata: key=phase4.v2.secret-reference.bank.branch:ledger, valuePresent=true, replaced=false
18:45:27.711 [vert.x-eventloop-thread-0] DEBUG d.m.q.c.state.QuorusStateStore [LEADER/1] [req-bc13a106-52e7-4008-a4ca-0fbc1074b670] - Command applied successfully: type=Set, result=Success
18:45:27.712 [vert.x-eventloop-thread-0] INFO  d.m.quorus.controller.raft.RaftNode [LEADER/1] [req-bc13a106-52e7-4008-a4ca-0fbc1074b670] - Command submitted at index 3 term 1
18:45:27.712 [vert.x-eventloop-thread-0] DEBUG d.m.q.c.state.QuorusStateStore [LEADER/1] [req-bc13a106-52e7-4008-a4ca-0fbc1074b670] - Applying command: type=Set
18:45:27.712 [vert.x-eventloop-thread-0] DEBUG d.m.q.c.state.QuorusStateStore [LEADER/1] [req-bc13a106-52e7-4008-a4ca-0fbc1074b670] - Processing system metadata command: key=phase4.v2.security-event.bank.branch:1788605127711.11958dea-3b99-443c-833f-1a9b904db03d, type=Set
18:45:27.712 [vert.x-eventloop-thread-0] INFO  d.m.q.c.state.QuorusStateStore [LEADER/1] [req-bc13a106-52e7-4008-a4ca-0fbc1074b670] - Set system metadata: key=phase4.v2.security-event.bank.branch:1788605127711.11958dea-3b99-443c-833f-1a9b904db03d, valuePresent=true, replaced=false
18:45:27.712 [vert.x-eventloop-thread-0] DEBUG d.m.q.c.state.QuorusStateStore [LEADER/1] [req-bc13a106-52e7-4008-a4ca-0fbc1074b670] - Command applied successfully: type=Set, result=Success
18:45:27.722 [vert.x-eventloop-thread-0] INFO  d.m.q.controller.http.HttpApiServer [LEADER/1] - HTTP API Server stopped
18:45:27.723 [vert.x-eventloop-thread-0] INFO  d.m.q.c.r.InMemoryTransportSimulator [LEADER/1] - Stopped in-memory transport for node: security-boundary-167147928041200
18:45:27.723 [vert.x-eventloop-thread-0] INFO  d.m.quorus.controller.raft.RaftNode [LEADER/1] - Raft node stopped: security-boundary-167147928041200
18:45:27.792 [ForkJoinPool-1-worker-1] DEBUG d.m.q.c.state.QuorusStateStore - Initializing default metadata: version=2.0
18:45:27.793 [vert.x-eventloop-thread-0] INFO  d.m.quorus.controller.raft.RaftNode - Starting Raft node: security-boundary-167148435221500
18:45:27.793 [vert.x-eventloop-thread-0] INFO  d.m.quorus.controller.raft.RaftNode [FOLLOWER/0] - No storage configured, running in volatile mode
18:45:27.793 [vert.x-eventloop-thread-0] INFO  d.m.q.c.r.InMemoryTransportSimulator [FOLLOWER/0] - Started in-memory transport for node: security-boundary-167148435221500
18:45:27.793 [vert.x-eventloop-thread-0] INFO  d.m.quorus.controller.raft.RaftNode [FOLLOWER/0] - Raft node security-boundary-167148435221500 started successfully (term=0, logSize=1)
18:45:28.179 [vert.x-eventloop-thread-0] INFO  d.m.quorus.controller.raft.RaftNode [FOLLOWER/0] - Starting election for node: security-boundary-167148435221500
18:45:28.179 [vert.x-eventloop-thread-0] DEBUG d.m.quorus.controller.raft.RaftNode [CANDIDATE/1] - Persisting raft metadata: term=1, votedForPresent=true, votedFor=security-boundary-167148435221500
18:45:28.179 [vert.x-eventloop-thread-0] INFO  d.m.quorus.controller.raft.RaftNode [LEADER/1] - Node security-boundary-167148435221500 became LEADER for term 1
18:45:28.179 [vert.x-eventloop-thread-0] INFO  d.m.quorus.controller.raft.RaftNode [LEADER/1] - Command submitted at index 1 term 1
18:45:28.180 [vert.x-eventloop-thread-0] DEBUG d.m.quorus.controller.raft.RaftNode [LEADER/1] - Committed leader no-op entry for term 1
18:45:28.180 [ForkJoinPool-1-worker-1] INFO  d.m.q.controller.config.AppConfig - Loaded configuration from quorus-controller.properties
18:45:28.181 [ForkJoinPool-1-worker-1] DEBUG d.m.q.controller.config.AppConfig - Optional configuration profile quorus-controller-test.properties not found
18:45:28.181 [ForkJoinPool-1-worker-1] INFO  d.m.q.controller.config.AppConfig - === Quorus Controller Configuration ===
18:45:28.181 [ForkJoinPool-1-worker-1] INFO  d.m.q.controller.config.AppConfig -   Node ID:              test-node
18:45:28.181 [ForkJoinPool-1-worker-1] INFO  d.m.q.controller.config.AppConfig -   HTTP Host:            127.0.0.1
18:45:28.181 [ForkJoinPool-1-worker-1] INFO  d.m.q.controller.config.AppConfig -   HTTP Port:            8080
18:45:28.181 [ForkJoinPool-1-worker-1] INFO  d.m.q.controller.config.AppConfig -   Raft Port:            9080
18:45:28.181 [ForkJoinPool-1-worker-1] INFO  d.m.q.controller.config.AppConfig -   Cluster Nodes:        test-node=localhost:9080
18:45:28.181 [ForkJoinPool-1-worker-1] INFO  d.m.q.controller.config.AppConfig -   Service Name:         quorus-controller
18:45:28.181 [ForkJoinPool-1-worker-1] INFO  d.m.q.controller.config.AppConfig -   Version:              2.0-ext
18:45:28.181 [ForkJoinPool-1-worker-1] INFO  d.m.q.controller.config.AppConfig -   --- Thread Pools ---
18:45:28.181 [ForkJoinPool-1-worker-1] INFO  d.m.q.controller.config.AppConfig -   Raft I/O Pool Size:   10
18:45:28.181 [ForkJoinPool-1-worker-1] INFO  d.m.q.controller.config.AppConfig -   Raft I/O Queue Size:  1000
18:45:28.181 [ForkJoinPool-1-worker-1] INFO  d.m.q.controller.config.AppConfig -   --- Job Assignment ---
18:45:28.181 [ForkJoinPool-1-worker-1] INFO  d.m.q.controller.config.AppConfig -   Initial Delay:        5000ms
18:45:28.181 [ForkJoinPool-1-worker-1] INFO  d.m.q.controller.config.AppConfig -   Assignment Interval:  10000ms
18:45:28.181 [ForkJoinPool-1-worker-1] INFO  d.m.q.controller.config.AppConfig -   Timeout Initial:      30000ms
18:45:28.181 [ForkJoinPool-1-worker-1] INFO  d.m.q.controller.config.AppConfig -   Timeout Interval:     30000ms
18:45:28.181 [ForkJoinPool-1-worker-1] INFO  d.m.q.controller.config.AppConfig -   --- Snapshot ---
18:45:28.181 [ForkJoinPool-1-worker-1] INFO  d.m.q.controller.config.AppConfig -   Enabled:              true
18:45:28.181 [ForkJoinPool-1-worker-1] INFO  d.m.q.controller.config.AppConfig -   Threshold:            10000 entries
18:45:28.181 [ForkJoinPool-1-worker-1] INFO  d.m.q.controller.config.AppConfig -   Check Interval:       60000ms
18:45:28.181 [ForkJoinPool-1-worker-1] INFO  d.m.q.controller.config.AppConfig -   --- Telemetry ---
18:45:28.181 [ForkJoinPool-1-worker-1] INFO  d.m.q.controller.config.AppConfig -   Enabled:              true
18:45:28.181 [ForkJoinPool-1-worker-1] INFO  d.m.q.controller.config.AppConfig -   OTLP Endpoint:        http://localhost:4317
18:45:28.181 [ForkJoinPool-1-worker-1] INFO  d.m.q.controller.config.AppConfig -   Prometheus Port:      9464
18:45:28.181 [ForkJoinPool-1-worker-1] INFO  d.m.q.controller.config.AppConfig -   Transfer Freshness:   60000ms
18:45:28.181 [ForkJoinPool-1-worker-1] INFO  d.m.q.controller.config.AppConfig -   Transfer Stall:       120000ms
18:45:28.181 [ForkJoinPool-1-worker-1] INFO  d.m.q.controller.config.AppConfig - ========================================
18:45:28.204 [vert.x-eventloop-thread-0] INFO  d.m.q.controller.http.HttpApiServer [LEADER/1] - HTTP API Server listening on 127.0.0.1:64000
18:45:28.248 [vert.x-eventloop-thread-0] WARN  d.m.q.c.s.AuthenticationHandler [LEADER/1] [req-cce9b446-488b-4ff8-a5b3-e39248420321] - Authentication denied: code=Q-AUTHN-CERTIFICATE-REVOKED, method=GET, path=/api/v1/security/me
18:45:28.249 [vert.x-eventloop-thread-0] WARN  d.m.q.c.http.GlobalErrorHandler [LEADER/1] [req-cce9b446-488b-4ff8-a5b3-e39248420321] - Client error [UNAUTHORIZED] at /api/v1/security/me: Client certificate is revoked
18:45:28.252 [vert.x-eventloop-thread-0] INFO  d.m.q.controller.http.HttpApiServer [LEADER/1] - HTTP API Server stopped
18:45:28.253 [vert.x-eventloop-thread-0] INFO  d.m.q.c.r.InMemoryTransportSimulator [LEADER/1] - Stopped in-memory transport for node: security-boundary-167148435221500
18:45:28.253 [vert.x-eventloop-thread-0] INFO  d.m.quorus.controller.raft.RaftNode [LEADER/1] - Raft node stopped: security-boundary-167148435221500
18:45:28.323 [ForkJoinPool-1-worker-1] DEBUG d.m.q.c.state.QuorusStateStore - Initializing default metadata: version=2.0
18:45:28.324 [vert.x-eventloop-thread-0] INFO  d.m.quorus.controller.raft.RaftNode - Starting Raft node: security-boundary-167148966071000
18:45:28.324 [vert.x-eventloop-thread-0] INFO  d.m.quorus.controller.raft.RaftNode [FOLLOWER/0] - No storage configured, running in volatile mode
18:45:28.324 [vert.x-eventloop-thread-0] INFO  d.m.q.c.r.InMemoryTransportSimulator [FOLLOWER/0] - Started in-memory transport for node: security-boundary-167148966071000
18:45:28.324 [vert.x-eventloop-thread-0] INFO  d.m.quorus.controller.raft.RaftNode [FOLLOWER/0] - Raft node security-boundary-167148966071000 started successfully (term=0, logSize=1)
18:45:28.722 [vert.x-eventloop-thread-0] INFO  d.m.quorus.controller.raft.RaftNode [FOLLOWER/0] - Starting election for node: security-boundary-167148966071000
18:45:28.722 [vert.x-eventloop-thread-0] DEBUG d.m.quorus.controller.raft.RaftNode [CANDIDATE/1] - Persisting raft metadata: term=1, votedForPresent=true, votedFor=security-boundary-167148966071000
18:45:28.722 [vert.x-eventloop-thread-0] INFO  d.m.quorus.controller.raft.RaftNode [LEADER/1] - Node security-boundary-167148966071000 became LEADER for term 1
18:45:28.722 [vert.x-eventloop-thread-0] INFO  d.m.quorus.controller.raft.RaftNode [LEADER/1] - Command submitted at index 1 term 1
18:45:28.722 [vert.x-eventloop-thread-0] DEBUG d.m.quorus.controller.raft.RaftNode [LEADER/1] - Committed leader no-op entry for term 1
18:45:28.738 [ForkJoinPool-1-worker-1] INFO  d.m.q.controller.config.AppConfig - Loaded configuration from quorus-controller.properties
18:45:28.739 [ForkJoinPool-1-worker-1] DEBUG d.m.q.controller.config.AppConfig - Optional configuration profile quorus-controller-test.properties not found
18:45:28.739 [ForkJoinPool-1-worker-1] INFO  d.m.q.controller.config.AppConfig - === Quorus Controller Configuration ===
18:45:28.739 [ForkJoinPool-1-worker-1] INFO  d.m.q.controller.config.AppConfig -   Node ID:              test-node
18:45:28.739 [ForkJoinPool-1-worker-1] INFO  d.m.q.controller.config.AppConfig -   HTTP Host:            127.0.0.1
18:45:28.739 [ForkJoinPool-1-worker-1] INFO  d.m.q.controller.config.AppConfig -   HTTP Port:            8080
18:45:28.739 [ForkJoinPool-1-worker-1] INFO  d.m.q.controller.config.AppConfig -   Raft Port:            9080
18:45:28.739 [ForkJoinPool-1-worker-1] INFO  d.m.q.controller.config.AppConfig -   Cluster Nodes:        test-node=localhost:9080
18:45:28.739 [ForkJoinPool-1-worker-1] INFO  d.m.q.controller.config.AppConfig -   Service Name:         quorus-controller
18:45:28.739 [ForkJoinPool-1-worker-1] INFO  d.m.q.controller.config.AppConfig -   Version:              2.0-ext
18:45:28.739 [ForkJoinPool-1-worker-1] INFO  d.m.q.controller.config.AppConfig -   --- Thread Pools ---
18:45:28.739 [ForkJoinPool-1-worker-1] INFO  d.m.q.controller.config.AppConfig -   Raft I/O Pool Size:   10
18:45:28.739 [ForkJoinPool-1-worker-1] INFO  d.m.q.controller.config.AppConfig -   Raft I/O Queue Size:  1000
18:45:28.739 [ForkJoinPool-1-worker-1] INFO  d.m.q.controller.config.AppConfig -   --- Job Assignment ---
18:45:28.739 [ForkJoinPool-1-worker-1] INFO  d.m.q.controller.config.AppConfig -   Initial Delay:        5000ms
18:45:28.739 [ForkJoinPool-1-worker-1] INFO  d.m.q.controller.config.AppConfig -   Assignment Interval:  10000ms
18:45:28.739 [ForkJoinPool-1-worker-1] INFO  d.m.q.controller.config.AppConfig -   Timeout Initial:      30000ms
18:45:28.739 [ForkJoinPool-1-worker-1] INFO  d.m.q.controller.config.AppConfig -   Timeout Interval:     30000ms
18:45:28.740 [ForkJoinPool-1-worker-1] INFO  d.m.q.controller.config.AppConfig -   --- Snapshot ---
18:45:28.740 [ForkJoinPool-1-worker-1] INFO  d.m.q.controller.config.AppConfig -   Enabled:              true
18:45:28.740 [ForkJoinPool-1-worker-1] INFO  d.m.q.controller.config.AppConfig -   Threshold:            10000 entries
18:45:28.740 [ForkJoinPool-1-worker-1] INFO  d.m.q.controller.config.AppConfig -   Check Interval:       60000ms
18:45:28.740 [ForkJoinPool-1-worker-1] INFO  d.m.q.controller.config.AppConfig -   --- Telemetry ---
18:45:28.740 [ForkJoinPool-1-worker-1] INFO  d.m.q.controller.config.AppConfig -   Enabled:              true
18:45:28.740 [ForkJoinPool-1-worker-1] INFO  d.m.q.controller.config.AppConfig -   OTLP Endpoint:        http://localhost:4317
18:45:28.740 [ForkJoinPool-1-worker-1] INFO  d.m.q.controller.config.AppConfig -   Prometheus Port:      9464
18:45:28.740 [ForkJoinPool-1-worker-1] INFO  d.m.q.controller.config.AppConfig -   Transfer Freshness:   60000ms
18:45:28.740 [ForkJoinPool-1-worker-1] INFO  d.m.q.controller.config.AppConfig -   Transfer Stall:       120000ms
18:45:28.740 [ForkJoinPool-1-worker-1] INFO  d.m.q.controller.config.AppConfig - ========================================
18:45:28.760 [vert.x-eventloop-thread-0] INFO  d.m.q.controller.http.HttpApiServer [LEADER/1] - HTTP API Server listening on 127.0.0.1:64002
18:45:28.807 [vert.x-eventloop-thread-0] WARN  d.m.q.c.s.AuthenticationHandler [LEADER/1] [req-42cdfeef-ed06-4e1c-95be-0f00fa5617b0] - Authentication denied: code=Q-AUTHN-IDENTITY-EXPIRED, method=GET, path=/api/v1/security/me
18:45:28.807 [vert.x-eventloop-thread-0] WARN  d.m.q.c.http.GlobalErrorHandler [LEADER/1] [req-42cdfeef-ed06-4e1c-95be-0f00fa5617b0] - Client error [UNAUTHORIZED] at /api/v1/security/me: Identity assertion has expired
18:45:28.809 [vert.x-eventloop-thread-0] WARN  d.m.q.c.s.AuthenticationHandler [LEADER/1] [req-85c4e9ee-d605-4aa0-a104-dc5decb0b143] - Authentication denied: code=Q-AUTHN-ASSERTION-INVALID, method=GET, path=/api/v1/security/me
18:45:28.809 [vert.x-eventloop-thread-0] WARN  d.m.q.c.http.GlobalErrorHandler [LEADER/1] [req-85c4e9ee-d605-4aa0-a104-dc5decb0b143] - Client error [UNAUTHORIZED] at /api/v1/security/me: Trusted identity assertion is incomplete or invalid
18:45:28.812 [vert.x-eventloop-thread-0] INFO  d.m.q.controller.http.HttpApiServer [LEADER/1] - HTTP API Server stopped
18:45:28.812 [vert.x-eventloop-thread-0] INFO  d.m.q.c.r.InMemoryTransportSimulator [LEADER/1] - Stopped in-memory transport for node: security-boundary-167148966071000
18:45:28.812 [vert.x-eventloop-thread-0] INFO  d.m.quorus.controller.raft.RaftNode [LEADER/1] - Raft node stopped: security-boundary-167148966071000
18:45:28.880 [ForkJoinPool-1-worker-1] DEBUG d.m.q.c.state.QuorusStateStore - Initializing default metadata: version=2.0
18:45:28.881 [vert.x-eventloop-thread-0] INFO  d.m.quorus.controller.raft.RaftNode - Starting Raft node: security-boundary-167149522949900
18:45:28.881 [vert.x-eventloop-thread-0] INFO  d.m.quorus.controller.raft.RaftNode [FOLLOWER/0] - No storage configured, running in volatile mode
18:45:28.881 [vert.x-eventloop-thread-0] INFO  d.m.q.c.r.InMemoryTransportSimulator [FOLLOWER/0] - Started in-memory transport for node: security-boundary-167149522949900
18:45:28.881 [vert.x-eventloop-thread-0] INFO  d.m.quorus.controller.raft.RaftNode [FOLLOWER/0] - Raft node security-boundary-167149522949900 started successfully (term=0, logSize=1)
18:45:29.247 [vert.x-eventloop-thread-0] INFO  d.m.quorus.controller.raft.RaftNode [FOLLOWER/0] - Starting election for node: security-boundary-167149522949900
18:45:29.247 [vert.x-eventloop-thread-0] DEBUG d.m.quorus.controller.raft.RaftNode [CANDIDATE/1] - Persisting raft metadata: term=1, votedForPresent=true, votedFor=security-boundary-167149522949900
18:45:29.247 [vert.x-eventloop-thread-0] INFO  d.m.quorus.controller.raft.RaftNode [LEADER/1] - Node security-boundary-167149522949900 became LEADER for term 1
18:45:29.247 [vert.x-eventloop-thread-0] INFO  d.m.quorus.controller.raft.RaftNode [LEADER/1] - Command submitted at index 1 term 1
18:45:29.247 [vert.x-eventloop-thread-0] DEBUG d.m.quorus.controller.raft.RaftNode [LEADER/1] - Committed leader no-op entry for term 1
18:45:29.249 [ForkJoinPool-1-worker-1] INFO  d.m.q.controller.config.AppConfig - Loaded configuration from quorus-controller.properties
18:45:29.250 [ForkJoinPool-1-worker-1] DEBUG d.m.q.controller.config.AppConfig - Optional configuration profile quorus-controller-test.properties not found
18:45:29.250 [ForkJoinPool-1-worker-1] INFO  d.m.q.controller.config.AppConfig - === Quorus Controller Configuration ===
18:45:29.250 [ForkJoinPool-1-worker-1] INFO  d.m.q.controller.config.AppConfig -   Node ID:              test-node
18:45:29.250 [ForkJoinPool-1-worker-1] INFO  d.m.q.controller.config.AppConfig -   HTTP Host:            127.0.0.1
18:45:29.250 [ForkJoinPool-1-worker-1] INFO  d.m.q.controller.config.AppConfig -   HTTP Port:            8080
18:45:29.250 [ForkJoinPool-1-worker-1] INFO  d.m.q.controller.config.AppConfig -   Raft Port:            9080
18:45:29.250 [ForkJoinPool-1-worker-1] INFO  d.m.q.controller.config.AppConfig -   Cluster Nodes:        test-node=localhost:9080
18:45:29.250 [ForkJoinPool-1-worker-1] INFO  d.m.q.controller.config.AppConfig -   Service Name:         quorus-controller
18:45:29.250 [ForkJoinPool-1-worker-1] INFO  d.m.q.controller.config.AppConfig -   Version:              2.0-ext
18:45:29.250 [ForkJoinPool-1-worker-1] INFO  d.m.q.controller.config.AppConfig -   --- Thread Pools ---
18:45:29.250 [ForkJoinPool-1-worker-1] INFO  d.m.q.controller.config.AppConfig -   Raft I/O Pool Size:   10
18:45:29.250 [ForkJoinPool-1-worker-1] INFO  d.m.q.controller.config.AppConfig -   Raft I/O Queue Size:  1000
18:45:29.250 [ForkJoinPool-1-worker-1] INFO  d.m.q.controller.config.AppConfig -   --- Job Assignment ---
18:45:29.250 [ForkJoinPool-1-worker-1] INFO  d.m.q.controller.config.AppConfig -   Initial Delay:        5000ms
18:45:29.250 [ForkJoinPool-1-worker-1] INFO  d.m.q.controller.config.AppConfig -   Assignment Interval:  10000ms
18:45:29.250 [ForkJoinPool-1-worker-1] INFO  d.m.q.controller.config.AppConfig -   Timeout Initial:      30000ms
18:45:29.250 [ForkJoinPool-1-worker-1] INFO  d.m.q.controller.config.AppConfig -   Timeout Interval:     30000ms
18:45:29.250 [ForkJoinPool-1-worker-1] INFO  d.m.q.controller.config.AppConfig -   --- Snapshot ---
18:45:29.250 [ForkJoinPool-1-worker-1] INFO  d.m.q.controller.config.AppConfig -   Enabled:              true
18:45:29.250 [ForkJoinPool-1-worker-1] INFO  d.m.q.controller.config.AppConfig -   Threshold:            10000 entries
18:45:29.250 [ForkJoinPool-1-worker-1] INFO  d.m.q.controller.config.AppConfig -   Check Interval:       60000ms
18:45:29.250 [ForkJoinPool-1-worker-1] INFO  d.m.q.controller.config.AppConfig -   --- Telemetry ---
18:45:29.250 [ForkJoinPool-1-worker-1] INFO  d.m.q.controller.config.AppConfig -   Enabled:              true
18:45:29.250 [ForkJoinPool-1-worker-1] INFO  d.m.q.controller.config.AppConfig -   OTLP Endpoint:        http://localhost:4317
18:45:29.250 [ForkJoinPool-1-worker-1] INFO  d.m.q.controller.config.AppConfig -   Prometheus Port:      9464
18:45:29.250 [ForkJoinPool-1-worker-1] INFO  d.m.q.controller.config.AppConfig -   Transfer Freshness:   60000ms
18:45:29.250 [ForkJoinPool-1-worker-1] INFO  d.m.q.controller.config.AppConfig -   Transfer Stall:       120000ms
18:45:29.250 [ForkJoinPool-1-worker-1] INFO  d.m.q.controller.config.AppConfig - ========================================
18:45:29.270 [vert.x-eventloop-thread-0] INFO  d.m.q.controller.http.HttpApiServer [LEADER/1] - HTTP API Server listening on 127.0.0.1:64004
18:45:29.318 [vert.x-eventloop-thread-0] WARN  d.m.q.c.s.AuthenticationHandler [LEADER/1] [req-0927134d-a296-43dd-a585-367ef4d45bef] - Authentication denied: code=Q-AUTHN-CERTIFICATE-REVOKED, method=GET, path=/api/v1/security/me
18:45:29.319 [vert.x-eventloop-thread-0] WARN  d.m.q.c.http.GlobalErrorHandler [LEADER/1] [req-0927134d-a296-43dd-a585-367ef4d45bef] - Client error [UNAUTHORIZED] at /api/v1/security/me: Client certificate is revoked
18:45:29.322 [vert.x-eventloop-thread-0] INFO  d.m.q.controller.http.HttpApiServer [LEADER/1] - HTTP API Server stopped
18:45:29.323 [vert.x-eventloop-thread-0] INFO  d.m.q.c.r.InMemoryTransportSimulator [LEADER/1] - Stopped in-memory transport for node: security-boundary-167149522949900
18:45:29.323 [vert.x-eventloop-thread-0] INFO  d.m.quorus.controller.raft.RaftNode [LEADER/1] - Raft node stopped: security-boundary-167149522949900
18:45:29.393 [ForkJoinPool-1-worker-1] DEBUG d.m.q.c.state.QuorusStateStore - Initializing default metadata: version=2.0
18:45:29.394 [vert.x-eventloop-thread-0] INFO  d.m.quorus.controller.raft.RaftNode - Starting Raft node: security-boundary-167150036212900
18:45:29.395 [vert.x-eventloop-thread-0] INFO  d.m.quorus.controller.raft.RaftNode [FOLLOWER/0] - No storage configured, running in volatile mode
18:45:29.395 [vert.x-eventloop-thread-0] INFO  d.m.q.c.r.InMemoryTransportSimulator [FOLLOWER/0] - Started in-memory transport for node: security-boundary-167150036212900
18:45:29.395 [vert.x-eventloop-thread-0] INFO  d.m.quorus.controller.raft.RaftNode [FOLLOWER/0] - Raft node security-boundary-167150036212900 started successfully (term=0, logSize=1)
18:45:29.823 [vert.x-eventloop-thread-0] INFO  d.m.quorus.controller.raft.RaftNode [FOLLOWER/0] - Starting election for node: security-boundary-167150036212900
18:45:29.823 [vert.x-eventloop-thread-0] DEBUG d.m.quorus.controller.raft.RaftNode [CANDIDATE/1] - Persisting raft metadata: term=1, votedForPresent=true, votedFor=security-boundary-167150036212900
18:45:29.823 [vert.x-eventloop-thread-0] INFO  d.m.quorus.controller.raft.RaftNode [LEADER/1] - Node security-boundary-167150036212900 became LEADER for term 1
18:45:29.823 [vert.x-eventloop-thread-0] INFO  d.m.quorus.controller.raft.RaftNode [LEADER/1] - Command submitted at index 1 term 1
18:45:29.823 [vert.x-eventloop-thread-0] DEBUG d.m.quorus.controller.raft.RaftNode [LEADER/1] - Committed leader no-op entry for term 1
18:45:29.839 [ForkJoinPool-1-worker-1] INFO  d.m.q.controller.config.AppConfig - Loaded configuration from quorus-controller.properties
18:45:29.840 [ForkJoinPool-1-worker-1] DEBUG d.m.q.controller.config.AppConfig - Optional configuration profile quorus-controller-test.properties not found
18:45:29.840 [ForkJoinPool-1-worker-1] INFO  d.m.q.controller.config.AppConfig - === Quorus Controller Configuration ===
18:45:29.840 [ForkJoinPool-1-worker-1] INFO  d.m.q.controller.config.AppConfig -   Node ID:              test-node
18:45:29.840 [ForkJoinPool-1-worker-1] INFO  d.m.q.controller.config.AppConfig -   HTTP Host:            127.0.0.1
18:45:29.840 [ForkJoinPool-1-worker-1] INFO  d.m.q.controller.config.AppConfig -   HTTP Port:            8080
18:45:29.840 [ForkJoinPool-1-worker-1] INFO  d.m.q.controller.config.AppConfig -   Raft Port:            9080
18:45:29.840 [ForkJoinPool-1-worker-1] INFO  d.m.q.controller.config.AppConfig -   Cluster Nodes:        test-node=localhost:9080
18:45:29.840 [ForkJoinPool-1-worker-1] INFO  d.m.q.controller.config.AppConfig -   Service Name:         quorus-controller
18:45:29.840 [ForkJoinPool-1-worker-1] INFO  d.m.q.controller.config.AppConfig -   Version:              2.0-ext
18:45:29.840 [ForkJoinPool-1-worker-1] INFO  d.m.q.controller.config.AppConfig -   --- Thread Pools ---
18:45:29.840 [ForkJoinPool-1-worker-1] INFO  d.m.q.controller.config.AppConfig -   Raft I/O Pool Size:   10
18:45:29.840 [ForkJoinPool-1-worker-1] INFO  d.m.q.controller.config.AppConfig -   Raft I/O Queue Size:  1000
18:45:29.840 [ForkJoinPool-1-worker-1] INFO  d.m.q.controller.config.AppConfig -   --- Job Assignment ---
18:45:29.840 [ForkJoinPool-1-worker-1] INFO  d.m.q.controller.config.AppConfig -   Initial Delay:        5000ms
18:45:29.840 [ForkJoinPool-1-worker-1] INFO  d.m.q.controller.config.AppConfig -   Assignment Interval:  10000ms
18:45:29.840 [ForkJoinPool-1-worker-1] INFO  d.m.q.controller.config.AppConfig -   Timeout Initial:      30000ms
18:45:29.840 [ForkJoinPool-1-worker-1] INFO  d.m.q.controller.config.AppConfig -   Timeout Interval:     30000ms
18:45:29.840 [ForkJoinPool-1-worker-1] INFO  d.m.q.controller.config.AppConfig -   --- Snapshot ---
18:45:29.840 [ForkJoinPool-1-worker-1] INFO  d.m.q.controller.config.AppConfig -   Enabled:              true
18:45:29.840 [ForkJoinPool-1-worker-1] INFO  d.m.q.controller.config.AppConfig -   Threshold:            10000 entries
18:45:29.840 [ForkJoinPool-1-worker-1] INFO  d.m.q.controller.config.AppConfig -   Check Interval:       60000ms
18:45:29.840 [ForkJoinPool-1-worker-1] INFO  d.m.q.controller.config.AppConfig -   --- Telemetry ---
18:45:29.840 [ForkJoinPool-1-worker-1] INFO  d.m.q.controller.config.AppConfig -   Enabled:              true
18:45:29.840 [ForkJoinPool-1-worker-1] INFO  d.m.q.controller.config.AppConfig -   OTLP Endpoint:        http://localhost:4317
18:45:29.840 [ForkJoinPool-1-worker-1] INFO  d.m.q.controller.config.AppConfig -   Prometheus Port:      9464
18:45:29.841 [ForkJoinPool-1-worker-1] INFO  d.m.q.controller.config.AppConfig -   Transfer Freshness:   60000ms
18:45:29.841 [ForkJoinPool-1-worker-1] INFO  d.m.q.controller.config.AppConfig -   Transfer Stall:       120000ms
18:45:29.841 [ForkJoinPool-1-worker-1] INFO  d.m.q.controller.config.AppConfig - ========================================
18:45:29.868 [vert.x-eventloop-thread-0] INFO  d.m.q.controller.http.HttpApiServer [LEADER/1] - HTTP API Server listening on 127.0.0.1:64006
18:45:29.955 [vert.x-eventloop-thread-0] WARN  d.m.q.c.s.AuthenticationHandler [LEADER/1] [req-34cfe28c-68b2-4edb-bc27-a91857858790] - Authentication denied: code=Q-AUTHN-CERTIFICATE-REVOKED, method=GET, path=/api/v1/security/me
18:45:29.955 [vert.x-eventloop-thread-0] WARN  d.m.q.c.http.GlobalErrorHandler [LEADER/1] [req-34cfe28c-68b2-4edb-bc27-a91857858790] - Client error [UNAUTHORIZED] at /api/v1/security/me: Client certificate is revoked
18:45:29.960 [vert.x-eventloop-thread-0] INFO  d.m.q.controller.http.HttpApiServer [LEADER/1] - HTTP API Server stopped
18:45:29.961 [vert.x-eventloop-thread-0] INFO  d.m.q.c.r.InMemoryTransportSimulator [LEADER/1] - Stopped in-memory transport for node: security-boundary-167150036212900
18:45:29.961 [vert.x-eventloop-thread-0] INFO  d.m.quorus.controller.raft.RaftNode [LEADER/1] - Raft node stopped: security-boundary-167150036212900
18:45:30.040 [ForkJoinPool-1-worker-1] DEBUG d.m.q.c.state.QuorusStateStore - Initializing default metadata: version=2.0
18:45:30.041 [vert.x-eventloop-thread-0] INFO  d.m.quorus.controller.raft.RaftNode - Starting Raft node: security-boundary-167150682817700
18:45:30.041 [vert.x-eventloop-thread-0] INFO  d.m.quorus.controller.raft.RaftNode [FOLLOWER/0] - No storage configured, running in volatile mode
18:45:30.041 [vert.x-eventloop-thread-0] INFO  d.m.q.c.r.InMemoryTransportSimulator [FOLLOWER/0] - Started in-memory transport for node: security-boundary-167150682817700
18:45:30.041 [vert.x-eventloop-thread-0] INFO  d.m.quorus.controller.raft.RaftNode [FOLLOWER/0] - Raft node security-boundary-167150682817700 started successfully (term=0, logSize=1)
18:45:30.396 [vert.x-eventloop-thread-0] INFO  d.m.quorus.controller.raft.RaftNode [FOLLOWER/0] - Starting election for node: security-boundary-167150682817700
18:45:30.396 [vert.x-eventloop-thread-0] DEBUG d.m.quorus.controller.raft.RaftNode [CANDIDATE/1] - Persisting raft metadata: term=1, votedForPresent=true, votedFor=security-boundary-167150682817700
18:45:30.396 [vert.x-eventloop-thread-0] INFO  d.m.quorus.controller.raft.RaftNode [LEADER/1] - Node security-boundary-167150682817700 became LEADER for term 1
18:45:30.396 [vert.x-eventloop-thread-0] INFO  d.m.quorus.controller.raft.RaftNode [LEADER/1] - Command submitted at index 1 term 1
18:45:30.396 [vert.x-eventloop-thread-0] DEBUG d.m.quorus.controller.raft.RaftNode [LEADER/1] - Committed leader no-op entry for term 1
18:45:30.397 [ForkJoinPool-1-worker-1] INFO  d.m.q.controller.config.AppConfig - Loaded configuration from quorus-controller.properties
18:45:30.397 [ForkJoinPool-1-worker-1] DEBUG d.m.q.controller.config.AppConfig - Optional configuration profile quorus-controller-test.properties not found
18:45:30.397 [ForkJoinPool-1-worker-1] INFO  d.m.q.controller.config.AppConfig - === Quorus Controller Configuration ===
18:45:30.397 [ForkJoinPool-1-worker-1] INFO  d.m.q.controller.config.AppConfig -   Node ID:              test-node
18:45:30.397 [ForkJoinPool-1-worker-1] INFO  d.m.q.controller.config.AppConfig -   HTTP Host:            127.0.0.1
18:45:30.398 [ForkJoinPool-1-worker-1] INFO  d.m.q.controller.config.AppConfig -   HTTP Port:            8080
18:45:30.398 [ForkJoinPool-1-worker-1] INFO  d.m.q.controller.config.AppConfig -   Raft Port:            9080
18:45:30.398 [ForkJoinPool-1-worker-1] INFO  d.m.q.controller.config.AppConfig -   Cluster Nodes:        test-node=localhost:9080
18:45:30.398 [ForkJoinPool-1-worker-1] INFO  d.m.q.controller.config.AppConfig -   Service Name:         quorus-controller
18:45:30.398 [ForkJoinPool-1-worker-1] INFO  d.m.q.controller.config.AppConfig -   Version:              2.0-ext
18:45:30.398 [ForkJoinPool-1-worker-1] INFO  d.m.q.controller.config.AppConfig -   --- Thread Pools ---
18:45:30.398 [ForkJoinPool-1-worker-1] INFO  d.m.q.controller.config.AppConfig -   Raft I/O Pool Size:   10
18:45:30.398 [ForkJoinPool-1-worker-1] INFO  d.m.q.controller.config.AppConfig -   Raft I/O Queue Size:  1000
18:45:30.398 [ForkJoinPool-1-worker-1] INFO  d.m.q.controller.config.AppConfig -   --- Job Assignment ---
18:45:30.398 [ForkJoinPool-1-worker-1] INFO  d.m.q.controller.config.AppConfig -   Initial Delay:        5000ms
18:45:30.398 [ForkJoinPool-1-worker-1] INFO  d.m.q.controller.config.AppConfig -   Assignment Interval:  10000ms
18:45:30.398 [ForkJoinPool-1-worker-1] INFO  d.m.q.controller.config.AppConfig -   Timeout Initial:      30000ms
18:45:30.398 [ForkJoinPool-1-worker-1] INFO  d.m.q.controller.config.AppConfig -   Timeout Interval:     30000ms
18:45:30.398 [ForkJoinPool-1-worker-1] INFO  d.m.q.controller.config.AppConfig -   --- Snapshot ---
18:45:30.398 [ForkJoinPool-1-worker-1] INFO  d.m.q.controller.config.AppConfig -   Enabled:              true
18:45:30.398 [ForkJoinPool-1-worker-1] INFO  d.m.q.controller.config.AppConfig -   Threshold:            10000 entries
18:45:30.398 [ForkJoinPool-1-worker-1] INFO  d.m.q.controller.config.AppConfig -   Check Interval:       60000ms
18:45:30.398 [ForkJoinPool-1-worker-1] INFO  d.m.q.controller.config.AppConfig -   --- Telemetry ---
18:45:30.398 [ForkJoinPool-1-worker-1] INFO  d.m.q.controller.config.AppConfig -   Enabled:              true
18:45:30.398 [ForkJoinPool-1-worker-1] INFO  d.m.q.controller.config.AppConfig -   OTLP Endpoint:        http://localhost:4317
18:45:30.398 [ForkJoinPool-1-worker-1] INFO  d.m.q.controller.config.AppConfig -   Prometheus Port:      9464
18:45:30.398 [ForkJoinPool-1-worker-1] INFO  d.m.q.controller.config.AppConfig -   Transfer Freshness:   60000ms
18:45:30.398 [ForkJoinPool-1-worker-1] INFO  d.m.q.controller.config.AppConfig -   Transfer Stall:       120000ms
18:45:30.398 [ForkJoinPool-1-worker-1] INFO  d.m.q.controller.config.AppConfig - ========================================
18:45:30.420 [vert.x-eventloop-thread-0] INFO  d.m.q.controller.http.HttpApiServer [LEADER/1] - HTTP API Server listening on 127.0.0.1:64009
18:45:30.461 [vert.x-eventloop-thread-0] DEBUG d.m.q.c.http.handlers.InfoHandler [LEADER/1] [req-68555368-7532-4e31-90af-5e2c9a38cdaa] - API info requested
18:45:30.466 [ForkJoinPool-1-worker-1] DEBUG d.m.q.c.state.QuorusStateStore - Applying command: type=Create
18:45:30.467 [ForkJoinPool-1-worker-1] DEBUG d.m.q.c.state.QuorusStateStore - Creating transfer job: jobId=foreign-transfer, sourceUri=https://payments.example.test/foreign.dat, destPath=file:///C:/Users/mraysmit/AppData/Local/Temp/junit5722711518404965408/foreign.dat
18:45:30.467 [ForkJoinPool-1-worker-1] INFO  d.m.q.c.state.QuorusStateStore - Created transfer job: jobId=foreign-transfer, protocol=http, totalJobs=1
18:45:30.467 [ForkJoinPool-1-worker-1] DEBUG d.m.q.c.state.QuorusStateStore - Command applied successfully: type=Create, result=Success
18:45:30.469 [vert.x-eventloop-thread-0] DEBUG d.m.q.c.h.handlers.TransferHandler [LEADER/1] [req-acc8f7c5-2488-4ad5-b860-c53d52c2a671] - Getting transfer job: jobId=foreign-transfer
18:45:30.470 [vert.x-eventloop-thread-0] WARN  d.m.q.c.http.GlobalErrorHandler [LEADER/1] [req-acc8f7c5-2488-4ad5-b860-c53d52c2a671] - Client error [FORBIDDEN] at /api/v1/transfers/foreign-transfer: Caller tenant does not match the authenticated tenant
18:45:30.490 [vert.x-eventloop-thread-0] ERROR i.vertx.core.net.impl.ConnectionBase [LEADER/1] - javax.net.ssl.SSLHandshakeException: (certificate_required) Received fatal alert: certificate_required
18:45:30.494 [vert.x-eventloop-thread-0] INFO  d.m.q.controller.http.HttpApiServer [LEADER/1] - HTTP API Server stopped
18:45:30.494 [vert.x-eventloop-thread-0] INFO  d.m.q.c.r.InMemoryTransportSimulator [LEADER/1] - Stopped in-memory transport for node: security-boundary-167150682817700
18:45:30.494 [vert.x-eventloop-thread-0] INFO  d.m.quorus.controller.raft.RaftNode [LEADER/1] - Raft node stopped: security-boundary-167150682817700
[INFO] Tests run: 17, Failures: 0, Errors: 0, Skipped: 0, Time elapsed: 10.17 s -- in dev.mars.quorus.controller.http.SecurityBoundaryIntegrationTest
[INFO] Running dev.mars.quorus.controller.http.ServiceConnectionHttpIntegrationTest
18:45:30.566 [ForkJoinPool-1-worker-1] DEBUG d.m.q.c.state.QuorusStateStore - Initializing default metadata: version=2.0
18:45:30.567 [vert.x-eventloop-thread-0] INFO  d.m.quorus.controller.raft.RaftNode - Starting Raft node: phase4-service-connection-node
18:45:30.567 [vert.x-eventloop-thread-0] INFO  d.m.quorus.controller.raft.RaftNode [FOLLOWER/0] - No storage configured, running in volatile mode
18:45:30.567 [vert.x-eventloop-thread-0] INFO  d.m.q.c.r.InMemoryTransportSimulator [FOLLOWER/0] - Started in-memory transport for node: phase4-service-connection-node
18:45:30.567 [vert.x-eventloop-thread-0] INFO  d.m.quorus.controller.raft.RaftNode [FOLLOWER/0] - Raft node phase4-service-connection-node started successfully (term=0, logSize=1)
18:45:30.954 [vert.x-eventloop-thread-0] INFO  d.m.quorus.controller.raft.RaftNode [FOLLOWER/0] - Starting election for node: phase4-service-connection-node
18:45:30.954 [vert.x-eventloop-thread-0] DEBUG d.m.quorus.controller.raft.RaftNode [CANDIDATE/1] - Persisting raft metadata: term=1, votedForPresent=true, votedFor=phase4-service-connection-node
18:45:30.954 [vert.x-eventloop-thread-0] INFO  d.m.quorus.controller.raft.RaftNode [LEADER/1] - Node phase4-service-connection-node became LEADER for term 1
18:45:30.954 [vert.x-eventloop-thread-0] INFO  d.m.quorus.controller.raft.RaftNode [LEADER/1] - Command submitted at index 1 term 1
18:45:30.954 [vert.x-eventloop-thread-0] DEBUG d.m.quorus.controller.raft.RaftNode [LEADER/1] - Committed leader no-op entry for term 1
18:45:30.954 [ForkJoinPool-1-worker-1] INFO  d.m.q.controller.config.AppConfig - Loaded configuration from quorus-controller.properties
18:45:30.955 [ForkJoinPool-1-worker-1] DEBUG d.m.q.controller.config.AppConfig - Optional configuration profile quorus-controller-test.properties not found
18:45:30.955 [ForkJoinPool-1-worker-1] INFO  d.m.q.controller.config.AppConfig - === Quorus Controller Configuration ===
18:45:30.955 [ForkJoinPool-1-worker-1] INFO  d.m.q.controller.config.AppConfig -   Node ID:              test-node
18:45:30.955 [ForkJoinPool-1-worker-1] INFO  d.m.q.controller.config.AppConfig -   HTTP Host:            127.0.0.1
18:45:30.955 [ForkJoinPool-1-worker-1] INFO  d.m.q.controller.config.AppConfig -   HTTP Port:            8080
18:45:30.955 [ForkJoinPool-1-worker-1] INFO  d.m.q.controller.config.AppConfig -   Raft Port:            9080
18:45:30.955 [ForkJoinPool-1-worker-1] INFO  d.m.q.controller.config.AppConfig -   Cluster Nodes:        test-node=localhost:9080
18:45:30.955 [ForkJoinPool-1-worker-1] INFO  d.m.q.controller.config.AppConfig -   Service Name:         quorus-controller
18:45:30.955 [ForkJoinPool-1-worker-1] INFO  d.m.q.controller.config.AppConfig -   Version:              2.0-ext
18:45:30.955 [ForkJoinPool-1-worker-1] INFO  d.m.q.controller.config.AppConfig -   --- Thread Pools ---
18:45:30.955 [ForkJoinPool-1-worker-1] INFO  d.m.q.controller.config.AppConfig -   Raft I/O Pool Size:   10
18:45:30.955 [ForkJoinPool-1-worker-1] INFO  d.m.q.controller.config.AppConfig -   Raft I/O Queue Size:  1000
18:45:30.955 [ForkJoinPool-1-worker-1] INFO  d.m.q.controller.config.AppConfig -   --- Job Assignment ---
18:45:30.955 [ForkJoinPool-1-worker-1] INFO  d.m.q.controller.config.AppConfig -   Initial Delay:        5000ms
18:45:30.955 [ForkJoinPool-1-worker-1] INFO  d.m.q.controller.config.AppConfig -   Assignment Interval:  10000ms
18:45:30.955 [ForkJoinPool-1-worker-1] INFO  d.m.q.controller.config.AppConfig -   Timeout Initial:      30000ms
18:45:30.955 [ForkJoinPool-1-worker-1] INFO  d.m.q.controller.config.AppConfig -   Timeout Interval:     30000ms
18:45:30.955 [ForkJoinPool-1-worker-1] INFO  d.m.q.controller.config.AppConfig -   --- Snapshot ---
18:45:30.955 [ForkJoinPool-1-worker-1] INFO  d.m.q.controller.config.AppConfig -   Enabled:              true
18:45:30.955 [ForkJoinPool-1-worker-1] INFO  d.m.q.controller.config.AppConfig -   Threshold:            10000 entries
18:45:30.955 [ForkJoinPool-1-worker-1] INFO  d.m.q.controller.config.AppConfig -   Check Interval:       60000ms
18:45:30.955 [ForkJoinPool-1-worker-1] INFO  d.m.q.controller.config.AppConfig -   --- Telemetry ---
18:45:30.955 [ForkJoinPool-1-worker-1] INFO  d.m.q.controller.config.AppConfig -   Enabled:              true
18:45:30.955 [ForkJoinPool-1-worker-1] INFO  d.m.q.controller.config.AppConfig -   OTLP Endpoint:        http://localhost:4317
18:45:30.955 [ForkJoinPool-1-worker-1] INFO  d.m.q.controller.config.AppConfig -   Prometheus Port:      9464
18:45:30.955 [ForkJoinPool-1-worker-1] INFO  d.m.q.controller.config.AppConfig -   Transfer Freshness:   60000ms
18:45:30.955 [ForkJoinPool-1-worker-1] INFO  d.m.q.controller.config.AppConfig -   Transfer Stall:       120000ms
18:45:30.955 [ForkJoinPool-1-worker-1] INFO  d.m.q.controller.config.AppConfig - ========================================
18:45:30.956 [ForkJoinPool-1-worker-1] WARN  d.m.q.controller.http.HttpApiServer - INSECURE DEVELOPMENT MODE: HTTP TLS and request authentication are not production-ready
18:45:30.957 [vert.x-eventloop-thread-0] INFO  d.m.q.controller.http.HttpApiServer [LEADER/1] - HTTP API Server listening on 127.0.0.1:64012
18:45:30.963 [vert.x-eventloop-thread-0] INFO  d.m.quorus.controller.raft.RaftNode [LEADER/1] [req-47b23fce-5939-4115-8301-202ee0340379] - Command submitted at index 2 term 1
18:45:30.963 [vert.x-eventloop-thread-0] DEBUG d.m.q.c.state.QuorusStateStore [LEADER/1] [req-47b23fce-5939-4115-8301-202ee0340379] - Applying command: type=Set
18:45:30.964 [vert.x-eventloop-thread-0] DEBUG d.m.q.c.state.QuorusStateStore [LEADER/1] [req-47b23fce-5939-4115-8301-202ee0340379] - Processing system metadata command: key=phase4.v2.secret-reference.regulated-bank-a:vault-payments-sftp, type=Set
18:45:30.964 [vert.x-eventloop-thread-0] INFO  d.m.q.c.state.QuorusStateStore [LEADER/1] [req-47b23fce-5939-4115-8301-202ee0340379] - Set system metadata: key=phase4.v2.secret-reference.regulated-bank-a:vault-payments-sftp, valuePresent=true, replaced=false
18:45:30.964 [vert.x-eventloop-thread-0] DEBUG d.m.q.c.state.QuorusStateStore [LEADER/1] [req-47b23fce-5939-4115-8301-202ee0340379] - Command applied successfully: type=Set, result=Success
18:45:30.964 [vert.x-eventloop-thread-0] INFO  d.m.quorus.controller.raft.RaftNode [LEADER/1] [req-47b23fce-5939-4115-8301-202ee0340379] - Command submitted at index 3 term 1
18:45:30.964 [vert.x-eventloop-thread-0] DEBUG d.m.q.c.state.QuorusStateStore [LEADER/1] [req-47b23fce-5939-4115-8301-202ee0340379] - Applying command: type=Set
18:45:30.964 [vert.x-eventloop-thread-0] DEBUG d.m.q.c.state.QuorusStateStore [LEADER/1] [req-47b23fce-5939-4115-8301-202ee0340379] - Processing system metadata command: key=phase4.v2.security-event.regulated-bank-a:1788605130964.98e031e5-056a-4861-a16f-321d1fda0030, type=Set
18:45:30.964 [vert.x-eventloop-thread-0] INFO  d.m.q.c.state.QuorusStateStore [LEADER/1] [req-47b23fce-5939-4115-8301-202ee0340379] - Set system metadata: key=phase4.v2.security-event.regulated-bank-a:1788605130964.98e031e5-056a-4861-a16f-321d1fda0030, valuePresent=true, replaced=false
18:45:30.964 [vert.x-eventloop-thread-0] DEBUG d.m.q.c.state.QuorusStateStore [LEADER/1] [req-47b23fce-5939-4115-8301-202ee0340379] - Command applied successfully: type=Set, result=Success
18:45:30.969 [vert.x-eventloop-thread-0] INFO  d.m.quorus.controller.raft.RaftNode [LEADER/1] [req-d034bd92-b82a-4823-b660-1cbe9e5489e2] - Command submitted at index 4 term 1
18:45:30.969 [vert.x-eventloop-thread-0] DEBUG d.m.q.c.state.QuorusStateStore [LEADER/1] [req-d034bd92-b82a-4823-b660-1cbe9e5489e2] - Applying command: type=Set
18:45:30.969 [vert.x-eventloop-thread-0] DEBUG d.m.q.c.state.QuorusStateStore [LEADER/1] [req-d034bd92-b82a-4823-b660-1cbe9e5489e2] - Processing system metadata command: key=phase4.v2.security-event.regulated-bank-a:1788605130968.4feff3b0-d876-4325-a7c7-5466597214a3, type=Set
18:45:30.969 [vert.x-eventloop-thread-0] INFO  d.m.q.c.state.QuorusStateStore [LEADER/1] [req-d034bd92-b82a-4823-b660-1cbe9e5489e2] - Set system metadata: key=phase4.v2.security-event.regulated-bank-a:1788605130968.4feff3b0-d876-4325-a7c7-5466597214a3, valuePresent=true, replaced=false
18:45:30.969 [vert.x-eventloop-thread-0] DEBUG d.m.q.c.state.QuorusStateStore [LEADER/1] [req-d034bd92-b82a-4823-b660-1cbe9e5489e2] - Command applied successfully: type=Set, result=Success
18:45:30.969 [vert.x-eventloop-thread-0] WARN  d.m.q.c.http.GlobalErrorHandler [LEADER/1] [req-d034bd92-b82a-4823-b660-1cbe9e5489e2] - Client error [VALIDATION_ERROR] at /api/v1/secret-references: Secret values are forbidden; submit only an opaque external reference
18:45:30.973 [vert.x-eventloop-thread-0] INFO  d.m.quorus.controller.raft.RaftNode [LEADER/1] [req-d396b773-3a7e-4d96-bcc5-516dfb5a5a3e] - Command submitted at index 5 term 1
18:45:30.974 [vert.x-eventloop-thread-0] DEBUG d.m.q.c.state.QuorusStateStore [LEADER/1] [req-d396b773-3a7e-4d96-bcc5-516dfb5a5a3e] - Applying command: type=Set
18:45:30.974 [vert.x-eventloop-thread-0] DEBUG d.m.q.c.state.QuorusStateStore [LEADER/1] [req-d396b773-3a7e-4d96-bcc5-516dfb5a5a3e] - Processing system metadata command: key=phase4.v2.service-connection.regulated-bank-a:payments-sftp, type=Set
18:45:30.974 [vert.x-eventloop-thread-0] INFO  d.m.q.c.state.QuorusStateStore [LEADER/1] [req-d396b773-3a7e-4d96-bcc5-516dfb5a5a3e] - Set system metadata: key=phase4.v2.service-connection.regulated-bank-a:payments-sftp, valuePresent=true, replaced=false
18:45:30.974 [vert.x-eventloop-thread-0] DEBUG d.m.q.c.state.QuorusStateStore [LEADER/1] [req-d396b773-3a7e-4d96-bcc5-516dfb5a5a3e] - Command applied successfully: type=Set, result=Success
18:45:30.974 [vert.x-eventloop-thread-0] INFO  d.m.quorus.controller.raft.RaftNode [LEADER/1] [req-d396b773-3a7e-4d96-bcc5-516dfb5a5a3e] - Command submitted at index 6 term 1
18:45:30.974 [vert.x-eventloop-thread-0] DEBUG d.m.q.c.state.QuorusStateStore [LEADER/1] [req-d396b773-3a7e-4d96-bcc5-516dfb5a5a3e] - Applying command: type=Set
18:45:30.974 [vert.x-eventloop-thread-0] DEBUG d.m.q.c.state.QuorusStateStore [LEADER/1] [req-d396b773-3a7e-4d96-bcc5-516dfb5a5a3e] - Processing system metadata command: key=phase4.v2.security-event.regulated-bank-a:1788605130974.9da79315-27dc-4486-94b7-b002cdee4cd6, type=Set
18:45:30.974 [vert.x-eventloop-thread-0] INFO  d.m.q.c.state.QuorusStateStore [LEADER/1] [req-d396b773-3a7e-4d96-bcc5-516dfb5a5a3e] - Set system metadata: key=phase4.v2.security-event.regulated-bank-a:1788605130974.9da79315-27dc-4486-94b7-b002cdee4cd6, valuePresent=true, replaced=false
18:45:30.974 [vert.x-eventloop-thread-0] DEBUG d.m.q.c.state.QuorusStateStore [LEADER/1] [req-d396b773-3a7e-4d96-bcc5-516dfb5a5a3e] - Command applied successfully: type=Set, result=Success
18:45:30.979 [vert.x-eventloop-thread-0] WARN  d.m.q.c.http.GlobalErrorHandler [LEADER/1] [req-9f8129bb-768e-4f34-a9c7-1f0dacd159fd] - Client error [VALIDATION_ERROR] at /api/v1/transfers: Remote path is outside the approved path scope
18:45:30.983 [vert.x-eventloop-thread-0] INFO  d.m.q.c.h.handlers.TransferHandler [LEADER/1] [req-eb9aa823-b7e4-4697-819f-0c986c5d9b16] - Creating transfer job: jobId=phase4-governed-transfer, tenantId=regulated-bank-a
18:45:30.984 [vert.x-eventloop-thread-0] INFO  d.m.quorus.controller.raft.RaftNode [LEADER/1] [req-eb9aa823-b7e4-4697-819f-0c986c5d9b16] - Command submitted at index 7 term 1
18:45:30.984 [vert.x-eventloop-thread-0] DEBUG d.m.q.c.state.QuorusStateStore [LEADER/1] [req-eb9aa823-b7e4-4697-819f-0c986c5d9b16] - Applying command: type=Create
18:45:30.984 [vert.x-eventloop-thread-0] DEBUG d.m.q.c.state.QuorusStateStore [LEADER/1] [req-eb9aa823-b7e4-4697-819f-0c986c5d9b16] - Creating transfer job: jobId=phase4-governed-transfer, sourceUri=sftp://192.0.2.10:22/outbound/settlement.dat, destPath=file:///C:/Users/mraysmit/dev/idea-projects/quorus/quorus-controller/target/phase4-governed-transfer.dat
18:45:30.984 [vert.x-eventloop-thread-0] INFO  d.m.q.c.state.QuorusStateStore [LEADER/1] [req-eb9aa823-b7e4-4697-819f-0c986c5d9b16] - Created transfer job: jobId=phase4-governed-transfer, protocol=http, totalJobs=1
18:45:30.984 [vert.x-eventloop-thread-0] DEBUG d.m.q.c.state.QuorusStateStore [LEADER/1] [req-eb9aa823-b7e4-4697-819f-0c986c5d9b16] - Command applied successfully: type=Create, result=Success
18:45:30.984 [vert.x-eventloop-thread-0] INFO  d.m.q.c.h.handlers.TransferHandler [LEADER/1] [req-eb9aa823-b7e4-4697-819f-0c986c5d9b16] - Transfer job created: jobId=phase4-governed-transfer
18:45:30.984 [vert.x-eventloop-thread-0] INFO  d.m.quorus.controller.raft.RaftNode [LEADER/1] [req-eb9aa823-b7e4-4697-819f-0c986c5d9b16] - Command submitted at index 8 term 1
18:45:30.984 [vert.x-eventloop-thread-0] DEBUG d.m.q.c.state.QuorusStateStore [LEADER/1] [req-eb9aa823-b7e4-4697-819f-0c986c5d9b16] - Applying command: type=Set
18:45:30.984 [vert.x-eventloop-thread-0] DEBUG d.m.q.c.state.QuorusStateStore [LEADER/1] [req-eb9aa823-b7e4-4697-819f-0c986c5d9b16] - Processing system metadata command: key=phase4.v2.security-event.regulated-bank-a:1788605130984.a1dd25a1-1f76-463c-988e-f2dd78a23da9, type=Set
18:45:30.984 [vert.x-eventloop-thread-0] INFO  d.m.q.c.state.QuorusStateStore [LEADER/1] [req-eb9aa823-b7e4-4697-819f-0c986c5d9b16] - Set system metadata: key=phase4.v2.security-event.regulated-bank-a:1788605130984.a1dd25a1-1f76-463c-988e-f2dd78a23da9, valuePresent=true, replaced=false
18:45:30.984 [vert.x-eventloop-thread-0] DEBUG d.m.q.c.state.QuorusStateStore [LEADER/1] [req-eb9aa823-b7e4-4697-819f-0c986c5d9b16] - Command applied successfully: type=Set, result=Success
18:45:30.987 [vert.x-eventloop-thread-0] DEBUG d.m.q.c.h.handlers.TransferHandler [LEADER/1] [req-a54b8d82-5aca-4823-990b-558fb766fe76] - Getting transfer job: jobId=phase4-governed-transfer
18:45:31.001 [vert.x-eventloop-thread-0] INFO  d.m.q.c.h.handlers.TransferHandler [LEADER/1] [req-366ec7ac-4db5-452d-a662-f2dfe06c9c85] - Creating transfer job: jobId=phase4-governed-upload, tenantId=regulated-bank-a
18:45:31.001 [vert.x-eventloop-thread-0] INFO  d.m.quorus.controller.raft.RaftNode [LEADER/1] [req-366ec7ac-4db5-452d-a662-f2dfe06c9c85] - Command submitted at index 9 term 1
18:45:31.001 [vert.x-eventloop-thread-0] DEBUG d.m.q.c.state.QuorusStateStore [LEADER/1] [req-366ec7ac-4db5-452d-a662-f2dfe06c9c85] - Applying command: type=Create
18:45:31.001 [vert.x-eventloop-thread-0] DEBUG d.m.q.c.state.QuorusStateStore [LEADER/1] [req-366ec7ac-4db5-452d-a662-f2dfe06c9c85] - Creating transfer job: jobId=phase4-governed-upload, sourceUri=file:///C:/quorus-agent-spool/upload.dat, destPath=sftp://192.0.2.10:22/outbound/upload.dat
18:45:31.001 [vert.x-eventloop-thread-0] INFO  d.m.q.c.state.QuorusStateStore [LEADER/1] [req-366ec7ac-4db5-452d-a662-f2dfe06c9c85] - Created transfer job: jobId=phase4-governed-upload, protocol=http, totalJobs=2
18:45:31.001 [vert.x-eventloop-thread-0] DEBUG d.m.q.c.state.QuorusStateStore [LEADER/1] [req-366ec7ac-4db5-452d-a662-f2dfe06c9c85] - Command applied successfully: type=Create, result=Success
18:45:31.001 [vert.x-eventloop-thread-0] INFO  d.m.q.c.h.handlers.TransferHandler [LEADER/1] [req-366ec7ac-4db5-452d-a662-f2dfe06c9c85] - Transfer job created: jobId=phase4-governed-upload
18:45:31.002 [vert.x-eventloop-thread-0] INFO  d.m.quorus.controller.raft.RaftNode [LEADER/1] [req-366ec7ac-4db5-452d-a662-f2dfe06c9c85] - Command submitted at index 10 term 1
18:45:31.002 [vert.x-eventloop-thread-0] DEBUG d.m.q.c.state.QuorusStateStore [LEADER/1] [req-366ec7ac-4db5-452d-a662-f2dfe06c9c85] - Applying command: type=Set
18:45:31.002 [vert.x-eventloop-thread-0] DEBUG d.m.q.c.state.QuorusStateStore [LEADER/1] [req-366ec7ac-4db5-452d-a662-f2dfe06c9c85] - Processing system metadata command: key=phase4.v2.security-event.regulated-bank-a:1788605131001.57a42b3d-a363-401e-ab25-1b8b78fe255a, type=Set
18:45:31.002 [vert.x-eventloop-thread-0] INFO  d.m.q.c.state.QuorusStateStore [LEADER/1] [req-366ec7ac-4db5-452d-a662-f2dfe06c9c85] - Set system metadata: key=phase4.v2.security-event.regulated-bank-a:1788605131001.57a42b3d-a363-401e-ab25-1b8b78fe255a, valuePresent=true, replaced=false
18:45:31.002 [vert.x-eventloop-thread-0] DEBUG d.m.q.c.state.QuorusStateStore [LEADER/1] [req-366ec7ac-4db5-452d-a662-f2dfe06c9c85] - Command applied successfully: type=Set, result=Success
18:45:31.005 [vert.x-eventloop-thread-0] DEBUG d.m.q.c.h.handlers.TransferHandler [LEADER/1] [req-ab900052-041d-400a-9aa9-343c790c29a4] - Getting transfer job: jobId=phase4-governed-upload
18:45:31.009 [vert.x-eventloop-thread-0] INFO  d.m.quorus.controller.raft.RaftNode [LEADER/1] [req-3c561a3a-0714-4a20-aff1-12bb223653c1] - Command submitted at index 11 term 1
18:45:31.010 [vert.x-eventloop-thread-0] DEBUG d.m.q.c.state.QuorusStateStore [LEADER/1] [req-3c561a3a-0714-4a20-aff1-12bb223653c1] - Applying command: type=Set
18:45:31.010 [vert.x-eventloop-thread-0] DEBUG d.m.q.c.state.QuorusStateStore [LEADER/1] [req-3c561a3a-0714-4a20-aff1-12bb223653c1] - Processing system metadata command: key=phase4.v2.security-event.regulated-bank-a:1788605131009.b99f3518-63e3-4a96-9c1b-251c8359f699, type=Set
18:45:31.010 [vert.x-eventloop-thread-0] INFO  d.m.q.c.state.QuorusStateStore [LEADER/1] [req-3c561a3a-0714-4a20-aff1-12bb223653c1] - Set system metadata: key=phase4.v2.security-event.regulated-bank-a:1788605131009.b99f3518-63e3-4a96-9c1b-251c8359f699, valuePresent=true, replaced=false
18:45:31.010 [vert.x-eventloop-thread-0] DEBUG d.m.q.c.state.QuorusStateStore [LEADER/1] [req-3c561a3a-0714-4a20-aff1-12bb223653c1] - Command applied successfully: type=Set, result=Success
18:45:31.011 [ForkJoinPool-1-worker-1] DEBUG d.m.q.c.state.QuorusStateStore - Taking state machine snapshot: jobs=2, agents=0, metadata=10, assignments=0, queue=0
18:45:31.066 [ForkJoinPool-1-worker-1] INFO  d.m.q.c.state.QuorusStateStore - Created snapshot: size=6547bytes, jobs=2, agents=0, assignments=0, queue=0, routes=0, lastAppliedIndex=0
18:45:31.066 [ForkJoinPool-1-worker-1] DEBUG d.m.q.c.state.QuorusStateStore - Resetting state machine: jobs=2, agents=0, metadata=10
18:45:31.066 [ForkJoinPool-1-worker-1] DEBUG d.m.q.c.state.QuorusStateStore - Initializing default metadata: version=2.0
18:45:31.066 [ForkJoinPool-1-worker-1] INFO  d.m.q.c.state.QuorusStateStore - State machine reset completed: version=2.0
18:45:31.066 [ForkJoinPool-1-worker-1] DEBUG d.m.q.c.state.QuorusStateStore - Restoring state machine snapshot: snapshotSize=6547bytes
18:45:31.137 [ForkJoinPool-1-worker-1] INFO  d.m.q.c.state.QuorusStateStore - Restored snapshot: jobs=2, agents=0, metadata=10, assignments=0, queue=0, routes=0, lastAppliedIndex=0
18:45:31.153 [vert.x-eventloop-thread-0] INFO  d.m.quorus.controller.raft.RaftNode [LEADER/1] [req-23d31055-0a41-4b54-895c-03e40c916532] - Command submitted at index 12 term 1
18:45:31.154 [vert.x-eventloop-thread-0] DEBUG d.m.q.c.state.QuorusStateStore [LEADER/1] [req-23d31055-0a41-4b54-895c-03e40c916532] - Applying command: type=Set
18:45:31.154 [vert.x-eventloop-thread-0] DEBUG d.m.q.c.state.QuorusStateStore [LEADER/1] [req-23d31055-0a41-4b54-895c-03e40c916532] - Processing system metadata command: key=phase4.v2.service-connection.regulated-bank-a:payments-sftp, type=Set
18:45:31.154 [vert.x-eventloop-thread-0] INFO  d.m.q.c.state.QuorusStateStore [LEADER/1] [req-23d31055-0a41-4b54-895c-03e40c916532] - Set system metadata: key=phase4.v2.service-connection.regulated-bank-a:payments-sftp, valuePresent=true, replaced=true
18:45:31.154 [vert.x-eventloop-thread-0] DEBUG d.m.q.c.state.QuorusStateStore [LEADER/1] [req-23d31055-0a41-4b54-895c-03e40c916532] - Command applied successfully: type=Set, result=Success
18:45:31.154 [vert.x-eventloop-thread-0] INFO  d.m.quorus.controller.raft.RaftNode [LEADER/1] [req-23d31055-0a41-4b54-895c-03e40c916532] - Command submitted at index 13 term 1
18:45:31.154 [vert.x-eventloop-thread-0] DEBUG d.m.q.c.state.QuorusStateStore [LEADER/1] [req-23d31055-0a41-4b54-895c-03e40c916532] - Applying command: type=Set
18:45:31.155 [vert.x-eventloop-thread-0] DEBUG d.m.q.c.state.QuorusStateStore [LEADER/1] [req-23d31055-0a41-4b54-895c-03e40c916532] - Processing system metadata command: key=phase4.v2.security-event.regulated-bank-a:1788605131154.f239fa81-5e5b-4c50-8165-988a19b3d2f8, type=Set
18:45:31.155 [vert.x-eventloop-thread-0] INFO  d.m.q.c.state.QuorusStateStore [LEADER/1] [req-23d31055-0a41-4b54-895c-03e40c916532] - Set system metadata: key=phase4.v2.security-event.regulated-bank-a:1788605131154.f239fa81-5e5b-4c50-8165-988a19b3d2f8, valuePresent=true, replaced=false
18:45:31.155 [vert.x-eventloop-thread-0] DEBUG d.m.q.c.state.QuorusStateStore [LEADER/1] [req-23d31055-0a41-4b54-895c-03e40c916532] - Command applied successfully: type=Set, result=Success
18:45:31.155 [vert.x-eventloop-thread-0] INFO  d.m.quorus.controller.raft.RaftNode [LEADER/1] [req-23d31055-0a41-4b54-895c-03e40c916532] - Command submitted at index 14 term 1
18:45:31.155 [vert.x-eventloop-thread-0] DEBUG d.m.q.c.state.QuorusStateStore [LEADER/1] [req-23d31055-0a41-4b54-895c-03e40c916532] - Applying command: type=Set
18:45:31.155 [vert.x-eventloop-thread-0] DEBUG d.m.q.c.state.QuorusStateStore [LEADER/1] [req-23d31055-0a41-4b54-895c-03e40c916532] - Processing system metadata command: key=phase4.v2.security-event.regulated-bank-a:1788605131155.97f2959d-0688-43be-977d-27de80668ebe, type=Set
18:45:31.155 [vert.x-eventloop-thread-0] INFO  d.m.q.c.state.QuorusStateStore [LEADER/1] [req-23d31055-0a41-4b54-895c-03e40c916532] - Set system metadata: key=phase4.v2.security-event.regulated-bank-a:1788605131155.97f2959d-0688-43be-977d-27de80668ebe, valuePresent=true, replaced=false
18:45:31.155 [vert.x-eventloop-thread-0] DEBUG d.m.q.c.state.QuorusStateStore [LEADER/1] [req-23d31055-0a41-4b54-895c-03e40c916532] - Command applied successfully: type=Set, result=Success
18:45:31.160 [vert.x-eventloop-thread-0] INFO  d.m.quorus.controller.raft.RaftNode [LEADER/1] [req-a39075c1-00c1-4339-a7fb-da0af52faf02] - Command submitted at index 15 term 1
18:45:31.160 [vert.x-eventloop-thread-0] DEBUG d.m.q.c.state.QuorusStateStore [LEADER/1] [req-a39075c1-00c1-4339-a7fb-da0af52faf02] - Applying command: type=Set
18:45:31.160 [vert.x-eventloop-thread-0] DEBUG d.m.q.c.state.QuorusStateStore [LEADER/1] [req-a39075c1-00c1-4339-a7fb-da0af52faf02] - Processing system metadata command: key=phase4.v2.secret-reference.regulated-bank-a:vault-payments-sftp, type=Set
18:45:31.160 [vert.x-eventloop-thread-0] INFO  d.m.q.c.state.QuorusStateStore [LEADER/1] [req-a39075c1-00c1-4339-a7fb-da0af52faf02] - Set system metadata: key=phase4.v2.secret-reference.regulated-bank-a:vault-payments-sftp, valuePresent=true, replaced=true
18:45:31.161 [vert.x-eventloop-thread-0] DEBUG d.m.q.c.state.QuorusStateStore [LEADER/1] [req-a39075c1-00c1-4339-a7fb-da0af52faf02] - Command applied successfully: type=Set, result=Success
18:45:31.161 [vert.x-eventloop-thread-0] INFO  d.m.quorus.controller.raft.RaftNode [LEADER/1] [req-a39075c1-00c1-4339-a7fb-da0af52faf02] - Command submitted at index 16 term 1
18:45:31.161 [vert.x-eventloop-thread-0] DEBUG d.m.q.c.state.QuorusStateStore [LEADER/1] [req-a39075c1-00c1-4339-a7fb-da0af52faf02] - Applying command: type=Set
18:45:31.161 [vert.x-eventloop-thread-0] DEBUG d.m.q.c.state.QuorusStateStore [LEADER/1] [req-a39075c1-00c1-4339-a7fb-da0af52faf02] - Processing system metadata command: key=phase4.v2.security-event.regulated-bank-a:1788605131161.9f3e2850-d6ea-47dc-b05e-378290b7a196, type=Set
18:45:31.161 [vert.x-eventloop-thread-0] INFO  d.m.q.c.state.QuorusStateStore [LEADER/1] [req-a39075c1-00c1-4339-a7fb-da0af52faf02] - Set system metadata: key=phase4.v2.security-event.regulated-bank-a:1788605131161.9f3e2850-d6ea-47dc-b05e-378290b7a196, valuePresent=true, replaced=false
18:45:31.161 [vert.x-eventloop-thread-0] DEBUG d.m.q.c.state.QuorusStateStore [LEADER/1] [req-a39075c1-00c1-4339-a7fb-da0af52faf02] - Command applied successfully: type=Set, result=Success
18:45:31.167 [vert.x-eventloop-thread-0] INFO  d.m.quorus.controller.raft.RaftNode [LEADER/1] [req-9fb5cdcf-5940-4ee8-a2e4-379feab36913] - Command submitted at index 17 term 1
18:45:31.167 [vert.x-eventloop-thread-0] DEBUG d.m.q.c.state.QuorusStateStore [LEADER/1] [req-9fb5cdcf-5940-4ee8-a2e4-379feab36913] - Applying command: type=Set
18:45:31.167 [vert.x-eventloop-thread-0] DEBUG d.m.q.c.state.QuorusStateStore [LEADER/1] [req-9fb5cdcf-5940-4ee8-a2e4-379feab36913] - Processing system metadata command: key=phase4.v2.secret-reference.regulated-bank-a:expired-secret, type=Set
18:45:31.168 [vert.x-eventloop-thread-0] INFO  d.m.q.c.state.QuorusStateStore [LEADER/1] [req-9fb5cdcf-5940-4ee8-a2e4-379feab36913] - Set system metadata: key=phase4.v2.secret-reference.regulated-bank-a:expired-secret, valuePresent=true, replaced=false
18:45:31.168 [vert.x-eventloop-thread-0] DEBUG d.m.q.c.state.QuorusStateStore [LEADER/1] [req-9fb5cdcf-5940-4ee8-a2e4-379feab36913] - Command applied successfully: type=Set, result=Success
18:45:31.168 [vert.x-eventloop-thread-0] INFO  d.m.quorus.controller.raft.RaftNode [LEADER/1] [req-9fb5cdcf-5940-4ee8-a2e4-379feab36913] - Command submitted at index 18 term 1
18:45:31.168 [vert.x-eventloop-thread-0] DEBUG d.m.q.c.state.QuorusStateStore [LEADER/1] [req-9fb5cdcf-5940-4ee8-a2e4-379feab36913] - Applying command: type=Set
18:45:31.168 [vert.x-eventloop-thread-0] DEBUG d.m.q.c.state.QuorusStateStore [LEADER/1] [req-9fb5cdcf-5940-4ee8-a2e4-379feab36913] - Processing system metadata command: key=phase4.v2.security-event.regulated-bank-a:1788605131168.d8b7595f-dc44-46a4-bd6b-4f9f2f9f86cb, type=Set
18:45:31.168 [vert.x-eventloop-thread-0] INFO  d.m.q.c.state.QuorusStateStore [LEADER/1] [req-9fb5cdcf-5940-4ee8-a2e4-379feab36913] - Set system metadata: key=phase4.v2.security-event.regulated-bank-a:1788605131168.d8b7595f-dc44-46a4-bd6b-4f9f2f9f86cb, valuePresent=true, replaced=false
18:45:31.168 [vert.x-eventloop-thread-0] DEBUG d.m.q.c.state.QuorusStateStore [LEADER/1] [req-9fb5cdcf-5940-4ee8-a2e4-379feab36913] - Command applied successfully: type=Set, result=Success
18:45:31.171 [vert.x-eventloop-thread-0] INFO  d.m.quorus.controller.raft.RaftNode [LEADER/1] [req-7e0f389c-6ab7-4a60-8086-1bfcf46c7c8a] - Command submitted at index 19 term 1
18:45:31.171 [vert.x-eventloop-thread-0] DEBUG d.m.q.c.state.QuorusStateStore [LEADER/1] [req-7e0f389c-6ab7-4a60-8086-1bfcf46c7c8a] - Applying command: type=Set
18:45:31.172 [vert.x-eventloop-thread-0] DEBUG d.m.q.c.state.QuorusStateStore [LEADER/1] [req-7e0f389c-6ab7-4a60-8086-1bfcf46c7c8a] - Processing system metadata command: key=phase4.v2.service-connection.regulated-bank-a:expired-connection, type=Set
18:45:31.172 [vert.x-eventloop-thread-0] INFO  d.m.q.c.state.QuorusStateStore [LEADER/1] [req-7e0f389c-6ab7-4a60-8086-1bfcf46c7c8a] - Set system metadata: key=phase4.v2.service-connection.regulated-bank-a:expired-connection, valuePresent=true, replaced=false
18:45:31.172 [vert.x-eventloop-thread-0] DEBUG d.m.q.c.state.QuorusStateStore [LEADER/1] [req-7e0f389c-6ab7-4a60-8086-1bfcf46c7c8a] - Command applied successfully: type=Set, result=Success
18:45:31.172 [vert.x-eventloop-thread-0] INFO  d.m.quorus.controller.raft.RaftNode [LEADER/1] [req-7e0f389c-6ab7-4a60-8086-1bfcf46c7c8a] - Command submitted at index 20 term 1
18:45:31.172 [vert.x-eventloop-thread-0] DEBUG d.m.q.c.state.QuorusStateStore [LEADER/1] [req-7e0f389c-6ab7-4a60-8086-1bfcf46c7c8a] - Applying command: type=Set
18:45:31.172 [vert.x-eventloop-thread-0] DEBUG d.m.q.c.state.QuorusStateStore [LEADER/1] [req-7e0f389c-6ab7-4a60-8086-1bfcf46c7c8a] - Processing system metadata command: key=phase4.v2.security-event.regulated-bank-a:1788605131172.2853299a-27d5-4a33-80d6-e6d6f01c2250, type=Set
18:45:31.172 [vert.x-eventloop-thread-0] INFO  d.m.q.c.state.QuorusStateStore [LEADER/1] [req-7e0f389c-6ab7-4a60-8086-1bfcf46c7c8a] - Set system metadata: key=phase4.v2.security-event.regulated-bank-a:1788605131172.2853299a-27d5-4a33-80d6-e6d6f01c2250, valuePresent=true, replaced=false
18:45:31.172 [vert.x-eventloop-thread-0] DEBUG d.m.q.c.state.QuorusStateStore [LEADER/1] [req-7e0f389c-6ab7-4a60-8086-1bfcf46c7c8a] - Command applied successfully: type=Set, result=Success
18:45:31.175 [vert.x-eventloop-thread-0] INFO  d.m.quorus.controller.raft.RaftNode [LEADER/1] [req-d5237247-c98f-4e99-9fc2-5699b892faa5] - Command submitted at index 21 term 1
18:45:31.175 [vert.x-eventloop-thread-0] DEBUG d.m.q.c.state.QuorusStateStore [LEADER/1] [req-d5237247-c98f-4e99-9fc2-5699b892faa5] - Applying command: type=Set
18:45:31.175 [vert.x-eventloop-thread-0] DEBUG d.m.q.c.state.QuorusStateStore [LEADER/1] [req-d5237247-c98f-4e99-9fc2-5699b892faa5] - Processing system metadata command: key=phase4.v2.secret-reference.regulated-bank-a:expired-secret, type=Set
18:45:31.175 [vert.x-eventloop-thread-0] INFO  d.m.q.c.state.QuorusStateStore [LEADER/1] [req-d5237247-c98f-4e99-9fc2-5699b892faa5] - Set system metadata: key=phase4.v2.secret-reference.regulated-bank-a:expired-secret, valuePresent=true, replaced=true
18:45:31.176 [vert.x-eventloop-thread-0] DEBUG d.m.q.c.state.QuorusStateStore [LEADER/1] [req-d5237247-c98f-4e99-9fc2-5699b892faa5] - Command applied successfully: type=Set, result=Success
18:45:31.176 [vert.x-eventloop-thread-0] INFO  d.m.quorus.controller.raft.RaftNode [LEADER/1] [req-d5237247-c98f-4e99-9fc2-5699b892faa5] - Command submitted at index 22 term 1
18:45:31.176 [vert.x-eventloop-thread-0] DEBUG d.m.q.c.state.QuorusStateStore [LEADER/1] [req-d5237247-c98f-4e99-9fc2-5699b892faa5] - Applying command: type=Set
18:45:31.176 [vert.x-eventloop-thread-0] DEBUG d.m.q.c.state.QuorusStateStore [LEADER/1] [req-d5237247-c98f-4e99-9fc2-5699b892faa5] - Processing system metadata command: key=phase4.v2.security-event.regulated-bank-a:1788605131175.3b11f2d2-58d3-4ea8-9641-7ddd2709190f, type=Set
18:45:31.176 [vert.x-eventloop-thread-0] INFO  d.m.q.c.state.QuorusStateStore [LEADER/1] [req-d5237247-c98f-4e99-9fc2-5699b892faa5] - Set system metadata: key=phase4.v2.security-event.regulated-bank-a:1788605131175.3b11f2d2-58d3-4ea8-9641-7ddd2709190f, valuePresent=true, replaced=false
18:45:31.176 [vert.x-eventloop-thread-0] DEBUG d.m.q.c.state.QuorusStateStore [LEADER/1] [req-d5237247-c98f-4e99-9fc2-5699b892faa5] - Command applied successfully: type=Set, result=Success
18:45:31.176 [vert.x-eventloop-thread-0] WARN  d.m.q.c.http.GlobalErrorHandler [LEADER/1] [req-d5237247-c98f-4e99-9fc2-5699b892faa5] - Client error [CONFLICT] at /api/v1/transfers: Service connection secret reference is unavailable
18:45:31.185 [vert.x-eventloop-thread-0] INFO  d.m.quorus.controller.raft.RaftNode [LEADER/1] [req-2b23dc47-d7e0-4d11-8953-1e20dbb84d12] - Command submitted at index 23 term 1
18:45:31.185 [vert.x-eventloop-thread-0] DEBUG d.m.q.c.state.QuorusStateStore [LEADER/1] [req-2b23dc47-d7e0-4d11-8953-1e20dbb84d12] - Applying command: type=Delete
18:45:31.185 [vert.x-eventloop-thread-0] DEBUG d.m.q.c.state.QuorusStateStore [LEADER/1] [req-2b23dc47-d7e0-4d11-8953-1e20dbb84d12] - Processing system metadata command: key=phase4.v2.service-connection.regulated-bank-a:payments-sftp, type=Delete
18:45:31.185 [vert.x-eventloop-thread-0] INFO  d.m.q.c.state.QuorusStateStore [LEADER/1] [req-2b23dc47-d7e0-4d11-8953-1e20dbb84d12] - Deleted system metadata: key=phase4.v2.service-connection.regulated-bank-a:payments-sftp, valueRemoved=true
18:45:31.185 [vert.x-eventloop-thread-0] DEBUG d.m.q.c.state.QuorusStateStore [LEADER/1] [req-2b23dc47-d7e0-4d11-8953-1e20dbb84d12] - Command applied successfully: type=Delete, result=Success
18:45:31.186 [vert.x-eventloop-thread-0] INFO  d.m.quorus.controller.raft.RaftNode [LEADER/1] [req-2b23dc47-d7e0-4d11-8953-1e20dbb84d12] - Command submitted at index 24 term 1
18:45:31.186 [vert.x-eventloop-thread-0] DEBUG d.m.q.c.state.QuorusStateStore [LEADER/1] [req-2b23dc47-d7e0-4d11-8953-1e20dbb84d12] - Applying command: type=Set
18:45:31.186 [vert.x-eventloop-thread-0] DEBUG d.m.q.c.state.QuorusStateStore [LEADER/1] [req-2b23dc47-d7e0-4d11-8953-1e20dbb84d12] - Processing system metadata command: key=phase4.v2.security-event.regulated-bank-a:1788605131185.fd201f0b-f396-4619-be96-6517471aaa34, type=Set
18:45:31.186 [vert.x-eventloop-thread-0] INFO  d.m.q.c.state.QuorusStateStore [LEADER/1] [req-2b23dc47-d7e0-4d11-8953-1e20dbb84d12] - Set system metadata: key=phase4.v2.security-event.regulated-bank-a:1788605131185.fd201f0b-f396-4619-be96-6517471aaa34, valuePresent=true, replaced=false
18:45:31.186 [vert.x-eventloop-thread-0] DEBUG d.m.q.c.state.QuorusStateStore [LEADER/1] [req-2b23dc47-d7e0-4d11-8953-1e20dbb84d12] - Command applied successfully: type=Set, result=Success
18:45:31.189 [vert.x-eventloop-thread-0] INFO  d.m.quorus.controller.raft.RaftNode [LEADER/1] [req-f2902310-d0c2-4fdf-a6c1-24d218e16ec5] - Command submitted at index 25 term 1
18:45:31.189 [vert.x-eventloop-thread-0] DEBUG d.m.q.c.state.QuorusStateStore [LEADER/1] [req-f2902310-d0c2-4fdf-a6c1-24d218e16ec5] - Applying command: type=Delete
18:45:31.190 [vert.x-eventloop-thread-0] DEBUG d.m.q.c.state.QuorusStateStore [LEADER/1] [req-f2902310-d0c2-4fdf-a6c1-24d218e16ec5] - Processing system metadata command: key=phase4.v2.secret-reference.regulated-bank-a:vault-payments-sftp, type=Delete
18:45:31.190 [vert.x-eventloop-thread-0] INFO  d.m.q.c.state.QuorusStateStore [LEADER/1] [req-f2902310-d0c2-4fdf-a6c1-24d218e16ec5] - Deleted system metadata: key=phase4.v2.secret-reference.regulated-bank-a:vault-payments-sftp, valueRemoved=true
18:45:31.190 [vert.x-eventloop-thread-0] DEBUG d.m.q.c.state.QuorusStateStore [LEADER/1] [req-f2902310-d0c2-4fdf-a6c1-24d218e16ec5] - Command applied successfully: type=Delete, result=Success
18:45:31.190 [vert.x-eventloop-thread-0] INFO  d.m.quorus.controller.raft.RaftNode [LEADER/1] [req-f2902310-d0c2-4fdf-a6c1-24d218e16ec5] - Command submitted at index 26 term 1
18:45:31.190 [vert.x-eventloop-thread-0] DEBUG d.m.q.c.state.QuorusStateStore [LEADER/1] [req-f2902310-d0c2-4fdf-a6c1-24d218e16ec5] - Applying command: type=Set
18:45:31.190 [vert.x-eventloop-thread-0] DEBUG d.m.q.c.state.QuorusStateStore [LEADER/1] [req-f2902310-d0c2-4fdf-a6c1-24d218e16ec5] - Processing system metadata command: key=phase4.v2.security-event.regulated-bank-a:1788605131190.e65da1db-0b18-4831-820e-9b77cfead6b9, type=Set
18:45:31.190 [vert.x-eventloop-thread-0] INFO  d.m.q.c.state.QuorusStateStore [LEADER/1] [req-f2902310-d0c2-4fdf-a6c1-24d218e16ec5] - Set system metadata: key=phase4.v2.security-event.regulated-bank-a:1788605131190.e65da1db-0b18-4831-820e-9b77cfead6b9, valuePresent=true, replaced=false
18:45:31.190 [vert.x-eventloop-thread-0] DEBUG d.m.q.c.state.QuorusStateStore [LEADER/1] [req-f2902310-d0c2-4fdf-a6c1-24d218e16ec5] - Command applied successfully: type=Set, result=Success
18:45:31.195 [vert.x-eventloop-thread-0] INFO  d.m.q.controller.http.HttpApiServer [LEADER/1] - HTTP API Server stopped
18:45:31.195 [vert.x-eventloop-thread-0] INFO  d.m.q.c.r.InMemoryTransportSimulator [LEADER/1] - Stopped in-memory transport for node: phase4-service-connection-node
18:45:31.196 [vert.x-eventloop-thread-0] INFO  d.m.quorus.controller.raft.RaftNode [LEADER/1] - Raft node stopped: phase4-service-connection-node
[INFO] Tests run: 1, Failures: 0, Errors: 0, Skipped: 0, Time elapsed: 0.704 s -- in dev.mars.quorus.controller.http.ServiceConnectionHttpIntegrationTest
[INFO] Running dev.mars.quorus.controller.http.ServiceConnectionRouteProbeTest
[INFO] Tests run: 1, Failures: 0, Errors: 0, Skipped: 0, Time elapsed: 0.013 s -- in dev.mars.quorus.controller.http.ServiceConnectionRouteProbeTest
[INFO] Running dev.mars.quorus.controller.state.ServiceConnectionRegistryIsolationTest
18:45:31.227 [ForkJoinPool-1-worker-1] DEBUG d.m.q.c.state.QuorusStateStore - Initializing default metadata: version=2.0
18:45:31.227 [ForkJoinPool-1-worker-1] DEBUG d.m.q.c.state.QuorusStateStore - Applying command: type=Set
18:45:31.227 [ForkJoinPool-1-worker-1] DEBUG d.m.q.c.state.QuorusStateStore - Processing system metadata command: key=phase4.secret-reference.bank.branch.ledger, type=Set
18:45:31.227 [ForkJoinPool-1-worker-1] INFO  d.m.q.c.state.QuorusStateStore - Set system metadata: key=phase4.secret-reference.bank.branch.ledger, valuePresent=true, replaced=false
18:45:31.227 [ForkJoinPool-1-worker-1] DEBUG d.m.q.c.state.QuorusStateStore - Command applied successfully: type=Set, result=Success
18:45:31.229 [ForkJoinPool-1-worker-1] DEBUG d.m.q.c.state.QuorusStateStore - Initializing default metadata: version=2.0
18:45:31.230 [ForkJoinPool-1-worker-1] DEBUG d.m.q.c.state.QuorusStateStore - Initializing default metadata: version=2.0
18:45:31.234 [ForkJoinPool-1-worker-1] DEBUG d.m.q.c.state.QuorusStateStore - Initializing default metadata: version=2.0
18:45:31.234 [ForkJoinPool-1-worker-1] DEBUG d.m.q.c.state.QuorusStateStore - Applying command: type=Set
18:45:31.235 [ForkJoinPool-1-worker-1] DEBUG d.m.q.c.state.QuorusStateStore - Processing system metadata command: key=phase4.v2.secret-reference.bank:new, type=Set
18:45:31.235 [ForkJoinPool-1-worker-1] INFO  d.m.q.c.state.QuorusStateStore - Set system metadata: key=phase4.v2.secret-reference.bank:new, valuePresent=true, replaced=false
18:45:31.235 [ForkJoinPool-1-worker-1] DEBUG d.m.q.c.state.QuorusStateStore - Command applied successfully: type=Set, result=Success
18:45:31.235 [ForkJoinPool-1-worker-1] DEBUG d.m.q.c.state.QuorusStateStore - Applying command: type=Set
18:45:31.235 [ForkJoinPool-1-worker-1] DEBUG d.m.q.c.state.QuorusStateStore - Command applied successfully: type=Set, result=Rejected
18:45:31.238 [ForkJoinPool-1-worker-1] DEBUG d.m.q.c.state.QuorusStateStore - Initializing default metadata: version=2.0
18:45:31.238 [ForkJoinPool-1-worker-1] DEBUG d.m.q.c.state.QuorusStateStore - Applying command: type=Set
18:45:31.238 [ForkJoinPool-1-worker-1] DEBUG d.m.q.c.state.QuorusStateStore - Processing system metadata command: key=phase4.secret-reference.bank.ledger, type=Set
18:45:31.238 [ForkJoinPool-1-worker-1] INFO  d.m.q.c.state.QuorusStateStore - Set system metadata: key=phase4.secret-reference.bank.ledger, valuePresent=true, replaced=false
18:45:31.238 [ForkJoinPool-1-worker-1] DEBUG d.m.q.c.state.QuorusStateStore - Command applied successfully: type=Set, result=Success
18:45:31.238 [ForkJoinPool-1-worker-1] DEBUG d.m.q.c.state.QuorusStateStore - Applying command: type=Set
18:45:31.239 [ForkJoinPool-1-worker-1] DEBUG d.m.q.c.state.QuorusStateStore - Command applied successfully: type=Set, result=Rejected
18:45:31.241 [ForkJoinPool-1-worker-1] DEBUG d.m.q.c.state.QuorusStateStore - Initializing default metadata: version=2.0
18:45:31.242 [ForkJoinPool-1-worker-1] DEBUG d.m.q.c.state.QuorusStateStore - Applying command: type=Delete
18:45:31.242 [ForkJoinPool-1-worker-1] DEBUG d.m.q.c.state.QuorusStateStore - Processing system metadata command: key=phase4.v2.secret-reference.bank:absent, type=Delete
18:45:31.242 [ForkJoinPool-1-worker-1] WARN  d.m.q.c.state.QuorusStateStore - System metadata not found for deletion: key=phase4.v2.secret-reference.bank:absent
18:45:31.242 [ForkJoinPool-1-worker-1] DEBUG d.m.q.c.state.QuorusStateStore - Command applied successfully: type=Delete, result=NotFound
18:45:31.244 [ForkJoinPool-1-worker-1] DEBUG d.m.q.c.state.QuorusStateStore - Initializing default metadata: version=2.0
18:45:31.245 [ForkJoinPool-1-worker-1] DEBUG d.m.q.c.state.QuorusStateStore - Taking state machine snapshot: jobs=0, agents=0, metadata=4, assignments=0, queue=0
18:45:31.252 [ForkJoinPool-1-worker-1] INFO  d.m.q.c.state.QuorusStateStore - Created snapshot: size=1728bytes, jobs=0, agents=0, assignments=0, queue=0, routes=0, lastAppliedIndex=0
18:45:31.254 [ForkJoinPool-1-worker-1] DEBUG d.m.q.c.state.QuorusStateStore - Initializing default metadata: version=2.0
18:45:31.255 [ForkJoinPool-1-worker-1] DEBUG d.m.q.c.state.QuorusStateStore - Restoring state machine snapshot: snapshotSize=1728bytes
18:45:31.279 [ForkJoinPool-1-worker-1] INFO  d.m.q.c.state.QuorusStateStore - Restored snapshot: jobs=0, agents=0, metadata=4, assignments=0, queue=0, routes=0, lastAppliedIndex=0
18:45:31.280 [ForkJoinPool-1-worker-1] DEBUG d.m.q.c.state.QuorusStateStore - Applying command: type=Set
18:45:31.281 [ForkJoinPool-1-worker-1] DEBUG d.m.q.c.state.QuorusStateStore - Processing system metadata command: key=phase4.v2.secret-reference.bank:new, type=Set
18:45:31.281 [ForkJoinPool-1-worker-1] INFO  d.m.q.c.state.QuorusStateStore - Set system metadata: key=phase4.v2.secret-reference.bank:new, valuePresent=true, replaced=false
18:45:31.281 [ForkJoinPool-1-worker-1] DEBUG d.m.q.c.state.QuorusStateStore - Command applied successfully: type=Set, result=Success
18:45:31.284 [ForkJoinPool-1-worker-1] DEBUG d.m.q.c.state.QuorusStateStore - Initializing default metadata: version=2.0
18:45:31.284 [ForkJoinPool-1-worker-1] DEBUG d.m.q.c.state.QuorusStateStore - Applying command: type=Set
18:45:31.285 [ForkJoinPool-1-worker-1] DEBUG d.m.q.c.state.QuorusStateStore - Command applied successfully: type=Set, result=Rejected
18:45:31.287 [ForkJoinPool-1-worker-1] DEBUG d.m.q.c.state.QuorusStateStore - Initializing default metadata: version=2.0
18:45:31.287 [ForkJoinPool-1-worker-1] DEBUG d.m.q.c.state.QuorusStateStore - Initializing default metadata: version=2.0
18:45:31.287 [ForkJoinPool-1-worker-1] DEBUG d.m.q.c.state.QuorusStateStore - Applying command: type=Set
18:45:31.287 [ForkJoinPool-1-worker-1] DEBUG d.m.q.c.state.QuorusStateStore - Processing system metadata command: key=phase4.secret-reference.bank.branch.ledger, type=Set
18:45:31.287 [ForkJoinPool-1-worker-1] INFO  d.m.q.c.state.QuorusStateStore - Set system metadata: key=phase4.secret-reference.bank.branch.ledger, valuePresent=true, replaced=false
18:45:31.287 [ForkJoinPool-1-worker-1] DEBUG d.m.q.c.state.QuorusStateStore - Command applied successfully: type=Set, result=Success
WARNING: A terminally deprecated method in sun.misc.Unsafe has been called
WARNING: sun.misc.Unsafe::arrayBaseOffset has been called by com.google.protobuf.UnsafeUtil$MemoryAccessor (file:/C:/Users/mraysmit/.m2/repository/com/google/protobuf/protobuf-java/3.25.5/protobuf-java-3.25.5.jar)
WARNING: Please consider reporting this to the maintainers of class com.google.protobuf.UnsafeUtil$MemoryAccessor
WARNING: sun.misc.Unsafe::arrayBaseOffset will be removed in a future release
18:45:31.381 [ForkJoinPool-1-worker-1] DEBUG d.m.q.c.state.QuorusStateStore - Applying command: type=Set
18:45:31.382 [ForkJoinPool-1-worker-1] DEBUG d.m.q.c.state.QuorusStateStore - Processing system metadata command: key=phase4.secret-reference.bank.branch.ledger, type=Set
18:45:31.382 [ForkJoinPool-1-worker-1] INFO  d.m.q.c.state.QuorusStateStore - Set system metadata: key=phase4.secret-reference.bank.branch.ledger, valuePresent=true, replaced=false
18:45:31.382 [ForkJoinPool-1-worker-1] DEBUG d.m.q.c.state.QuorusStateStore - Command applied successfully: type=Set, result=Success
18:45:31.382 [ForkJoinPool-1-worker-1] DEBUG d.m.q.c.state.QuorusStateStore - Applying command: type=Set
18:45:31.382 [ForkJoinPool-1-worker-1] DEBUG d.m.q.c.state.QuorusStateStore - Processing system metadata command: key=phase4.v2.secret-reference.bank:branch.ledger, type=Set
18:45:31.382 [ForkJoinPool-1-worker-1] INFO  d.m.q.c.state.QuorusStateStore - Set system metadata: key=phase4.v2.secret-reference.bank:branch.ledger, valuePresent=true, replaced=false
18:45:31.383 [ForkJoinPool-1-worker-1] DEBUG d.m.q.c.state.QuorusStateStore - Command applied successfully: type=Set, result=Success
18:45:31.383 [ForkJoinPool-1-worker-1] DEBUG d.m.q.c.state.QuorusStateStore - Applying command: type=Set
18:45:31.383 [ForkJoinPool-1-worker-1] DEBUG d.m.q.c.state.QuorusStateStore - Processing system metadata command: key=phase4.v2.secret-reference.bank:branch.ledger, type=Set
18:45:31.383 [ForkJoinPool-1-worker-1] INFO  d.m.q.c.state.QuorusStateStore - Set system metadata: key=phase4.v2.secret-reference.bank:branch.ledger, valuePresent=true, replaced=false
18:45:31.383 [ForkJoinPool-1-worker-1] DEBUG d.m.q.c.state.QuorusStateStore - Command applied successfully: type=Set, result=Success
18:45:31.385 [ForkJoinPool-1-worker-1] DEBUG d.m.q.c.state.QuorusStateStore - Applying command: type=Set
18:45:31.385 [ForkJoinPool-1-worker-1] DEBUG d.m.q.c.state.QuorusStateStore - Processing system metadata command: key=phase4.v2.secret-reference.bank:branch.ledger, type=Set
18:45:31.385 [ForkJoinPool-1-worker-1] INFO  d.m.q.c.state.QuorusStateStore - Set system metadata: key=phase4.v2.secret-reference.bank:branch.ledger, valuePresent=true, replaced=true
18:45:31.385 [ForkJoinPool-1-worker-1] DEBUG d.m.q.c.state.QuorusStateStore - Command applied successfully: type=Set, result=Success
18:45:31.387 [ForkJoinPool-1-worker-1] DEBUG d.m.q.c.state.QuorusStateStore - Initializing default metadata: version=2.0
18:45:31.387 [ForkJoinPool-1-worker-1] DEBUG d.m.q.c.state.QuorusStateStore - Applying command: type=Set
18:45:31.387 [ForkJoinPool-1-worker-1] DEBUG d.m.q.c.state.QuorusStateStore - Command applied successfully: type=Set, result=Rejected
18:45:31.390 [ForkJoinPool-1-worker-1] DEBUG d.m.q.c.state.QuorusStateStore - Initializing default metadata: version=2.0
18:45:31.390 [ForkJoinPool-1-worker-1] DEBUG d.m.q.c.state.QuorusStateStore - Initializing default metadata: version=2.0
18:45:31.390 [ForkJoinPool-1-worker-1] DEBUG d.m.q.c.state.QuorusStateStore - Applying command: type=Set
18:45:31.390 [ForkJoinPool-1-worker-1] DEBUG d.m.q.c.state.QuorusStateStore - Command applied successfully: type=Set, result=Rejected
18:45:31.392 [ForkJoinPool-1-worker-1] DEBUG d.m.q.c.state.QuorusStateStore - Initializing default metadata: version=2.0
18:45:31.392 [ForkJoinPool-1-worker-1] DEBUG d.m.q.c.state.QuorusStateStore - Applying command: type=Set
18:45:31.392 [ForkJoinPool-1-worker-1] DEBUG d.m.q.c.state.QuorusStateStore - Processing system metadata command: key=phase4.secret-reference.bank.branch.ledger, type=Set
18:45:31.393 [ForkJoinPool-1-worker-1] INFO  d.m.q.c.state.QuorusStateStore - Set system metadata: key=phase4.secret-reference.bank.branch.ledger, valuePresent=true, replaced=false
18:45:31.393 [ForkJoinPool-1-worker-1] DEBUG d.m.q.c.state.QuorusStateStore - Command applied successfully: type=Set, result=Success
18:45:31.394 [ForkJoinPool-1-worker-1] DEBUG d.m.q.c.state.QuorusStateStore - Initializing default metadata: version=2.0
[INFO] Tests run: 13, Failures: 0, Errors: 0, Skipped: 0, Time elapsed: 0.171 s -- in dev.mars.quorus.controller.state.ServiceConnectionRegistryIsolationTest
[INFO] 
[INFO] Results:
[INFO] 
[INFO] Tests run: 47, Failures: 0, Errors: 0, Skipped: 0
[INFO] 
[INFO] 
[INFO] --- jacoco:0.8.15:report (report) @ quorus-controller ---
[INFO] Loading execution data file C:\Users\mraysmit\dev\idea-projects\quorus\quorus-controller\target\jacoco.exec
[INFO] Analyzed bundle 'Quorus Distributed Controller' with 158 classes
[INFO] ------------------------------------------------------------------------
[INFO] Reactor Summary for Quorus File Transfer System 1.0-SNAPSHOT:
[INFO] 
[INFO] Quorus File Transfer System ........................ SUCCESS [  0.289 s]
[INFO] Quorus Core ........................................ SUCCESS [  1.940 s]
[INFO] Quorus Workflow Engine ............................. SUCCESS [  0.325 s]
[INFO] Quorus Tenant Management ........................... SUCCESS [  0.210 s]
[INFO] Quorus Distributed Controller ...................... SUCCESS [ 25.124 s]
[INFO] ------------------------------------------------------------------------
[INFO] BUILD SUCCESS
[INFO] ------------------------------------------------------------------------
[INFO] Total time:  28.123 s
[INFO] Finished at: 2026-09-05T18:45:32+08:00
[INFO] ------------------------------------------------------------------------
