time="2026-09-05T18:45:48+08:00" level=warning msg="C:\\Users\\mraysmit\\dev\\idea-projects\\quorus\\quorus-controller\\src\\test\\resources\\docker-compose-build-image.yml: the attribute `version` is obsolete, it will be ignored, please remove it to avoid potential confusion"
 Image quorus-controller:test Building 
#1 [internal] load local bake definitions
#1 reading from stdin 686B done
#1 DONE 0.0s

#2 [internal] load build definition from Dockerfile
#2 transferring dockerfile: 5.28kB done
#2 DONE 0.0s

#3 [auth] docker/dockerfile:pull token for registry-1.docker.io
#3 DONE 0.0s

#4 resolve image config for docker-image://docker.io/docker/dockerfile:1.4
#4 DONE 2.2s

#5 docker-image://docker.io/docker/dockerfile:1.4@sha256:9ba7531bd80fb0a858632727cf7a112fbfd19b17e94c4e84ced81e24ef1a0dbc
#5 CACHED

#6 [internal] load .dockerignore
#6 transferring context: 801B done
#6 DONE 0.0s

#7 [auth] library/eclipse-temurin:pull token for registry-1.docker.io
#7 DONE 0.0s

#8 [auth] library/maven:pull token for registry-1.docker.io
#8 DONE 0.0s

#9 [context m2cache] load .dockerignore
#9 transferring m2cache: 2B done
#9 DONE 0.0s

#10 [internal] load metadata for docker.io/library/eclipse-temurin:25-jre-alpine
#10 DONE 1.2s

#11 [internal] load metadata for docker.io/library/maven:3.9.11-eclipse-temurin-25
#11 DONE 2.2s

#12 [builder  1/17] FROM docker.io/library/maven:3.9.11-eclipse-temurin-25@sha256:407c4423cec0cf2981055bc2c6c0dc211d9605b6669279b95997f2d1c7e91e2c
#12 DONE 0.0s

#13 [stage-1 1/6] FROM docker.io/library/eclipse-temurin:25-jre-alpine@sha256:3137541deb3cac6626b5d9a4a2187bc0d6a34312f858bd2c67dd01e732e6b682
#13 DONE 0.0s

#14 [internal] load build context
#14 transferring context: 91.46kB 0.1s done
#14 DONE 0.1s

#15 [context m2cache] load from client
#15 transferring m2cache: 933.75kB 0.1s done
#15 DONE 0.1s

#16 [builder  2/17] WORKDIR /app
#16 CACHED

#17 [builder  5/17] COPY quorus-workflow/pom.xml quorus-workflow/
#17 CACHED

#18 [builder  3/17] COPY pom.xml .
#18 CACHED

#19 [builder  4/17] COPY quorus-core/pom.xml quorus-core/
#19 CACHED

#20 [builder  6/17] COPY quorus-tenant/pom.xml quorus-tenant/
#20 CACHED

#21 [builder  7/17] COPY quorus-controller/pom.xml quorus-controller/
#21 CACHED

#22 [builder  8/17] RUN mkdir -p quorus-integration-examples && echo '<?xml version="1.0" encoding="UTF-8"?><project xmlns="http://maven.apache.org/POM/4.0.0" xmlns:xsi="http://www.w3.org/2001/XMLSchema-instance" xsi:schemaLocation="http://maven.apache.org/POM/4.0.0 http://maven.apache.org/xsd/maven-4.0.0.xsd"><modelVersion>4.0.0</modelVersion><parent><groupId>dev.mars</groupId><artifactId>quorus</artifactId><version>1.0-SNAPSHOT</version></parent><artifactId>quorus-integration-examples</artifactId><packaging>pom</packaging></project>' > quorus-integration-examples/pom.xml
#22 CACHED

#23 [builder  9/17] RUN mkdir -p quorus-agent && echo '<?xml version="1.0" encoding="UTF-8"?><project xmlns="http://maven.apache.org/POM/4.0.0" xmlns:xsi="http://www.w3.org/2001/XMLSchema-instance" xsi:schemaLocation="http://maven.apache.org/POM/4.0.0 http://maven.apache.org/xsd/maven-4.0.0.xsd"><modelVersion>4.0.0</modelVersion><parent><groupId>dev.mars</groupId><artifactId>quorus</artifactId><version>1.0-SNAPSHOT</version></parent><artifactId>quorus-agent</artifactId><packaging>pom</packaging></project>' > quorus-agent/pom.xml
#23 CACHED

#24 [builder 10/17] RUN mkdir -p quorus-api && echo '<?xml version="1.0" encoding="UTF-8"?><project xmlns="http://maven.apache.org/POM/4.0.0" xmlns:xsi="http://www.w3.org/2001/XMLSchema-instance" xsi:schemaLocation="http://maven.apache.org/POM/4.0.0 http://maven.apache.org/xsd/maven-4.0.0.xsd"><modelVersion>4.0.0</modelVersion><parent><groupId>dev.mars</groupId><artifactId>quorus</artifactId><version>1.0-SNAPSHOT</version></parent><artifactId>quorus-api</artifactId><packaging>pom</packaging></project>' > quorus-api/pom.xml
#24 CACHED

#25 [builder 11/17] COPY --from=m2cache / /root/.m2/repository/dev/mars
#25 DONE 0.8s

#26 [builder 12/17] RUN --mount=type=cache,target=/root/.m2/repository/org     --mount=type=cache,target=/root/.m2/repository/io     --mount=type=cache,target=/root/.m2/repository/com     --mount=type=cache,target=/root/.m2/repository/net     mvn dependency:go-offline -pl quorus-controller -am -Dsilent=true || true
#26 1.316 WARNING: A terminally deprecated method in sun.misc.Unsafe has been called
#26 1.316 WARNING: sun.misc.Unsafe::staticFieldBase has been called by com.google.inject.internal.aop.HiddenClassDefiner (file:/usr/share/maven/lib/guice-5.1.0-classes.jar)
#26 1.316 WARNING: Please consider reporting this to the maintainers of class com.google.inject.internal.aop.HiddenClassDefiner
#26 1.316 WARNING: sun.misc.Unsafe::staticFieldBase will be removed in a future release
#26 1.630 [INFO] Scanning for projects...
#26 1.785 [INFO] ------------------------------------------------------------------------
#26 1.785 [INFO] Reactor Build Order:
#26 1.785 [INFO] 
#26 1.786 [INFO] Quorus File Transfer System                                        [pom]
#26 1.787 [INFO] Quorus Core                                                        [jar]
#26 1.787 [INFO] Quorus Workflow Engine                                             [jar]
#26 1.787 [INFO] Quorus Tenant Management                                           [jar]
#26 1.787 [INFO] Quorus Distributed Controller                                      [jar]
#26 1.955 [INFO] 
#26 1.955 [INFO] --------------------------< dev.mars:quorus >---------------------------
#26 1.955 [INFO] Building Quorus File Transfer System 1.0-SNAPSHOT                  [1/5]
#26 1.955 [INFO]   from pom.xml
#26 1.955 [INFO] --------------------------------[ pom ]---------------------------------
#26 1.961 [INFO] 
#26 1.961 [INFO] --- dependency:3.7.0:go-offline (default-cli) @ quorus ---
#26 2.206 Downloading from central: https://repo.maven.apache.org/maven2/commons-io/commons-io/2.6/commons-io-2.6.pom
#26 3.862 Progress (1): 782 B
Progress (1): 1.7 kB
Progress (1): 4.5 kB
Progress (1): 7.0 kB
Progress (1): 8.3 kB
Progress (1): 10 kB 
Progress (1): 13 kB
Progress (1): 14 kB
                   
Downloaded from central: https://repo.maven.apache.org/maven2/commons-io/commons-io/2.6/commons-io-2.6.pom (14 kB at 8.5 kB/s)
#26 3.979 Downloading from central: https://repo.maven.apache.org/maven2/commons-logging/commons-logging/1.2/commons-logging-1.2.pom
#26 4.212 Progress (1): 768 B
Progress (1): 1.7 kB
Progress (1): 4.5 kB
Progress (1): 6.6 kB
Progress (1): 9.3 kB
Progress (1): 12 kB 
Progress (1): 15 kB
Progress (1): 17 kB
Progress (1): 19 kB
                   
Downloaded from central: https://repo.maven.apache.org/maven2/commons-logging/commons-logging/1.2/commons-logging-1.2.pom (19 kB at 78 kB/s)
#26 4.234 Downloading from central: https://repo.maven.apache.org/maven2/commons-codec/commons-codec/1.11/commons-codec-1.11.pom
#26 4.454 Progress (1): 752 B
Progress (1): 1.6 kB
Progress (1): 3.3 kB
Progress (1): 5.8 kB
Progress (1): 7.3 kB
Progress (1): 9.3 kB
Progress (1): 12 kB 
Progress (1): 14 kB
                   
Downloaded from central: https://repo.maven.apache.org/maven2/commons-codec/commons-codec/1.11/commons-codec-1.11.pom (14 kB at 61 kB/s)
#26 4.540 Downloading from central: https://repo.maven.apache.org/maven2/commons-collections/commons-collections/3.1/commons-collections-3.1.pom
#26 4.775 Progress (1): 2.2 kB
Progress (1): 4.8 kB
Progress (1): 6.1 kB
                    
Downloaded from central: https://repo.maven.apache.org/maven2/commons-collections/commons-collections/3.1/commons-collections-3.1.pom (6.1 kB at 25 kB/s)
#26 4.790 Downloading from central: https://repo.maven.apache.org/maven2/commons-collections/commons-collections/3.2.1/commons-collections-3.2.1.pom
#26 5.011 Progress (1): 814 B
Progress (1): 1.8 kB
Progress (1): 5.1 kB
Progress (1): 8.4 kB
Progress (1): 10 kB 
Progress (1): 13 kB
                   
Downloaded from central: https://repo.maven.apache.org/maven2/commons-collections/commons-collections/3.2.1/commons-collections-3.2.1.pom (13 kB at 55 kB/s)
#26 5.025 Downloading from central: https://repo.maven.apache.org/maven2/commons-lang/commons-lang/2.4/commons-lang-2.4.pom
#26 5.247 Progress (1): 791 B
Progress (1): 1.7 kB
Progress (1): 5.0 kB
Progress (1): 9.1 kB
Progress (1): 12 kB 
Progress (1): 14 kB
Progress (1): 14 kB
                   
Downloaded from central: https://repo.maven.apache.org/maven2/commons-lang/commons-lang/2.4/commons-lang-2.4.pom (14 kB at 62 kB/s)
#26 5.260 Downloading from central: https://repo.maven.apache.org/maven2/commons-beanutils/commons-beanutils/1.7.0/commons-beanutils-1.7.0.pom
#26 5.492 Progress (1): 357 B
                   
Downloaded from central: https://repo.maven.apache.org/maven2/commons-beanutils/commons-beanutils/1.7.0/commons-beanutils-1.7.0.pom (357 B at 1.5 kB/s)
#26 5.498 Downloading from central: https://repo.maven.apache.org/maven2/commons-logging/commons-logging/1.0.3/commons-logging-1.0.3.pom
#26 5.721 Progress (1): 866 B
                   
Downloaded from central: https://repo.maven.apache.org/maven2/commons-logging/commons-logging/1.0.3/commons-logging-1.0.3.pom (866 B at 3.8 kB/s)
#26 5.727 Downloading from central: https://repo.maven.apache.org/maven2/commons-digester/commons-digester/1.8/commons-digester-1.8.pom
#26 5.960 Progress (1): 1.1 kB
Progress (1): 2.9 kB
Progress (1): 5.7 kB
Progress (1): 7.0 kB
                    
Downloaded from central: https://repo.maven.apache.org/maven2/commons-digester/commons-digester/1.8/commons-digester-1.8.pom (7.0 kB at 29 kB/s)
#26 5.969 Downloading from central: https://repo.maven.apache.org/maven2/commons-logging/commons-logging/1.1/commons-logging-1.1.pom
#26 6.197 Progress (1): 1.5 kB
Progress (1): 3.2 kB
Progress (1): 5.4 kB
Progress (1): 6.2 kB
                    
Downloaded from central: https://repo.maven.apache.org/maven2/commons-logging/commons-logging/1.1/commons-logging-1.1.pom (6.2 kB at 26 kB/s)
#26 6.207 Downloading from central: https://repo.maven.apache.org/maven2/log4j/log4j/1.2.12/log4j-1.2.12.pom
#26 6.429 Progress (1): 145 B
                   
Downloaded from central: https://repo.maven.apache.org/maven2/log4j/log4j/1.2.12/log4j-1.2.12.pom (145 B at 644 B/s)
#26 6.436 Downloading from central: https://repo.maven.apache.org/maven2/logkit/logkit/1.0.1/logkit-1.0.1.pom
#26 6.662 Progress (1): 147 B
                   
Downloaded from central: https://repo.maven.apache.org/maven2/logkit/logkit/1.0.1/logkit-1.0.1.pom (147 B at 641 B/s)
#26 6.668 Downloading from central: https://repo.maven.apache.org/maven2/avalon-framework/avalon-framework/4.1.3/avalon-framework-4.1.3.pom
#26 6.884 Progress (1): 167 B
                   
Downloaded from central: https://repo.maven.apache.org/maven2/avalon-framework/avalon-framework/4.1.3/avalon-framework-4.1.3.pom (167 B at 769 B/s)
#26 6.889 Downloading from central: https://repo.maven.apache.org/maven2/commons-chain/commons-chain/1.1/commons-chain-1.1.pom
#26 7.113 Progress (1): 1.5 kB
Progress (1): 3.0 kB
Progress (1): 6.0 kB
Progress (1): 6.0 kB
                    
Downloaded from central: https://repo.maven.apache.org/maven2/commons-chain/commons-chain/1.1/commons-chain-1.1.pom (6.0 kB at 27 kB/s)
#26 7.118 Downloading from central: https://repo.maven.apache.org/maven2/commons-digester/commons-digester/1.6/commons-digester-1.6.pom
#26 7.338 Progress (1): 974 B
                   
Downloaded from central: https://repo.maven.apache.org/maven2/commons-digester/commons-digester/1.6/commons-digester-1.6.pom (974 B at 4.4 kB/s)
#26 7.343 Downloading from central: https://repo.maven.apache.org/maven2/commons-beanutils/commons-beanutils/1.6/commons-beanutils-1.6.pom
#26 7.567 Progress (1): 1.9 kB
Progress (1): 2.3 kB
                    
Downloaded from central: https://repo.maven.apache.org/maven2/commons-beanutils/commons-beanutils/1.6/commons-beanutils-1.6.pom (2.3 kB at 10 kB/s)
#26 7.574 Downloading from central: https://repo.maven.apache.org/maven2/commons-logging/commons-logging/1.0/commons-logging-1.0.pom
#26 7.798 Progress (1): 163 B
                   
Downloaded from central: https://repo.maven.apache.org/maven2/commons-logging/commons-logging/1.0/commons-logging-1.0.pom (163 B at 718 B/s)
#26 7.805 Downloading from central: https://repo.maven.apache.org/maven2/commons-collections/commons-collections/2.0/commons-collections-2.0.pom
#26 8.034 Progress (1): 171 B
                   
Downloaded from central: https://repo.maven.apache.org/maven2/commons-collections/commons-collections/2.0/commons-collections-2.0.pom (171 B at 740 B/s)
#26 8.039 Downloading from central: https://repo.maven.apache.org/maven2/commons-collections/commons-collections/2.1/commons-collections-2.1.pom
#26 8.262 Progress (1): 2.7 kB
Progress (1): 3.3 kB
                    
Downloaded from central: https://repo.maven.apache.org/maven2/commons-collections/commons-collections/2.1/commons-collections-2.1.pom (3.3 kB at 15 kB/s)
#26 8.266 Downloading from central: https://repo.maven.apache.org/maven2/xml-apis/xml-apis/1.0.b2/xml-apis-1.0.b2.pom
#26 8.493 Progress (1): 955 B
Progress (1): 2.2 kB
                    
Downloaded from central: https://repo.maven.apache.org/maven2/xml-apis/xml-apis/1.0.b2/xml-apis-1.0.b2.pom (2.2 kB at 9.9 kB/s)
#26 8.498 Downloading from central: https://repo.maven.apache.org/maven2/commons-collections/commons-collections/3.2/commons-collections-3.2.pom
#26 8.720 Progress (1): 1.6 kB
Progress (1): 3.2 kB
Progress (1): 6.4 kB
Progress (1): 9.5 kB
Progress (1): 11 kB 
                   
Downloaded from central: https://repo.maven.apache.org/maven2/commons-collections/commons-collections/3.2/commons-collections-3.2.pom (11 kB at 49 kB/s)
#26 8.729 Downloading from central: https://repo.maven.apache.org/maven2/dom4j/dom4j/1.1/dom4j-1.1.pom
#26 8.959 Progress (1): 142 B
                   
Downloaded from central: https://repo.maven.apache.org/maven2/dom4j/dom4j/1.1/dom4j-1.1.pom (142 B at 609 B/s)
#26 8.964 Downloading from central: https://repo.maven.apache.org/maven2/oro/oro/2.0.8/oro-2.0.8.pom
#26 9.195 Progress (1): 140 B
                   
Downloaded from central: https://repo.maven.apache.org/maven2/oro/oro/2.0.8/oro-2.0.8.pom (140 B at 600 B/s)
#26 9.206 Downloading from central: https://repo.maven.apache.org/maven2/commons-collections/commons-collections/3.2.2/commons-collections-3.2.2.pom
#26 9.430 Progress (1): 831 B
Progress (1): 2.5 kB
Progress (1): 6.1 kB
Progress (1): 7.3 kB
Progress (1): 10.0 kB
Progress (1): 12 kB  
Progress (1): 12 kB
                   
Downloaded from central: https://repo.maven.apache.org/maven2/commons-collections/commons-collections/3.2.2/commons-collections-3.2.2.pom (12 kB at 54 kB/s)
#26 9.447 Downloading from central: https://repo.maven.apache.org/maven2/javax/inject/javax.inject/1/javax.inject-1.pom
#26 9.680 Progress (1): 612 B
                   
Downloaded from central: https://repo.maven.apache.org/maven2/javax/inject/javax.inject/1/javax.inject-1.pom (612 B at 2.6 kB/s)
#26 9.691 Downloading from central: https://repo.maven.apache.org/maven2/commons-io/commons-io/2.15.1/commons-io-2.15.1.pom
#26 9.908 Progress (1): 833 B
Progress (1): 2.3 kB
Progress (1): 3.2 kB
Progress (1): 5.9 kB
Progress (1): 9.1 kB
Progress (1): 11 kB 
Progress (1): 13 kB
Progress (1): 16 kB
Progress (1): 19 kB
Progress (1): 20 kB
                   
Downloaded from central: https://repo.maven.apache.org/maven2/commons-io/commons-io/2.15.1/commons-io-2.15.1.pom (20 kB at 85 kB/s)
#26 9.948 Downloading from central: https://repo.maven.apache.org/maven2/commons-codec/commons-codec/1.16.1/commons-codec-1.16.1.pom
#26 10.20 Progress (1): 749 B
Progress (1): 1.9 kB
Progress (1): 3.8 kB
Progress (1): 6.3 kB
Progress (1): 8.7 kB
Progress (1): 11 kB 
Progress (1): 13 kB
Progress (1): 14 kB
Progress (1): 16 kB
                   
Downloaded from central: https://repo.maven.apache.org/maven2/commons-codec/commons-codec/1.16.1/commons-codec-1.16.1.pom (16 kB at 61 kB/s)
#26 10.32 Downloading from central: https://repo.maven.apache.org/maven2/commons-io/commons-io/2.5/commons-io-2.5.pom
#26 10.56 Progress (1): 789 B
Progress (1): 2.2 kB
Progress (1): 5.4 kB
Progress (1): 7.7 kB
Progress (1): 9.7 kB
Progress (1): 13 kB 
Progress (1): 13 kB
                   
Downloaded from central: https://repo.maven.apache.org/maven2/commons-io/commons-io/2.5/commons-io-2.5.pom (13 kB at 54 kB/s)
#26 10.59 Downloading from central: https://repo.maven.apache.org/maven2/commons-io/commons-io/2.11.0/commons-io-2.11.0.pom
#26 10.84 Progress (1): 764 B
Progress (1): 2.1 kB
Progress (1): 5.2 kB
Progress (1): 7.8 kB
Progress (1): 10 kB 
Progress (1): 12 kB
Progress (1): 15 kB
Progress (1): 16 kB
Progress (1): 19 kB
Progress (1): 20 kB
                   
Downloaded from central: https://repo.maven.apache.org/maven2/commons-io/commons-io/2.11.0/commons-io-2.11.0.pom (20 kB at 78 kB/s)
#26 10.88 Downloading from central: https://repo.maven.apache.org/maven2/commons-logging/commons-logging/1.2/commons-logging-1.2.jar
#26 11.11 Progress (1): 3.8/62 kB
Progress (1): 8.0/62 kB
Progress (1): 12/62 kB 
Progress (1): 29/62 kB
Progress (1): 45/62 kB
Progress (1): 61/62 kB
Progress (1): 62 kB   
                   
Downloaded from central: https://repo.maven.apache.org/maven2/commons-logging/commons-logging/1.2/commons-logging-1.2.jar (62 kB at 113 kB/s)
#26 11.43 Downloading from central: https://repo.maven.apache.org/maven2/commons-lang/commons-lang/2.4/commons-lang-2.4.jar
#26 11.43 Downloading from central: https://repo.maven.apache.org/maven2/commons-beanutils/commons-beanutils/1.7.0/commons-beanutils-1.7.0.jar
#26 11.43 Downloading from central: https://repo.maven.apache.org/maven2/commons-digester/commons-digester/1.8/commons-digester-1.8.jar
#26 11.43 Downloading from central: https://repo.maven.apache.org/maven2/commons-chain/commons-chain/1.1/commons-chain-1.1.jar
#26 11.43 Downloading from central: https://repo.maven.apache.org/maven2/dom4j/dom4j/1.1/dom4j-1.1.jar
#26 11.68 Progress (1): 7.7/262 kB
Progress (1): 16/262 kB 
Progress (1): 32/262 kB
Progress (1): 48/262 kB
Progress (1): 65/262 kB
Progress (1): 81/262 kB
Progress (1): 97/262 kB
Progress (1): 114/262 kB
Progress (1): 130/262 kB
Progress (1): 147/262 kB
Progress (1): 163/262 kB
Progress (2): 163/262 kB | 0.9/189 kB
Progress (2): 163/262 kB | 2.3/189 kB
Progress (2): 163/262 kB | 3.6/189 kB
Progress (2): 163/262 kB | 5.0/189 kB
Progress (2): 163/262 kB | 6.4/189 kB
Progress (2): 163/262 kB | 7.7/189 kB
Progress (2): 163/262 kB | 9.1/189 kB
Progress (3): 163/262 kB | 9.1/189 kB | 0.9/90 kB
Progress (3): 163/262 kB | 9.1/189 kB | 2.3/90 kB
Progress (3): 163/262 kB | 9.1/189 kB | 3.6/90 kB
Progress (3): 163/262 kB | 9.1/189 kB | 5.0/90 kB
Progress (3): 163/262 kB | 9.1/189 kB | 6.4/90 kB
Progress (3): 163/262 kB | 10/189 kB | 6.4/90 kB 
Progress (3): 163/262 kB | 11/189 kB | 6.4/90 kB
Progress (3): 163/262 kB | 13/189 kB | 6.4/90 kB
Progress (3): 179/262 kB | 13/189 kB | 6.4/90 kB
Progress (4): 179/262 kB | 13/189 kB | 6.4/90 kB | 0.9/457 kB
Progress (4): 179/262 kB | 13/189 kB | 6.4/90 kB | 2.3/457 kB
Progress (4): 179/262 kB | 13/189 kB | 6.4/90 kB | 3.6/457 kB
Progress (4): 179/262 kB | 13/189 kB | 6.4/90 kB | 5.0/457 kB
Progress (4): 179/262 kB | 13/189 kB | 6.4/90 kB | 6.4/457 kB
Progress (4): 179/262 kB | 13/189 kB | 6.4/90 kB | 7.7/457 kB
Progress (4): 179/262 kB | 13/189 kB | 6.4/90 kB | 9.1/457 kB
Progress (4): 179/262 kB | 13/189 kB | 7.7/90 kB | 9.1/457 kB
Progress (4): 179/262 kB | 13/189 kB | 9.1/90 kB | 9.1/457 kB
Progress (4): 196/262 kB | 13/189 kB | 9.1/90 kB | 9.1/457 kB
Progress (4): 196/262 kB | 13/189 kB | 10/90 kB | 9.1/457 kB 
Progress (4): 196/262 kB | 13/189 kB | 12/90 kB | 9.1/457 kB
Progress (5): 196/262 kB | 13/189 kB | 12/90 kB | 9.1/457 kB | 0.9/144 kB
Progress (5): 196/262 kB | 13/189 kB | 12/90 kB | 9.1/457 kB | 2.3/144 kB
Progress (5): 196/262 kB | 13/189 kB | 12/90 kB | 9.1/457 kB | 3.6/144 kB
Progress (5): 196/262 kB | 13/189 kB | 12/90 kB | 9.1/457 kB | 5.0/144 kB
Progress (5): 196/262 kB | 13/189 kB | 12/90 kB | 9.1/457 kB | 6.4/144 kB
Progress (5): 196/262 kB | 13/189 kB | 12/90 kB | 9.1/457 kB | 7.7/144 kB
Progress (5): 196/262 kB | 13/189 kB | 13/90 kB | 9.1/457 kB | 7.7/144 kB
Progress (5): 196/262 kB | 13/189 kB | 15/90 kB | 9.1/457 kB | 7.7/144 kB
Progress (5): 212/262 kB | 13/189 kB | 15/90 kB | 9.1/457 kB | 7.7/144 kB
Progress (5): 212/262 kB | 13/189 kB | 15/90 kB | 9.1/457 kB | 9.1/144 kB
Progress (5): 212/262 kB | 13/189 kB | 15/90 kB | 9.1/457 kB | 10/144 kB 
Progress (5): 228/262 kB | 13/189 kB | 15/90 kB | 9.1/457 kB | 10/144 kB
Progress (5): 228/262 kB | 13/189 kB | 15/90 kB | 9.1/457 kB | 12/144 kB
Progress (5): 228/262 kB | 13/189 kB | 15/90 kB | 9.1/457 kB | 13/144 kB
Progress (5): 245/262 kB | 13/189 kB | 15/90 kB | 9.1/457 kB | 13/144 kB
Progress (5): 261/262 kB | 13/189 kB | 15/90 kB | 9.1/457 kB | 13/144 kB
Progress (5): 262 kB | 13/189 kB | 15/90 kB | 9.1/457 kB | 13/144 kB    
                                                                    
Downloaded from central: https://repo.maven.apache.org/maven2/commons-lang/commons-lang/2.4/commons-lang-2.4.jar (262 kB at 370 kB/s)
#26 12.14 Downloading from central: https://repo.maven.apache.org/maven2/oro/oro/2.0.8/oro-2.0.8.jar
#26 12.22 Progress (4): 14/189 kB | 15/90 kB | 9.1/457 kB | 13/144 kB
Progress (4): 15/189 kB | 15/90 kB | 9.1/457 kB | 13/144 kB
Progress (4): 17/189 kB | 15/90 kB | 9.1/457 kB | 13/144 kB
Progress (4): 18/189 kB | 15/90 kB | 9.1/457 kB | 13/144 kB
Progress (4): 18/189 kB | 16/90 kB | 9.1/457 kB | 13/144 kB
Progress (4): 18/189 kB | 16/90 kB | 9.1/457 kB | 13/144 kB
Progress (4): 18/189 kB | 18/90 kB | 9.1/457 kB | 13/144 kB
Progress (4): 18/189 kB | 19/90 kB | 9.1/457 kB | 13/144 kB
Progress (4): 18/189 kB | 20/90 kB | 9.1/457 kB | 13/144 kB
Progress (4): 18/189 kB | 20/90 kB | 10/457 kB | 13/144 kB 
Progress (4): 18/189 kB | 20/90 kB | 12/457 kB | 13/144 kB
Progress (4): 20/189 kB | 20/90 kB | 12/457 kB | 13/144 kB
Progress (4): 21/189 kB | 20/90 kB | 12/457 kB | 13/144 kB
Progress (4): 21/189 kB | 20/90 kB | 13/457 kB | 13/144 kB
Progress (4): 21/189 kB | 20/90 kB | 15/457 kB | 13/144 kB
Progress (4): 21/189 kB | 22/90 kB | 15/457 kB | 13/144 kB
Progress (4): 21/189 kB | 23/90 kB | 15/457 kB | 13/144 kB
Progress (4): 22/189 kB | 23/90 kB | 15/457 kB | 13/144 kB
Progress (4): 24/189 kB | 23/90 kB | 15/457 kB | 13/144 kB
Progress (4): 24/189 kB | 23/90 kB | 16/457 kB | 13/144 kB
Progress (4): 24/189 kB | 23/90 kB | 17/457 kB | 13/144 kB
Progress (4): 24/189 kB | 23/90 kB | 17/457 kB | 15/144 kB
Progress (4): 24/189 kB | 23/90 kB | 17/457 kB | 16/144 kB
Progress (4): 24/189 kB | 23/90 kB | 17/457 kB | 17/144 kB
Progress (4): 24/189 kB | 25/90 kB | 17/457 kB | 17/144 kB
Progress (4): 24/189 kB | 26/90 kB | 17/457 kB | 17/144 kB
Progress (4): 25/189 kB | 26/90 kB | 17/457 kB | 17/144 kB
Progress (4): 26/189 kB | 26/90 kB | 17/457 kB | 17/144 kB
Progress (4): 26/189 kB | 26/90 kB | 17/457 kB | 19/144 kB
Progress (4): 26/189 kB | 26/90 kB | 17/457 kB | 20/144 kB
Progress (4): 28/189 kB | 26/90 kB | 17/457 kB | 20/144 kB
Progress (4): 28/189 kB | 27/90 kB | 17/457 kB | 20/144 kB
Progress (4): 28/189 kB | 27/90 kB | 19/457 kB | 20/144 kB
Progress (4): 28/189 kB | 27/90 kB | 19/457 kB | 21/144 kB
Progress (4): 29/189 kB | 27/90 kB | 19/457 kB | 21/144 kB
Progress (4): 29/189 kB | 29/90 kB | 19/457 kB | 21/144 kB
Progress (4): 31/189 kB | 29/90 kB | 19/457 kB | 21/144 kB
Progress (4): 31/189 kB | 30/90 kB | 19/457 kB | 21/144 kB
Progress (4): 31/189 kB | 30/90 kB | 20/457 kB | 21/144 kB
Progress (4): 31/189 kB | 30/90 kB | 20/457 kB | 23/144 kB
Progress (4): 32/189 kB | 30/90 kB | 20/457 kB | 23/144 kB
Progress (4): 32/189 kB | 30/90 kB | 21/457 kB | 23/144 kB
Progress (4): 32/189 kB | 31/90 kB | 21/457 kB | 23/144 kB
Progress (4): 32/189 kB | 31/90 kB | 23/457 kB | 23/144 kB
Progress (4): 32/189 kB | 31/90 kB | 23/457 kB | 24/144 kB
Progress (4): 32/189 kB | 31/90 kB | 24/457 kB | 24/144 kB
Progress (4): 32/189 kB | 31/90 kB | 26/457 kB | 24/144 kB
Progress (4): 32/189 kB | 31/90 kB | 26/457 kB | 26/144 kB
Progress (4): 32/189 kB | 33/90 kB | 26/457 kB | 26/144 kB
Progress (4): 32/189 kB | 34/90 kB | 26/457 kB | 26/144 kB
Progress (4): 32/189 kB | 34/90 kB | 26/457 kB | 27/144 kB
Progress (4): 33/189 kB | 34/90 kB | 26/457 kB | 27/144 kB
Progress (4): 33/189 kB | 36/90 kB | 26/457 kB | 27/144 kB
Progress (4): 33/189 kB | 36/90 kB | 26/457 kB | 28/144 kB
Progress (4): 33/189 kB | 36/90 kB | 26/457 kB | 30/144 kB
Progress (4): 35/189 kB | 36/90 kB | 26/457 kB | 30/144 kB
Progress (4): 35/189 kB | 36/90 kB | 26/457 kB | 31/144 kB
Progress (4): 36/189 kB | 36/90 kB | 26/457 kB | 31/144 kB
Progress (4): 36/189 kB | 36/90 kB | 27/457 kB | 31/144 kB
Progress (4): 37/189 kB | 36/90 kB | 27/457 kB | 31/144 kB
Progress (4): 37/189 kB | 36/90 kB | 28/457 kB | 31/144 kB
Progress (4): 37/189 kB | 37/90 kB | 28/457 kB | 31/144 kB
Progress (4): 37/189 kB | 38/90 kB | 28/457 kB | 31/144 kB
Progress (4): 37/189 kB | 38/90 kB | 30/457 kB | 31/144 kB
Progress (4): 37/189 kB | 40/90 kB | 30/457 kB | 31/144 kB
Progress (4): 37/189 kB | 40/90 kB | 31/457 kB | 31/144 kB
Progress (4): 37/189 kB | 40/90 kB | 32/457 kB | 31/144 kB
Progress (4): 39/189 kB | 40/90 kB | 32/457 kB | 31/144 kB
Progress (4): 40/189 kB | 40/90 kB | 32/457 kB | 31/144 kB
Progress (4): 40/189 kB | 40/90 kB | 32/457 kB | 32/144 kB
Progress (4): 40/189 kB | 40/90 kB | 32/457 kB | 34/144 kB
Progress (4): 40/189 kB | 40/90 kB | 33/457 kB | 34/144 kB
Progress (4): 40/189 kB | 40/90 kB | 35/457 kB | 34/144 kB
Progress (4): 40/189 kB | 41/90 kB | 35/457 kB | 34/144 kB
Progress (4): 40/189 kB | 42/90 kB | 35/457 kB | 34/144 kB
Progress (4): 41/189 kB | 42/90 kB | 35/457 kB | 34/144 kB
Progress (4): 41/189 kB | 42/90 kB | 35/457 kB | 35/144 kB
Progress (4): 43/189 kB | 42/90 kB | 35/457 kB | 35/144 kB
Progress (4): 43/189 kB | 42/90 kB | 35/457 kB | 36/144 kB
Progress (4): 43/189 kB | 44/90 kB | 35/457 kB | 36/144 kB
Progress (4): 43/189 kB | 44/90 kB | 36/457 kB | 36/144 kB
Progress (4): 43/189 kB | 45/90 kB | 36/457 kB | 36/144 kB
Progress (4): 43/189 kB | 45/90 kB | 37/457 kB | 36/144 kB
Progress (5): 43/189 kB | 45/90 kB | 37/457 kB | 36/144 kB | 7.7/65 kB
Progress (5): 43/189 kB | 45/90 kB | 37/457 kB | 36/144 kB | 7.7/65 kB
Progress (5): 43/189 kB | 45/90 kB | 37/457 kB | 38/144 kB | 7.7/65 kB
Progress (5): 43/189 kB | 45/90 kB | 37/457 kB | 39/144 kB | 7.7/65 kB
Progress (5): 43/189 kB | 46/90 kB | 37/457 kB | 39/144 kB | 7.7/65 kB
Progress (5): 43/189 kB | 48/90 kB | 37/457 kB | 39/144 kB | 7.7/65 kB
Progress (5): 43/189 kB | 48/90 kB | 39/457 kB | 39/144 kB | 7.7/65 kB
Progress (5): 43/189 kB | 48/90 kB | 40/457 kB | 39/144 kB | 7.7/65 kB
Progress (5): 43/189 kB | 48/90 kB | 40/457 kB | 39/144 kB | 24/65 kB 
Progress (5): 43/189 kB | 49/90 kB | 40/457 kB | 39/144 kB | 24/65 kB
Progress (5): 43/189 kB | 49/90 kB | 40/457 kB | 41/144 kB | 24/65 kB
Progress (5): 43/189 kB | 49/90 kB | 40/457 kB | 41/144 kB | 40/65 kB
Progress (5): 43/189 kB | 49/90 kB | 40/457 kB | 42/144 kB | 40/65 kB
Progress (5): 43/189 kB | 51/90 kB | 40/457 kB | 42/144 kB | 40/65 kB
Progress (5): 43/189 kB | 51/90 kB | 40/457 kB | 42/144 kB | 57/65 kB
Progress (5): 43/189 kB | 51/90 kB | 40/457 kB | 42/144 kB | 65 kB   
Progress (5): 43/189 kB | 51/90 kB | 40/457 kB | 43/144 kB | 65 kB
Progress (5): 43/189 kB | 51/90 kB | 40/457 kB | 45/144 kB | 65 kB
                                                                  
Downloaded from central: https://repo.maven.apache.org/maven2/oro/oro/2.0.8/oro-2.0.8.jar (65 kB at 68 kB/s)
#26 12.39 Downloading from central: https://repo.maven.apache.org/maven2/commons-collections/commons-collections/3.2.2/commons-collections-3.2.2.jar
#26 12.41 Progress (4): 43/189 kB | 51/90 kB | 40/457 kB | 46/144 kB
Progress (4): 43/189 kB | 51/90 kB | 40/457 kB | 47/144 kB
Progress (4): 44/189 kB | 51/90 kB | 40/457 kB | 47/144 kB
Progress (4): 46/189 kB | 51/90 kB | 40/457 kB | 47/144 kB
Progress (4): 47/189 kB | 51/90 kB | 40/457 kB | 47/144 kB
Progress (4): 47/189 kB | 52/90 kB | 40/457 kB | 47/144 kB
Progress (4): 48/189 kB | 52/90 kB | 40/457 kB | 47/144 kB
Progress (4): 48/189 kB | 53/90 kB | 40/457 kB | 47/144 kB
Progress (4): 48/189 kB | 55/90 kB | 40/457 kB | 47/144 kB
Progress (4): 48/189 kB | 55/90 kB | 41/457 kB | 47/144 kB
Progress (4): 48/189 kB | 55/90 kB | 43/457 kB | 47/144 kB
Progress (4): 50/189 kB | 55/90 kB | 43/457 kB | 47/144 kB
Progress (4): 51/189 kB | 55/90 kB | 43/457 kB | 47/144 kB
Progress (4): 51/189 kB | 55/90 kB | 44/457 kB | 47/144 kB
Progress (4): 51/189 kB | 55/90 kB | 46/457 kB | 47/144 kB
Progress (4): 51/189 kB | 59/90 kB | 46/457 kB | 47/144 kB
Progress (4): 52/189 kB | 59/90 kB | 46/457 kB | 47/144 kB
Progress (4): 54/189 kB | 59/90 kB | 46/457 kB | 47/144 kB
Progress (4): 54/189 kB | 59/90 kB | 47/457 kB | 47/144 kB
Progress (4): 54/189 kB | 59/90 kB | 48/457 kB | 47/144 kB
Progress (4): 54/189 kB | 59/90 kB | 48/457 kB | 49/144 kB
Progress (4): 54/189 kB | 59/90 kB | 48/457 kB | 50/144 kB
Progress (4): 54/189 kB | 59/90 kB | 48/457 kB | 52/144 kB
Progress (4): 55/189 kB | 59/90 kB | 48/457 kB | 52/144 kB
Progress (4): 55/189 kB | 59/90 kB | 48/457 kB | 53/144 kB
Progress (4): 55/189 kB | 59/90 kB | 48/457 kB | 54/144 kB
Progress (4): 55/189 kB | 59/90 kB | 50/457 kB | 54/144 kB
Progress (4): 55/189 kB | 59/90 kB | 51/457 kB | 54/144 kB
Progress (4): 55/189 kB | 63/90 kB | 51/457 kB | 54/144 kB
Progress (4): 55/189 kB | 63/90 kB | 52/457 kB | 54/144 kB
Progress (4): 55/189 kB | 63/90 kB | 54/457 kB | 54/144 kB
Progress (4): 59/189 kB | 63/90 kB | 54/457 kB | 54/144 kB
Progress (4): 59/189 kB | 63/90 kB | 54/457 kB | 56/144 kB
Progress (4): 59/189 kB | 63/90 kB | 54/457 kB | 57/144 kB
Progress (4): 59/189 kB | 66/90 kB | 54/457 kB | 57/144 kB
Progress (4): 64/189 kB | 66/90 kB | 54/457 kB | 57/144 kB
Progress (4): 64/189 kB | 66/90 kB | 55/457 kB | 57/144 kB
Progress (4): 64/189 kB | 70/90 kB | 55/457 kB | 57/144 kB
Progress (4): 64/189 kB | 70/90 kB | 59/457 kB | 57/144 kB
Progress (4): 64/189 kB | 70/90 kB | 59/457 kB | 61/144 kB
Progress (4): 64/189 kB | 70/90 kB | 59/457 kB | 65/144 kB
Progress (4): 68/189 kB | 70/90 kB | 59/457 kB | 65/144 kB
Progress (4): 68/189 kB | 74/90 kB | 59/457 kB | 65/144 kB
Progress (4): 68/189 kB | 74/90 kB | 64/457 kB | 65/144 kB
Progress (4): 72/189 kB | 74/90 kB | 64/457 kB | 65/144 kB
Progress (4): 72/189 kB | 78/90 kB | 64/457 kB | 65/144 kB
Progress (4): 72/189 kB | 78/90 kB | 64/457 kB | 70/144 kB
Progress (4): 72/189 kB | 78/90 kB | 64/457 kB | 74/144 kB
Progress (4): 76/189 kB | 78/90 kB | 64/457 kB | 74/144 kB
Progress (4): 76/189 kB | 78/90 kB | 68/457 kB | 74/144 kB
Progress (4): 76/189 kB | 82/90 kB | 68/457 kB | 74/144 kB
Progress (4): 81/189 kB | 82/90 kB | 68/457 kB | 74/144 kB
Progress (4): 81/189 kB | 82/90 kB | 72/457 kB | 74/144 kB
Progress (4): 81/189 kB | 87/90 kB | 72/457 kB | 74/144 kB
Progress (4): 81/189 kB | 87/90 kB | 72/457 kB | 78/144 kB
Progress (4): 81/189 kB | 87/90 kB | 72/457 kB | 82/144 kB
Progress (4): 85/189 kB | 87/90 kB | 72/457 kB | 82/144 kB
Progress (4): 85/189 kB | 90 kB | 72/457 kB | 82/144 kB   
                                                       
Downloaded from central: https://repo.maven.apache.org/maven2/commons-chain/commons-chain/1.1/commons-chain-1.1.jar (90 kB at 78 kB/s)
#26 12.59 Downloading from central: https://repo.maven.apache.org/maven2/javax/inject/javax.inject/1/javax.inject-1.jar
#26 12.59 Progress (3): 85/189 kB | 76/457 kB | 82/144 kB
Progress (3): 89/189 kB | 76/457 kB | 82/144 kB
Progress (3): 89/189 kB | 80/457 kB | 82/144 kB
Progress (3): 89/189 kB | 80/457 kB | 86/144 kB
Progress (4): 89/189 kB | 80/457 kB | 86/144 kB | 7.7/588 kB
Progress (4): 89/189 kB | 80/457 kB | 91/144 kB | 7.7/588 kB
Progress (4): 89/189 kB | 80/457 kB | 91/144 kB | 16/588 kB 
Progress (4): 93/189 kB | 80/457 kB | 91/144 kB | 16/588 kB
Progress (4): 93/189 kB | 80/457 kB | 91/144 kB | 28/588 kB
Progress (4): 93/189 kB | 85/457 kB | 91/144 kB | 28/588 kB
Progress (4): 97/189 kB | 85/457 kB | 91/144 kB | 28/588 kB
Progress (4): 97/189 kB | 85/457 kB | 91/144 kB | 44/588 kB
Progress (4): 97/189 kB | 89/457 kB | 91/144 kB | 44/588 kB
Progress (4): 97/189 kB | 89/457 kB | 95/144 kB | 44/588 kB
Progress (4): 102/189 kB | 89/457 kB | 95/144 kB | 44/588 kB
Progress (4): 102/189 kB | 89/457 kB | 95/144 kB | 61/588 kB
Progress (4): 102/189 kB | 93/457 kB | 95/144 kB | 61/588 kB
Progress (4): 106/189 kB | 93/457 kB | 95/144 kB | 61/588 kB
Progress (4): 106/189 kB | 93/457 kB | 95/144 kB | 77/588 kB
Progress (4): 106/189 kB | 97/457 kB | 95/144 kB | 77/588 kB
Progress (4): 106/189 kB | 97/457 kB | 99/144 kB | 77/588 kB
Progress (4): 106/189 kB | 97/457 kB | 99/144 kB | 93/588 kB
Progress (4): 106/189 kB | 97/457 kB | 103/144 kB | 93/588 kB
Progress (4): 110/189 kB | 97/457 kB | 103/144 kB | 93/588 kB
Progress (4): 110/189 kB | 97/457 kB | 103/144 kB | 110/588 kB
Progress (4): 110/189 kB | 102/457 kB | 103/144 kB | 110/588 kB
Progress (4): 110/189 kB | 106/457 kB | 103/144 kB | 110/588 kB
Progress (4): 110/189 kB | 106/457 kB | 108/144 kB | 110/588 kB
Progress (4): 114/189 kB | 106/457 kB | 108/144 kB | 110/588 kB
Progress (4): 114/189 kB | 106/457 kB | 108/144 kB | 126/588 kB
Progress (4): 114/189 kB | 106/457 kB | 112/144 kB | 126/588 kB
Progress (4): 119/189 kB | 106/457 kB | 112/144 kB | 126/588 kB
Progress (4): 119/189 kB | 106/457 kB | 112/144 kB | 142/588 kB
Progress (4): 119/189 kB | 110/457 kB | 112/144 kB | 142/588 kB
Progress (4): 119/189 kB | 110/457 kB | 116/144 kB | 142/588 kB
Progress (4): 119/189 kB | 110/457 kB | 116/144 kB | 159/588 kB
Progress (4): 123/189 kB | 110/457 kB | 116/144 kB | 159/588 kB
Progress (4): 123/189 kB | 110/457 kB | 120/144 kB | 159/588 kB
Progress (4): 123/189 kB | 110/457 kB | 120/144 kB | 175/588 kB
Progress (4): 123/189 kB | 114/457 kB | 120/144 kB | 175/588 kB
Progress (4): 127/189 kB | 114/457 kB | 120/144 kB | 175/588 kB
Progress (4): 127/189 kB | 114/457 kB | 125/144 kB | 175/588 kB
Progress (4): 127/189 kB | 119/457 kB | 125/144 kB | 175/588 kB
Progress (4): 127/189 kB | 119/457 kB | 125/144 kB | 192/588 kB
Progress (4): 131/189 kB | 119/457 kB | 125/144 kB | 192/588 kB
Progress (4): 131/189 kB | 119/457 kB | 125/144 kB | 208/588 kB
Progress (4): 131/189 kB | 123/457 kB | 125/144 kB | 208/588 kB
Progress (4): 131/189 kB | 123/457 kB | 129/144 kB | 208/588 kB
Progress (4): 131/189 kB | 123/457 kB | 133/144 kB | 208/588 kB
Progress (4): 131/189 kB | 127/457 kB | 133/144 kB | 208/588 kB
Progress (4): 131/189 kB | 127/457 kB | 133/144 kB | 224/588 kB
Progress (4): 131/189 kB | 127/457 kB | 133/144 kB | 241/588 kB
Progress (4): 131/189 kB | 127/457 kB | 137/144 kB | 241/588 kB
Progress (4): 136/189 kB | 127/457 kB | 137/144 kB | 241/588 kB
Progress (4): 136/189 kB | 127/457 kB | 141/144 kB | 241/588 kB
Progress (4): 136/189 kB | 127/457 kB | 141/144 kB | 257/588 kB
Progress (4): 136/189 kB | 127/457 kB | 144 kB | 257/588 kB    
Progress (4): 136/189 kB | 131/457 kB | 144 kB | 257/588 kB
Progress (4): 140/189 kB | 131/457 kB | 144 kB | 257/588 kB
                                                           
Downloaded from central: https://repo.maven.apache.org/maven2/commons-digester/commons-digester/1.8/commons-digester-1.8.jar (144 kB at 110 kB/s)
#26 12.74 Progress (3): 140/189 kB | 131/457 kB | 274/588 kB
                                                  
Downloading from central: https://repo.maven.apache.org/maven2/commons-io/commons-io/2.15.1/commons-io-2.15.1.jar
#26 12.75 Progress (3): 142/189 kB | 131/457 kB | 274/588 kB
Progress (3): 142/189 kB | 131/457 kB | 290/588 kB
Progress (3): 142/189 kB | 131/457 kB | 306/588 kB
Progress (3): 142/189 kB | 135/457 kB | 306/588 kB
Progress (3): 147/189 kB | 135/457 kB | 306/588 kB
Progress (3): 147/189 kB | 140/457 kB | 306/588 kB
Progress (3): 151/189 kB | 140/457 kB | 306/588 kB
Progress (3): 151/189 kB | 144/457 kB | 306/588 kB
Progress (3): 155/189 kB | 144/457 kB | 306/588 kB
Progress (3): 155/189 kB | 148/457 kB | 306/588 kB
Progress (3): 155/189 kB | 148/457 kB | 323/588 kB
Progress (4): 155/189 kB | 148/457 kB | 323/588 kB | 2.5 kB
                                                           
Downloaded from central: https://repo.maven.apache.org/maven2/javax/inject/javax.inject/1/javax.inject-1.jar (2.5 kB at 1.8 kB/s)
#26 12.84 Downloading from central: https://repo.maven.apache.org/maven2/commons-codec/commons-codec/1.16.1/commons-codec-1.16.1.jar
#26 12.86 Progress (3): 159/189 kB | 148/457 kB | 323/588 kB
Progress (3): 159/189 kB | 152/457 kB | 323/588 kB
Progress (3): 164/189 kB | 152/457 kB | 323/588 kB
Progress (3): 164/189 kB | 152/457 kB | 339/588 kB
Progress (3): 164/189 kB | 157/457 kB | 339/588 kB
Progress (3): 168/189 kB | 157/457 kB | 339/588 kB
Progress (3): 172/189 kB | 157/457 kB | 339/588 kB
Progress (3): 172/189 kB | 157/457 kB | 355/588 kB
Progress (3): 172/189 kB | 157/457 kB | 363/588 kB
Progress (3): 172/189 kB | 161/457 kB | 363/588 kB
Progress (3): 176/189 kB | 161/457 kB | 363/588 kB
Progress (3): 181/189 kB | 161/457 kB | 363/588 kB
Progress (3): 181/189 kB | 161/457 kB | 379/588 kB
Progress (3): 181/189 kB | 163/457 kB | 379/588 kB
Progress (3): 181/189 kB | 167/457 kB | 379/588 kB
Progress (3): 181/189 kB | 167/457 kB | 396/588 kB
Progress (3): 185/189 kB | 167/457 kB | 396/588 kB
Progress (3): 185/189 kB | 171/457 kB | 396/588 kB
Progress (3): 189 kB | 171/457 kB | 396/588 kB    
Progress (3): 189 kB | 171/457 kB | 412/588 kB
Progress (3): 189 kB | 176/457 kB | 412/588 kB
Progress (3): 189 kB | 180/457 kB | 412/588 kB
Progress (3): 189 kB | 180/457 kB | 428/588 kB
                                              
Downloaded from central: https://repo.maven.apache.org/maven2/commons-beanutils/commons-beanutils/1.7.0/commons-beanutils-1.7.0.jar (189 kB at 132 kB/s)
#26 12.87 Progress (2): 184/457 kB | 428/588 kB
Progress (2): 184/457 kB | 445/588 kB
Progress (2): 188/457 kB | 445/588 kB
Progress (2): 188/457 kB | 461/588 kB
Progress (2): 193/457 kB | 461/588 kB
Progress (2): 193/457 kB | 478/588 kB
Progress (2): 197/457 kB | 478/588 kB
Progress (2): 201/457 kB | 478/588 kB
Progress (2): 201/457 kB | 494/588 kB
Progress (2): 205/457 kB | 494/588 kB
Progress (2): 209/457 kB | 494/588 kB
Progress (2): 209/457 kB | 510/588 kB
Progress (2): 214/457 kB | 510/588 kB
Progress (2): 214/457 kB | 527/588 kB
Progress (2): 218/457 kB | 527/588 kB
Progress (2): 222/457 kB | 527/588 kB
Progress (2): 222/457 kB | 543/588 kB
Progress (2): 222/457 kB | 560/588 kB
Progress (2): 222/457 kB | 576/588 kB
Progress (2): 239/457 kB | 576/588 kB
Progress (2): 239/457 kB | 588 kB    
                                 
Downloaded from central: https://repo.maven.apache.org/maven2/commons-collections/commons-collections/3.2.2/commons-collections-3.2.2.jar (588 kB at 392 kB/s)
#26 12.95 Progress (1): 255/457 kB
Progress (1): 269/457 kB
Progress (2): 269/457 kB | 3.8/501 kB
Progress (2): 271/457 kB | 3.8/501 kB
Progress (2): 271/457 kB | 8.0/501 kB
Progress (2): 271/457 kB | 12/501 kB 
Progress (2): 271/457 kB | 16/501 kB
Progress (2): 271/457 kB | 21/501 kB
Progress (2): 271/457 kB | 25/501 kB
Progress (2): 271/457 kB | 28/501 kB
Progress (2): 271/457 kB | 32/501 kB
Progress (2): 271/457 kB | 36/501 kB
Progress (2): 271/457 kB | 40/501 kB
Progress (2): 271/457 kB | 45/501 kB
Progress (2): 271/457 kB | 49/501 kB
Progress (2): 271/457 kB | 53/501 kB
Progress (2): 271/457 kB | 57/501 kB
Progress (2): 271/457 kB | 62/501 kB
Progress (2): 271/457 kB | 66/501 kB
Progress (2): 271/457 kB | 70/501 kB
Progress (2): 271/457 kB | 74/501 kB
Progress (2): 271/457 kB | 91/501 kB
Progress (2): 288/457 kB | 91/501 kB
Progress (3): 288/457 kB | 91/501 kB | 3.8/365 kB
Progress (3): 288/457 kB | 107/501 kB | 3.8/365 kB
Progress (3): 288/457 kB | 107/501 kB | 8.0/365 kB
Progress (3): 304/457 kB | 107/501 kB | 8.0/365 kB
Progress (3): 304/457 kB | 107/501 kB | 12/365 kB 
Progress (3): 304/457 kB | 123/501 kB | 12/365 kB
Progress (3): 304/457 kB | 126/501 kB | 12/365 kB
Progress (3): 304/457 kB | 126/501 kB | 16/365 kB
Progress (3): 320/457 kB | 126/501 kB | 16/365 kB
Progress (3): 320/457 kB | 126/501 kB | 21/365 kB
Progress (3): 320/457 kB | 126/501 kB | 24/365 kB
Progress (3): 320/457 kB | 142/501 kB | 24/365 kB
Progress (3): 337/457 kB | 142/501 kB | 24/365 kB
Progress (3): 337/457 kB | 142/501 kB | 28/365 kB
Progress (3): 353/457 kB | 142/501 kB | 28/365 kB
Progress (3): 353/457 kB | 142/501 kB | 33/365 kB
Progress (3): 353/457 kB | 142/501 kB | 37/365 kB
Progress (3): 370/457 kB | 142/501 kB | 37/365 kB
Progress (3): 370/457 kB | 142/501 kB | 41/365 kB
Progress (3): 386/457 kB | 142/501 kB | 41/365 kB
Progress (3): 386/457 kB | 142/501 kB | 45/365 kB
Progress (3): 400/457 kB | 142/501 kB | 45/365 kB
Progress (3): 400/457 kB | 142/501 kB | 49/365 kB
Progress (3): 400/457 kB | 142/501 kB | 54/365 kB
Progress (3): 417/457 kB | 142/501 kB | 54/365 kB
Progress (3): 433/457 kB | 142/501 kB | 54/365 kB
Progress (3): 433/457 kB | 142/501 kB | 58/365 kB
Progress (3): 433/457 kB | 142/501 kB | 62/365 kB
Progress (3): 433/457 kB | 159/501 kB | 62/365 kB
Progress (3): 449/457 kB | 159/501 kB | 62/365 kB
Progress (3): 457 kB | 159/501 kB | 62/365 kB    
                                             
Downloaded from central: https://repo.maven.apache.org/maven2/dom4j/dom4j/1.1/dom4j-1.1.jar (457 kB at 263 kB/s)
#26 13.17 Progress (2): 159/501 kB | 66/365 kB
Progress (2): 159/501 kB | 71/365 kB
Progress (2): 175/501 kB | 71/365 kB
Progress (2): 175/501 kB | 75/365 kB
Progress (2): 175/501 kB | 79/365 kB
Progress (2): 192/501 kB | 79/365 kB
Progress (2): 192/501 kB | 83/365 kB
Progress (2): 208/501 kB | 83/365 kB
Progress (2): 208/501 kB | 88/365 kB
Progress (2): 224/501 kB | 88/365 kB
Progress (2): 241/501 kB | 88/365 kB
Progress (2): 241/501 kB | 92/365 kB
Progress (2): 241/501 kB | 96/365 kB
Progress (2): 241/501 kB | 100/365 kB
Progress (2): 257/501 kB | 100/365 kB
Progress (2): 257/501 kB | 104/365 kB
Progress (2): 274/501 kB | 104/365 kB
Progress (2): 274/501 kB | 109/365 kB
Progress (2): 274/501 kB | 113/365 kB
Progress (2): 290/501 kB | 113/365 kB
Progress (2): 290/501 kB | 117/365 kB
Progress (2): 290/501 kB | 121/365 kB
Progress (2): 306/501 kB | 121/365 kB
Progress (2): 306/501 kB | 126/365 kB
Progress (2): 323/501 kB | 126/365 kB
Progress (2): 323/501 kB | 142/365 kB
Progress (2): 339/501 kB | 142/365 kB
Progress (2): 355/501 kB | 142/365 kB
Progress (2): 372/501 kB | 142/365 kB
Progress (2): 372/501 kB | 155/365 kB
Progress (2): 388/501 kB | 155/365 kB
Progress (2): 405/501 kB | 155/365 kB
Progress (2): 421/501 kB | 155/365 kB
Progress (2): 421/501 kB | 172/365 kB
Progress (2): 437/501 kB | 172/365 kB
Progress (2): 454/501 kB | 172/365 kB
Progress (2): 470/501 kB | 172/365 kB
Progress (2): 470/501 kB | 188/365 kB
Progress (2): 487/501 kB | 188/365 kB
Progress (2): 501 kB | 188/365 kB    
Progress (2): 501 kB | 204/365 kB
                                 
Downloaded from central: https://repo.maven.apache.org/maven2/commons-io/commons-io/2.15.1/commons-io-2.15.1.jar (501 kB at 251 kB/s)
#26 13.45 Progress (1): 221/365 kB
Progress (1): 237/365 kB
Progress (1): 253/365 kB
Progress (1): 270/365 kB
Progress (1): 286/365 kB
Progress (1): 303/365 kB
Progress (1): 319/365 kB
Progress (1): 335/365 kB
Progress (1): 352/365 kB
Progress (1): 355/365 kB
Progress (1): 365 kB    
                    
Downloaded from central: https://repo.maven.apache.org/maven2/commons-codec/commons-codec/1.16.1/commons-codec-1.16.1.jar (365 kB at 171 kB/s)
#26 13.97 Downloading from central: https://repo.maven.apache.org/maven2/commons-io/commons-io/2.6/commons-io-2.6.jar
#26 14.18 Progress (1): 3.2/215 kB
Progress (1): 20/215 kB 
Progress (1): 36/215 kB
Progress (1): 52/215 kB
Progress (1): 61/215 kB
Progress (1): 77/215 kB
Progress (1): 93/215 kB
Progress (1): 110/215 kB
Progress (1): 126/215 kB
Progress (1): 142/215 kB
Progress (1): 159/215 kB
Progress (1): 175/215 kB
Progress (1): 192/215 kB
Progress (1): 208/215 kB
Progress (1): 215 kB    
                    
Downloaded from central: https://repo.maven.apache.org/maven2/commons-io/commons-io/2.6/commons-io-2.6.jar (215 kB at 764 kB/s)
#26 14.27 Downloading from central: https://repo.maven.apache.org/maven2/commons-io/commons-io/2.19.0/commons-io-2.19.0.pom
#26 15.08 Progress (1): 763 B
Progress (1): 2.1 kB
Progress (1): 4.7 kB
Progress (1): 6.7 kB
Progress (1): 8.9 kB
Progress (1): 12 kB 
Progress (1): 14 kB
Progress (1): 18 kB
Progress (1): 20 kB
Progress (1): 21 kB
                   
Downloaded from central: https://repo.maven.apache.org/maven2/commons-io/commons-io/2.19.0/commons-io-2.19.0.pom (21 kB at 26 kB/s)
#26 15.10 Downloading from central: https://repo.maven.apache.org/maven2/commons-io/commons-io/2.19.0/commons-io-2.19.0.jar
#26 15.31 Progress (1): 7.7/556 kB
Progress (1): 11/556 kB 
Progress (1): 28/556 kB
Progress (1): 44/556 kB
Progress (1): 60/556 kB
Progress (1): 77/556 kB
Progress (1): 93/556 kB
Progress (1): 110/556 kB
Progress (1): 126/556 kB
Progress (1): 142/556 kB
Progress (1): 159/556 kB
Progress (1): 175/556 kB
Progress (1): 192/556 kB
Progress (1): 208/556 kB
Progress (1): 217/556 kB
Progress (1): 233/556 kB
Progress (1): 250/556 kB
Progress (1): 266/556 kB
Progress (1): 282/556 kB
Progress (1): 299/556 kB
Progress (1): 315/556 kB
Progress (1): 331/556 kB
Progress (1): 348/556 kB
Progress (1): 364/556 kB
Progress (1): 381/556 kB
Progress (1): 397/556 kB
Progress (1): 413/556 kB
Progress (1): 430/556 kB
Progress (1): 446/556 kB
Progress (1): 463/556 kB
Progress (1): 479/556 kB
Progress (1): 495/556 kB
Progress (1): 512/556 kB
Progress (1): 528/556 kB
Progress (1): 544/556 kB
Progress (1): 556 kB    
                    
Downloaded from central: https://repo.maven.apache.org/maven2/commons-io/commons-io/2.19.0/commons-io-2.19.0.jar (556 kB at 1.3 MB/s)
#26 15.59 Downloading from central: https://repo.maven.apache.org/maven2/javax/annotation/javax.annotation-api/1.2/javax.annotation-api-1.2.pom
#26 15.80 Progress (1): 702 B
Progress (1): 2.0 kB
Progress (1): 3.5 kB
Progress (1): 5.5 kB
Progress (1): 8.7 kB
Progress (1): 12 kB 
Progress (1): 13 kB
                   
Downloaded from central: https://repo.maven.apache.org/maven2/javax/annotation/javax.annotation-api/1.2/javax.annotation-api-1.2.pom (13 kB at 62 kB/s)
#26 15.81 Downloading from central: https://repo.maven.apache.org/maven2/javax/enterprise/cdi-api/1.2/cdi-api-1.2.pom
#26 16.02 Progress (1): 1.0 kB
Progress (1): 3.3 kB
Progress (1): 5.8 kB
Progress (1): 6.3 kB
                    
Downloaded from central: https://repo.maven.apache.org/maven2/javax/enterprise/cdi-api/1.2/cdi-api-1.2.pom (6.3 kB at 30 kB/s)
#26 16.05 Downloading from central: https://repo.maven.apache.org/maven2/aopalliance/aopalliance/1.0/aopalliance-1.0.pom
#26 16.26 Progress (1): 363 B
                   
Downloaded from central: https://repo.maven.apache.org/maven2/aopalliance/aopalliance/1.0/aopalliance-1.0.pom (363 B at 1.8 kB/s)
#26 16.42 Downloading from central: https://repo.maven.apache.org/maven2/junit/junit/3.8.1/junit-3.8.1.pom
#26 16.63 Progress (1): 998 B
                   
Downloaded from central: https://repo.maven.apache.org/maven2/junit/junit/3.8.1/junit-3.8.1.pom (998 B at 4.8 kB/s)
#26 16.63 Downloading from central: https://repo.maven.apache.org/maven2/classworlds/classworlds/1.1-alpha-2/classworlds-1.1-alpha-2.pom
#26 16.84 Progress (1): 2.0 kB
Progress (1): 3.1 kB
                    
Downloaded from central: https://repo.maven.apache.org/maven2/classworlds/classworlds/1.1-alpha-2/classworlds-1.1-alpha-2.pom (3.1 kB at 15 kB/s)
#26 16.87 Downloading from central: https://repo.maven.apache.org/maven2/javax/servlet/javax.servlet-api/3.1.0/javax.servlet-api-3.1.0.pom
#26 17.08 Progress (1): 701 B
Progress (1): 2.0 kB
Progress (1): 3.5 kB
Progress (1): 5.8 kB
Progress (1): 9.4 kB
Progress (1): 12 kB 
Progress (1): 14 kB
                   
Downloaded from central: https://repo.maven.apache.org/maven2/javax/servlet/javax.servlet-api/3.1.0/javax.servlet-api-3.1.0.pom (14 kB at 64 kB/s)
#26 17.12 Downloading from central: https://repo.maven.apache.org/maven2/javax/annotation/javax.annotation-api/1.2/javax.annotation-api-1.2.jar
#26 17.33 Progress (1): 7.7/26 kB
Progress (1): 15/26 kB 
Progress (1): 26 kB   
                   
Downloaded from central: https://repo.maven.apache.org/maven2/javax/annotation/javax.annotation-api/1.2/javax.annotation-api-1.2.jar (26 kB at 125 kB/s)
#26 17.33 Downloading from central: https://repo.maven.apache.org/maven2/javax/enterprise/cdi-api/1.2/cdi-api-1.2.jar
#26 17.33 Downloading from central: https://repo.maven.apache.org/maven2/aopalliance/aopalliance/1.0/aopalliance-1.0.jar
#26 17.33 Downloading from central: https://repo.maven.apache.org/maven2/commons-codec/commons-codec/1.11/commons-codec-1.11.jar
#26 17.33 Downloading from central: https://repo.maven.apache.org/maven2/javax/servlet/javax.servlet-api/3.1.0/javax.servlet-api-3.1.0.jar
#26 17.54 Progress (1): 3.2/4.5 kB
Progress (1): 4.5 kB    
                    
Downloaded from central: https://repo.maven.apache.org/maven2/aopalliance/aopalliance/1.0/aopalliance-1.0.jar (4.5 kB at 21 kB/s)
#26 17.55 Progress (1): 7.7/335 kB
Progress (1): 11/335 kB 
Progress (1): 28/335 kB
Progress (2): 28/335 kB | 7.7/96 kB
Progress (2): 28/335 kB | 11/96 kB 
Progress (3): 28/335 kB | 11/96 kB | 7.7/71 kB
Progress (3): 28/335 kB | 11/96 kB | 16/71 kB 
Progress (3): 28/335 kB | 11/96 kB | 28/71 kB
Progress (3): 44/335 kB | 11/96 kB | 28/71 kB
Progress (3): 44/335 kB | 11/96 kB | 44/71 kB
Progress (3): 44/335 kB | 28/96 kB | 44/71 kB
Progress (3): 44/335 kB | 28/96 kB | 61/71 kB
Progress (3): 61/335 kB | 28/96 kB | 61/71 kB
Progress (3): 61/335 kB | 44/96 kB | 61/71 kB
Progress (3): 61/335 kB | 44/96 kB | 71 kB   
Progress (3): 61/335 kB | 61/96 kB | 71 kB
                                          
Downloaded from central: https://repo.maven.apache.org/maven2/javax/enterprise/cdi-api/1.2/cdi-api-1.2.jar (71 kB at 294 kB/s)
#26 17.58 Progress (2): 77/335 kB | 61/96 kB
Progress (2): 77/335 kB | 77/96 kB
Progress (2): 77/335 kB | 93/96 kB
Progress (2): 77/335 kB | 96 kB   
                               
Downloaded from central: https://repo.maven.apache.org/maven2/javax/servlet/javax.servlet-api/3.1.0/javax.servlet-api-3.1.0.jar (96 kB at 382 kB/s)
#26 17.58 Progress (1): 93/335 kB
Progress (1): 110/335 kB
Progress (1): 126/335 kB
Progress (1): 142/335 kB
Progress (1): 159/335 kB
Progress (1): 175/335 kB
Progress (1): 192/335 kB
Progress (1): 208/335 kB
Progress (1): 224/335 kB
Progress (1): 241/335 kB
Progress (1): 257/335 kB
Progress (1): 273/335 kB
Progress (1): 290/335 kB
Progress (1): 306/335 kB
Progress (1): 323/335 kB
Progress (1): 335 kB    
                    
Downloaded from central: https://repo.maven.apache.org/maven2/commons-codec/commons-codec/1.11/commons-codec-1.11.jar (335 kB at 971 kB/s)
#26 17.69 [INFO] 
#26 17.69 [INFO] ------------------------< dev.mars:quorus-core >------------------------
#26 17.69 [INFO] Building Quorus Core 1.0-SNAPSHOT                                  [2/5]
#26 17.69 [INFO]   from quorus-core/pom.xml
#26 17.69 [INFO] --------------------------------[ jar ]---------------------------------
#26 17.72 [INFO] 
#26 17.72 [INFO] --- dependency:3.7.0:go-offline (default-cli) @ quorus-core ---
#26 17.74 Downloading from central: https://repo.maven.apache.org/maven2/commons-io/commons-io/2.11.0/commons-io-2.11.0.jar
#26 17.99 Progress (1): 7.3/327 kB
Progress (1): 24/327 kB 
Progress (1): 40/327 kB
Progress (1): 56/327 kB
Progress (1): 73/327 kB
Progress (1): 89/327 kB
Progress (1): 106/327 kB
Progress (1): 122/327 kB
Progress (1): 138/327 kB
Progress (1): 155/327 kB
Progress (1): 171/327 kB
Progress (1): 187/327 kB
Progress (1): 204/327 kB
Progress (1): 220/327 kB
Progress (1): 237/327 kB
Progress (1): 253/327 kB
Progress (1): 269/327 kB
Progress (1): 286/327 kB
Progress (1): 302/327 kB
Progress (1): 319/327 kB
Progress (1): 327 kB    
                    
Downloaded from central: https://repo.maven.apache.org/maven2/commons-io/commons-io/2.11.0/commons-io-2.11.0.jar (327 kB at 899 kB/s)
#26 18.13 Downloading from central: https://repo.maven.apache.org/maven2/commons-io/commons-io/2.12.0/commons-io-2.12.0.pom
#26 18.37 Progress (1): 770 B
Progress (1): 2.1 kB
Progress (1): 5.2 kB
Progress (1): 7.9 kB
Progress (1): 10 kB 
Progress (1): 12 kB
Progress (1): 15 kB
Progress (1): 18 kB
Progress (1): 20 kB
                   
Downloaded from central: https://repo.maven.apache.org/maven2/commons-io/commons-io/2.12.0/commons-io-2.12.0.pom (20 kB at 84 kB/s)
#26 18.40 Downloading from central: https://repo.maven.apache.org/maven2/commons-io/commons-io/2.12.0/commons-io-2.12.0.jar
#26 18.61 Progress (1): 3.2/474 kB
Progress (1): 20/474 kB 
Progress (1): 36/474 kB
Progress (1): 49/474 kB
Progress (1): 66/474 kB
Progress (1): 82/474 kB
Progress (1): 98/474 kB
Progress (1): 115/474 kB
Progress (1): 131/474 kB
Progress (1): 147/474 kB
Progress (1): 164/474 kB
Progress (1): 180/474 kB
Progress (1): 197/474 kB
Progress (1): 213/474 kB
Progress (1): 229/474 kB
Progress (1): 246/474 kB
Progress (1): 262/474 kB
Progress (1): 279/474 kB
Progress (1): 295/474 kB
Progress (1): 311/474 kB
Progress (1): 328/474 kB
Progress (1): 344/474 kB
Progress (1): 360/474 kB
Progress (1): 377/474 kB
Progress (1): 393/474 kB
Progress (1): 410/474 kB
Progress (1): 426/474 kB
Progress (1): 442/474 kB
Progress (1): 459/474 kB
Progress (1): 474 kB    
                    
Downloaded from central: https://repo.maven.apache.org/maven2/commons-io/commons-io/2.12.0/commons-io-2.12.0.jar (474 kB at 1.1 MB/s)
#26 18.90 Downloading from central: https://repo.maven.apache.org/maven2/commons-net/commons-net/3.12.0/commons-net-3.12.0.pom
#26 19.11 Progress (1): 772 B
Progress (1): 1.9 kB
Progress (1): 3.6 kB
Progress (1): 5.6 kB
Progress (1): 9.5 kB
Progress (1): 13 kB 
Progress (1): 18 kB
Progress (1): 22 kB
Progress (1): 25 kB
Progress (1): 27 kB
                   
Downloaded from central: https://repo.maven.apache.org/maven2/commons-net/commons-net/3.12.0/commons-net-3.12.0.pom (27 kB at 123 kB/s)
#26 19.13 Downloading from central: https://repo.maven.apache.org/maven2/commons-io/commons-io/2.20.0/commons-io-2.20.0.pom
#26 19.34 Progress (1): 761 B
Progress (1): 2.0 kB
Progress (1): 4.8 kB
Progress (1): 6.6 kB
Progress (1): 8.8 kB
Progress (1): 12 kB 
Progress (1): 14 kB
Progress (1): 18 kB
Progress (1): 20 kB
Progress (1): 20 kB
                   
Downloaded from central: https://repo.maven.apache.org/maven2/commons-io/commons-io/2.20.0/commons-io-2.20.0.pom (20 kB at 94 kB/s)
#26 19.35 Downloading from central: https://repo.maven.apache.org/maven2/commons-net/commons-net/3.12.0/commons-net-3.12.0.jar
#26 19.56 Progress (1): 3.2/330 kB
Progress (1): 20/330 kB 
Progress (1): 36/330 kB
Progress (1): 52/330 kB
Progress (1): 69/330 kB
Progress (1): 85/330 kB
Progress (1): 101/330 kB
Progress (1): 118/330 kB
Progress (1): 126/330 kB
Progress (1): 142/330 kB
Progress (1): 159/330 kB
Progress (1): 175/330 kB
Progress (1): 192/330 kB
Progress (1): 208/330 kB
Progress (1): 224/330 kB
Progress (1): 241/330 kB
Progress (1): 257/330 kB
Progress (1): 274/330 kB
Progress (1): 290/330 kB
Progress (1): 306/330 kB
Progress (1): 323/330 kB
Progress (1): 330 kB    
                    
Downloaded from central: https://repo.maven.apache.org/maven2/commons-net/commons-net/3.12.0/commons-net-3.12.0.jar (330 kB at 1.2 MB/s)
#26 19.63 Downloading from central: https://repo.maven.apache.org/maven2/commons-io/commons-io/2.20.0/commons-io-2.20.0.jar
#26 19.91 Progress (1): 7.7/564 kB
Progress (1): 11/564 kB 
Progress (1): 28/564 kB
Progress (1): 44/564 kB
Progress (1): 61/564 kB
Progress (1): 77/564 kB
Progress (1): 93/564 kB
Progress (1): 110/564 kB
Progress (1): 126/564 kB
Progress (1): 142/564 kB
Progress (1): 159/564 kB
Progress (1): 175/564 kB
Progress (1): 192/564 kB
Progress (1): 208/564 kB
Progress (1): 224/564 kB
Progress (1): 241/564 kB
Progress (1): 257/564 kB
Progress (1): 274/564 kB
Progress (1): 290/564 kB
Progress (1): 306/564 kB
Progress (1): 323/564 kB
Progress (1): 339/564 kB
Progress (1): 342/564 kB
Progress (1): 359/564 kB
Progress (1): 375/564 kB
Progress (1): 391/564 kB
Progress (1): 408/564 kB
Progress (1): 424/564 kB
Progress (1): 440/564 kB
Progress (1): 457/564 kB
Progress (1): 473/564 kB
Progress (1): 490/564 kB
Progress (1): 506/564 kB
Progress (1): 522/564 kB
Progress (1): 539/564 kB
Progress (1): 555/564 kB
Progress (1): 561/564 kB
Progress (1): 564 kB    
                    
Downloaded from central: https://repo.maven.apache.org/maven2/commons-io/commons-io/2.20.0/commons-io-2.20.0.jar (564 kB at 1.7 MB/s)
#26 19.98 Downloading from central: https://repo.maven.apache.org/maven2/commons-codec/commons-codec/1.19.0/commons-codec-1.19.0.pom
#26 20.20 Progress (1): 739 B
Progress (1): 1.9 kB
Progress (1): 4.0 kB
Progress (1): 5.7 kB
Progress (1): 8.2 kB
Progress (1): 11 kB 
Progress (1): 14 kB
Progress (1): 17 kB
Progress (1): 18 kB
                   
Downloaded from central: https://repo.maven.apache.org/maven2/commons-codec/commons-codec/1.19.0/commons-codec-1.19.0.pom (18 kB at 83 kB/s)
#26 20.23 Downloading from central: https://repo.maven.apache.org/maven2/commons-codec/commons-codec/1.19.0/commons-codec-1.19.0.jar
#26 20.44 Progress (1): 7.7/375 kB
Progress (1): 16/375 kB 
Progress (1): 29/375 kB
Progress (1): 45/375 kB
Progress (1): 61/375 kB
Progress (1): 78/375 kB
Progress (1): 94/375 kB
Progress (1): 111/375 kB
Progress (1): 127/375 kB
Progress (1): 143/375 kB
Progress (1): 160/375 kB
Progress (1): 176/375 kB
Progress (1): 193/375 kB
Progress (1): 209/375 kB
Progress (1): 225/375 kB
Progress (1): 242/375 kB
Progress (1): 258/375 kB
Progress (1): 274/375 kB
Progress (1): 291/375 kB
Progress (1): 307/375 kB
Progress (1): 324/375 kB
Progress (1): 340/375 kB
Progress (1): 343/375 kB
Progress (1): 359/375 kB
Progress (1): 375 kB    
                    
Downloaded from central: https://repo.maven.apache.org/maven2/commons-codec/commons-codec/1.19.0/commons-codec-1.19.0.jar (375 kB at 1.4 MB/s)
#26 20.59 Downloading from central: https://repo.maven.apache.org/maven2/eu/agno3/jcifs/jcifs-ng/2.1.10/jcifs-ng-2.1.10.pom
#26 20.81 Progress (1): 1.0 kB
Progress (1): 3.2 kB
Progress (1): 5.4 kB
Progress (1): 7.9 kB
Progress (1): 11 kB 
Progress (1): 15 kB
Progress (1): 16 kB
                   
Downloaded from central: https://repo.maven.apache.org/maven2/eu/agno3/jcifs/jcifs-ng/2.1.10/jcifs-ng-2.1.10.pom (16 kB at 73 kB/s)
#26 20.82 Downloading from central: https://repo.maven.apache.org/maven2/eu/agno3/jcifs/jcifs-ng/2.1.10/jcifs-ng-2.1.10.jar
#26 21.03 Progress (1): 7.7/823 kB
Progress (1): 11/823 kB 
Progress (1): 28/823 kB
Progress (1): 44/823 kB
Progress (1): 61/823 kB
Progress (1): 77/823 kB
Progress (1): 93/823 kB
Progress (1): 110/823 kB
Progress (1): 126/823 kB
Progress (1): 142/823 kB
Progress (1): 159/823 kB
Progress (1): 175/823 kB
Progress (1): 192/823 kB
Progress (1): 208/823 kB
Progress (1): 224/823 kB
Progress (1): 241/823 kB
Progress (1): 257/823 kB
Progress (1): 274/823 kB
Progress (1): 290/823 kB
Progress (1): 306/823 kB
Progress (1): 323/823 kB
Progress (1): 339/823 kB
Progress (1): 355/823 kB
Progress (1): 372/823 kB
Progress (1): 388/823 kB
Progress (1): 405/823 kB
Progress (1): 421/823 kB
Progress (1): 437/823 kB
Progress (1): 454/823 kB
Progress (1): 470/823 kB
Progress (1): 486/823 kB
Progress (1): 503/823 kB
Progress (1): 519/823 kB
Progress (1): 536/823 kB
Progress (1): 552/823 kB
Progress (1): 558/823 kB
Progress (1): 575/823 kB
Progress (1): 591/823 kB
Progress (1): 607/823 kB
Progress (1): 624/823 kB
Progress (1): 640/823 kB
Progress (1): 657/823 kB
Progress (1): 673/823 kB
Progress (1): 689/823 kB
Progress (1): 706/823 kB
Progress (1): 722/823 kB
Progress (1): 738/823 kB
Progress (1): 755/823 kB
Progress (1): 771/823 kB
Progress (1): 788/823 kB
Progress (1): 804/823 kB
Progress (1): 820/823 kB
Progress (1): 823 kB    
                    
Downloaded from central: https://repo.maven.apache.org/maven2/eu/agno3/jcifs/jcifs-ng/2.1.10/jcifs-ng-2.1.10.jar (823 kB at 2.3 MB/s)
#26 21.17 Downloading from central: https://repo.maven.apache.org/maven2/ch/qos/logback/logback-classic/1.5.32/logback-classic-1.5.32.pom
#26 21.39 Progress (1): 1.8 kB
Progress (1): 5.6 kB
Progress (1): 9.5 kB
Progress (1): 13 kB 
Progress (1): 15 kB
Progress (1): 16 kB
                   
Downloaded from central: https://repo.maven.apache.org/maven2/ch/qos/logback/logback-classic/1.5.32/logback-classic-1.5.32.pom (16 kB at 72 kB/s)
#26 21.39 Downloading from central: https://repo.maven.apache.org/maven2/ch/qos/logback/logback-parent/1.5.32/logback-parent-1.5.32.pom
#26 21.61 Progress (1): 1.1 kB
Progress (1): 2.8 kB
Progress (1): 4.9 kB
Progress (1): 9.8 kB
Progress (1): 14 kB 
Progress (1): 17 kB
Progress (1): 20 kB
                   
Downloaded from central: https://repo.maven.apache.org/maven2/ch/qos/logback/logback-parent/1.5.32/logback-parent-1.5.32.pom (20 kB at 91 kB/s)
#26 21.61 Downloading from central: https://repo.maven.apache.org/maven2/ch/qos/logback/logback-core/1.5.32/logback-core-1.5.32.pom
#26 21.82 Progress (1): 1.5 kB
Progress (1): 5.0 kB
Progress (1): 7.9 kB
Progress (1): 9.4 kB
                    
Downloaded from central: https://repo.maven.apache.org/maven2/ch/qos/logback/logback-core/1.5.32/logback-core-1.5.32.pom (9.4 kB at 44 kB/s)
#26 21.83 Downloading from central: https://repo.maven.apache.org/maven2/jakarta/mail/jakarta.mail-api/2.1.5/jakarta.mail-api-2.1.5.pom
#26 22.05 Progress (1): 819 B
Progress (1): 2.6 kB
Progress (1): 6.0 kB
Progress (1): 11 kB 
Progress (1): 15 kB
Progress (1): 18 kB
Progress (1): 21 kB
Progress (1): 22 kB
                   
Downloaded from central: https://repo.maven.apache.org/maven2/jakarta/mail/jakarta.mail-api/2.1.5/jakarta.mail-api-2.1.5.pom (22 kB at 99 kB/s)
#26 22.06 Downloading from central: https://repo.maven.apache.org/maven2/jakarta/activation/jakarta.activation-api/2.1.4/jakarta.activation-api-2.1.4.pom
#26 22.28 Progress (1): 857 B
Progress (1): 2.6 kB
Progress (1): 5.3 kB
Progress (1): 9.4 kB
Progress (1): 12 kB 
Progress (1): 17 kB
Progress (1): 19 kB
                   
Downloaded from central: https://repo.maven.apache.org/maven2/jakarta/activation/jakarta.activation-api/2.1.4/jakarta.activation-api-2.1.4.pom (19 kB at 85 kB/s)
#26 22.29 Downloading from central: https://repo.maven.apache.org/maven2/ch/qos/logback/logback-classic/1.5.32/logback-classic-1.5.32.jar
#26 22.50 Progress (1): 7.7/286 kB
Progress (1): 16/286 kB 
Progress (1): 32/286 kB
Progress (1): 49/286 kB
Progress (1): 65/286 kB
Progress (1): 81/286 kB
Progress (1): 98/286 kB
Progress (1): 114/286 kB
Progress (1): 131/286 kB
Progress (1): 147/286 kB
Progress (1): 163/286 kB
Progress (1): 180/286 kB
Progress (1): 196/286 kB
Progress (1): 212/286 kB
Progress (1): 229/286 kB
Progress (1): 245/286 kB
Progress (1): 262/286 kB
Progress (1): 278/286 kB
Progress (1): 286 kB    
                    
Downloaded from central: https://repo.maven.apache.org/maven2/ch/qos/logback/logback-classic/1.5.32/logback-classic-1.5.32.jar (286 kB at 1.1 MB/s)
#26 22.54 Downloading from central: https://repo.maven.apache.org/maven2/ch/qos/logback/logback-core/1.5.32/logback-core-1.5.32.jar
#26 22.54 Downloading from central: https://repo.maven.apache.org/maven2/jakarta/mail/jakarta.mail-api/2.1.5/jakarta.mail-api-2.1.5.jar
#26 22.54 Downloading from central: https://repo.maven.apache.org/maven2/jakarta/activation/jakarta.activation-api/2.1.4/jakarta.activation-api-2.1.4.jar
#26 22.76 Progress (1): 3.2/67 kB
Progress (2): 3.2/67 kB | 7.7/644 kB
Progress (2): 3.2/67 kB | 11/644 kB 
Progress (2): 3.2/67 kB | 28/644 kB
Progress (2): 20/67 kB | 28/644 kB 
Progress (2): 20/67 kB | 44/644 kB
Progress (2): 36/67 kB | 44/644 kB
Progress (2): 36/67 kB | 60/644 kB
Progress (2): 36/67 kB | 77/644 kB
Progress (2): 52/67 kB | 77/644 kB
Progress (2): 52/67 kB | 93/644 kB
Progress (2): 52/67 kB | 110/644 kB
Progress (2): 67 kB | 110/644 kB   
Progress (3): 67 kB | 110/644 kB | 7.7/237 kB
Progress (3): 67 kB | 110/644 kB | 16/237 kB 
                                            
Downloaded from central: https://repo.maven.apache.org/maven2/jakarta/activation/jakarta.activation-api/2.1.4/jakarta.activation-api-2.1.4.jar (67 kB at 288 kB/s)
#26 22.78 Progress (2): 126/644 kB | 16/237 kB
Progress (2): 126/644 kB | 32/237 kB
Progress (2): 142/644 kB | 32/237 kB
Progress (2): 159/644 kB | 32/237 kB
Progress (2): 159/644 kB | 49/237 kB
Progress (2): 175/644 kB | 49/237 kB
Progress (2): 192/644 kB | 49/237 kB
Progress (2): 192/644 kB | 65/237 kB
Progress (2): 208/644 kB | 65/237 kB
Progress (2): 208/644 kB | 81/237 kB
Progress (2): 224/644 kB | 81/237 kB
Progress (2): 241/644 kB | 81/237 kB
Progress (2): 241/644 kB | 98/237 kB
Progress (2): 257/644 kB | 98/237 kB
Progress (2): 257/644 kB | 114/237 kB
Progress (2): 273/644 kB | 114/237 kB
Progress (2): 273/644 kB | 122/237 kB
Progress (2): 290/644 kB | 122/237 kB
Progress (2): 290/644 kB | 139/237 kB
Progress (2): 306/644 kB | 139/237 kB
Progress (2): 323/644 kB | 139/237 kB
Progress (2): 323/644 kB | 155/237 kB
Progress (2): 339/644 kB | 155/237 kB
Progress (2): 343/644 kB | 155/237 kB
Progress (2): 343/644 kB | 172/237 kB
Progress (2): 359/644 kB | 172/237 kB
Progress (2): 376/644 kB | 172/237 kB
Progress (2): 376/644 kB | 188/237 kB
Progress (2): 392/644 kB | 188/237 kB
Progress (2): 408/644 kB | 188/237 kB
Progress (2): 408/644 kB | 204/237 kB
Progress (2): 425/644 kB | 204/237 kB
Progress (2): 425/644 kB | 221/237 kB
Progress (2): 441/644 kB | 221/237 kB
Progress (2): 457/644 kB | 221/237 kB
Progress (2): 457/644 kB | 237/237 kB
Progress (2): 457/644 kB | 237 kB    
                                 
Downloaded from central: https://repo.maven.apache.org/maven2/jakarta/mail/jakarta.mail-api/2.1.5/jakarta.mail-api-2.1.5.jar (237 kB at 833 kB/s)
#26 22.83 Progress (1): 474/644 kB
Progress (1): 490/644 kB
Progress (1): 507/644 kB
Progress (1): 523/644 kB
Progress (1): 539/644 kB
Progress (1): 556/644 kB
Progress (1): 572/644 kB
Progress (1): 589/644 kB
Progress (1): 605/644 kB
Progress (1): 621/644 kB
Progress (1): 638/644 kB
Progress (1): 644 kB    
                    
Downloaded from central: https://repo.maven.apache.org/maven2/ch/qos/logback/logback-core/1.5.32/logback-core-1.5.32.jar (644 kB at 2.1 MB/s)
#26 22.96 [INFO] 
#26 22.96 [INFO] ----------------------< dev.mars:quorus-workflow >----------------------
#26 22.96 [INFO] Building Quorus Workflow Engine 1.0-SNAPSHOT                       [3/5]
#26 22.96 [INFO]   from quorus-workflow/pom.xml
#26 22.96 [INFO] --------------------------------[ jar ]---------------------------------
#26 22.96 [INFO] 
#26 22.96 [INFO] --- dependency:3.7.0:go-offline (default-cli) @ quorus-workflow ---
#26 22.97 Downloading from central: https://repo.maven.apache.org/maven2/commons-io/commons-io/2.16.1/commons-io-2.16.1.pom
#26 23.19 Progress (1): 762 B
Progress (1): 2.0 kB
Progress (1): 4.9 kB
Progress (1): 6.7 kB
Progress (1): 8.8 kB
Progress (1): 12 kB 
Progress (1): 15 kB
Progress (1): 18 kB
Progress (1): 20 kB
                   
Downloaded from central: https://repo.maven.apache.org/maven2/commons-io/commons-io/2.16.1/commons-io-2.16.1.pom (20 kB at 91 kB/s)
#26 23.21 Downloading from central: https://repo.maven.apache.org/maven2/commons-io/commons-io/2.16.1/commons-io-2.16.1.jar
#26 23.42 Progress (1): 7.7/509 kB
Progress (1): 7.7/509 kB
Progress (1): 24/509 kB 
Progress (1): 40/509 kB
Progress (1): 57/509 kB
Progress (1): 73/509 kB
Progress (1): 90/509 kB
Progress (1): 106/509 kB
Progress (1): 122/509 kB
Progress (1): 139/509 kB
Progress (1): 155/509 kB
Progress (1): 172/509 kB
Progress (1): 188/509 kB
Progress (1): 204/509 kB
Progress (1): 221/509 kB
Progress (1): 237/509 kB
Progress (1): 253/509 kB
Progress (1): 270/509 kB
Progress (1): 286/509 kB
Progress (1): 303/509 kB
Progress (1): 319/509 kB
Progress (1): 335/509 kB
Progress (1): 352/509 kB
Progress (1): 368/509 kB
Progress (1): 385/509 kB
Progress (1): 401/509 kB
Progress (1): 417/509 kB
Progress (1): 434/509 kB
Progress (1): 450/509 kB
Progress (1): 466/509 kB
Progress (1): 483/509 kB
Progress (1): 494/509 kB
Progress (1): 509 kB    
                    
Downloaded from central: https://repo.maven.apache.org/maven2/commons-io/commons-io/2.16.1/commons-io-2.16.1.jar (509 kB at 1.8 MB/s)
#26 23.58 [INFO] 
#26 23.58 [INFO] -----------------------< dev.mars:quorus-tenant >-----------------------
#26 23.58 [INFO] Building Quorus Tenant Management 1.0-SNAPSHOT                     [4/5]
#26 23.58 [INFO]   from quorus-tenant/pom.xml
#26 23.58 [INFO] --------------------------------[ jar ]---------------------------------
#26 23.58 [INFO] 
#26 23.58 [INFO] --- dependency:3.7.0:go-offline (default-cli) @ quorus-tenant ---
#26 23.64 Downloading from central: https://repo.maven.apache.org/maven2/jakarta/validation/jakarta.validation-api/3.0.2/jakarta.validation-api-3.0.2.pom
#26 23.86 Progress (1): 1.1 kB
Progress (1): 3.5 kB
Progress (1): 6.0 kB
Progress (1): 9.1 kB
Progress (1): 11 kB 
                   
Downloaded from central: https://repo.maven.apache.org/maven2/jakarta/validation/jakarta.validation-api/3.0.2/jakarta.validation-api-3.0.2.pom (11 kB at 50 kB/s)
#26 23.87 Downloading from central: https://repo.maven.apache.org/maven2/jakarta/validation/jakarta.validation-api/3.0.2/jakarta.validation-api-3.0.2.jar
#26 24.08 Progress (1): 7.7/93 kB
Progress (1): 16/93 kB 
Progress (1): 28/93 kB
Progress (1): 44/93 kB
Progress (1): 61/93 kB
Progress (1): 77/93 kB
Progress (1): 93/93 kB
Progress (1): 93 kB   
                   
Downloaded from central: https://repo.maven.apache.org/maven2/jakarta/validation/jakarta.validation-api/3.0.2/jakarta.validation-api-3.0.2.jar (93 kB at 417 kB/s)
#26 24.11 [INFO] 
#26 24.11 [INFO] ---------------------< dev.mars:quorus-controller >---------------------
#26 24.11 [INFO] Building Quorus Distributed Controller 1.0-SNAPSHOT                [5/5]
#26 24.11 [INFO]   from quorus-controller/pom.xml
#26 24.11 [INFO] --------------------------------[ jar ]---------------------------------
#26 24.13 [INFO] 
#26 24.13 [INFO] --- dependency:3.7.0:go-offline (default-cli) @ quorus-controller ---
#26 24.19 Downloading from central: https://repo.maven.apache.org/maven2/javax/annotation/javax.annotation-api/1.3.2/javax.annotation-api-1.3.2.pom
#26 24.43 Progress (1): 728 B
Progress (1): 2.0 kB
Progress (1): 3.5 kB
Progress (1): 5.4 kB
Progress (1): 8.7 kB
Progress (1): 12 kB 
Progress (1): 14 kB
                   
Downloaded from central: https://repo.maven.apache.org/maven2/javax/annotation/javax.annotation-api/1.3.2/javax.annotation-api-1.3.2.pom (14 kB at 62 kB/s)
#26 24.44 Downloading from central: https://repo.maven.apache.org/maven2/javax/annotation/javax.annotation-api/1.3.2/javax.annotation-api-1.3.2.jar
#26 24.67 Progress (1): 7.7/27 kB
Progress (1): 16/27 kB 
Progress (1): 27 kB   
                   
Downloaded from central: https://repo.maven.apache.org/maven2/javax/annotation/javax.annotation-api/1.3.2/javax.annotation-api-1.3.2.jar (27 kB at 113 kB/s)
#26 24.95 [INFO] ------------------------------------------------------------------------
#26 24.95 [INFO] Reactor Summary for Quorus File Transfer System 1.0-SNAPSHOT:
#26 24.95 [INFO] 
#26 24.95 [INFO] Quorus File Transfer System ........................ SUCCESS [ 15.733 s]
#26 24.95 [INFO] Quorus Core ........................................ SUCCESS [  5.266 s]
#26 24.95 [INFO] Quorus Workflow Engine ............................. SUCCESS [  0.625 s]
#26 24.95 [INFO] Quorus Tenant Management ........................... SUCCESS [  0.526 s]
#26 24.95 [INFO] Quorus Distributed Controller ...................... SUCCESS [  0.847 s]
#26 24.95 [INFO] ------------------------------------------------------------------------
#26 24.95 [INFO] BUILD SUCCESS
#26 24.95 [INFO] ------------------------------------------------------------------------
#26 24.95 [INFO] Total time:  23.353 s
#26 24.95 [INFO] Finished at: 2026-09-05T10:46:19Z
#26 24.95 [INFO] ------------------------------------------------------------------------
#26 DONE 25.0s

#27 [builder 13/17] COPY quorus-core/src quorus-core/src
#27 DONE 0.1s
#28 [builder 14/17] COPY quorus-workflow/src quorus-workflow/src
#28 DONE 0.1s

#29 [builder 15/17] COPY quorus-tenant/src quorus-tenant/src
#29 DONE 0.1s

#30 [builder 16/17] COPY quorus-controller/src quorus-controller/src
#30 DONE 0.1s

#31 [builder 17/17] RUN --mount=type=cache,target=/root/.m2/repository/org     --mount=type=cache,target=/root/.m2/repository/io     --mount=type=cache,target=/root/.m2/repository/com     --mount=type=cache,target=/root/.m2/repository/net     mvn package -pl quorus-controller -am -DskipTests
#31 0.914 WARNING: A terminally deprecated method in sun.misc.Unsafe has been called
#31 0.914 WARNING: sun.misc.Unsafe::staticFieldBase has been called by com.google.inject.internal.aop.HiddenClassDefiner (file:/usr/share/maven/lib/guice-5.1.0-classes.jar)
#31 0.914 WARNING: Please consider reporting this to the maintainers of class com.google.inject.internal.aop.HiddenClassDefiner
#31 0.914 WARNING: sun.misc.Unsafe::staticFieldBase will be removed in a future release
#31 1.183 [INFO] Scanning for projects...
#31 1.287 [INFO] ------------------------------------------------------------------------
#31 1.287 [INFO] Reactor Build Order:
#31 1.287 [INFO] 
#31 1.288 [INFO] Quorus File Transfer System                                        [pom]
#31 1.288 [INFO] Quorus Core                                                        [jar]
#31 1.288 [INFO] Quorus Workflow Engine                                             [jar]
#31 1.288 [INFO] Quorus Tenant Management                                           [jar]
#31 1.288 [INFO] Quorus Distributed Controller                                      [jar]
#31 1.295 [INFO] 
#31 1.295 [INFO] --------------------------< dev.mars:quorus >---------------------------
#31 1.295 [INFO] Building Quorus File Transfer System 1.0-SNAPSHOT                  [1/5]
#31 1.295 [INFO]   from pom.xml
#31 1.295 [INFO] --------------------------------[ pom ]---------------------------------
#31 1.340 [INFO] 
#31 1.341 [INFO] --- jacoco:0.8.15:prepare-agent (prepare-agent) @ quorus ---
#31 1.488 [INFO] argLine set to -javaagent:/root/.m2/repository/org/jacoco/org.jacoco.agent/0.8.15/org.jacoco.agent-0.8.15-runtime.jar=destfile=/app/target/jacoco.exec,excludes=sun/**:jdk/**:java/**:com/sun/**:org/jcp/**
#31 1.489 [INFO] 
#31 1.489 [INFO] --- jacoco:0.8.15:report (report) @ quorus ---
#31 1.493 [INFO] Skipping JaCoCo execution due to missing execution data file.
#31 1.493 [INFO] 
#31 1.493 [INFO] ------------------------< dev.mars:quorus-core >------------------------
#31 1.494 [INFO] Building Quorus Core 1.0-SNAPSHOT                                  [2/5]
#31 1.494 [INFO]   from quorus-core/pom.xml
#31 1.494 [INFO] --------------------------------[ jar ]---------------------------------
#31 1.764 [INFO] 
#31 1.764 [INFO] --- jacoco:0.8.15:prepare-agent (prepare-agent) @ quorus-core ---
#31 1.766 [INFO] argLine set to -javaagent:/root/.m2/repository/org/jacoco/org.jacoco.agent/0.8.15/org.jacoco.agent-0.8.15-runtime.jar=destfile=/app/quorus-core/target/jacoco.exec,excludes=sun/**:jdk/**:java/**:com/sun/**:org/jcp/**
#31 1.766 [INFO] 
#31 1.767 [INFO] --- resources:3.3.1:resources (default-resources) @ quorus-core ---
#31 1.847 [INFO] Copying 1 resource from src/main/resources to target/classes
#31 1.851 [INFO] 
#31 1.851 [INFO] --- compiler:3.13.0:compile (default-compile) @ quorus-core ---
#31 1.949 [INFO] Recompiling the module because of changed source code.
#31 1.960 [INFO] Compiling 72 source files with javac [debug release 25] to target/classes
#31 3.754 [INFO] /app/quorus-core/src/main/java/dev/mars/quorus/protocol/FtpTransferProtocol.java: Some input files use or override a deprecated API.
#31 3.754 [INFO] /app/quorus-core/src/main/java/dev/mars/quorus/protocol/FtpTransferProtocol.java: Recompile with -Xlint:deprecation for details.
#31 3.755 [INFO] 
#31 3.755 [INFO] --- resources:3.3.1:testResources (default-testResources) @ quorus-core ---
#31 3.762 [INFO] Copying 11 resources from src/test/resources to target/test-classes
#31 3.766 [INFO] 
#31 3.766 [INFO] --- compiler:3.13.0:testCompile (default-testCompile) @ quorus-core ---
#31 3.780 [INFO] Recompiling the module because of changed dependency.
#31 3.781 [INFO] Compiling 89 source files with javac [debug release 25] to target/test-classes
#31 5.802 [INFO] /app/quorus-core/src/test/java/dev/mars/quorus/connection/TlsTrustAnchorPolicyTest.java: Some input files use or override a deprecated API.
#31 5.802 [INFO] /app/quorus-core/src/test/java/dev/mars/quorus/connection/TlsTrustAnchorPolicyTest.java: Recompile with -Xlint:deprecation for details.
#31 5.802 [INFO] 
#31 5.802 [INFO] --- surefire:3.2.2:test (default-test) @ quorus-core ---
#31 5.918 [INFO] Tests are skipped.
#31 5.918 [INFO] 
#31 5.918 [INFO] --- jacoco:0.8.15:report (report) @ quorus-core ---
#31 5.920 [INFO] Skipping JaCoCo execution due to missing execution data file.
#31 5.921 [INFO] 
#31 5.921 [INFO] --- jar:3.3.0:jar (default-jar) @ quorus-core ---
#31 6.052 [INFO] Building jar: /app/quorus-core/target/quorus-core-1.0-SNAPSHOT.jar
#31 6.098 [INFO] 
#31 6.098 [INFO] --- jar:3.3.0:test-jar (default) @ quorus-core ---
#31 6.119 [INFO] Building jar: /app/quorus-core/target/quorus-core-1.0-SNAPSHOT-tests.jar
#31 6.142 [INFO] 
#31 6.142 [INFO] ----------------------< dev.mars:quorus-workflow >----------------------
#31 6.142 [INFO] Building Quorus Workflow Engine 1.0-SNAPSHOT                       [3/5]
#31 6.142 [INFO]   from quorus-workflow/pom.xml
#31 6.142 [INFO] --------------------------------[ jar ]---------------------------------
#31 6.176 [INFO] 
#31 6.176 [INFO] --- jacoco:0.8.15:prepare-agent (prepare-agent) @ quorus-workflow ---
#31 6.177 [INFO] argLine set to -javaagent:/root/.m2/repository/org/jacoco/org.jacoco.agent/0.8.15/org.jacoco.agent-0.8.15-runtime.jar=destfile=/app/quorus-workflow/target/jacoco.exec,excludes=sun/**:jdk/**:java/**:com/sun/**:org/jcp/**
#31 6.177 [INFO] 
#31 6.177 [INFO] --- resources:3.3.1:resources (default-resources) @ quorus-workflow ---
#31 6.181 [INFO] Copying 1 resource from src/main/resources to target/classes
#31 6.183 [INFO] 
#31 6.183 [INFO] --- compiler:3.13.0:compile (default-compile) @ quorus-workflow ---
#31 6.187 [INFO] Recompiling the module because of changed dependency.
#31 6.188 [INFO] Compiling 15 source files with javac [debug release 25] to target/classes
#31 6.376 [INFO] 
#31 6.376 [INFO] --- resources:3.3.1:testResources (default-testResources) @ quorus-workflow ---
#31 6.378 [INFO] Copying 2 resources from src/test/resources to target/test-classes
#31 6.379 [INFO] 
#31 6.379 [INFO] --- compiler:3.13.0:testCompile (default-testCompile) @ quorus-workflow ---
#31 6.384 [INFO] Recompiling the module because of changed dependency.
#31 6.384 [INFO] Compiling 11 source files with javac [debug release 25] to target/test-classes
#31 6.678 [INFO] 
#31 6.678 [INFO] --- surefire:3.2.2:test (default-test) @ quorus-workflow ---
#31 6.682 [INFO] Tests are skipped.
#31 6.682 [INFO] 
#31 6.682 [INFO] --- jacoco:0.8.15:report (report) @ quorus-workflow ---
#31 6.683 [INFO] Skipping JaCoCo execution due to missing execution data file.
#31 6.683 [INFO] 
#31 6.683 [INFO] --- jar:3.4.1:jar (default-jar) @ quorus-workflow ---
#31 6.894 [INFO] Building jar: /app/quorus-workflow/target/quorus-workflow-1.0-SNAPSHOT.jar
#31 6.934 [INFO] 
#31 6.934 [INFO] -----------------------< dev.mars:quorus-tenant >-----------------------
#31 6.934 [INFO] Building Quorus Tenant Management 1.0-SNAPSHOT                     [4/5]
#31 6.934 [INFO]   from quorus-tenant/pom.xml
#31 6.934 [INFO] --------------------------------[ jar ]---------------------------------
#31 6.951 [INFO] 
#31 6.951 [INFO] --- jacoco:0.8.15:prepare-agent (prepare-agent) @ quorus-tenant ---
#31 6.953 [INFO] argLine set to -javaagent:/root/.m2/repository/org/jacoco/org.jacoco.agent/0.8.15/org.jacoco.agent-0.8.15-runtime.jar=destfile=/app/quorus-tenant/target/jacoco.exec,excludes=sun/**:jdk/**:java/**:com/sun/**:org/jcp/**
#31 6.953 [INFO] 
#31 6.954 [INFO] --- resources:3.3.1:resources (default-resources) @ quorus-tenant ---
#31 6.956 [INFO] skip non existing resourceDirectory /app/quorus-tenant/src/main/resources
#31 6.956 [INFO] 
#31 6.956 [INFO] --- compiler:3.13.0:compile (default-compile) @ quorus-tenant ---
#31 6.962 [INFO] Recompiling the module because of changed dependency.
#31 6.962 [INFO] Compiling 8 source files with javac [debug release 25] to target/classes
#31 7.106 [INFO] 
#31 7.106 [INFO] --- resources:3.3.1:testResources (default-testResources) @ quorus-tenant ---
#31 7.107 [INFO] Copying 1 resource from src/test/resources to target/test-classes
#31 7.108 [INFO] 
#31 7.108 [INFO] --- compiler:3.13.0:testCompile (default-testCompile) @ quorus-tenant ---
#31 7.114 [INFO] Recompiling the module because of changed dependency.
#31 7.114 [INFO] Compiling 5 source files with javac [debug release 25] to target/test-classes
#31 7.274 [INFO] 
#31 7.274 [INFO] --- surefire:3.2.2:test (default-test) @ quorus-tenant ---
#31 7.278 [INFO] Tests are skipped.
#31 7.278 [INFO] 
#31 7.278 [INFO] --- jacoco:0.8.15:report (report) @ quorus-tenant ---
#31 7.280 [INFO] Skipping JaCoCo execution due to missing execution data file.
#31 7.280 [INFO] 
#31 7.280 [INFO] --- jar:3.4.1:jar (default-jar) @ quorus-tenant ---
#31 7.287 [INFO] Building jar: /app/quorus-tenant/target/quorus-tenant-1.0-SNAPSHOT.jar
#31 7.293 [INFO] 
#31 7.293 [INFO] ---------------------< dev.mars:quorus-controller >---------------------
#31 7.293 [INFO] Building Quorus Distributed Controller 1.0-SNAPSHOT                [5/5]
#31 7.293 [INFO]   from quorus-controller/pom.xml
#31 7.293 [INFO] --------------------------------[ jar ]---------------------------------
#31 7.379 [INFO] 
#31 7.379 [INFO] --- jacoco:0.8.15:prepare-agent (prepare-agent) @ quorus-controller ---
#31 7.381 [INFO] argLine set to -javaagent:/root/.m2/repository/org/jacoco/org.jacoco.agent/0.8.15/org.jacoco.agent-0.8.15-runtime.jar=destfile=/app/quorus-controller/target/jacoco.exec,excludes=sun/**:jdk/**:java/**:com/sun/**:org/jcp/**:dev/mars/quorus/controller/raft/grpc/**
#31 7.381 [INFO] 
#31 7.381 [INFO] --- protobuf:4.1.2:generate (default) @ quorus-controller ---
#31 7.582 [WARNING]  Parameter 'binaryMavenPlugins' is deprecated: Users should now use plugins instead. This option will be removed in v5.
#31 7.593 [INFO] Resolving artifact "com.google.protobuf:protoc:exe:linux-x86_64:3.25.5"
#31 7.609 [INFO] Resolving artifact "io.grpc:protoc-gen-grpc-java:exe:linux-x86_64:1.68.1"
#31 7.713 [INFO] Registering "/app/quorus-controller/target/generated-sources/protobuf" as a Maven main source root for compiler plugins
#31 7.713 [INFO] Registering "/app/quorus-controller/target/generated-sources/protobuf" as a Maven main source root for compiler plugins
#31 7.765 [INFO] All sources will be compiled, as no previous build data was detected
#31 7.766 [INFO] Generating source code from 2 proto source files and 0 descriptor files (discovered a total of 2 proto source files and 0 descriptor files)
#31 7.774 [INFO] Invoking protoc. Enable debug logs (--debug --errors) for more details
#31 7.816 [INFO] protoc (pid 173) returned exit code 0 (success) after 40ms
#31 7.816 [INFO] Embedding sources from "/app/quorus-controller/src/main/proto" in Maven main class outputs
#31 7.817 [INFO] PROTOC SUCCEEDED: Protoc invocation succeeded.
#31 7.818 [INFO] 
#31 7.818 [INFO] --- resources:3.3.1:resources (default-resources) @ quorus-controller ---
#31 7.819 [INFO] Copying 3 resources from src/main/resources to target/classes
#31 7.820 [INFO] 
#31 7.820 [INFO] --- compiler:3.13.0:compile (default-compile) @ quorus-controller ---
#31 7.827 [INFO] Recompiling the module because of changed dependency.
#31 7.828 [INFO] Compiling 168 source files with javac [debug release 25] to target/classes
#31 9.514 [INFO] 
#31 9.514 [INFO] --- resources:3.3.1:testResources (default-testResources) @ quorus-controller ---
#31 9.517 [INFO] Copying 11 resources from src/test/resources to target/test-classes
#31 9.519 [INFO] 
#31 9.519 [INFO] --- compiler:3.13.0:testCompile (default-testCompile) @ quorus-controller ---
#31 9.525 [INFO] Recompiling the module because of changed dependency.
#31 9.525 [INFO] Compiling 74 source files with javac [debug release 25] to target/test-classes
#31 10.70 [INFO] 
#31 10.70 [INFO] --- surefire:3.2.2:test (default-test) @ quorus-controller ---
#31 10.71 [INFO] Tests are skipped.
#31 10.71 [INFO] 
#31 10.71 [INFO] --- jacoco:0.8.15:report (report) @ quorus-controller ---
#31 10.71 [INFO] Skipping JaCoCo execution due to missing execution data file.
#31 10.71 [INFO] 
#31 10.71 [INFO] --- jar:3.4.1:jar (default-jar) @ quorus-controller ---
#31 10.73 [INFO] Building jar: /app/quorus-controller/target/quorus-controller-1.0-SNAPSHOT.jar
#31 10.75 [INFO] 
#31 10.75 [INFO] --- shade:3.4.1:shade (default) @ quorus-controller ---
#31 10.86 [INFO] Including dev.mars:quorus-core:jar:1.0-SNAPSHOT in the shaded jar.
#31 10.86 [INFO] Including io.vertx:vertx-web-client:jar:5.0.8 in the shaded jar.
#31 10.86 [INFO] Including io.vertx:vertx-uri-template:jar:5.0.8 in the shaded jar.
#31 10.86 [INFO] Including io.vertx:vertx-pg-client:jar:5.0.8 in the shaded jar.
#31 10.86 [INFO] Including io.vertx:vertx-sql-client:jar:5.0.8 in the shaded jar.
#31 10.86 [INFO] Including com.ongres.scram:scram-client:jar:3.2 in the shaded jar.
#31 10.86 [INFO] Including com.ongres.scram:scram-common:jar:3.2 in the shaded jar.
#31 10.86 [INFO] Including com.ongres.stringprep:saslprep:jar:2.2 in the shaded jar.
#31 10.86 [INFO] Including com.ongres.stringprep:stringprep:jar:2.2 in the shaded jar.
#31 10.86 [INFO] Including io.opentelemetry:opentelemetry-api:jar:1.59.0 in the shaded jar.
#31 10.86 [INFO] Including io.opentelemetry:opentelemetry-context:jar:1.59.0 in the shaded jar.
#31 10.86 [INFO] Including io.opentelemetry:opentelemetry-common:jar:1.59.0 in the shaded jar.
#31 10.86 [INFO] Including com.fasterxml.jackson.core:jackson-annotations:jar:2.18.2 in the shaded jar.
#31 10.86 [INFO] Including com.fasterxml.jackson.core:jackson-core:jar:2.18.2 in the shaded jar.
#31 10.86 [INFO] Including com.github.mwiede:jsch:jar:0.2.26 in the shaded jar.
#31 10.86 [INFO] Including dev.mars:quorus-workflow:jar:1.0-SNAPSHOT in the shaded jar.
#31 10.86 [INFO] Including org.yaml:snakeyaml:jar:2.0 in the shaded jar.
#31 10.86 [INFO] Including com.networknt:json-schema-validator:jar:1.5.9 in the shaded jar.
#31 10.86 [INFO] Including com.ethlo.time:itu:jar:1.14.0 in the shaded jar.
#31 10.86 [INFO] Including org.springframework:spring-expression:jar:6.2.16 in the shaded jar.
#31 10.86 [INFO] Including org.springframework:spring-core:jar:6.2.16 in the shaded jar.
#31 10.86 [INFO] Including org.springframework:spring-jcl:jar:6.2.16 in the shaded jar.
#31 10.86 [INFO] Including dev.mars:quorus-tenant:jar:1.0-SNAPSHOT in the shaded jar.
#31 10.86 [INFO] Including com.fasterxml.jackson.dataformat:jackson-dataformat-yaml:jar:2.18.2 in the shaded jar.
#31 10.86 [INFO] Including jakarta.validation:jakarta.validation-api:jar:3.0.2 in the shaded jar.
#31 10.86 [INFO] Including io.vertx:vertx-opentelemetry:jar:5.0.8 in the shaded jar.
#31 10.86 [INFO] Including io.opentelemetry:opentelemetry-sdk-trace:jar:1.59.0 in the shaded jar.
#31 10.86 [INFO] Including io.vertx:vertx-core:jar:5.0.8 in the shaded jar.
#31 10.86 [INFO] Including io.vertx:vertx-core-logging:jar:5.0.8 in the shaded jar.
#31 10.86 [INFO] Including io.netty:netty-common:jar:4.2.10.Final in the shaded jar.
#31 10.86 [INFO] Including io.netty:netty-buffer:jar:4.2.10.Final in the shaded jar.
#31 10.86 [INFO] Including io.netty:netty-transport:jar:4.2.10.Final in the shaded jar.
#31 10.86 [INFO] Including io.netty:netty-handler:jar:4.2.10.Final in the shaded jar.
#31 10.86 [INFO] Including io.netty:netty-codec-base:jar:4.2.10.Final in the shaded jar.
#31 10.86 [INFO] Including io.netty:netty-handler-proxy:jar:4.2.10.Final in the shaded jar.
#31 10.86 [INFO] Including io.netty:netty-codec-socks:jar:4.2.10.Final in the shaded jar.
#31 10.86 [INFO] Including io.netty:netty-codec-http:jar:4.2.10.Final in the shaded jar.
#31 10.86 [INFO] Including io.netty:netty-codec-compression:jar:4.2.10.Final in the shaded jar.
#31 10.86 [INFO] Including io.netty:netty-codec-http2:jar:4.2.10.Final in the shaded jar.
#31 10.86 [INFO] Including io.netty:netty-resolver:jar:4.2.10.Final in the shaded jar.
#31 10.86 [INFO] Including io.netty:netty-resolver-dns:jar:4.2.10.Final in the shaded jar.
#31 10.86 [INFO] Including io.netty:netty-codec-dns:jar:4.2.10.Final in the shaded jar.
#31 10.86 [INFO] Including io.vertx:vertx-web:jar:5.0.8 in the shaded jar.
#31 10.86 [INFO] Including io.vertx:vertx-web-common:jar:5.0.8 in the shaded jar.
#31 10.86 [INFO] Including io.vertx:vertx-auth-common:jar:5.0.8 in the shaded jar.
#31 10.86 [INFO] Including io.vertx:vertx-bridge-common:jar:5.0.8 in the shaded jar.
#31 10.86 [INFO] Including io.vertx:vertx-grpc-server:jar:5.0.8 in the shaded jar.
#31 10.86 [INFO] Including io.vertx:vertx-grpc-common:jar:5.0.8 in the shaded jar.
#31 10.86 [INFO] Including io.vertx:vertx-grpc-client:jar:5.0.8 in the shaded jar.
#31 10.86 [INFO] Including io.github.mraysmit:raftlog-core:jar:1.2.0 in the shaded jar.
#31 10.86 [INFO] Including io.opentelemetry:opentelemetry-sdk:jar:1.59.0 in the shaded jar.
#31 10.86 [INFO] Including io.opentelemetry:opentelemetry-sdk-common:jar:1.59.0 in the shaded jar.
#31 10.86 [INFO] Including io.opentelemetry:opentelemetry-sdk-metrics:jar:1.59.0 in the shaded jar.
#31 10.86 [INFO] Including io.opentelemetry:opentelemetry-sdk-logs:jar:1.59.0 in the shaded jar.
#31 10.86 [INFO] Including io.opentelemetry:opentelemetry-exporter-otlp:jar:1.59.0 in the shaded jar.
#31 10.86 [INFO] Including io.opentelemetry:opentelemetry-exporter-otlp-common:jar:1.59.0 in the shaded jar.
#31 10.86 [INFO] Including io.opentelemetry:opentelemetry-exporter-sender-okhttp:jar:1.59.0 in the shaded jar.
#31 10.86 [INFO] Including com.squareup.okhttp3:okhttp-jvm:jar:5.3.2 in the shaded jar.
#31 10.86 [INFO] Including com.squareup.okio:okio-jvm:jar:3.16.4 in the shaded jar.
#31 10.86 [INFO] Including org.jetbrains.kotlin:kotlin-stdlib:jar:2.2.21 in the shaded jar.
#31 10.86 [INFO] Including io.opentelemetry:opentelemetry-sdk-extension-autoconfigure-spi:jar:1.59.0 in the shaded jar.
#31 10.86 [INFO] Including io.opentelemetry:opentelemetry-exporter-prometheus:jar:1.59.0-alpha in the shaded jar.
#31 10.86 [INFO] Including io.opentelemetry:opentelemetry-exporter-common:jar:1.59.0 in the shaded jar.
#31 10.86 [INFO] Including io.prometheus:prometheus-metrics-exporter-httpserver:jar:1.3.10 in the shaded jar.
#31 10.86 [INFO] Including io.prometheus:prometheus-metrics-exporter-common:jar:1.3.10 in the shaded jar.
#31 10.86 [INFO] Including io.prometheus:prometheus-metrics-model:jar:1.3.10 in the shaded jar.
#31 10.86 [INFO] Including io.prometheus:prometheus-metrics-exposition-formats-no-protobuf:jar:1.3.10 in the shaded jar.
#31 10.86 [INFO] Including io.prometheus:prometheus-metrics-exposition-textformats:jar:1.3.10 in the shaded jar.
#31 10.86 [INFO] Including io.prometheus:prometheus-metrics-config:jar:1.3.10 in the shaded jar.
#31 10.86 [INFO] Including io.opentelemetry.instrumentation:opentelemetry-logback-appender-1.0:jar:2.14.0-alpha in the shaded jar.
#31 10.86 [INFO] Including io.opentelemetry.instrumentation:opentelemetry-instrumentation-api:jar:2.14.0 in the shaded jar.
#31 10.86 [INFO] Including io.opentelemetry:opentelemetry-api-incubator:jar:1.48.0-alpha in the shaded jar.
#31 10.86 [INFO] Including io.opentelemetry.semconv:opentelemetry-semconv:jar:1.30.0 in the shaded jar.
#31 10.86 [INFO] Including io.opentelemetry.instrumentation:opentelemetry-instrumentation-api-incubator:jar:2.14.0-alpha in the shaded jar.
#31 10.86 [INFO] Including com.fasterxml.jackson.core:jackson-databind:jar:2.18.2 in the shaded jar.
#31 10.86 [INFO] Including com.fasterxml.jackson.datatype:jackson-datatype-jsr310:jar:2.19.4 in the shaded jar.
#31 10.86 [INFO] Including io.grpc:grpc-protobuf:jar:1.68.1 in the shaded jar.
#31 10.86 [INFO] Including io.grpc:grpc-api:jar:1.68.1 in the shaded jar.
#31 10.86 [INFO] Including com.google.code.findbugs:jsr305:jar:3.0.2 in the shaded jar.
#31 10.86 [INFO] Including com.google.api.grpc:proto-google-common-protos:jar:2.41.0 in the shaded jar.
#31 10.86 [INFO] Including io.grpc:grpc-protobuf-lite:jar:1.68.1 in the shaded jar.
#31 10.86 [INFO] Including io.grpc:grpc-stub:jar:1.68.1 in the shaded jar.
#31 10.86 [INFO] Including com.google.errorprone:error_prone_annotations:jar:2.28.0 in the shaded jar.
#31 10.86 [INFO] Including io.grpc:grpc-netty:jar:1.68.1 in the shaded jar.
#31 10.86 [INFO] Including io.grpc:grpc-core:jar:1.68.1 in the shaded jar.
#31 10.86 [INFO] Including com.google.android:annotations:jar:4.1.1.4 in the shaded jar.
#31 10.86 [INFO] Including org.codehaus.mojo:animal-sniffer-annotations:jar:1.24 in the shaded jar.
#31 10.86 [INFO] Including io.grpc:grpc-context:jar:1.68.1 in the shaded jar.
#31 10.86 [INFO] Including io.perfmark:perfmark-api:jar:0.27.0 in the shaded jar.
#31 10.86 [INFO] Including io.netty:netty-transport-native-unix-common:jar:4.2.10.Final in the shaded jar.
#31 10.86 [INFO] Including io.grpc:grpc-util:jar:1.68.1 in the shaded jar.
#31 10.86 [INFO] Including com.google.guava:guava:jar:33.5.0-jre in the shaded jar.
#31 10.86 [INFO] Including com.google.guava:failureaccess:jar:1.0.3 in the shaded jar.
#31 10.86 [INFO] Including com.google.guava:listenablefuture:jar:9999.0-empty-to-avoid-conflict-with-guava in the shaded jar.
#31 10.86 [INFO] Including org.jspecify:jspecify:jar:1.0.0 in the shaded jar.
#31 10.86 [INFO] Including com.google.j2objc:j2objc-annotations:jar:3.1 in the shaded jar.
#31 10.86 [INFO] Including com.google.protobuf:protobuf-java:jar:3.25.5 in the shaded jar.
#31 10.86 [INFO] Including com.google.protobuf:protobuf-java-util:jar:3.25.5 in the shaded jar.
#31 10.86 [INFO] Including com.google.code.gson:gson:jar:2.8.9 in the shaded jar.
#31 10.86 [INFO] Including org.slf4j:slf4j-api:jar:2.0.17 in the shaded jar.
#31 10.86 [INFO] Including org.slf4j:jul-to-slf4j:jar:2.0.17 in the shaded jar.
#31 10.86 [INFO] Including javax.annotation:javax.annotation-api:jar:1.3.2 in the shaded jar.
#31 10.86 [INFO] Including ch.qos.logback:logback-classic:jar:1.5.32 in the shaded jar.
#31 10.86 [INFO] Including ch.qos.logback:logback-core:jar:1.5.32 in the shaded jar.
#31 10.86 [INFO] Including org.jetbrains:annotations:jar:17.0.0 in the shaded jar.
#31 10.98 [WARNING] Discovered module-info.class. Shading will break its strong encapsulation.
#31 10.99 [WARNING] Discovered module-info.class. Shading will break its strong encapsulation.
#31 11.01 [WARNING] Discovered module-info.class. Shading will break its strong encapsulation.
#31 11.02 [WARNING] Discovered module-info.class. Shading will break its strong encapsulation.
#31 11.06 [WARNING] Discovered module-info.class. Shading will break its strong encapsulation.
#31 11.40 [WARNING] Discovered module-info.class. Shading will break its strong encapsulation.
#31 11.41 [WARNING] Discovered module-info.class. Shading will break its strong encapsulation.
#31 11.53 [WARNING] Discovered module-info.class. Shading will break its strong encapsulation.
#31 11.53 [WARNING] Discovered module-info.class. Shading will break its strong encapsulation.
#31 11.87 [WARNING] Discovered module-info.class. Shading will break its strong encapsulation.
#31 11.87 [WARNING] Discovered module-info.class. Shading will break its strong encapsulation.
#31 11.88 [WARNING] Discovered module-info.class. Shading will break its strong encapsulation.
#31 11.89 [WARNING] Discovered module-info.class. Shading will break its strong encapsulation.
#31 11.89 [WARNING] Discovered module-info.class. Shading will break its strong encapsulation.
#31 11.89 [WARNING] Discovered module-info.class. Shading will break its strong encapsulation.
#31 11.89 [WARNING] Discovered module-info.class. Shading will break its strong encapsulation.
#31 12.18 [WARNING] Discovered module-info.class. Shading will break its strong encapsulation.
#31 13.03 [WARNING] Discovered module-info.class. Shading will break its strong encapsulation.
#31 13.06 [WARNING] Discovered module-info.class. Shading will break its strong encapsulation.
#31 13.11 [WARNING] Discovered module-info.class. Shading will break its strong encapsulation.
#31 13.12 [WARNING] spring-core-6.2.16.jar, spring-expression-6.2.16.jar, spring-jcl-6.2.16.jar define 2 overlapping resources: 
#31 13.12 [WARNING]   - META-INF/license.txt
#31 13.12 [WARNING]   - META-INF/notice.txt
#31 13.12 [WARNING] animal-sniffer-annotations-1.24.jar, annotations-17.0.0.jar, annotations-4.1.1.4.jar, error_prone_annotations-2.28.0.jar, failureaccess-1.0.3.jar, grpc-api-1.68.1.jar, grpc-context-1.68.1.jar, grpc-core-1.68.1.jar, grpc-netty-1.68.1.jar, grpc-protobuf-1.68.1.jar, grpc-protobuf-lite-1.68.1.jar, grpc-stub-1.68.1.jar, grpc-util-1.68.1.jar, gson-2.8.9.jar, guava-33.5.0-jre.jar, itu-1.14.0.jar, j2objc-annotations-3.1.jar, jackson-annotations-2.18.2.jar, jackson-core-2.18.2.jar, jackson-databind-2.18.2.jar, jackson-dataformat-yaml-2.18.2.jar, jackson-datatype-jsr310-2.19.4.jar, jakarta.validation-api-3.0.2.jar, javax.annotation-api-1.3.2.jar, jsch-0.2.26.jar, json-schema-validator-1.5.9.jar, jspecify-1.0.0.jar, jsr305-3.0.2.jar, jul-to-slf4j-2.0.17.jar, kotlin-stdlib-2.2.21.jar, listenablefuture-9999.0-empty-to-avoid-conflict-with-guava.jar, logback-classic-1.5.32.jar, logback-core-1.5.32.jar, netty-buffer-4.2.10.Final.jar, netty-codec-base-4.2.10.Final.jar, netty-codec-compression-4.2.10.Final.jar, netty-codec-dns-4.2.10.Final.jar, netty-codec-http-4.2.10.Final.jar, netty-codec-http2-4.2.10.Final.jar, netty-codec-socks-4.2.10.Final.jar, netty-common-4.2.10.Final.jar, netty-handler-4.2.10.Final.jar, netty-handler-proxy-4.2.10.Final.jar, netty-resolver-4.2.10.Final.jar, netty-resolver-dns-4.2.10.Final.jar, netty-transport-4.2.10.Final.jar, netty-transport-native-unix-common-4.2.10.Final.jar, okhttp-jvm-5.3.2.jar, okio-jvm-3.16.4.jar, opentelemetry-api-1.59.0.jar, opentelemetry-api-incubator-1.48.0-alpha.jar, opentelemetry-common-1.59.0.jar, opentelemetry-context-1.59.0.jar, opentelemetry-exporter-common-1.59.0.jar, opentelemetry-exporter-otlp-1.59.0.jar, opentelemetry-exporter-otlp-common-1.59.0.jar, opentelemetry-exporter-prometheus-1.59.0-alpha.jar, opentelemetry-exporter-sender-okhttp-1.59.0.jar, opentelemetry-instrumentation-api-2.14.0.jar, opentelemetry-instrumentation-api-incubator-2.14.0-alpha.jar, opentelemetry-logback-appender-1.0-2.14.0-alpha.jar, opentelemetry-sdk-1.59.0.jar, opentelemetry-sdk-common-1.59.0.jar, opentelemetry-sdk-extension-autoconfigure-spi-1.59.0.jar, opentelemetry-sdk-logs-1.59.0.jar, opentelemetry-sdk-metrics-1.59.0.jar, opentelemetry-sdk-trace-1.59.0.jar, opentelemetry-semconv-1.30.0.jar, perfmark-api-0.27.0.jar, prometheus-metrics-config-1.3.10.jar, prometheus-metrics-exporter-common-1.3.10.jar, prometheus-metrics-exporter-httpserver-1.3.10.jar, prometheus-metrics-exposition-formats-no-protobuf-1.3.10.jar, prometheus-metrics-exposition-textformats-1.3.10.jar, prometheus-metrics-model-1.3.10.jar, proto-google-common-protos-2.41.0.jar, protobuf-java-3.25.5.jar, protobuf-java-util-3.25.5.jar, quorus-controller-1.0-SNAPSHOT.jar, quorus-core-1.0-SNAPSHOT.jar, quorus-tenant-1.0-SNAPSHOT.jar, quorus-workflow-1.0-SNAPSHOT.jar, raftlog-core-1.2.0.jar, saslprep-2.2.jar, scram-client-3.2.jar, scram-common-3.2.jar, slf4j-api-2.0.17.jar, snakeyaml-2.0.jar, spring-core-6.2.16.jar, spring-expression-6.2.16.jar, spring-jcl-6.2.16.jar, stringprep-2.2.jar, vertx-auth-common-5.0.8.jar, vertx-bridge-common-5.0.8.jar, vertx-core-5.0.8.jar, vertx-core-logging-5.0.8.jar, vertx-grpc-client-5.0.8.jar, vertx-grpc-common-5.0.8.jar, vertx-grpc-server-5.0.8.jar, vertx-opentelemetry-5.0.8.jar, vertx-pg-client-5.0.8.jar, vertx-sql-client-5.0.8.jar, vertx-uri-template-5.0.8.jar, vertx-web-5.0.8.jar, vertx-web-client-5.0.8.jar, vertx-web-common-5.0.8.jar define 1 overlapping resource: 
#31 13.12 [WARNING]   - META-INF/MANIFEST.MF
#31 13.12 [WARNING] failureaccess-1.0.3.jar, guava-33.5.0-jre.jar, jackson-annotations-2.18.2.jar, jackson-core-2.18.2.jar, jackson-databind-2.18.2.jar, jackson-dataformat-yaml-2.18.2.jar, jackson-datatype-jsr310-2.19.4.jar, saslprep-2.2.jar, scram-client-3.2.jar, scram-common-3.2.jar, stringprep-2.2.jar define 1 overlapping resource: 
#31 13.12 [WARNING]   - META-INF/LICENSE
#31 13.12 [WARNING] jsch-0.2.26.jar, jspecify-1.0.0.jar, okhttp-jvm-5.3.2.jar define 1 overlapping resource: 
#31 13.12 [WARNING]   - META-INF/versions/9/OSGI-INF/MANIFEST.MF
#31 13.12 [WARNING] jackson-annotations-2.18.2.jar, jackson-core-2.18.2.jar, jackson-databind-2.18.2.jar, jackson-dataformat-yaml-2.18.2.jar, jackson-datatype-jsr310-2.19.4.jar define 1 overlapping resource: 
#31 13.12 [WARNING]   - META-INF/NOTICE
#31 13.12 [WARNING] error_prone_annotations-2.28.0.jar, failureaccess-1.0.3.jar, guava-33.5.0-jre.jar, itu-1.14.0.jar, j2objc-annotations-3.1.jar, jackson-core-2.18.2.jar, jackson-databind-2.18.2.jar, jackson-dataformat-yaml-2.18.2.jar, jackson-datatype-jsr310-2.19.4.jar, jsch-0.2.26.jar, json-schema-validator-1.5.9.jar, jspecify-1.0.0.jar, jul-to-slf4j-2.0.17.jar, kotlin-stdlib-2.2.21.jar, okhttp-jvm-5.3.2.jar, saslprep-2.2.jar, scram-client-3.2.jar, scram-common-3.2.jar, slf4j-api-2.0.17.jar, snakeyaml-2.0.jar, stringprep-2.2.jar define 1 overlapping classes: 
#31 13.12 [WARNING]   - META-INF.versions.9.module-info
#31 13.12 [WARNING] javax.annotation-api-1.3.2.jar, jsch-0.2.26.jar, jul-to-slf4j-2.0.17.jar, slf4j-api-2.0.17.jar define 1 overlapping resource: 
#31 13.12 [WARNING]   - META-INF/LICENSE.txt
#31 13.12 [WARNING] netty-common-4.2.10.Final.jar, opentelemetry-sdk-trace-1.59.0.jar define 2 overlapping resources: 
#31 13.12 [WARNING]   - META-INF/maven/org.jctools/jctools-core/pom.properties
#31 13.12 [WARNING]   - META-INF/maven/org.jctools/jctools-core/pom.xml
#31 13.12 [WARNING] netty-buffer-4.2.10.Final.jar, netty-codec-base-4.2.10.Final.jar, netty-codec-compression-4.2.10.Final.jar, netty-codec-dns-4.2.10.Final.jar, netty-codec-http-4.2.10.Final.jar, netty-codec-http2-4.2.10.Final.jar, netty-codec-socks-4.2.10.Final.jar, netty-common-4.2.10.Final.jar, netty-handler-4.2.10.Final.jar, netty-handler-proxy-4.2.10.Final.jar, netty-resolver-4.2.10.Final.jar, netty-resolver-dns-4.2.10.Final.jar, netty-transport-4.2.10.Final.jar, netty-transport-native-unix-common-4.2.10.Final.jar define 2 overlapping class and resource: 
#31 13.12 [WARNING]   - META-INF.versions.11.module-info
#31 13.12 [WARNING]   - META-INF/io.netty.versions.properties
#31 13.12 [WARNING] maven-shade-plugin has detected that some class files are
#31 13.12 [WARNING] present in two or more JARs. When this happens, only one
#31 13.12 [WARNING] single version of the class is copied to the uber jar.
#31 13.12 [WARNING] Usually this is not harmful and you can skip these warnings,
#31 13.12 [WARNING] otherwise try to manually exclude artifacts based on
#31 13.12 [WARNING] mvn dependency:tree -Ddetail=true and the above output.
#31 13.12 [WARNING] See https://maven.apache.org/plugins/maven-shade-plugin/
#31 13.13 [INFO] Replacing original artifact with shaded artifact.
#31 13.13 [INFO] Replacing /app/quorus-controller/target/quorus-controller-1.0-SNAPSHOT.jar with /app/quorus-controller/target/quorus-controller-1.0-SNAPSHOT-shaded.jar
#31 13.13 [INFO] ------------------------------------------------------------------------
#31 13.13 [INFO] Reactor Summary for Quorus File Transfer System 1.0-SNAPSHOT:
#31 13.13 [INFO] 
#31 13.13 [INFO] Quorus File Transfer System ........................ SUCCESS [  0.198 s]
#31 13.13 [INFO] Quorus Core ........................................ SUCCESS [  4.649 s]
#31 13.13 [INFO] Quorus Workflow Engine ............................. SUCCESS [  0.792 s]
#31 13.13 [INFO] Quorus Tenant Management ........................... SUCCESS [  0.359 s]
#31 13.13 [INFO] Quorus Distributed Controller ...................... SUCCESS [  5.840 s]
#31 13.13 [INFO] ------------------------------------------------------------------------
#31 13.13 [INFO] BUILD SUCCESS
#31 13.13 [INFO] ------------------------------------------------------------------------
#31 13.13 [INFO] Total time:  11.971 s
#31 13.13 [INFO] Finished at: 2026-09-05T10:46:33Z
#31 13.13 [INFO] ------------------------------------------------------------------------
#31 DONE 13.3s

#32 [stage-1 2/6] RUN apk add --no-cache curl
#32 CACHED

#33 [stage-1 3/6] RUN addgroup -g 1001 quorus &&     adduser -D -s /bin/sh -u 1001 -G quorus quorus
#33 CACHED

#34 [stage-1 4/6] WORKDIR /app
#34 CACHED

#35 [stage-1 5/6] COPY --from=builder /app/quorus-controller/target/quorus-controller-*.jar app.jar
#35 DONE 0.1s

#36 [stage-1 6/6] RUN mkdir -p /app/logs /app/data &&     chown -R quorus:quorus /app
#36 DONE 0.2s

#37 exporting to image
#37 exporting layers 0.1s done
#37 writing image sha256:5d9f143c2b2805f88738ff06e142e707e3ff07f89bdde65031c38fb1039ead59 done
#37 naming to docker.io/library/quorus-controller:test 0.0s done
#37 DONE 0.1s

#38 resolving provenance for metadata file
#38 DONE 0.0s
 Image quorus-controller:test Built 
