WARNING: A terminally deprecated method in sun.misc.Unsafe has been called
WARNING: sun.misc.Unsafe::staticFieldBase has been called by com.google.inject.internal.aop.HiddenClassDefiner (file:/C:/Users/mraysmit/scoop/apps/maven/current/lib/guice-5.1.0-classes.jar)
WARNING: Please consider reporting this to the maintainers of class com.google.inject.internal.aop.HiddenClassDefiner
WARNING: sun.misc.Unsafe::staticFieldBase will be removed in a future release
[INFO] Scanning for projects...
[INFO] ------------------------------------------------------------------------
[INFO] Reactor Build Order:
[INFO] 
[INFO] Quorus File Transfer System                                        [pom]
[INFO] Quorus Core                                                        [jar]
[INFO] Quorus Workflow Engine                                             [jar]
[INFO] Quorus Tenant Management                                           [jar]
[INFO] Quorus Distributed Controller                                      [jar]
[INFO] 
[INFO] --------------------------< dev.mars:quorus >---------------------------
[INFO] Building Quorus File Transfer System 1.0-SNAPSHOT                  [1/5]
[INFO]   from pom.xml
[INFO] --------------------------------[ pom ]---------------------------------
[INFO] 
[INFO] --- jacoco:0.8.15:prepare-agent (prepare-agent) @ quorus ---
[INFO] argLine set to -javaagent:C:\\Users\\mraysmit\\.m2\\repository\\org\\jacoco\\org.jacoco.agent\\0.8.15\\org.jacoco.agent-0.8.15-runtime.jar=destfile=C:\\Users\\mraysmit\\dev\\idea-projects\\quorus\\target\\jacoco.exec,excludes=sun/**:jdk/**:java/**:com/sun/**:org/jcp/**
[INFO] 
[INFO] --- jacoco:0.8.15:report (report) @ quorus ---
[INFO] Skipping JaCoCo execution due to missing execution data file.
[INFO] 
[INFO] ------------------------< dev.mars:quorus-core >------------------------
[INFO] Building Quorus Core 1.0-SNAPSHOT                                  [2/5]
[INFO]   from quorus-core\pom.xml
[INFO] --------------------------------[ jar ]---------------------------------
[INFO] 
[INFO] --- jacoco:0.8.15:prepare-agent (prepare-agent) @ quorus-core ---
[INFO] argLine set to -javaagent:C:\\Users\\mraysmit\\.m2\\repository\\org\\jacoco\\org.jacoco.agent\\0.8.15\\org.jacoco.agent-0.8.15-runtime.jar=destfile=C:\\Users\\mraysmit\\dev\\idea-projects\\quorus\\quorus-core\\target\\jacoco.exec,excludes=sun/**:jdk/**:java/**:com/sun/**:org/jcp/**
[INFO] 
[INFO] --- resources:3.3.1:resources (default-resources) @ quorus-core ---
[INFO] Copying 1 resource from src\main\resources to target\classes
[INFO] 
[INFO] --- compiler:3.13.0:compile (default-compile) @ quorus-core ---
[INFO] Nothing to compile - all classes are up to date.
[INFO] 
[INFO] --- resources:3.3.1:testResources (default-testResources) @ quorus-core ---
[INFO] Copying 11 resources from src\test\resources to target\test-classes
[INFO] 
[INFO] --- compiler:3.13.0:testCompile (default-testCompile) @ quorus-core ---
[INFO] Nothing to compile - all classes are up to date.
[INFO] 
[INFO] --- surefire:3.2.2:test (default-test) @ quorus-core ---
[INFO] 
[INFO] --- jacoco:0.8.15:report (report) @ quorus-core ---
[INFO] Loading execution data file C:\Users\mraysmit\dev\idea-projects\quorus\quorus-core\target\jacoco.exec
[INFO] Analyzed bundle 'Quorus Core' with 124 classes
[INFO] 
[INFO] ----------------------< dev.mars:quorus-workflow >----------------------
[INFO] Building Quorus Workflow Engine 1.0-SNAPSHOT                       [3/5]
[INFO]   from quorus-workflow\pom.xml
[INFO] --------------------------------[ jar ]---------------------------------
[INFO] 
[INFO] --- jacoco:0.8.15:prepare-agent (prepare-agent) @ quorus-workflow ---
[INFO] argLine set to -javaagent:C:\\Users\\mraysmit\\.m2\\repository\\org\\jacoco\\org.jacoco.agent\\0.8.15\\org.jacoco.agent-0.8.15-runtime.jar=destfile=C:\\Users\\mraysmit\\dev\\idea-projects\\quorus\\quorus-workflow\\target\\jacoco.exec,excludes=sun/**:jdk/**:java/**:com/sun/**:org/jcp/**
[INFO] 
[INFO] --- resources:3.3.1:resources (default-resources) @ quorus-workflow ---
[INFO] Copying 1 resource from src\main\resources to target\classes
[INFO] 
[INFO] --- compiler:3.13.0:compile (default-compile) @ quorus-workflow ---
[INFO] Nothing to compile - all classes are up to date.
[INFO] 
[INFO] --- resources:3.3.1:testResources (default-testResources) @ quorus-workflow ---
[INFO] Copying 2 resources from src\test\resources to target\test-classes
[INFO] 
[INFO] --- compiler:3.13.0:testCompile (default-testCompile) @ quorus-workflow ---
[INFO] Nothing to compile - all classes are up to date.
[INFO] 
[INFO] --- surefire:3.2.2:test (default-test) @ quorus-workflow ---
[INFO] 
[INFO] --- jacoco:0.8.15:report (report) @ quorus-workflow ---
[INFO] Loading execution data file C:\Users\mraysmit\dev\idea-projects\quorus\quorus-workflow\target\jacoco.exec
[INFO] Analyzed bundle 'Quorus Workflow Engine' with 24 classes
[INFO] 
[INFO] -----------------------< dev.mars:quorus-tenant >-----------------------
[INFO] Building Quorus Tenant Management 1.0-SNAPSHOT                     [4/5]
[INFO]   from quorus-tenant\pom.xml
[INFO] --------------------------------[ jar ]---------------------------------
[INFO] 
[INFO] --- jacoco:0.8.15:prepare-agent (prepare-agent) @ quorus-tenant ---
[INFO] argLine set to -javaagent:C:\\Users\\mraysmit\\.m2\\repository\\org\\jacoco\\org.jacoco.agent\\0.8.15\\org.jacoco.agent-0.8.15-runtime.jar=destfile=C:\\Users\\mraysmit\\dev\\idea-projects\\quorus\\quorus-tenant\\target\\jacoco.exec,excludes=sun/**:jdk/**:java/**:com/sun/**:org/jcp/**
[INFO] 
[INFO] --- resources:3.3.1:resources (default-resources) @ quorus-tenant ---
[INFO] skip non existing resourceDirectory C:\Users\mraysmit\dev\idea-projects\quorus\quorus-tenant\src\main\resources
[INFO] 
[INFO] --- compiler:3.13.0:compile (default-compile) @ quorus-tenant ---
[INFO] Nothing to compile - all classes are up to date.
[INFO] 
[INFO] --- resources:3.3.1:testResources (default-testResources) @ quorus-tenant ---
[INFO] Copying 1 resource from src\test\resources to target\test-classes
[INFO] 
[INFO] --- compiler:3.13.0:testCompile (default-testCompile) @ quorus-tenant ---
[INFO] Nothing to compile - all classes are up to date.
[INFO] 
[INFO] --- surefire:3.2.2:test (default-test) @ quorus-tenant ---
[INFO] 
[INFO] --- jacoco:0.8.15:report (report) @ quorus-tenant ---
[INFO] Loading execution data file C:\Users\mraysmit\dev\idea-projects\quorus\quorus-tenant\target\jacoco.exec
[INFO] Analyzed bundle 'Quorus Tenant Management' with 25 classes
[INFO] 
[INFO] ---------------------< dev.mars:quorus-controller >---------------------
[INFO] Building Quorus Distributed Controller 1.0-SNAPSHOT                [5/5]
[INFO]   from quorus-controller\pom.xml
[INFO] --------------------------------[ jar ]---------------------------------
[INFO] 
[INFO] --- jacoco:0.8.15:prepare-agent (prepare-agent) @ quorus-controller ---
[INFO] argLine set to -javaagent:C:\\Users\\mraysmit\\.m2\\repository\\org\\jacoco\\org.jacoco.agent\\0.8.15\\org.jacoco.agent-0.8.15-runtime.jar=destfile=C:\\Users\\mraysmit\\dev\\idea-projects\\quorus\\quorus-controller\\target\\jacoco.exec,excludes=sun/**:jdk/**:java/**:com/sun/**:org/jcp/**:dev/mars/quorus/controller/raft/grpc/**
[INFO] 
[INFO] --- protobuf:4.1.2:generate (default) @ quorus-controller ---
[WARNING]  Parameter 'binaryMavenPlugins' is deprecated: Users should now use plugins instead. This option will be removed in v5.
[INFO] Resolving artifact "com.google.protobuf:protoc:exe:windows-x86_64:3.25.5"
[INFO] Resolving artifact "io.grpc:protoc-gen-grpc-java:exe:windows-x86_64:1.68.1"
[INFO] Registering "C:\Users\mraysmit\dev\idea-projects\quorus\quorus-controller\target\generated-sources\protobuf" as a Maven main source root for compiler plugins
[INFO] Registering "C:\Users\mraysmit\dev\idea-projects\quorus\quorus-controller\target\generated-sources\protobuf" as a Maven main source root for compiler plugins
[INFO] Found 2 proto source files and 0 descriptor files to compile, but all are up-to-date so none will be built this time
[INFO] NOTHING TO DO: There is nothing to do. If this is unexpected, review the above logs for more details.
[INFO] 
[INFO] --- resources:3.3.1:resources (default-resources) @ quorus-controller ---
[INFO] Copying 3 resources from src\main\resources to target\classes
[INFO] 
[INFO] --- compiler:3.13.0:compile (default-compile) @ quorus-controller ---
[INFO] Nothing to compile - all classes are up to date.
[INFO] 
[INFO] --- resources:3.3.1:testResources (default-testResources) @ quorus-controller ---
[INFO] Copying 11 resources from src\test\resources to target\test-classes
[INFO] 
[INFO] --- compiler:3.13.0:testCompile (default-testCompile) @ quorus-controller ---
[INFO] Nothing to compile - all classes are up to date.
[INFO] 
[INFO] --- surefire:3.2.2:test (default-test) @ quorus-controller ---
[INFO] Using auto detected provider org.apache.maven.surefire.junitplatform.JUnitPlatformProvider
[INFO] 
[INFO] -------------------------------------------------------
[INFO]  T E S T S
[INFO] -------------------------------------------------------
18:38:23,060 |-INFO in ch.qos.logback.classic.LoggerContext[default] - Found logback-core version 1.5.32
18:38:23,063 |-INFO in ch.qos.logback.classic.util.ContextInitializer@738e0986 - No custom configurators were discovered as a service.
18:38:23,063 |-INFO in ch.qos.logback.classic.util.ContextInitializer@738e0986 - Trying to configure with ch.qos.logback.classic.util.DefaultJoranConfigurator
18:38:23,066 |-INFO in ch.qos.logback.classic.util.ContextInitializer@738e0986 - Constructed configurator of type class ch.qos.logback.classic.util.DefaultJoranConfigurator
18:38:23,068 |-INFO in ch.qos.logback.classic.LoggerContext[default] - Found resource [logback-test.xml] at [file:/C:/Users/mraysmit/dev/idea-projects/quorus/quorus-controller/target/test-classes/logback-test.xml]
18:38:23,070 |-WARN in ch.qos.logback.classic.util.DefaultJoranConfigurator@fe848a2 - Resource [logback-test.xml] occurs multiple times on the classpath.
18:38:23,070 |-WARN in ch.qos.logback.classic.util.DefaultJoranConfigurator@fe848a2 - Resource [logback-test.xml] occurs at [file:/C:/Users/mraysmit/dev/idea-projects/quorus/quorus-core/target/test-classes/logback-test.xml]
18:38:23,070 |-WARN in ch.qos.logback.classic.util.DefaultJoranConfigurator@fe848a2 - Resource [logback-test.xml] occurs at [file:/C:/Users/mraysmit/dev/idea-projects/quorus/quorus-controller/target/test-classes/logback-test.xml]
18:38:23,271 |-INFO in ch.qos.logback.classic.model.processor.ConfigurationModelHandlerFull - Scan attribute not set or set to unrecognized value.
18:38:23,284 |-INFO in ch.qos.logback.core.model.processor.ModelInterpretationContext@52275432 - value "../test-logs/quorus-test-2026-09-05_10-38-15.log" substituted for "../test-logs/quorus-test-${testRunTimestamp}.log"
18:38:23,286 |-INFO in ch.qos.logback.core.model.processor.AppenderModelHandler - Processing appender named [CONSOLE]
18:38:23,287 |-INFO in ch.qos.logback.core.model.processor.AppenderModelHandler - About to instantiate appender of type [ch.qos.logback.core.ConsoleAppender]
18:38:23,303 |-INFO in ch.qos.logback.core.model.processor.ImplicitModelHandler - Assuming default type [ch.qos.logback.classic.encoder.PatternLayoutEncoder] for [encoder] property
18:38:23,361 |-INFO in ch.qos.logback.core.ConsoleAppender[CONSOLE] - NOTE: Writing to the console can be slow. Try to avoid logging to the 
18:38:23,361 |-INFO in ch.qos.logback.core.ConsoleAppender[CONSOLE] - console in production environments, especially in high volume systems.
18:38:23,361 |-INFO in ch.qos.logback.core.ConsoleAppender[CONSOLE] - See also https://logback.qos.ch/codes.html#slowConsole
18:38:23,363 |-INFO in ch.qos.logback.core.model.processor.AppenderModelHandler - Processing appender named [FILE]
18:38:23,363 |-INFO in ch.qos.logback.core.model.processor.AppenderModelHandler - About to instantiate appender of type [ch.qos.logback.core.FileAppender]
18:38:23,367 |-INFO in ch.qos.logback.core.model.processor.ModelInterpretationContext@52275432 - value "../test-logs/quorus-test-2026-09-05_10-38-15.log" substituted for "../test-logs/quorus-test-${testRunTimestamp}.log"
18:38:23,369 |-INFO in ch.qos.logback.core.model.processor.ImplicitModelHandler - Assuming default type [ch.qos.logback.classic.encoder.PatternLayoutEncoder] for [encoder] property
18:38:23,369 |-INFO in ch.qos.logback.core.FileAppender[FILE] - File property is set to [../test-logs/quorus-test-2026-09-05_10-38-15.log]
18:38:23,373 |-INFO in ch.qos.logback.classic.model.processor.LoggerModelHandler - Setting level of logger [dev.mars.quorus] to DEBUG
18:38:23,373 |-INFO in ch.qos.logback.classic.model.processor.LoggerModelHandler - Setting level of logger [org.apache] to WARN
18:38:23,373 |-INFO in ch.qos.logback.classic.model.processor.LoggerModelHandler - Setting level of logger [io.vertx] to WARN
18:38:23,373 |-INFO in ch.qos.logback.classic.model.processor.LoggerModelHandler - Setting level of logger [io.netty] to WARN
18:38:23,373 |-INFO in ch.qos.logback.classic.model.processor.LoggerModelHandler - Setting level of logger [io.grpc] to WARN
18:38:23,373 |-INFO in ch.qos.logback.classic.model.processor.RootLoggerModelHandler - Setting level of ROOT logger to INFO
18:38:23,373 |-INFO in ch.qos.logback.core.model.processor.AppenderRefModelHandler - Attaching appender named [CONSOLE] to Logger[ROOT]
18:38:23,374 |-INFO in ch.qos.logback.core.model.processor.AppenderRefModelHandler - Attaching appender named [FILE] to Logger[ROOT]
18:38:23,374 |-INFO in ch.qos.logback.core.model.processor.DefaultProcessor@276a00c6 - End of configuration.
18:38:23,376 |-INFO in ch.qos.logback.classic.joran.JoranConfigurator@24abff94 - Registering current configuration as safe fallback point
18:38:23,378 |-INFO in ch.qos.logback.classic.util.ContextInitializer@738e0986 - ch.qos.logback.classic.util.DefaultJoranConfigurator.configure() call lasted 310 milliseconds. ExecutionStatus=DO_NOT_INVOKE_NEXT_IF_ANY

[INFO] Running dev.mars.quorus.controller.http.ControllerDnsBoundaryTest
18:38:24.707 [ForkJoinPool-1-worker-1] DEBUG d.m.q.c.state.QuorusStateStore - Initializing default metadata: version=2.0
18:38:24.788 [vert.x-eventloop-thread-0] INFO  d.m.quorus.controller.raft.RaftNode - Starting Raft node: dns-166725395477900
18:38:24.791 [vert.x-eventloop-thread-0] INFO  d.m.quorus.controller.raft.RaftNode [FOLLOWER/0] - No storage configured, running in volatile mode
18:38:24.792 [vert.x-eventloop-thread-0] INFO  d.m.q.c.r.InMemoryTransportSimulator [FOLLOWER/0] - Started in-memory transport for node: dns-166725395477900
18:38:24.794 [vert.x-eventloop-thread-0] INFO  d.m.quorus.controller.raft.RaftNode [FOLLOWER/0] - Raft node dns-166725395477900 started successfully (term=0, logSize=1)
18:38:25.194 [vert.x-eventloop-thread-0] INFO  d.m.quorus.controller.raft.RaftNode [FOLLOWER/0] - Starting election for node: dns-166725395477900
18:38:25.195 [vert.x-eventloop-thread-0] DEBUG d.m.quorus.controller.raft.RaftNode [CANDIDATE/1] - Persisting raft metadata: term=1, votedForPresent=true, votedFor=dns-166725395477900
18:38:25.198 [vert.x-eventloop-thread-0] INFO  d.m.quorus.controller.raft.RaftNode [LEADER/1] - Node dns-166725395477900 became LEADER for term 1
18:38:25.206 [vert.x-eventloop-thread-0] INFO  d.m.quorus.controller.raft.RaftNode [LEADER/1] - Command submitted at index 1 term 1
18:38:25.207 [vert.x-eventloop-thread-0] DEBUG d.m.quorus.controller.raft.RaftNode [LEADER/1] - Committed leader no-op entry for term 1
18:38:25.306 [vert.x-eventloop-thread-0] INFO  d.m.quorus.controller.raft.RaftNode [LEADER/1] - Command submitted at index 2 term 1
18:38:25.307 [vert.x-eventloop-thread-0] DEBUG d.m.q.c.state.QuorusStateStore [LEADER/1] - Applying command: type=Set
18:38:25.372 [vert.x-eventloop-thread-0] DEBUG d.m.q.c.state.QuorusStateStore [LEADER/1] - Processing system metadata command: key=phase4.v2.secret-reference.tenant:secret, type=Set
18:38:25.374 [vert.x-eventloop-thread-0] INFO  d.m.q.c.state.QuorusStateStore [LEADER/1] - Set system metadata: key=phase4.v2.secret-reference.tenant:secret, valuePresent=true, replaced=false
18:38:25.375 [vert.x-eventloop-thread-0] DEBUG d.m.q.c.state.QuorusStateStore [LEADER/1] - Command applied successfully: type=Set, result=Success
18:38:25.432 [vert.x-eventloop-thread-0] INFO  d.m.quorus.controller.raft.RaftNode [LEADER/1] - Command submitted at index 3 term 1
18:38:25.433 [vert.x-eventloop-thread-0] DEBUG d.m.q.c.state.QuorusStateStore [LEADER/1] - Applying command: type=Set
18:38:25.445 [vert.x-eventloop-thread-0] DEBUG d.m.q.c.state.QuorusStateStore [LEADER/1] - Processing system metadata command: key=phase4.v2.service-connection.tenant:connection, type=Set
18:38:25.445 [vert.x-eventloop-thread-0] INFO  d.m.q.c.state.QuorusStateStore [LEADER/1] - Set system metadata: key=phase4.v2.service-connection.tenant:connection, valuePresent=true, replaced=false
18:38:25.446 [vert.x-eventloop-thread-0] DEBUG d.m.q.c.state.QuorusStateStore [LEADER/1] - Command applied successfully: type=Set, result=Success
18:38:26.442 [vert.x-eventloop-thread-0] INFO  d.m.quorus.controller.raft.RaftNode [LEADER/1] - Command submitted at index 4 term 1
18:38:26.443 [vert.x-eventloop-thread-0] DEBUG d.m.q.c.state.QuorusStateStore [LEADER/1] - Applying command: type=Set
18:38:26.446 [vert.x-eventloop-thread-0] DEBUG d.m.q.c.state.QuorusStateStore [LEADER/1] - Processing system metadata command: key=phase4.v2.security-event.tenant:1788604706438.5de52e71-ce68-4596-8515-e1ec8d5cf8ce, type=Set
18:38:26.446 [vert.x-eventloop-thread-0] INFO  d.m.q.c.state.QuorusStateStore [LEADER/1] - Set system metadata: key=phase4.v2.security-event.tenant:1788604706438.5de52e71-ce68-4596-8515-e1ec8d5cf8ce, valuePresent=true, replaced=false
18:38:26.447 [vert.x-eventloop-thread-0] DEBUG d.m.q.c.state.QuorusStateStore [LEADER/1] - Command applied successfully: type=Set, result=Success
18:38:26.498 [vert.x-eventloop-thread-0] INFO  d.m.q.c.r.InMemoryTransportSimulator [LEADER/1] - Stopped in-memory transport for node: dns-166725395477900
18:38:26.501 [vert.x-eventloop-thread-0] INFO  d.m.quorus.controller.raft.RaftNode [LEADER/1] - Raft node stopped: dns-166725395477900
18:38:26.615 [ForkJoinPool-1-worker-1] DEBUG d.m.q.c.state.QuorusStateStore - Initializing default metadata: version=2.0
18:38:26.617 [vert.x-eventloop-thread-0] INFO  d.m.quorus.controller.raft.RaftNode - Starting Raft node: dns-166727259492700
18:38:26.617 [vert.x-eventloop-thread-0] INFO  d.m.quorus.controller.raft.RaftNode [FOLLOWER/0] - No storage configured, running in volatile mode
18:38:26.618 [vert.x-eventloop-thread-0] INFO  d.m.q.c.r.InMemoryTransportSimulator [FOLLOWER/0] - Started in-memory transport for node: dns-166727259492700
18:38:26.618 [vert.x-eventloop-thread-0] INFO  d.m.quorus.controller.raft.RaftNode [FOLLOWER/0] - Raft node dns-166727259492700 started successfully (term=0, logSize=1)
18:38:27.040 [vert.x-eventloop-thread-0] INFO  d.m.quorus.controller.raft.RaftNode [FOLLOWER/0] - Starting election for node: dns-166727259492700
18:38:27.042 [vert.x-eventloop-thread-0] DEBUG d.m.quorus.controller.raft.RaftNode [CANDIDATE/1] - Persisting raft metadata: term=1, votedForPresent=true, votedFor=dns-166727259492700
18:38:27.043 [vert.x-eventloop-thread-0] INFO  d.m.quorus.controller.raft.RaftNode [LEADER/1] - Node dns-166727259492700 became LEADER for term 1
18:38:27.043 [vert.x-eventloop-thread-0] INFO  d.m.quorus.controller.raft.RaftNode [LEADER/1] - Command submitted at index 1 term 1
18:38:27.044 [vert.x-eventloop-thread-0] DEBUG d.m.quorus.controller.raft.RaftNode [LEADER/1] - Committed leader no-op entry for term 1
18:38:27.044 [vert.x-eventloop-thread-0] INFO  d.m.quorus.controller.raft.RaftNode [LEADER/1] - Command submitted at index 2 term 1
18:38:27.044 [vert.x-eventloop-thread-0] DEBUG d.m.q.c.state.QuorusStateStore [LEADER/1] - Applying command: type=Set
18:38:27.045 [vert.x-eventloop-thread-0] DEBUG d.m.q.c.state.QuorusStateStore [LEADER/1] - Processing system metadata command: key=phase4.v2.secret-reference.tenant:secret, type=Set
18:38:27.046 [vert.x-eventloop-thread-0] INFO  d.m.q.c.state.QuorusStateStore [LEADER/1] - Set system metadata: key=phase4.v2.secret-reference.tenant:secret, valuePresent=true, replaced=false
18:38:27.046 [vert.x-eventloop-thread-0] DEBUG d.m.q.c.state.QuorusStateStore [LEADER/1] - Command applied successfully: type=Set, result=Success
18:38:27.047 [vert.x-eventloop-thread-0] INFO  d.m.quorus.controller.raft.RaftNode [LEADER/1] - Command submitted at index 3 term 1
18:38:27.048 [vert.x-eventloop-thread-0] DEBUG d.m.q.c.state.QuorusStateStore [LEADER/1] - Applying command: type=Set
18:38:27.050 [vert.x-eventloop-thread-0] DEBUG d.m.q.c.state.QuorusStateStore [LEADER/1] - Processing system metadata command: key=phase4.v2.service-connection.tenant:connection, type=Set
18:38:27.051 [vert.x-eventloop-thread-0] INFO  d.m.q.c.state.QuorusStateStore [LEADER/1] - Set system metadata: key=phase4.v2.service-connection.tenant:connection, valuePresent=true, replaced=false
18:38:27.051 [vert.x-eventloop-thread-0] DEBUG d.m.q.c.state.QuorusStateStore [LEADER/1] - Command applied successfully: type=Set, result=Success
18:38:27.206 [vert.x-eventloop-thread-0] INFO  d.m.q.c.h.handlers.TransferHandler [LEADER/1] - Creating transfer job: jobId=77a90ca8-75c0-432f-8cc6-fcadd9de31fb, tenantId=tenant
18:38:27.208 [vert.x-eventloop-thread-0] INFO  d.m.quorus.controller.raft.RaftNode [LEADER/1] - Command submitted at index 4 term 1
18:38:27.209 [vert.x-eventloop-thread-0] DEBUG d.m.q.c.state.QuorusStateStore [LEADER/1] - Applying command: type=Create
18:38:27.219 [vert.x-eventloop-thread-0] DEBUG d.m.q.c.state.QuorusStateStore [LEADER/1] - Creating transfer job: jobId=77a90ca8-75c0-432f-8cc6-fcadd9de31fb, sourceUri=sftp://dns.example.test/approved/file.dat, destPath=file:///C:/Users/mraysmit/dev/idea-projects/quorus/quorus-controller/downloads/dns-test.dat
18:38:27.223 [vert.x-eventloop-thread-0] INFO  d.m.q.c.state.QuorusStateStore [LEADER/1] - Created transfer job: jobId=77a90ca8-75c0-432f-8cc6-fcadd9de31fb, protocol=http, totalJobs=1
18:38:27.223 [vert.x-eventloop-thread-0] DEBUG d.m.q.c.state.QuorusStateStore [LEADER/1] - Command applied successfully: type=Create, result=Success
18:38:27.224 [vert.x-eventloop-thread-0] INFO  d.m.q.c.h.handlers.TransferHandler [LEADER/1] - Transfer job created: jobId=77a90ca8-75c0-432f-8cc6-fcadd9de31fb
18:38:27.226 [vert.x-eventloop-thread-0] INFO  d.m.quorus.controller.raft.RaftNode [LEADER/1] - Command submitted at index 5 term 1
18:38:27.227 [vert.x-eventloop-thread-0] DEBUG d.m.q.c.state.QuorusStateStore [LEADER/1] - Applying command: type=Set
18:38:27.229 [vert.x-eventloop-thread-0] DEBUG d.m.q.c.state.QuorusStateStore [LEADER/1] - Processing system metadata command: key=phase4.v2.security-event.tenant:1788604707225.7615609c-fdfd-4237-bcd0-4f34d25d24ff, type=Set
18:38:27.229 [vert.x-eventloop-thread-0] INFO  d.m.q.c.state.QuorusStateStore [LEADER/1] - Set system metadata: key=phase4.v2.security-event.tenant:1788604707225.7615609c-fdfd-4237-bcd0-4f34d25d24ff, valuePresent=true, replaced=false
18:38:27.229 [vert.x-eventloop-thread-0] DEBUG d.m.q.c.state.QuorusStateStore [LEADER/1] - Command applied successfully: type=Set, result=Success
18:38:27.236 [vert.x-eventloop-thread-0] INFO  d.m.q.c.r.InMemoryTransportSimulator [LEADER/1] - Stopped in-memory transport for node: dns-166727259492700
18:38:27.236 [vert.x-eventloop-thread-0] INFO  d.m.quorus.controller.raft.RaftNode [LEADER/1] - Raft node stopped: dns-166727259492700
18:38:27.311 [ForkJoinPool-1-worker-1] DEBUG d.m.q.c.state.QuorusStateStore - Initializing default metadata: version=2.0
18:38:27.312 [vert.x-eventloop-thread-0] INFO  d.m.quorus.controller.raft.RaftNode - Starting Raft node: dns-166727954601800
18:38:27.313 [vert.x-eventloop-thread-0] INFO  d.m.quorus.controller.raft.RaftNode [FOLLOWER/0] - No storage configured, running in volatile mode
18:38:27.313 [vert.x-eventloop-thread-0] INFO  d.m.q.c.r.InMemoryTransportSimulator [FOLLOWER/0] - Started in-memory transport for node: dns-166727954601800
18:38:27.313 [vert.x-eventloop-thread-0] INFO  d.m.quorus.controller.raft.RaftNode [FOLLOWER/0] - Raft node dns-166727954601800 started successfully (term=0, logSize=1)
18:38:27.790 [vert.x-eventloop-thread-0] INFO  d.m.quorus.controller.raft.RaftNode [FOLLOWER/0] - Starting election for node: dns-166727954601800
18:38:27.791 [vert.x-eventloop-thread-0] DEBUG d.m.quorus.controller.raft.RaftNode [CANDIDATE/1] - Persisting raft metadata: term=1, votedForPresent=true, votedFor=dns-166727954601800
18:38:27.791 [vert.x-eventloop-thread-0] INFO  d.m.quorus.controller.raft.RaftNode [LEADER/1] - Node dns-166727954601800 became LEADER for term 1
18:38:27.792 [vert.x-eventloop-thread-0] INFO  d.m.quorus.controller.raft.RaftNode [LEADER/1] - Command submitted at index 1 term 1
18:38:27.792 [vert.x-eventloop-thread-0] DEBUG d.m.quorus.controller.raft.RaftNode [LEADER/1] - Committed leader no-op entry for term 1
18:38:27.807 [vert.x-eventloop-thread-0] INFO  d.m.quorus.controller.raft.RaftNode [LEADER/1] - Command submitted at index 2 term 1
18:38:27.807 [vert.x-eventloop-thread-0] DEBUG d.m.q.c.state.QuorusStateStore [LEADER/1] - Applying command: type=Set
18:38:27.808 [vert.x-eventloop-thread-0] DEBUG d.m.q.c.state.QuorusStateStore [LEADER/1] - Processing system metadata command: key=phase4.v2.secret-reference.tenant:secret, type=Set
18:38:27.808 [vert.x-eventloop-thread-0] INFO  d.m.q.c.state.QuorusStateStore [LEADER/1] - Set system metadata: key=phase4.v2.secret-reference.tenant:secret, valuePresent=true, replaced=false
18:38:27.809 [vert.x-eventloop-thread-0] DEBUG d.m.q.c.state.QuorusStateStore [LEADER/1] - Command applied successfully: type=Set, result=Success
18:38:27.810 [vert.x-eventloop-thread-0] INFO  d.m.quorus.controller.raft.RaftNode [LEADER/1] - Command submitted at index 3 term 1
18:38:27.810 [vert.x-eventloop-thread-0] DEBUG d.m.q.c.state.QuorusStateStore [LEADER/1] - Applying command: type=Set
18:38:27.812 [vert.x-eventloop-thread-0] DEBUG d.m.q.c.state.QuorusStateStore [LEADER/1] - Processing system metadata command: key=phase4.v2.service-connection.tenant:connection, type=Set
18:38:27.812 [vert.x-eventloop-thread-0] INFO  d.m.q.c.state.QuorusStateStore [LEADER/1] - Set system metadata: key=phase4.v2.service-connection.tenant:connection, valuePresent=true, replaced=false
18:38:27.812 [vert.x-eventloop-thread-0] DEBUG d.m.q.c.state.QuorusStateStore [LEADER/1] - Command applied successfully: type=Set, result=Success
18:38:27.936 [vert.x-eventloop-thread-0] ERROR d.m.q.c.http.GlobalErrorHandler [LEADER/1] - Server error [TIMEOUT] at /api/v1/service-connections/connection/validate: DNS authorization timed out
18:38:27.937 [vert.x-eventloop-thread-0] DEBUG d.m.q.c.http.GlobalErrorHandler [LEADER/1] - Stack trace for server error [TIMEOUT] at /api/v1/service-connections/connection/validate
dev.mars.quorus.controller.http.QuorusApiException: DNS authorization timed out
	at dev.mars.quorus.controller.http.ControllerConnectionAuthorizer.timeout(ControllerConnectionAuthorizer.java:85)
	at dev.mars.quorus.controller.http.ControllerConnectionAuthorizer.lambda$0(ControllerConnectionAuthorizer.java:45)
	at io.vertx.core.impl.VertxImpl$InternalTimerHandler.handle(VertxImpl.java:1023)
	at io.vertx.core.impl.VertxImpl$InternalTimerHandler.handle(VertxImpl.java:990)
	at io.vertx.core.impl.ContextBase.emit(ContextBase.java:82)
	at io.vertx.core.internal.ContextInternal.emit(ContextInternal.java:179)
	at io.vertx.core.impl.VertxImpl$InternalTimerHandler.run(VertxImpl.java:1012)
	at io.netty.util.concurrent.PromiseTask.runTask(PromiseTask.java:98)
	at io.netty.util.concurrent.ScheduledFutureTask.run(ScheduledFutureTask.java:160)
	at io.netty.util.concurrent.AbstractEventExecutor.runTask(AbstractEventExecutor.java:148)
	at io.netty.util.concurrent.AbstractEventExecutor.safeExecute(AbstractEventExecutor.java:141)
	at io.netty.util.concurrent.SingleThreadEventExecutor.runAllTasks(SingleThreadEventExecutor.java:535)
	at io.netty.channel.SingleThreadIoEventLoop.run(SingleThreadIoEventLoop.java:201)
	at io.netty.util.concurrent.SingleThreadEventExecutor$5.run(SingleThreadEventExecutor.java:1195)
	at io.netty.util.internal.ThreadExecutorMap$2.run(ThreadExecutorMap.java:74)
	at io.netty.util.concurrent.FastThreadLocalRunnable.run(FastThreadLocalRunnable.java:30)
	at java.base/java.lang.Thread.run(Thread.java:1474)
18:38:27.953 [vert.x-eventloop-thread-0] ERROR d.m.q.c.http.GlobalErrorHandler [LEADER/1] - Server error [SERVICE_UNAVAILABLE] at /api/v1/transfers: DNS authorization capacity is exhausted
18:38:27.954 [vert.x-eventloop-thread-0] DEBUG d.m.q.c.http.GlobalErrorHandler [LEADER/1] - Stack trace for server error [SERVICE_UNAVAILABLE] at /api/v1/transfers
dev.mars.quorus.controller.http.QuorusApiException: DNS authorization capacity is exhausted
	at dev.mars.quorus.controller.http.ControllerConnectionAuthorizer.authorize(ControllerConnectionAuthorizer.java:38)
	at dev.mars.quorus.controller.http.handlers.TransferHandler.lambda$0(TransferHandler.java:155)
	at io.vertx.ext.web.impl.RouteState.handleContext(RouteState.java:1344)
	at io.vertx.ext.web.impl.RoutingContextImplBase.iterateNext(RoutingContextImplBase.java:196)
	at io.vertx.ext.web.impl.RoutingContextImpl.next(RoutingContextImpl.java:150)
	at io.vertx.ext.web.handler.impl.BodyHandlerImpl$BHandler.doEnd(BodyHandlerImpl.java:365)
	at io.vertx.ext.web.handler.impl.BodyHandlerImpl$BHandler.end(BodyHandlerImpl.java:342)
	at io.vertx.core.internal.ContextInternal.dispatch(ContextInternal.java:249)
	at io.vertx.core.internal.ContextInternal.dispatch(ContextInternal.java:231)
	at io.vertx.core.http.impl.HttpEventHandler.handleEnd(HttpEventHandler.java:76)
	at io.vertx.core.http.impl.Http1xServerRequest.onEnd(Http1xServerRequest.java:593)
	at io.vertx.core.http.impl.Http1xServerRequest$1.handleMessage(Http1xServerRequest.java:111)
	at io.vertx.core.internal.concurrent.InboundMessageQueue.test(InboundMessageQueue.java:86)
	at io.vertx.core.streams.impl.MessagePassingQueue.drain(MessagePassingQueue.java:228)
	at io.vertx.core.streams.impl.MessagePassingQueue.drain(MessagePassingQueue.java:210)
	at io.vertx.core.internal.concurrent.InboundMessageQueue.drainInternal(InboundMessageQueue.java:168)
	at io.vertx.core.internal.concurrent.InboundMessageQueue.drain(InboundMessageQueue.java:145)
	at io.vertx.core.http.impl.Http1xServerRequest.handleEnd(Http1xServerRequest.java:175)
	at io.vertx.core.http.impl.Http1xServerRequest.handleEnd(Http1xServerRequest.java:166)
	at io.vertx.core.http.impl.Http1xServerConnection.onEnd(Http1xServerConnection.java:199)
	at io.vertx.core.http.impl.Http1xServerConnection.onContent(Http1xServerConnection.java:190)
	at io.vertx.core.http.impl.Http1xServerConnection.handleOther(Http1xServerConnection.java:175)
	at io.vertx.core.http.impl.Http1xServerConnection.handleMessage(Http1xServerConnection.java:168)
	at io.vertx.core.net.impl.VertxConnection.read(VertxConnection.java:247)
	at io.vertx.core.net.impl.VertxHandler.channelRead(VertxHandler.java:148)
	at io.netty.channel.AbstractChannelHandlerContext.fireChannelRead(AbstractChannelHandlerContext.java:355)
	at io.netty.channel.ChannelInboundHandlerAdapter.channelRead(ChannelInboundHandlerAdapter.java:93)
	at io.netty.handler.codec.http.websocketx.extensions.WebSocketServerExtensionHandler.channelRead(WebSocketServerExtensionHandler.java:84)
	at io.netty.channel.AbstractChannelHandlerContext.fireChannelRead(AbstractChannelHandlerContext.java:355)
	at io.netty.handler.codec.ByteToMessageDecoder.fireChannelRead(ByteToMessageDecoder.java:361)
	at io.netty.handler.codec.ByteToMessageDecoder.channelRead(ByteToMessageDecoder.java:325)
	at io.netty.channel.AbstractChannelHandlerContext.fireChannelRead(AbstractChannelHandlerContext.java:357)
	at io.netty.channel.DefaultChannelPipeline$HeadContext.channelRead(DefaultChannelPipeline.java:1429)
	at io.netty.channel.DefaultChannelPipeline.fireChannelRead(DefaultChannelPipeline.java:918)
	at io.netty.channel.nio.AbstractNioByteChannel$NioByteUnsafe.read(AbstractNioByteChannel.java:176)
	at io.netty.channel.nio.AbstractNioChannel$AbstractNioUnsafe.handle(AbstractNioChannel.java:445)
	at io.netty.channel.nio.NioIoHandler$DefaultNioRegistration.handle(NioIoHandler.java:388)
	at io.netty.channel.nio.NioIoHandler.processSelectedKey(NioIoHandler.java:596)
	at io.netty.channel.nio.NioIoHandler.processSelectedKeysPlain(NioIoHandler.java:541)
	at io.netty.channel.nio.NioIoHandler.processSelectedKeys(NioIoHandler.java:514)
	at io.netty.channel.nio.NioIoHandler.run(NioIoHandler.java:484)
	at io.netty.channel.SingleThreadIoEventLoop.runIo(SingleThreadIoEventLoop.java:225)
	at io.netty.channel.SingleThreadIoEventLoop.run(SingleThreadIoEventLoop.java:196)
	at io.netty.util.concurrent.SingleThreadEventExecutor$5.run(SingleThreadEventExecutor.java:1195)
	at io.netty.util.internal.ThreadExecutorMap$2.run(ThreadExecutorMap.java:74)
	at io.netty.util.concurrent.FastThreadLocalRunnable.run(FastThreadLocalRunnable.java:30)
	at java.base/java.lang.Thread.run(Thread.java:1474)
18:38:27.965 [vert.x-eventloop-thread-0] INFO  d.m.quorus.controller.raft.RaftNode [LEADER/1] - Command submitted at index 4 term 1
18:38:27.966 [vert.x-eventloop-thread-0] DEBUG d.m.q.c.state.QuorusStateStore [LEADER/1] - Applying command: type=Set
18:38:27.967 [vert.x-eventloop-thread-0] DEBUG d.m.q.c.state.QuorusStateStore [LEADER/1] - Processing system metadata command: key=phase4.v2.security-event.tenant:1788604707965.08d9cbd1-8093-4f51-80a5-19c449ece345, type=Set
18:38:27.967 [vert.x-eventloop-thread-0] INFO  d.m.q.c.state.QuorusStateStore [LEADER/1] - Set system metadata: key=phase4.v2.security-event.tenant:1788604707965.08d9cbd1-8093-4f51-80a5-19c449ece345, valuePresent=true, replaced=false
18:38:27.967 [vert.x-eventloop-thread-0] DEBUG d.m.q.c.state.QuorusStateStore [LEADER/1] - Command applied successfully: type=Set, result=Success
18:38:27.975 [vert.x-eventloop-thread-0] INFO  d.m.q.c.r.InMemoryTransportSimulator [LEADER/1] - Stopped in-memory transport for node: dns-166727954601800
18:38:27.975 [vert.x-eventloop-thread-0] INFO  d.m.quorus.controller.raft.RaftNode [LEADER/1] - Raft node stopped: dns-166727954601800
18:38:28.072 [ForkJoinPool-1-worker-1] DEBUG d.m.q.c.state.QuorusStateStore - Initializing default metadata: version=2.0
18:38:28.074 [vert.x-eventloop-thread-0] INFO  d.m.quorus.controller.raft.RaftNode - Starting Raft node: dns-166728716083500
18:38:28.075 [vert.x-eventloop-thread-0] INFO  d.m.quorus.controller.raft.RaftNode [FOLLOWER/0] - No storage configured, running in volatile mode
18:38:28.075 [vert.x-eventloop-thread-0] INFO  d.m.q.c.r.InMemoryTransportSimulator [FOLLOWER/0] - Started in-memory transport for node: dns-166728716083500
18:38:28.075 [vert.x-eventloop-thread-0] INFO  d.m.quorus.controller.raft.RaftNode [FOLLOWER/0] - Raft node dns-166728716083500 started successfully (term=0, logSize=1)
18:38:28.428 [vert.x-eventloop-thread-0] INFO  d.m.quorus.controller.raft.RaftNode [FOLLOWER/0] - Starting election for node: dns-166728716083500
18:38:28.428 [vert.x-eventloop-thread-0] DEBUG d.m.quorus.controller.raft.RaftNode [CANDIDATE/1] - Persisting raft metadata: term=1, votedForPresent=true, votedFor=dns-166728716083500
18:38:28.428 [vert.x-eventloop-thread-0] INFO  d.m.quorus.controller.raft.RaftNode [LEADER/1] - Node dns-166728716083500 became LEADER for term 1
18:38:28.429 [vert.x-eventloop-thread-0] INFO  d.m.quorus.controller.raft.RaftNode [LEADER/1] - Command submitted at index 1 term 1
18:38:28.429 [vert.x-eventloop-thread-0] DEBUG d.m.quorus.controller.raft.RaftNode [LEADER/1] - Committed leader no-op entry for term 1
18:38:28.430 [vert.x-eventloop-thread-0] INFO  d.m.quorus.controller.raft.RaftNode [LEADER/1] - Command submitted at index 2 term 1
18:38:28.430 [vert.x-eventloop-thread-0] DEBUG d.m.q.c.state.QuorusStateStore [LEADER/1] - Applying command: type=Set
18:38:28.431 [vert.x-eventloop-thread-0] DEBUG d.m.q.c.state.QuorusStateStore [LEADER/1] - Processing system metadata command: key=phase4.v2.secret-reference.tenant:secret, type=Set
18:38:28.431 [vert.x-eventloop-thread-0] INFO  d.m.q.c.state.QuorusStateStore [LEADER/1] - Set system metadata: key=phase4.v2.secret-reference.tenant:secret, valuePresent=true, replaced=false
18:38:28.431 [vert.x-eventloop-thread-0] DEBUG d.m.q.c.state.QuorusStateStore [LEADER/1] - Command applied successfully: type=Set, result=Success
18:38:28.432 [vert.x-eventloop-thread-0] INFO  d.m.quorus.controller.raft.RaftNode [LEADER/1] - Command submitted at index 3 term 1
18:38:28.433 [vert.x-eventloop-thread-0] DEBUG d.m.q.c.state.QuorusStateStore [LEADER/1] - Applying command: type=Set
18:38:28.434 [vert.x-eventloop-thread-0] DEBUG d.m.q.c.state.QuorusStateStore [LEADER/1] - Processing system metadata command: key=phase4.v2.service-connection.tenant:connection, type=Set
18:38:28.434 [vert.x-eventloop-thread-0] INFO  d.m.q.c.state.QuorusStateStore [LEADER/1] - Set system metadata: key=phase4.v2.service-connection.tenant:connection, valuePresent=true, replaced=false
18:38:28.434 [vert.x-eventloop-thread-0] DEBUG d.m.q.c.state.QuorusStateStore [LEADER/1] - Command applied successfully: type=Set, result=Success
18:38:28.551 [vert.x-eventloop-thread-0] ERROR d.m.q.c.http.GlobalErrorHandler [LEADER/1] - Server error [TIMEOUT] at /api/v1/transfers: DNS authorization timed out
18:38:28.552 [vert.x-eventloop-thread-0] DEBUG d.m.q.c.http.GlobalErrorHandler [LEADER/1] - Stack trace for server error [TIMEOUT] at /api/v1/transfers
dev.mars.quorus.controller.http.QuorusApiException: DNS authorization timed out
	at dev.mars.quorus.controller.http.ControllerConnectionAuthorizer.timeout(ControllerConnectionAuthorizer.java:85)
	at dev.mars.quorus.controller.http.ControllerConnectionAuthorizer.lambda$0(ControllerConnectionAuthorizer.java:45)
	at io.vertx.core.impl.VertxImpl$InternalTimerHandler.handle(VertxImpl.java:1023)
	at io.vertx.core.impl.VertxImpl$InternalTimerHandler.handle(VertxImpl.java:990)
	at io.vertx.core.impl.ContextBase.emit(ContextBase.java:82)
	at io.vertx.core.internal.ContextInternal.emit(ContextInternal.java:179)
	at io.vertx.core.impl.VertxImpl$InternalTimerHandler.run(VertxImpl.java:1012)
	at io.netty.util.concurrent.PromiseTask.runTask(PromiseTask.java:98)
	at io.netty.util.concurrent.ScheduledFutureTask.run(ScheduledFutureTask.java:160)
	at io.netty.util.concurrent.AbstractEventExecutor.runTask(AbstractEventExecutor.java:148)
	at io.netty.util.concurrent.AbstractEventExecutor.safeExecute(AbstractEventExecutor.java:141)
	at io.netty.util.concurrent.SingleThreadEventExecutor.runAllTasks(SingleThreadEventExecutor.java:535)
	at io.netty.channel.SingleThreadIoEventLoop.run(SingleThreadIoEventLoop.java:201)
	at io.netty.util.concurrent.SingleThreadEventExecutor$5.run(SingleThreadEventExecutor.java:1195)
	at io.netty.util.internal.ThreadExecutorMap$2.run(ThreadExecutorMap.java:74)
	at io.netty.util.concurrent.FastThreadLocalRunnable.run(FastThreadLocalRunnable.java:30)
	at java.base/java.lang.Thread.run(Thread.java:1474)
18:38:28.557 [vert.x-eventloop-thread-0] ERROR d.m.q.c.http.GlobalErrorHandler [LEADER/1] - Server error [SERVICE_UNAVAILABLE] at /api/v1/service-connections/connection/validate: DNS authorization capacity is exhausted
18:38:28.558 [vert.x-eventloop-thread-0] DEBUG d.m.q.c.http.GlobalErrorHandler [LEADER/1] - Stack trace for server error [SERVICE_UNAVAILABLE] at /api/v1/service-connections/connection/validate
dev.mars.quorus.controller.http.QuorusApiException: DNS authorization capacity is exhausted
	at dev.mars.quorus.controller.http.ControllerConnectionAuthorizer.authorize(ControllerConnectionAuthorizer.java:38)
	at dev.mars.quorus.controller.http.handlers.ServiceConnectionHandler.lambda$36(ServiceConnectionHandler.java:189)
	at dev.mars.quorus.controller.http.handlers.ServiceConnectionHandler.execute(ServiceConnectionHandler.java:387)
	at dev.mars.quorus.controller.http.handlers.ServiceConnectionHandler.lambda$35(ServiceConnectionHandler.java:182)
	at io.vertx.ext.web.impl.RouteState.handleContext(RouteState.java:1344)
	at io.vertx.ext.web.impl.RoutingContextImplBase.iterateNext(RoutingContextImplBase.java:196)
	at io.vertx.ext.web.impl.RoutingContextImpl.next(RoutingContextImpl.java:150)
	at io.vertx.ext.web.handler.impl.BodyHandlerImpl$BHandler.doEnd(BodyHandlerImpl.java:365)
	at io.vertx.ext.web.handler.impl.BodyHandlerImpl$BHandler.end(BodyHandlerImpl.java:342)
	at io.vertx.core.internal.ContextInternal.dispatch(ContextInternal.java:249)
	at io.vertx.core.internal.ContextInternal.dispatch(ContextInternal.java:231)
	at io.vertx.core.http.impl.HttpEventHandler.handleEnd(HttpEventHandler.java:76)
	at io.vertx.core.http.impl.Http1xServerRequest.onEnd(Http1xServerRequest.java:593)
	at io.vertx.core.http.impl.Http1xServerRequest$1.handleMessage(Http1xServerRequest.java:111)
	at io.vertx.core.internal.concurrent.InboundMessageQueue.test(InboundMessageQueue.java:86)
	at io.vertx.core.streams.impl.MessagePassingQueue.drain(MessagePassingQueue.java:228)
	at io.vertx.core.streams.impl.MessagePassingQueue.drain(MessagePassingQueue.java:210)
	at io.vertx.core.internal.concurrent.InboundMessageQueue.drainInternal(InboundMessageQueue.java:168)
	at io.vertx.core.internal.concurrent.InboundMessageQueue.drain(InboundMessageQueue.java:145)
	at io.vertx.core.http.impl.Http1xServerRequest.handleEnd(Http1xServerRequest.java:175)
	at io.vertx.core.http.impl.Http1xServerRequest.handleEnd(Http1xServerRequest.java:166)
	at io.vertx.core.http.impl.Http1xServerConnection.onEnd(Http1xServerConnection.java:199)
	at io.vertx.core.http.impl.Http1xServerConnection.onContent(Http1xServerConnection.java:190)
	at io.vertx.core.http.impl.Http1xServerConnection.handleOther(Http1xServerConnection.java:175)
	at io.vertx.core.http.impl.Http1xServerConnection.handleMessage(Http1xServerConnection.java:168)
	at io.vertx.core.net.impl.VertxConnection.read(VertxConnection.java:247)
	at io.vertx.core.net.impl.VertxHandler.channelRead(VertxHandler.java:148)
	at io.netty.channel.AbstractChannelHandlerContext.fireChannelRead(AbstractChannelHandlerContext.java:355)
	at io.netty.channel.ChannelInboundHandlerAdapter.channelRead(ChannelInboundHandlerAdapter.java:93)
	at io.netty.handler.codec.http.websocketx.extensions.WebSocketServerExtensionHandler.channelRead(WebSocketServerExtensionHandler.java:84)
	at io.netty.channel.AbstractChannelHandlerContext.fireChannelRead(AbstractChannelHandlerContext.java:355)
	at io.netty.handler.codec.ByteToMessageDecoder.fireChannelRead(ByteToMessageDecoder.java:361)
	at io.netty.handler.codec.ByteToMessageDecoder.channelRead(ByteToMessageDecoder.java:325)
	at io.netty.channel.AbstractChannelHandlerContext.fireChannelRead(AbstractChannelHandlerContext.java:357)
	at io.netty.channel.DefaultChannelPipeline$HeadContext.channelRead(DefaultChannelPipeline.java:1429)
	at io.netty.channel.DefaultChannelPipeline.fireChannelRead(DefaultChannelPipeline.java:918)
	at io.netty.channel.nio.AbstractNioByteChannel$NioByteUnsafe.read(AbstractNioByteChannel.java:176)
	at io.netty.channel.nio.AbstractNioChannel$AbstractNioUnsafe.handle(AbstractNioChannel.java:445)
	at io.netty.channel.nio.NioIoHandler$DefaultNioRegistration.handle(NioIoHandler.java:388)
	at io.netty.channel.nio.NioIoHandler.processSelectedKey(NioIoHandler.java:596)
	at io.netty.channel.nio.NioIoHandler.processSelectedKeysPlain(NioIoHandler.java:541)
	at io.netty.channel.nio.NioIoHandler.processSelectedKeys(NioIoHandler.java:514)
	at io.netty.channel.nio.NioIoHandler.run(NioIoHandler.java:484)
	at io.netty.channel.SingleThreadIoEventLoop.runIo(SingleThreadIoEventLoop.java:225)
	at io.netty.channel.SingleThreadIoEventLoop.run(SingleThreadIoEventLoop.java:196)
	at io.netty.util.concurrent.SingleThreadEventExecutor$5.run(SingleThreadEventExecutor.java:1195)
	at io.netty.util.internal.ThreadExecutorMap$2.run(ThreadExecutorMap.java:74)
	at io.netty.util.concurrent.FastThreadLocalRunnable.run(FastThreadLocalRunnable.java:30)
	at java.base/java.lang.Thread.run(Thread.java:1474)
18:38:28.565 [vert.x-eventloop-thread-0] INFO  d.m.quorus.controller.raft.RaftNode [LEADER/1] - Command submitted at index 4 term 1
18:38:28.565 [vert.x-eventloop-thread-0] DEBUG d.m.q.c.state.QuorusStateStore [LEADER/1] - Applying command: type=Set
18:38:28.566 [vert.x-eventloop-thread-0] DEBUG d.m.q.c.state.QuorusStateStore [LEADER/1] - Processing system metadata command: key=phase4.v2.security-event.tenant:1788604708565.0b1f8324-aa5e-4ef1-8f9c-02155e7260b3, type=Set
18:38:28.566 [vert.x-eventloop-thread-0] INFO  d.m.q.c.state.QuorusStateStore [LEADER/1] - Set system metadata: key=phase4.v2.security-event.tenant:1788604708565.0b1f8324-aa5e-4ef1-8f9c-02155e7260b3, valuePresent=true, replaced=false
18:38:28.567 [vert.x-eventloop-thread-0] DEBUG d.m.q.c.state.QuorusStateStore [LEADER/1] - Command applied successfully: type=Set, result=Success
18:38:28.570 [vert.x-eventloop-thread-0] INFO  d.m.q.c.r.InMemoryTransportSimulator [LEADER/1] - Stopped in-memory transport for node: dns-166728716083500
18:38:28.570 [vert.x-eventloop-thread-0] INFO  d.m.quorus.controller.raft.RaftNode [LEADER/1] - Raft node stopped: dns-166728716083500
18:38:28.634 [ForkJoinPool-1-worker-1] DEBUG d.m.q.c.state.QuorusStateStore - Initializing default metadata: version=2.0
18:38:28.635 [vert.x-eventloop-thread-0] INFO  d.m.quorus.controller.raft.RaftNode - Starting Raft node: dns-166729277571700
18:38:28.635 [vert.x-eventloop-thread-0] INFO  d.m.quorus.controller.raft.RaftNode [FOLLOWER/0] - No storage configured, running in volatile mode
18:38:28.636 [vert.x-eventloop-thread-0] INFO  d.m.q.c.r.InMemoryTransportSimulator [FOLLOWER/0] - Started in-memory transport for node: dns-166729277571700
18:38:28.636 [vert.x-eventloop-thread-0] INFO  d.m.quorus.controller.raft.RaftNode [FOLLOWER/0] - Raft node dns-166729277571700 started successfully (term=0, logSize=1)
18:38:29.130 [vert.x-eventloop-thread-0] INFO  d.m.quorus.controller.raft.RaftNode [FOLLOWER/0] - Starting election for node: dns-166729277571700
18:38:29.131 [vert.x-eventloop-thread-0] DEBUG d.m.quorus.controller.raft.RaftNode [CANDIDATE/1] - Persisting raft metadata: term=1, votedForPresent=true, votedFor=dns-166729277571700
18:38:29.131 [vert.x-eventloop-thread-0] INFO  d.m.quorus.controller.raft.RaftNode [LEADER/1] - Node dns-166729277571700 became LEADER for term 1
18:38:29.132 [vert.x-eventloop-thread-0] INFO  d.m.quorus.controller.raft.RaftNode [LEADER/1] - Command submitted at index 1 term 1
18:38:29.132 [vert.x-eventloop-thread-0] DEBUG d.m.quorus.controller.raft.RaftNode [LEADER/1] - Committed leader no-op entry for term 1
18:38:29.133 [vert.x-eventloop-thread-0] INFO  d.m.quorus.controller.raft.RaftNode [LEADER/1] - Command submitted at index 2 term 1
18:38:29.133 [vert.x-eventloop-thread-0] DEBUG d.m.q.c.state.QuorusStateStore [LEADER/1] - Applying command: type=Set
18:38:29.134 [vert.x-eventloop-thread-0] DEBUG d.m.q.c.state.QuorusStateStore [LEADER/1] - Processing system metadata command: key=phase4.v2.secret-reference.tenant:secret, type=Set
18:38:29.134 [vert.x-eventloop-thread-0] INFO  d.m.q.c.state.QuorusStateStore [LEADER/1] - Set system metadata: key=phase4.v2.secret-reference.tenant:secret, valuePresent=true, replaced=false
18:38:29.134 [vert.x-eventloop-thread-0] DEBUG d.m.q.c.state.QuorusStateStore [LEADER/1] - Command applied successfully: type=Set, result=Success
18:38:29.135 [vert.x-eventloop-thread-0] INFO  d.m.quorus.controller.raft.RaftNode [LEADER/1] - Command submitted at index 3 term 1
18:38:29.136 [vert.x-eventloop-thread-0] DEBUG d.m.q.c.state.QuorusStateStore [LEADER/1] - Applying command: type=Set
18:38:29.136 [vert.x-eventloop-thread-0] DEBUG d.m.q.c.state.QuorusStateStore [LEADER/1] - Processing system metadata command: key=phase4.v2.service-connection.tenant:connection, type=Set
18:38:29.136 [vert.x-eventloop-thread-0] INFO  d.m.q.c.state.QuorusStateStore [LEADER/1] - Set system metadata: key=phase4.v2.service-connection.tenant:connection, valuePresent=true, replaced=false
18:38:29.137 [vert.x-eventloop-thread-0] DEBUG d.m.q.c.state.QuorusStateStore [LEADER/1] - Command applied successfully: type=Set, result=Success
18:38:29.255 [vert.x-eventloop-thread-0] ERROR d.m.q.c.http.GlobalErrorHandler [LEADER/1] - Server error [TIMEOUT] at /api/v1/transfers: DNS authorization timed out
18:38:29.255 [vert.x-eventloop-thread-0] DEBUG d.m.q.c.http.GlobalErrorHandler [LEADER/1] - Stack trace for server error [TIMEOUT] at /api/v1/transfers
dev.mars.quorus.controller.http.QuorusApiException: DNS authorization timed out
	at dev.mars.quorus.controller.http.ControllerConnectionAuthorizer.timeout(ControllerConnectionAuthorizer.java:85)
	at dev.mars.quorus.controller.http.ControllerConnectionAuthorizer.lambda$0(ControllerConnectionAuthorizer.java:45)
	at io.vertx.core.impl.VertxImpl$InternalTimerHandler.handle(VertxImpl.java:1023)
	at io.vertx.core.impl.VertxImpl$InternalTimerHandler.handle(VertxImpl.java:990)
	at io.vertx.core.impl.ContextBase.emit(ContextBase.java:82)
	at io.vertx.core.internal.ContextInternal.emit(ContextInternal.java:179)
	at io.vertx.core.impl.VertxImpl$InternalTimerHandler.run(VertxImpl.java:1012)
	at io.netty.util.concurrent.PromiseTask.runTask(PromiseTask.java:98)
	at io.netty.util.concurrent.ScheduledFutureTask.run(ScheduledFutureTask.java:160)
	at io.netty.util.concurrent.AbstractEventExecutor.runTask(AbstractEventExecutor.java:148)
	at io.netty.util.concurrent.AbstractEventExecutor.safeExecute(AbstractEventExecutor.java:141)
	at io.netty.util.concurrent.SingleThreadEventExecutor.runAllTasks(SingleThreadEventExecutor.java:535)
	at io.netty.channel.SingleThreadIoEventLoop.run(SingleThreadIoEventLoop.java:201)
	at io.netty.util.concurrent.SingleThreadEventExecutor$5.run(SingleThreadEventExecutor.java:1195)
	at io.netty.util.internal.ThreadExecutorMap$2.run(ThreadExecutorMap.java:74)
	at io.netty.util.concurrent.FastThreadLocalRunnable.run(FastThreadLocalRunnable.java:30)
	at java.base/java.lang.Thread.run(Thread.java:1474)
18:38:29.258 [vert.x-eventloop-thread-0] ERROR d.m.q.c.http.GlobalErrorHandler [LEADER/1] - Server error [TIMEOUT] at /api/v1/service-connections/connection/validate: DNS authorization timed out
18:38:29.258 [vert.x-eventloop-thread-0] DEBUG d.m.q.c.http.GlobalErrorHandler [LEADER/1] - Stack trace for server error [TIMEOUT] at /api/v1/service-connections/connection/validate
dev.mars.quorus.controller.http.QuorusApiException: DNS authorization timed out
	at dev.mars.quorus.controller.http.ControllerConnectionAuthorizer.timeout(ControllerConnectionAuthorizer.java:85)
	at dev.mars.quorus.controller.http.ControllerConnectionAuthorizer.lambda$0(ControllerConnectionAuthorizer.java:45)
	at io.vertx.core.impl.VertxImpl$InternalTimerHandler.handle(VertxImpl.java:1023)
	at io.vertx.core.impl.VertxImpl$InternalTimerHandler.handle(VertxImpl.java:990)
	at io.vertx.core.impl.ContextBase.emit(ContextBase.java:82)
	at io.vertx.core.internal.ContextInternal.emit(ContextInternal.java:179)
	at io.vertx.core.impl.VertxImpl$InternalTimerHandler.run(VertxImpl.java:1012)
	at io.netty.util.concurrent.PromiseTask.runTask(PromiseTask.java:98)
	at io.netty.util.concurrent.ScheduledFutureTask.run(ScheduledFutureTask.java:160)
	at io.netty.util.concurrent.AbstractEventExecutor.runTask(AbstractEventExecutor.java:148)
	at io.netty.util.concurrent.AbstractEventExecutor.safeExecute(AbstractEventExecutor.java:141)
	at io.netty.util.concurrent.SingleThreadEventExecutor.runAllTasks(SingleThreadEventExecutor.java:535)
	at io.netty.channel.SingleThreadIoEventLoop.run(SingleThreadIoEventLoop.java:201)
	at io.netty.util.concurrent.SingleThreadEventExecutor$5.run(SingleThreadEventExecutor.java:1195)
	at io.netty.util.internal.ThreadExecutorMap$2.run(ThreadExecutorMap.java:74)
	at io.netty.util.concurrent.FastThreadLocalRunnable.run(FastThreadLocalRunnable.java:30)
	at java.base/java.lang.Thread.run(Thread.java:1474)
18:38:29.265 [vert.x-eventloop-thread-0] INFO  d.m.quorus.controller.raft.RaftNode [LEADER/1] - Command submitted at index 4 term 1
18:38:29.266 [vert.x-eventloop-thread-0] DEBUG d.m.q.c.state.QuorusStateStore [LEADER/1] - Applying command: type=Set
18:38:29.266 [vert.x-eventloop-thread-0] DEBUG d.m.q.c.state.QuorusStateStore [LEADER/1] - Processing system metadata command: key=phase4.v2.security-event.tenant:1788604709265.e6b51781-428e-4497-b74b-69ace04daaaa, type=Set
18:38:29.267 [vert.x-eventloop-thread-0] INFO  d.m.q.c.state.QuorusStateStore [LEADER/1] - Set system metadata: key=phase4.v2.security-event.tenant:1788604709265.e6b51781-428e-4497-b74b-69ace04daaaa, valuePresent=true, replaced=false
18:38:29.267 [vert.x-eventloop-thread-0] DEBUG d.m.q.c.state.QuorusStateStore [LEADER/1] - Command applied successfully: type=Set, result=Success
18:38:29.273 [vert.x-eventloop-thread-0] INFO  d.m.q.c.r.InMemoryTransportSimulator [LEADER/1] - Stopped in-memory transport for node: dns-166729277571700
18:38:29.273 [vert.x-eventloop-thread-0] INFO  d.m.quorus.controller.raft.RaftNode [LEADER/1] - Raft node stopped: dns-166729277571700
18:38:29.385 [ForkJoinPool-1-worker-1] DEBUG d.m.q.c.state.QuorusStateStore - Initializing default metadata: version=2.0
18:38:29.386 [vert.x-eventloop-thread-0] INFO  d.m.quorus.controller.raft.RaftNode - Starting Raft node: dns-166730028098900
18:38:29.387 [vert.x-eventloop-thread-0] INFO  d.m.quorus.controller.raft.RaftNode [FOLLOWER/0] - No storage configured, running in volatile mode
18:38:29.387 [vert.x-eventloop-thread-0] INFO  d.m.q.c.r.InMemoryTransportSimulator [FOLLOWER/0] - Started in-memory transport for node: dns-166730028098900
18:38:29.387 [vert.x-eventloop-thread-0] INFO  d.m.quorus.controller.raft.RaftNode [FOLLOWER/0] - Raft node dns-166730028098900 started successfully (term=0, logSize=1)
18:38:29.754 [vert.x-eventloop-thread-0] INFO  d.m.quorus.controller.raft.RaftNode [FOLLOWER/0] - Starting election for node: dns-166730028098900
18:38:29.754 [vert.x-eventloop-thread-0] DEBUG d.m.quorus.controller.raft.RaftNode [CANDIDATE/1] - Persisting raft metadata: term=1, votedForPresent=true, votedFor=dns-166730028098900
18:38:29.755 [vert.x-eventloop-thread-0] INFO  d.m.quorus.controller.raft.RaftNode [LEADER/1] - Node dns-166730028098900 became LEADER for term 1
18:38:29.755 [vert.x-eventloop-thread-0] INFO  d.m.quorus.controller.raft.RaftNode [LEADER/1] - Command submitted at index 1 term 1
18:38:29.755 [vert.x-eventloop-thread-0] DEBUG d.m.quorus.controller.raft.RaftNode [LEADER/1] - Committed leader no-op entry for term 1
18:38:29.756 [vert.x-eventloop-thread-0] INFO  d.m.quorus.controller.raft.RaftNode [LEADER/1] - Command submitted at index 2 term 1
18:38:29.756 [vert.x-eventloop-thread-0] DEBUG d.m.q.c.state.QuorusStateStore [LEADER/1] - Applying command: type=Set
18:38:29.757 [vert.x-eventloop-thread-0] DEBUG d.m.q.c.state.QuorusStateStore [LEADER/1] - Processing system metadata command: key=phase4.v2.secret-reference.tenant:secret, type=Set
18:38:29.757 [vert.x-eventloop-thread-0] INFO  d.m.q.c.state.QuorusStateStore [LEADER/1] - Set system metadata: key=phase4.v2.secret-reference.tenant:secret, valuePresent=true, replaced=false
18:38:29.757 [vert.x-eventloop-thread-0] DEBUG d.m.q.c.state.QuorusStateStore [LEADER/1] - Command applied successfully: type=Set, result=Success
18:38:29.758 [vert.x-eventloop-thread-0] INFO  d.m.quorus.controller.raft.RaftNode [LEADER/1] - Command submitted at index 3 term 1
18:38:29.758 [vert.x-eventloop-thread-0] DEBUG d.m.q.c.state.QuorusStateStore [LEADER/1] - Applying command: type=Set
18:38:29.759 [vert.x-eventloop-thread-0] DEBUG d.m.q.c.state.QuorusStateStore [LEADER/1] - Processing system metadata command: key=phase4.v2.service-connection.tenant:connection, type=Set
18:38:29.759 [vert.x-eventloop-thread-0] INFO  d.m.q.c.state.QuorusStateStore [LEADER/1] - Set system metadata: key=phase4.v2.service-connection.tenant:connection, valuePresent=true, replaced=false
18:38:29.760 [vert.x-eventloop-thread-0] DEBUG d.m.q.c.state.QuorusStateStore [LEADER/1] - Command applied successfully: type=Set, result=Success
18:38:29.773 [vert.x-eventloop-thread-0] INFO  d.m.quorus.controller.raft.RaftNode [LEADER/1] - Command submitted at index 4 term 1
18:38:29.773 [vert.x-eventloop-thread-0] DEBUG d.m.q.c.state.QuorusStateStore [LEADER/1] - Applying command: type=Delete
18:38:29.774 [vert.x-eventloop-thread-0] DEBUG d.m.q.c.state.QuorusStateStore [LEADER/1] - Processing system metadata command: key=phase4.v2.service-connection.tenant:connection, type=Delete
18:38:29.774 [vert.x-eventloop-thread-0] INFO  d.m.q.c.state.QuorusStateStore [LEADER/1] - Deleted system metadata: key=phase4.v2.service-connection.tenant:connection, valueRemoved=true
18:38:29.774 [vert.x-eventloop-thread-0] DEBUG d.m.q.c.state.QuorusStateStore [LEADER/1] - Command applied successfully: type=Delete, result=Success
18:38:29.775 [vert.x-eventloop-thread-0] WARN  d.m.q.c.http.GlobalErrorHandler [LEADER/1] - Client error [CONFLICT] at /api/v1/service-connections/connection/validate: Service connection changed during DNS authorization; retry
18:38:29.777 [vert.x-eventloop-thread-0] INFO  d.m.q.c.r.InMemoryTransportSimulator [LEADER/1] - Stopped in-memory transport for node: dns-166730028098900
18:38:29.777 [vert.x-eventloop-thread-0] INFO  d.m.quorus.controller.raft.RaftNode [LEADER/1] - Raft node stopped: dns-166730028098900
18:38:29.834 [ForkJoinPool-1-worker-1] DEBUG d.m.q.c.state.QuorusStateStore - Initializing default metadata: version=2.0
18:38:29.835 [vert.x-eventloop-thread-0] INFO  d.m.quorus.controller.raft.RaftNode - Starting Raft node: dns-166730477071100
18:38:29.835 [vert.x-eventloop-thread-0] INFO  d.m.quorus.controller.raft.RaftNode [FOLLOWER/0] - No storage configured, running in volatile mode
18:38:29.835 [vert.x-eventloop-thread-0] INFO  d.m.q.c.r.InMemoryTransportSimulator [FOLLOWER/0] - Started in-memory transport for node: dns-166730477071100
18:38:29.835 [vert.x-eventloop-thread-0] INFO  d.m.quorus.controller.raft.RaftNode [FOLLOWER/0] - Raft node dns-166730477071100 started successfully (term=0, logSize=1)
18:38:30.251 [vert.x-eventloop-thread-0] INFO  d.m.quorus.controller.raft.RaftNode [FOLLOWER/0] - Starting election for node: dns-166730477071100
18:38:30.251 [vert.x-eventloop-thread-0] DEBUG d.m.quorus.controller.raft.RaftNode [CANDIDATE/1] - Persisting raft metadata: term=1, votedForPresent=true, votedFor=dns-166730477071100
18:38:30.252 [vert.x-eventloop-thread-0] INFO  d.m.quorus.controller.raft.RaftNode [LEADER/1] - Node dns-166730477071100 became LEADER for term 1
18:38:30.252 [vert.x-eventloop-thread-0] INFO  d.m.quorus.controller.raft.RaftNode [LEADER/1] - Command submitted at index 1 term 1
18:38:30.253 [vert.x-eventloop-thread-0] DEBUG d.m.quorus.controller.raft.RaftNode [LEADER/1] - Committed leader no-op entry for term 1
18:38:30.253 [vert.x-eventloop-thread-0] INFO  d.m.quorus.controller.raft.RaftNode [LEADER/1] - Command submitted at index 2 term 1
18:38:30.253 [vert.x-eventloop-thread-0] DEBUG d.m.q.c.state.QuorusStateStore [LEADER/1] - Applying command: type=Set
18:38:30.254 [vert.x-eventloop-thread-0] DEBUG d.m.q.c.state.QuorusStateStore [LEADER/1] - Processing system metadata command: key=phase4.v2.secret-reference.tenant:secret, type=Set
18:38:30.254 [vert.x-eventloop-thread-0] INFO  d.m.q.c.state.QuorusStateStore [LEADER/1] - Set system metadata: key=phase4.v2.secret-reference.tenant:secret, valuePresent=true, replaced=false
18:38:30.254 [vert.x-eventloop-thread-0] DEBUG d.m.q.c.state.QuorusStateStore [LEADER/1] - Command applied successfully: type=Set, result=Success
18:38:30.254 [vert.x-eventloop-thread-0] INFO  d.m.quorus.controller.raft.RaftNode [LEADER/1] - Command submitted at index 3 term 1
18:38:30.254 [vert.x-eventloop-thread-0] DEBUG d.m.q.c.state.QuorusStateStore [LEADER/1] - Applying command: type=Set
18:38:30.256 [vert.x-eventloop-thread-0] DEBUG d.m.q.c.state.QuorusStateStore [LEADER/1] - Processing system metadata command: key=phase4.v2.service-connection.tenant:connection, type=Set
18:38:30.256 [vert.x-eventloop-thread-0] INFO  d.m.q.c.state.QuorusStateStore [LEADER/1] - Set system metadata: key=phase4.v2.service-connection.tenant:connection, valuePresent=true, replaced=false
18:38:30.256 [vert.x-eventloop-thread-0] DEBUG d.m.q.c.state.QuorusStateStore [LEADER/1] - Command applied successfully: type=Set, result=Success
18:38:30.266 [vert.x-eventloop-thread-0] INFO  d.m.quorus.controller.raft.RaftNode [LEADER/1] - Command submitted at index 4 term 1
18:38:30.267 [vert.x-eventloop-thread-0] DEBUG d.m.q.c.state.QuorusStateStore [LEADER/1] - Applying command: type=Delete
18:38:30.267 [vert.x-eventloop-thread-0] DEBUG d.m.q.c.state.QuorusStateStore [LEADER/1] - Processing system metadata command: key=phase4.v2.service-connection.tenant:connection, type=Delete
18:38:30.267 [vert.x-eventloop-thread-0] INFO  d.m.q.c.state.QuorusStateStore [LEADER/1] - Deleted system metadata: key=phase4.v2.service-connection.tenant:connection, valueRemoved=true
18:38:30.267 [vert.x-eventloop-thread-0] DEBUG d.m.q.c.state.QuorusStateStore [LEADER/1] - Command applied successfully: type=Delete, result=Success
18:38:30.269 [vert.x-eventloop-thread-0] WARN  d.m.q.c.http.GlobalErrorHandler [LEADER/1] - Client error [CONFLICT] at /api/v1/transfers: Service connection changed during DNS authorization; retry
18:38:30.272 [vert.x-eventloop-thread-0] INFO  d.m.q.c.r.InMemoryTransportSimulator [LEADER/1] - Stopped in-memory transport for node: dns-166730477071100
18:38:30.273 [vert.x-eventloop-thread-0] INFO  d.m.quorus.controller.raft.RaftNode [LEADER/1] - Raft node stopped: dns-166730477071100
18:38:30.335 [ForkJoinPool-1-worker-1] DEBUG d.m.q.c.state.QuorusStateStore - Initializing default metadata: version=2.0
18:38:30.336 [vert.x-eventloop-thread-0] INFO  d.m.quorus.controller.raft.RaftNode - Starting Raft node: dns-166730978370000
18:38:30.336 [vert.x-eventloop-thread-0] INFO  d.m.quorus.controller.raft.RaftNode [FOLLOWER/0] - No storage configured, running in volatile mode
18:38:30.336 [vert.x-eventloop-thread-0] INFO  d.m.q.c.r.InMemoryTransportSimulator [FOLLOWER/0] - Started in-memory transport for node: dns-166730978370000
18:38:30.337 [vert.x-eventloop-thread-0] INFO  d.m.quorus.controller.raft.RaftNode [FOLLOWER/0] - Raft node dns-166730978370000 started successfully (term=0, logSize=1)
18:38:30.640 [vert.x-eventloop-thread-0] INFO  d.m.quorus.controller.raft.RaftNode [FOLLOWER/0] - Starting election for node: dns-166730978370000
18:38:30.640 [vert.x-eventloop-thread-0] DEBUG d.m.quorus.controller.raft.RaftNode [CANDIDATE/1] - Persisting raft metadata: term=1, votedForPresent=true, votedFor=dns-166730978370000
18:38:30.640 [vert.x-eventloop-thread-0] INFO  d.m.quorus.controller.raft.RaftNode [LEADER/1] - Node dns-166730978370000 became LEADER for term 1
18:38:30.640 [vert.x-eventloop-thread-0] INFO  d.m.quorus.controller.raft.RaftNode [LEADER/1] - Command submitted at index 1 term 1
18:38:30.641 [vert.x-eventloop-thread-0] DEBUG d.m.quorus.controller.raft.RaftNode [LEADER/1] - Committed leader no-op entry for term 1
18:38:30.642 [vert.x-eventloop-thread-0] INFO  d.m.quorus.controller.raft.RaftNode [LEADER/1] - Command submitted at index 2 term 1
18:38:30.642 [vert.x-eventloop-thread-0] DEBUG d.m.q.c.state.QuorusStateStore [LEADER/1] - Applying command: type=Set
18:38:30.642 [vert.x-eventloop-thread-0] DEBUG d.m.q.c.state.QuorusStateStore [LEADER/1] - Processing system metadata command: key=phase4.v2.secret-reference.tenant:secret, type=Set
18:38:30.643 [vert.x-eventloop-thread-0] INFO  d.m.q.c.state.QuorusStateStore [LEADER/1] - Set system metadata: key=phase4.v2.secret-reference.tenant:secret, valuePresent=true, replaced=false
18:38:30.643 [vert.x-eventloop-thread-0] DEBUG d.m.q.c.state.QuorusStateStore [LEADER/1] - Command applied successfully: type=Set, result=Success
18:38:30.643 [vert.x-eventloop-thread-0] INFO  d.m.quorus.controller.raft.RaftNode [LEADER/1] - Command submitted at index 3 term 1
18:38:30.643 [vert.x-eventloop-thread-0] DEBUG d.m.q.c.state.QuorusStateStore [LEADER/1] - Applying command: type=Set
18:38:30.644 [vert.x-eventloop-thread-0] DEBUG d.m.q.c.state.QuorusStateStore [LEADER/1] - Processing system metadata command: key=phase4.v2.service-connection.tenant:connection, type=Set
18:38:30.644 [vert.x-eventloop-thread-0] INFO  d.m.q.c.state.QuorusStateStore [LEADER/1] - Set system metadata: key=phase4.v2.service-connection.tenant:connection, valuePresent=true, replaced=false
18:38:30.644 [vert.x-eventloop-thread-0] DEBUG d.m.q.c.state.QuorusStateStore [LEADER/1] - Command applied successfully: type=Set, result=Success
18:38:30.658 [vert.x-eventloop-thread-0] WARN  d.m.q.c.http.GlobalErrorHandler [LEADER/1] - Client error [VALIDATION_ERROR] at /api/v1/transfers: Endpoint DNS resolution failed
18:38:30.667 [vert.x-eventloop-thread-0] INFO  d.m.q.c.h.handlers.TransferHandler [LEADER/1] - Creating transfer job: jobId=1d68c1b0-a8ef-4219-bd67-184aa6b151bb, tenantId=tenant
18:38:30.668 [vert.x-eventloop-thread-0] INFO  d.m.quorus.controller.raft.RaftNode [LEADER/1] - Command submitted at index 4 term 1
18:38:30.668 [vert.x-eventloop-thread-0] DEBUG d.m.q.c.state.QuorusStateStore [LEADER/1] - Applying command: type=Create
18:38:30.668 [vert.x-eventloop-thread-0] DEBUG d.m.q.c.state.QuorusStateStore [LEADER/1] - Creating transfer job: jobId=1d68c1b0-a8ef-4219-bd67-184aa6b151bb, sourceUri=sftp://dns.example.test/approved/file.dat, destPath=file:///C:/Users/mraysmit/dev/idea-projects/quorus/quorus-controller/downloads/dns-test.dat
18:38:30.668 [vert.x-eventloop-thread-0] INFO  d.m.q.c.state.QuorusStateStore [LEADER/1] - Created transfer job: jobId=1d68c1b0-a8ef-4219-bd67-184aa6b151bb, protocol=http, totalJobs=1
18:38:30.668 [vert.x-eventloop-thread-0] DEBUG d.m.q.c.state.QuorusStateStore [LEADER/1] - Command applied successfully: type=Create, result=Success
18:38:30.668 [vert.x-eventloop-thread-0] INFO  d.m.q.c.h.handlers.TransferHandler [LEADER/1] - Transfer job created: jobId=1d68c1b0-a8ef-4219-bd67-184aa6b151bb
18:38:30.668 [vert.x-eventloop-thread-0] INFO  d.m.quorus.controller.raft.RaftNode [LEADER/1] - Command submitted at index 5 term 1
18:38:30.668 [vert.x-eventloop-thread-0] DEBUG d.m.q.c.state.QuorusStateStore [LEADER/1] - Applying command: type=Set
18:38:30.669 [vert.x-eventloop-thread-0] DEBUG d.m.q.c.state.QuorusStateStore [LEADER/1] - Processing system metadata command: key=phase4.v2.security-event.tenant:1788604710668.d57d711b-068d-4906-8261-d59dd391ba80, type=Set
18:38:30.669 [vert.x-eventloop-thread-0] INFO  d.m.q.c.state.QuorusStateStore [LEADER/1] - Set system metadata: key=phase4.v2.security-event.tenant:1788604710668.d57d711b-068d-4906-8261-d59dd391ba80, valuePresent=true, replaced=false
18:38:30.669 [vert.x-eventloop-thread-0] DEBUG d.m.q.c.state.QuorusStateStore [LEADER/1] - Command applied successfully: type=Set, result=Success
18:38:30.674 [vert.x-eventloop-thread-0] INFO  d.m.q.c.r.InMemoryTransportSimulator [LEADER/1] - Stopped in-memory transport for node: dns-166730978370000
18:38:30.674 [vert.x-eventloop-thread-0] INFO  d.m.quorus.controller.raft.RaftNode [LEADER/1] - Raft node stopped: dns-166730978370000
18:38:30.742 [ForkJoinPool-1-worker-1] DEBUG d.m.q.c.state.QuorusStateStore - Initializing default metadata: version=2.0
18:38:30.744 [vert.x-eventloop-thread-0] INFO  d.m.quorus.controller.raft.RaftNode - Starting Raft node: dns-166731385465600
18:38:30.744 [vert.x-eventloop-thread-0] INFO  d.m.quorus.controller.raft.RaftNode [FOLLOWER/0] - No storage configured, running in volatile mode
18:38:30.744 [vert.x-eventloop-thread-0] INFO  d.m.q.c.r.InMemoryTransportSimulator [FOLLOWER/0] - Started in-memory transport for node: dns-166731385465600
18:38:30.744 [vert.x-eventloop-thread-0] INFO  d.m.quorus.controller.raft.RaftNode [FOLLOWER/0] - Raft node dns-166731385465600 started successfully (term=0, logSize=1)
18:38:31.110 [vert.x-eventloop-thread-0] INFO  d.m.quorus.controller.raft.RaftNode [FOLLOWER/0] - Starting election for node: dns-166731385465600
18:38:31.110 [vert.x-eventloop-thread-0] DEBUG d.m.quorus.controller.raft.RaftNode [CANDIDATE/1] - Persisting raft metadata: term=1, votedForPresent=true, votedFor=dns-166731385465600
18:38:31.111 [vert.x-eventloop-thread-0] INFO  d.m.quorus.controller.raft.RaftNode [LEADER/1] - Node dns-166731385465600 became LEADER for term 1
18:38:31.111 [vert.x-eventloop-thread-0] INFO  d.m.quorus.controller.raft.RaftNode [LEADER/1] - Command submitted at index 1 term 1
18:38:31.111 [vert.x-eventloop-thread-0] DEBUG d.m.quorus.controller.raft.RaftNode [LEADER/1] - Committed leader no-op entry for term 1
18:38:31.112 [vert.x-eventloop-thread-0] INFO  d.m.quorus.controller.raft.RaftNode [LEADER/1] - Command submitted at index 2 term 1
18:38:31.112 [vert.x-eventloop-thread-0] DEBUG d.m.q.c.state.QuorusStateStore [LEADER/1] - Applying command: type=Set
18:38:31.114 [vert.x-eventloop-thread-0] DEBUG d.m.q.c.state.QuorusStateStore [LEADER/1] - Processing system metadata command: key=phase4.v2.secret-reference.tenant:secret, type=Set
18:38:31.114 [vert.x-eventloop-thread-0] INFO  d.m.q.c.state.QuorusStateStore [LEADER/1] - Set system metadata: key=phase4.v2.secret-reference.tenant:secret, valuePresent=true, replaced=false
18:38:31.114 [vert.x-eventloop-thread-0] DEBUG d.m.q.c.state.QuorusStateStore [LEADER/1] - Command applied successfully: type=Set, result=Success
18:38:31.115 [vert.x-eventloop-thread-0] INFO  d.m.quorus.controller.raft.RaftNode [LEADER/1] - Command submitted at index 3 term 1
18:38:31.116 [vert.x-eventloop-thread-0] DEBUG d.m.q.c.state.QuorusStateStore [LEADER/1] - Applying command: type=Set
18:38:31.117 [vert.x-eventloop-thread-0] DEBUG d.m.q.c.state.QuorusStateStore [LEADER/1] - Processing system metadata command: key=phase4.v2.service-connection.tenant:connection, type=Set
18:38:31.117 [vert.x-eventloop-thread-0] INFO  d.m.q.c.state.QuorusStateStore [LEADER/1] - Set system metadata: key=phase4.v2.service-connection.tenant:connection, valuePresent=true, replaced=false
18:38:31.118 [vert.x-eventloop-thread-0] DEBUG d.m.q.c.state.QuorusStateStore [LEADER/1] - Command applied successfully: type=Set, result=Success
18:38:31.147 [vert.x-eventloop-thread-0] ERROR d.m.q.c.http.GlobalErrorHandler [LEADER/1] - Server error [SERVICE_UNAVAILABLE] at /api/v1/transfers: DNS authorization capacity is exhausted
18:38:31.147 [vert.x-eventloop-thread-0] DEBUG d.m.q.c.http.GlobalErrorHandler [LEADER/1] - Stack trace for server error [SERVICE_UNAVAILABLE] at /api/v1/transfers
dev.mars.quorus.controller.http.QuorusApiException: DNS authorization capacity is exhausted
	at dev.mars.quorus.controller.http.ControllerConnectionAuthorizer.authorize(ControllerConnectionAuthorizer.java:38)
	at dev.mars.quorus.controller.http.handlers.TransferHandler.lambda$0(TransferHandler.java:155)
	at io.vertx.ext.web.impl.RouteState.handleContext(RouteState.java:1344)
	at io.vertx.ext.web.impl.RoutingContextImplBase.iterateNext(RoutingContextImplBase.java:196)
	at io.vertx.ext.web.impl.RoutingContextImpl.next(RoutingContextImpl.java:150)
	at io.vertx.ext.web.handler.impl.BodyHandlerImpl$BHandler.doEnd(BodyHandlerImpl.java:365)
	at io.vertx.ext.web.handler.impl.BodyHandlerImpl$BHandler.end(BodyHandlerImpl.java:342)
	at io.vertx.core.internal.ContextInternal.dispatch(ContextInternal.java:249)
	at io.vertx.core.internal.ContextInternal.dispatch(ContextInternal.java:231)
	at io.vertx.core.http.impl.HttpEventHandler.handleEnd(HttpEventHandler.java:76)
	at io.vertx.core.http.impl.Http1xServerRequest.onEnd(Http1xServerRequest.java:593)
	at io.vertx.core.http.impl.Http1xServerRequest$1.handleMessage(Http1xServerRequest.java:111)
	at io.vertx.core.internal.concurrent.InboundMessageQueue.test(InboundMessageQueue.java:86)
	at io.vertx.core.streams.impl.MessagePassingQueue.drain(MessagePassingQueue.java:228)
	at io.vertx.core.streams.impl.MessagePassingQueue.drain(MessagePassingQueue.java:210)
	at io.vertx.core.internal.concurrent.InboundMessageQueue.drainInternal(InboundMessageQueue.java:168)
	at io.vertx.core.internal.concurrent.InboundMessageQueue.drain(InboundMessageQueue.java:145)
	at io.vertx.core.http.impl.Http1xServerRequest.handleEnd(Http1xServerRequest.java:175)
	at io.vertx.core.http.impl.Http1xServerRequest.handleEnd(Http1xServerRequest.java:166)
	at io.vertx.core.http.impl.Http1xServerConnection.onEnd(Http1xServerConnection.java:199)
	at io.vertx.core.http.impl.Http1xServerConnection.onContent(Http1xServerConnection.java:190)
	at io.vertx.core.http.impl.Http1xServerConnection.handleOther(Http1xServerConnection.java:175)
	at io.vertx.core.http.impl.Http1xServerConnection.handleMessage(Http1xServerConnection.java:168)
	at io.vertx.core.net.impl.VertxConnection.read(VertxConnection.java:247)
	at io.vertx.core.net.impl.VertxHandler.channelRead(VertxHandler.java:148)
	at io.netty.channel.AbstractChannelHandlerContext.fireChannelRead(AbstractChannelHandlerContext.java:355)
	at io.netty.channel.ChannelInboundHandlerAdapter.channelRead(ChannelInboundHandlerAdapter.java:93)
	at io.netty.handler.codec.http.websocketx.extensions.WebSocketServerExtensionHandler.channelRead(WebSocketServerExtensionHandler.java:84)
	at io.netty.channel.AbstractChannelHandlerContext.fireChannelRead(AbstractChannelHandlerContext.java:355)
	at io.netty.handler.codec.ByteToMessageDecoder.fireChannelRead(ByteToMessageDecoder.java:361)
	at io.netty.handler.codec.ByteToMessageDecoder.channelRead(ByteToMessageDecoder.java:325)
	at io.netty.channel.AbstractChannelHandlerContext.fireChannelRead(AbstractChannelHandlerContext.java:357)
	at io.netty.channel.DefaultChannelPipeline$HeadContext.channelRead(DefaultChannelPipeline.java:1429)
	at io.netty.channel.DefaultChannelPipeline.fireChannelRead(DefaultChannelPipeline.java:918)
	at io.netty.channel.nio.AbstractNioByteChannel$NioByteUnsafe.read(AbstractNioByteChannel.java:176)
	at io.netty.channel.nio.AbstractNioChannel$AbstractNioUnsafe.handle(AbstractNioChannel.java:445)
	at io.netty.channel.nio.NioIoHandler$DefaultNioRegistration.handle(NioIoHandler.java:388)
	at io.netty.channel.nio.NioIoHandler.processSelectedKey(NioIoHandler.java:596)
	at io.netty.channel.nio.NioIoHandler.processSelectedKeysPlain(NioIoHandler.java:541)
	at io.netty.channel.nio.NioIoHandler.processSelectedKeys(NioIoHandler.java:514)
	at io.netty.channel.nio.NioIoHandler.run(NioIoHandler.java:484)
	at io.netty.channel.SingleThreadIoEventLoop.runIo(SingleThreadIoEventLoop.java:225)
	at io.netty.channel.SingleThreadIoEventLoop.run(SingleThreadIoEventLoop.java:196)
	at io.netty.util.concurrent.SingleThreadEventExecutor$5.run(SingleThreadEventExecutor.java:1195)
	at io.netty.util.internal.ThreadExecutorMap$2.run(ThreadExecutorMap.java:74)
	at io.netty.util.concurrent.FastThreadLocalRunnable.run(FastThreadLocalRunnable.java:30)
	at java.base/java.lang.Thread.run(Thread.java:1474)
18:38:31.151 [vert.x-eventloop-thread-0] INFO  d.m.quorus.controller.raft.RaftNode [LEADER/1] - Command submitted at index 4 term 1
18:38:31.151 [vert.x-eventloop-thread-0] DEBUG d.m.q.c.state.QuorusStateStore [LEADER/1] - Applying command: type=Set
18:38:31.151 [vert.x-eventloop-thread-0] DEBUG d.m.q.c.state.QuorusStateStore [LEADER/1] - Processing system metadata command: key=phase4.v2.security-event.tenant:1788604711150.5c85f046-2d79-46ea-b879-1c41682d5db5, type=Set
18:38:31.151 [vert.x-eventloop-thread-0] INFO  d.m.q.c.state.QuorusStateStore [LEADER/1] - Set system metadata: key=phase4.v2.security-event.tenant:1788604711150.5c85f046-2d79-46ea-b879-1c41682d5db5, valuePresent=true, replaced=false
18:38:31.151 [vert.x-eventloop-thread-0] DEBUG d.m.q.c.state.QuorusStateStore [LEADER/1] - Command applied successfully: type=Set, result=Success
18:38:31.156 [vert.x-eventloop-thread-0] INFO  d.m.q.c.r.InMemoryTransportSimulator [LEADER/1] - Stopped in-memory transport for node: dns-166731385465600
18:38:31.156 [vert.x-eventloop-thread-0] INFO  d.m.quorus.controller.raft.RaftNode [LEADER/1] - Raft node stopped: dns-166731385465600
18:38:31.218 [ForkJoinPool-1-worker-1] DEBUG d.m.q.c.state.QuorusStateStore - Initializing default metadata: version=2.0
18:38:31.219 [vert.x-eventloop-thread-0] INFO  d.m.quorus.controller.raft.RaftNode - Starting Raft node: dns-166731860982000
18:38:31.220 [vert.x-eventloop-thread-0] INFO  d.m.quorus.controller.raft.RaftNode [FOLLOWER/0] - No storage configured, running in volatile mode
18:38:31.220 [vert.x-eventloop-thread-0] INFO  d.m.q.c.r.InMemoryTransportSimulator [FOLLOWER/0] - Started in-memory transport for node: dns-166731860982000
18:38:31.220 [vert.x-eventloop-thread-0] INFO  d.m.quorus.controller.raft.RaftNode [FOLLOWER/0] - Raft node dns-166731860982000 started successfully (term=0, logSize=1)
18:38:31.685 [vert.x-eventloop-thread-0] INFO  d.m.quorus.controller.raft.RaftNode [FOLLOWER/0] - Starting election for node: dns-166731860982000
18:38:31.685 [vert.x-eventloop-thread-0] DEBUG d.m.quorus.controller.raft.RaftNode [CANDIDATE/1] - Persisting raft metadata: term=1, votedForPresent=true, votedFor=dns-166731860982000
18:38:31.685 [vert.x-eventloop-thread-0] INFO  d.m.quorus.controller.raft.RaftNode [LEADER/1] - Node dns-166731860982000 became LEADER for term 1
18:38:31.686 [vert.x-eventloop-thread-0] INFO  d.m.quorus.controller.raft.RaftNode [LEADER/1] - Command submitted at index 1 term 1
18:38:31.686 [vert.x-eventloop-thread-0] DEBUG d.m.quorus.controller.raft.RaftNode [LEADER/1] - Committed leader no-op entry for term 1
18:38:31.686 [vert.x-eventloop-thread-0] INFO  d.m.quorus.controller.raft.RaftNode [LEADER/1] - Command submitted at index 2 term 1
18:38:31.687 [vert.x-eventloop-thread-0] DEBUG d.m.q.c.state.QuorusStateStore [LEADER/1] - Applying command: type=Set
18:38:31.687 [vert.x-eventloop-thread-0] DEBUG d.m.q.c.state.QuorusStateStore [LEADER/1] - Processing system metadata command: key=phase4.v2.secret-reference.tenant:secret, type=Set
18:38:31.687 [vert.x-eventloop-thread-0] INFO  d.m.q.c.state.QuorusStateStore [LEADER/1] - Set system metadata: key=phase4.v2.secret-reference.tenant:secret, valuePresent=true, replaced=false
18:38:31.687 [vert.x-eventloop-thread-0] DEBUG d.m.q.c.state.QuorusStateStore [LEADER/1] - Command applied successfully: type=Set, result=Success
18:38:31.688 [vert.x-eventloop-thread-0] INFO  d.m.quorus.controller.raft.RaftNode [LEADER/1] - Command submitted at index 3 term 1
18:38:31.688 [vert.x-eventloop-thread-0] DEBUG d.m.q.c.state.QuorusStateStore [LEADER/1] - Applying command: type=Set
18:38:31.689 [vert.x-eventloop-thread-0] DEBUG d.m.q.c.state.QuorusStateStore [LEADER/1] - Processing system metadata command: key=phase4.v2.service-connection.tenant:connection, type=Set
18:38:31.689 [vert.x-eventloop-thread-0] INFO  d.m.q.c.state.QuorusStateStore [LEADER/1] - Set system metadata: key=phase4.v2.service-connection.tenant:connection, valuePresent=true, replaced=false
18:38:31.689 [vert.x-eventloop-thread-0] DEBUG d.m.q.c.state.QuorusStateStore [LEADER/1] - Command applied successfully: type=Set, result=Success
18:38:31.710 [vert.x-eventloop-thread-0] ERROR d.m.q.c.http.GlobalErrorHandler [LEADER/1] - Server error [SERVICE_UNAVAILABLE] at /api/v1/service-connections/connection/validate: DNS authorization capacity is exhausted
18:38:31.711 [vert.x-eventloop-thread-0] DEBUG d.m.q.c.http.GlobalErrorHandler [LEADER/1] - Stack trace for server error [SERVICE_UNAVAILABLE] at /api/v1/service-connections/connection/validate
dev.mars.quorus.controller.http.QuorusApiException: DNS authorization capacity is exhausted
	at dev.mars.quorus.controller.http.ControllerConnectionAuthorizer.authorize(ControllerConnectionAuthorizer.java:38)
	at dev.mars.quorus.controller.http.handlers.ServiceConnectionHandler.lambda$36(ServiceConnectionHandler.java:189)
	at dev.mars.quorus.controller.http.handlers.ServiceConnectionHandler.execute(ServiceConnectionHandler.java:387)
	at dev.mars.quorus.controller.http.handlers.ServiceConnectionHandler.lambda$35(ServiceConnectionHandler.java:182)
	at io.vertx.ext.web.impl.RouteState.handleContext(RouteState.java:1344)
	at io.vertx.ext.web.impl.RoutingContextImplBase.iterateNext(RoutingContextImplBase.java:196)
	at io.vertx.ext.web.impl.RoutingContextImpl.next(RoutingContextImpl.java:150)
	at io.vertx.ext.web.handler.impl.BodyHandlerImpl$BHandler.doEnd(BodyHandlerImpl.java:365)
	at io.vertx.ext.web.handler.impl.BodyHandlerImpl$BHandler.end(BodyHandlerImpl.java:342)
	at io.vertx.core.internal.ContextInternal.dispatch(ContextInternal.java:249)
	at io.vertx.core.internal.ContextInternal.dispatch(ContextInternal.java:231)
	at io.vertx.core.http.impl.HttpEventHandler.handleEnd(HttpEventHandler.java:76)
	at io.vertx.core.http.impl.Http1xServerRequest.onEnd(Http1xServerRequest.java:593)
	at io.vertx.core.http.impl.Http1xServerRequest$1.handleMessage(Http1xServerRequest.java:111)
	at io.vertx.core.internal.concurrent.InboundMessageQueue.test(InboundMessageQueue.java:86)
	at io.vertx.core.streams.impl.MessagePassingQueue.drain(MessagePassingQueue.java:228)
	at io.vertx.core.streams.impl.MessagePassingQueue.drain(MessagePassingQueue.java:210)
	at io.vertx.core.internal.concurrent.InboundMessageQueue.drainInternal(InboundMessageQueue.java:168)
	at io.vertx.core.internal.concurrent.InboundMessageQueue.drain(InboundMessageQueue.java:145)
	at io.vertx.core.http.impl.Http1xServerRequest.handleEnd(Http1xServerRequest.java:175)
	at io.vertx.core.http.impl.Http1xServerRequest.handleEnd(Http1xServerRequest.java:166)
	at io.vertx.core.http.impl.Http1xServerConnection.onEnd(Http1xServerConnection.java:199)
	at io.vertx.core.http.impl.Http1xServerConnection.onContent(Http1xServerConnection.java:190)
	at io.vertx.core.http.impl.Http1xServerConnection.handleOther(Http1xServerConnection.java:175)
	at io.vertx.core.http.impl.Http1xServerConnection.handleMessage(Http1xServerConnection.java:168)
	at io.vertx.core.net.impl.VertxConnection.read(VertxConnection.java:247)
	at io.vertx.core.net.impl.VertxHandler.channelRead(VertxHandler.java:148)
	at io.netty.channel.AbstractChannelHandlerContext.fireChannelRead(AbstractChannelHandlerContext.java:355)
	at io.netty.channel.ChannelInboundHandlerAdapter.channelRead(ChannelInboundHandlerAdapter.java:93)
	at io.netty.handler.codec.http.websocketx.extensions.WebSocketServerExtensionHandler.channelRead(WebSocketServerExtensionHandler.java:84)
	at io.netty.channel.AbstractChannelHandlerContext.fireChannelRead(AbstractChannelHandlerContext.java:355)
	at io.netty.handler.codec.ByteToMessageDecoder.fireChannelRead(ByteToMessageDecoder.java:361)
	at io.netty.handler.codec.ByteToMessageDecoder.channelRead(ByteToMessageDecoder.java:325)
	at io.netty.channel.AbstractChannelHandlerContext.fireChannelRead(AbstractChannelHandlerContext.java:357)
	at io.netty.channel.DefaultChannelPipeline$HeadContext.channelRead(DefaultChannelPipeline.java:1429)
	at io.netty.channel.DefaultChannelPipeline.fireChannelRead(DefaultChannelPipeline.java:918)
	at io.netty.channel.nio.AbstractNioByteChannel$NioByteUnsafe.read(AbstractNioByteChannel.java:176)
	at io.netty.channel.nio.AbstractNioChannel$AbstractNioUnsafe.handle(AbstractNioChannel.java:445)
	at io.netty.channel.nio.NioIoHandler$DefaultNioRegistration.handle(NioIoHandler.java:388)
	at io.netty.channel.nio.NioIoHandler.processSelectedKey(NioIoHandler.java:596)
	at io.netty.channel.nio.NioIoHandler.processSelectedKeysPlain(NioIoHandler.java:541)
	at io.netty.channel.nio.NioIoHandler.processSelectedKeys(NioIoHandler.java:514)
	at io.netty.channel.nio.NioIoHandler.run(NioIoHandler.java:484)
	at io.netty.channel.SingleThreadIoEventLoop.runIo(SingleThreadIoEventLoop.java:225)
	at io.netty.channel.SingleThreadIoEventLoop.run(SingleThreadIoEventLoop.java:196)
	at io.netty.util.concurrent.SingleThreadEventExecutor$5.run(SingleThreadEventExecutor.java:1195)
	at io.netty.util.internal.ThreadExecutorMap$2.run(ThreadExecutorMap.java:74)
	at io.netty.util.concurrent.FastThreadLocalRunnable.run(FastThreadLocalRunnable.java:30)
	at java.base/java.lang.Thread.run(Thread.java:1474)
18:38:31.715 [vert.x-eventloop-thread-0] INFO  d.m.q.c.h.handlers.TransferHandler [LEADER/1] - Creating transfer job: jobId=d0d6dfd7-03e7-48b3-9dd4-98aa61da2874, tenantId=tenant
18:38:31.715 [vert.x-eventloop-thread-0] INFO  d.m.quorus.controller.raft.RaftNode [LEADER/1] - Command submitted at index 4 term 1
18:38:31.715 [vert.x-eventloop-thread-0] DEBUG d.m.q.c.state.QuorusStateStore [LEADER/1] - Applying command: type=Create
18:38:31.715 [vert.x-eventloop-thread-0] DEBUG d.m.q.c.state.QuorusStateStore [LEADER/1] - Creating transfer job: jobId=d0d6dfd7-03e7-48b3-9dd4-98aa61da2874, sourceUri=sftp://dns.example.test/approved/file.dat, destPath=file:///C:/Users/mraysmit/dev/idea-projects/quorus/quorus-controller/downloads/dns-test.dat
18:38:31.716 [vert.x-eventloop-thread-0] INFO  d.m.q.c.state.QuorusStateStore [LEADER/1] - Created transfer job: jobId=d0d6dfd7-03e7-48b3-9dd4-98aa61da2874, protocol=http, totalJobs=1
18:38:31.716 [vert.x-eventloop-thread-0] DEBUG d.m.q.c.state.QuorusStateStore [LEADER/1] - Command applied successfully: type=Create, result=Success
18:38:31.716 [vert.x-eventloop-thread-0] INFO  d.m.q.c.h.handlers.TransferHandler [LEADER/1] - Transfer job created: jobId=d0d6dfd7-03e7-48b3-9dd4-98aa61da2874
18:38:31.716 [vert.x-eventloop-thread-0] INFO  d.m.quorus.controller.raft.RaftNode [LEADER/1] - Command submitted at index 5 term 1
18:38:31.716 [vert.x-eventloop-thread-0] DEBUG d.m.q.c.state.QuorusStateStore [LEADER/1] - Applying command: type=Set
18:38:31.717 [vert.x-eventloop-thread-0] DEBUG d.m.q.c.state.QuorusStateStore [LEADER/1] - Processing system metadata command: key=phase4.v2.security-event.tenant:1788604711716.9e57f23b-2fab-4d84-8dea-5a131d032ed2, type=Set
18:38:31.717 [vert.x-eventloop-thread-0] INFO  d.m.q.c.state.QuorusStateStore [LEADER/1] - Set system metadata: key=phase4.v2.security-event.tenant:1788604711716.9e57f23b-2fab-4d84-8dea-5a131d032ed2, valuePresent=true, replaced=false
18:38:31.717 [vert.x-eventloop-thread-0] DEBUG d.m.q.c.state.QuorusStateStore [LEADER/1] - Command applied successfully: type=Set, result=Success
18:38:31.722 [vert.x-eventloop-thread-0] INFO  d.m.q.c.r.InMemoryTransportSimulator [LEADER/1] - Stopped in-memory transport for node: dns-166731860982000
18:38:31.723 [vert.x-eventloop-thread-0] INFO  d.m.quorus.controller.raft.RaftNode [LEADER/1] - Raft node stopped: dns-166731860982000
18:38:31.783 [ForkJoinPool-1-worker-1] DEBUG d.m.q.c.state.QuorusStateStore - Initializing default metadata: version=2.0
18:38:31.784 [vert.x-eventloop-thread-0] INFO  d.m.quorus.controller.raft.RaftNode - Starting Raft node: dns-166732426762700
18:38:31.785 [vert.x-eventloop-thread-0] INFO  d.m.quorus.controller.raft.RaftNode [FOLLOWER/0] - No storage configured, running in volatile mode
18:38:31.785 [vert.x-eventloop-thread-0] INFO  d.m.q.c.r.InMemoryTransportSimulator [FOLLOWER/0] - Started in-memory transport for node: dns-166732426762700
18:38:31.785 [vert.x-eventloop-thread-0] INFO  d.m.quorus.controller.raft.RaftNode [FOLLOWER/0] - Raft node dns-166732426762700 started successfully (term=0, logSize=1)
18:38:32.104 [vert.x-eventloop-thread-0] INFO  d.m.quorus.controller.raft.RaftNode [FOLLOWER/0] - Starting election for node: dns-166732426762700
18:38:32.104 [vert.x-eventloop-thread-0] DEBUG d.m.quorus.controller.raft.RaftNode [CANDIDATE/1] - Persisting raft metadata: term=1, votedForPresent=true, votedFor=dns-166732426762700
18:38:32.104 [vert.x-eventloop-thread-0] INFO  d.m.quorus.controller.raft.RaftNode [LEADER/1] - Node dns-166732426762700 became LEADER for term 1
18:38:32.104 [vert.x-eventloop-thread-0] INFO  d.m.quorus.controller.raft.RaftNode [LEADER/1] - Command submitted at index 1 term 1
18:38:32.106 [vert.x-eventloop-thread-0] DEBUG d.m.quorus.controller.raft.RaftNode [LEADER/1] - Committed leader no-op entry for term 1
18:38:32.106 [vert.x-eventloop-thread-0] INFO  d.m.quorus.controller.raft.RaftNode [LEADER/1] - Command submitted at index 2 term 1
18:38:32.107 [vert.x-eventloop-thread-0] DEBUG d.m.q.c.state.QuorusStateStore [LEADER/1] - Applying command: type=Set
18:38:32.107 [vert.x-eventloop-thread-0] DEBUG d.m.q.c.state.QuorusStateStore [LEADER/1] - Processing system metadata command: key=phase4.v2.secret-reference.tenant:secret, type=Set
18:38:32.107 [vert.x-eventloop-thread-0] INFO  d.m.q.c.state.QuorusStateStore [LEADER/1] - Set system metadata: key=phase4.v2.secret-reference.tenant:secret, valuePresent=true, replaced=false
18:38:32.107 [vert.x-eventloop-thread-0] DEBUG d.m.q.c.state.QuorusStateStore [LEADER/1] - Command applied successfully: type=Set, result=Success
18:38:32.108 [vert.x-eventloop-thread-0] INFO  d.m.quorus.controller.raft.RaftNode [LEADER/1] - Command submitted at index 3 term 1
18:38:32.108 [vert.x-eventloop-thread-0] DEBUG d.m.q.c.state.QuorusStateStore [LEADER/1] - Applying command: type=Set
18:38:32.109 [vert.x-eventloop-thread-0] DEBUG d.m.q.c.state.QuorusStateStore [LEADER/1] - Processing system metadata command: key=phase4.v2.service-connection.tenant:connection, type=Set
18:38:32.109 [vert.x-eventloop-thread-0] INFO  d.m.q.c.state.QuorusStateStore [LEADER/1] - Set system metadata: key=phase4.v2.service-connection.tenant:connection, valuePresent=true, replaced=false
18:38:32.109 [vert.x-eventloop-thread-0] DEBUG d.m.q.c.state.QuorusStateStore [LEADER/1] - Command applied successfully: type=Set, result=Success
18:38:32.122 [vert.x-eventloop-thread-0] INFO  d.m.quorus.controller.raft.RaftNode [LEADER/1] - Command submitted at index 4 term 1
18:38:32.123 [vert.x-eventloop-thread-0] DEBUG d.m.q.c.state.QuorusStateStore [LEADER/1] - Applying command: type=Delete
18:38:32.123 [vert.x-eventloop-thread-0] DEBUG d.m.q.c.state.QuorusStateStore [LEADER/1] - Processing system metadata command: key=phase4.v2.secret-reference.tenant:secret, type=Delete
18:38:32.124 [vert.x-eventloop-thread-0] INFO  d.m.q.c.state.QuorusStateStore [LEADER/1] - Deleted system metadata: key=phase4.v2.secret-reference.tenant:secret, valueRemoved=true
18:38:32.124 [vert.x-eventloop-thread-0] DEBUG d.m.q.c.state.QuorusStateStore [LEADER/1] - Command applied successfully: type=Delete, result=Success
18:38:32.126 [vert.x-eventloop-thread-0] WARN  d.m.q.c.http.GlobalErrorHandler [LEADER/1] - Client error [CONFLICT] at /api/v1/transfers: Service connection secret changed during DNS authorization; retry
18:38:32.129 [vert.x-eventloop-thread-0] INFO  d.m.q.c.r.InMemoryTransportSimulator [LEADER/1] - Stopped in-memory transport for node: dns-166732426762700
18:38:32.129 [vert.x-eventloop-thread-0] INFO  d.m.quorus.controller.raft.RaftNode [LEADER/1] - Raft node stopped: dns-166732426762700
18:38:32.191 [ForkJoinPool-1-worker-1] DEBUG d.m.q.c.state.QuorusStateStore - Initializing default metadata: version=2.0
18:38:32.192 [vert.x-eventloop-thread-0] INFO  d.m.quorus.controller.raft.RaftNode - Starting Raft node: dns-166732834280200
18:38:32.193 [vert.x-eventloop-thread-0] INFO  d.m.quorus.controller.raft.RaftNode [FOLLOWER/0] - No storage configured, running in volatile mode
18:38:32.193 [vert.x-eventloop-thread-0] INFO  d.m.q.c.r.InMemoryTransportSimulator [FOLLOWER/0] - Started in-memory transport for node: dns-166732834280200
18:38:32.193 [vert.x-eventloop-thread-0] INFO  d.m.quorus.controller.raft.RaftNode [FOLLOWER/0] - Raft node dns-166732834280200 started successfully (term=0, logSize=1)
18:38:32.692 [vert.x-eventloop-thread-0] INFO  d.m.quorus.controller.raft.RaftNode [FOLLOWER/0] - Starting election for node: dns-166732834280200
18:38:32.692 [vert.x-eventloop-thread-0] DEBUG d.m.quorus.controller.raft.RaftNode [CANDIDATE/1] - Persisting raft metadata: term=1, votedForPresent=true, votedFor=dns-166732834280200
18:38:32.692 [vert.x-eventloop-thread-0] INFO  d.m.quorus.controller.raft.RaftNode [LEADER/1] - Node dns-166732834280200 became LEADER for term 1
18:38:32.693 [vert.x-eventloop-thread-0] INFO  d.m.quorus.controller.raft.RaftNode [LEADER/1] - Command submitted at index 1 term 1
18:38:32.693 [vert.x-eventloop-thread-0] DEBUG d.m.quorus.controller.raft.RaftNode [LEADER/1] - Committed leader no-op entry for term 1
18:38:32.693 [vert.x-eventloop-thread-0] INFO  d.m.quorus.controller.raft.RaftNode [LEADER/1] - Command submitted at index 2 term 1
18:38:32.693 [vert.x-eventloop-thread-0] DEBUG d.m.q.c.state.QuorusStateStore [LEADER/1] - Applying command: type=Set
18:38:32.694 [vert.x-eventloop-thread-0] DEBUG d.m.q.c.state.QuorusStateStore [LEADER/1] - Processing system metadata command: key=phase4.v2.secret-reference.tenant:secret, type=Set
18:38:32.694 [vert.x-eventloop-thread-0] INFO  d.m.q.c.state.QuorusStateStore [LEADER/1] - Set system metadata: key=phase4.v2.secret-reference.tenant:secret, valuePresent=true, replaced=false
18:38:32.694 [vert.x-eventloop-thread-0] DEBUG d.m.q.c.state.QuorusStateStore [LEADER/1] - Command applied successfully: type=Set, result=Success
18:38:32.695 [vert.x-eventloop-thread-0] INFO  d.m.quorus.controller.raft.RaftNode [LEADER/1] - Command submitted at index 3 term 1
18:38:32.695 [vert.x-eventloop-thread-0] DEBUG d.m.q.c.state.QuorusStateStore [LEADER/1] - Applying command: type=Set
18:38:32.695 [vert.x-eventloop-thread-0] DEBUG d.m.q.c.state.QuorusStateStore [LEADER/1] - Processing system metadata command: key=phase4.v2.service-connection.tenant:connection, type=Set
18:38:32.695 [vert.x-eventloop-thread-0] INFO  d.m.q.c.state.QuorusStateStore [LEADER/1] - Set system metadata: key=phase4.v2.service-connection.tenant:connection, valuePresent=true, replaced=false
18:38:32.695 [vert.x-eventloop-thread-0] DEBUG d.m.q.c.state.QuorusStateStore [LEADER/1] - Command applied successfully: type=Set, result=Success
18:38:32.711 [vert.x-eventloop-thread-0] INFO  d.m.quorus.controller.raft.RaftNode [LEADER/1] - Command submitted at index 4 term 1
18:38:32.711 [vert.x-eventloop-thread-0] DEBUG d.m.q.c.state.QuorusStateStore [LEADER/1] - Applying command: type=Set
18:38:32.712 [vert.x-eventloop-thread-0] DEBUG d.m.q.c.state.QuorusStateStore [LEADER/1] - Processing system metadata command: key=phase4.v2.security-event.tenant:1788604712711.299b475f-d2be-4caa-be10-04b149f6193e, type=Set
18:38:32.712 [vert.x-eventloop-thread-0] INFO  d.m.q.c.state.QuorusStateStore [LEADER/1] - Set system metadata: key=phase4.v2.security-event.tenant:1788604712711.299b475f-d2be-4caa-be10-04b149f6193e, valuePresent=true, replaced=false
18:38:32.712 [vert.x-eventloop-thread-0] DEBUG d.m.q.c.state.QuorusStateStore [LEADER/1] - Command applied successfully: type=Set, result=Success
18:38:32.712 [vert.x-eventloop-thread-0] WARN  d.m.q.c.http.GlobalErrorHandler [LEADER/1] - Client error [VALIDATION_ERROR] at /api/v1/service-connections/connection/validate: A resolved endpoint address is outside the approved CIDR policy
18:38:32.715 [vert.x-eventloop-thread-0] INFO  d.m.q.c.r.InMemoryTransportSimulator [LEADER/1] - Stopped in-memory transport for node: dns-166732834280200
18:38:32.715 [vert.x-eventloop-thread-0] INFO  d.m.quorus.controller.raft.RaftNode [LEADER/1] - Raft node stopped: dns-166732834280200
18:38:32.772 [ForkJoinPool-1-worker-1] DEBUG d.m.q.c.state.QuorusStateStore - Initializing default metadata: version=2.0
18:38:32.773 [vert.x-eventloop-thread-0] INFO  d.m.quorus.controller.raft.RaftNode - Starting Raft node: dns-166733415096300
18:38:32.773 [vert.x-eventloop-thread-0] INFO  d.m.quorus.controller.raft.RaftNode [FOLLOWER/0] - No storage configured, running in volatile mode
18:38:32.773 [vert.x-eventloop-thread-0] INFO  d.m.q.c.r.InMemoryTransportSimulator [FOLLOWER/0] - Started in-memory transport for node: dns-166733415096300
18:38:32.773 [vert.x-eventloop-thread-0] INFO  d.m.quorus.controller.raft.RaftNode [FOLLOWER/0] - Raft node dns-166733415096300 started successfully (term=0, logSize=1)
18:38:33.079 [vert.x-eventloop-thread-0] INFO  d.m.quorus.controller.raft.RaftNode [FOLLOWER/0] - Starting election for node: dns-166733415096300
18:38:33.079 [vert.x-eventloop-thread-0] DEBUG d.m.quorus.controller.raft.RaftNode [CANDIDATE/1] - Persisting raft metadata: term=1, votedForPresent=true, votedFor=dns-166733415096300
18:38:33.079 [vert.x-eventloop-thread-0] INFO  d.m.quorus.controller.raft.RaftNode [LEADER/1] - Node dns-166733415096300 became LEADER for term 1
18:38:33.079 [vert.x-eventloop-thread-0] INFO  d.m.quorus.controller.raft.RaftNode [LEADER/1] - Command submitted at index 1 term 1
18:38:33.079 [vert.x-eventloop-thread-0] DEBUG d.m.quorus.controller.raft.RaftNode [LEADER/1] - Committed leader no-op entry for term 1
18:38:33.080 [vert.x-eventloop-thread-0] INFO  d.m.quorus.controller.raft.RaftNode [LEADER/1] - Command submitted at index 2 term 1
18:38:33.080 [vert.x-eventloop-thread-0] DEBUG d.m.q.c.state.QuorusStateStore [LEADER/1] - Applying command: type=Set
18:38:33.080 [vert.x-eventloop-thread-0] DEBUG d.m.q.c.state.QuorusStateStore [LEADER/1] - Processing system metadata command: key=phase4.v2.secret-reference.tenant:secret, type=Set
18:38:33.080 [vert.x-eventloop-thread-0] INFO  d.m.q.c.state.QuorusStateStore [LEADER/1] - Set system metadata: key=phase4.v2.secret-reference.tenant:secret, valuePresent=true, replaced=false
18:38:33.080 [vert.x-eventloop-thread-0] DEBUG d.m.q.c.state.QuorusStateStore [LEADER/1] - Command applied successfully: type=Set, result=Success
18:38:33.081 [vert.x-eventloop-thread-0] INFO  d.m.quorus.controller.raft.RaftNode [LEADER/1] - Command submitted at index 3 term 1
18:38:33.081 [vert.x-eventloop-thread-0] DEBUG d.m.q.c.state.QuorusStateStore [LEADER/1] - Applying command: type=Set
18:38:33.082 [vert.x-eventloop-thread-0] DEBUG d.m.q.c.state.QuorusStateStore [LEADER/1] - Processing system metadata command: key=phase4.v2.service-connection.tenant:connection, type=Set
18:38:33.082 [vert.x-eventloop-thread-0] INFO  d.m.q.c.state.QuorusStateStore [LEADER/1] - Set system metadata: key=phase4.v2.service-connection.tenant:connection, valuePresent=true, replaced=false
18:38:33.082 [vert.x-eventloop-thread-0] DEBUG d.m.q.c.state.QuorusStateStore [LEADER/1] - Command applied successfully: type=Set, result=Success
18:38:33.091 [vert.x-eventloop-thread-0] WARN  d.m.q.c.http.GlobalErrorHandler [LEADER/1] - Client error [VALIDATION_ERROR] at /api/v1/transfers: A resolved endpoint address is outside the approved CIDR policy
18:38:33.094 [vert.x-eventloop-thread-0] INFO  d.m.q.c.r.InMemoryTransportSimulator [LEADER/1] - Stopped in-memory transport for node: dns-166733415096300
18:38:33.094 [vert.x-eventloop-thread-0] INFO  d.m.quorus.controller.raft.RaftNode [LEADER/1] - Raft node stopped: dns-166733415096300
[INFO] Tests run: 13, Failures: 0, Errors: 0, Skipped: 0, Time elapsed: 9.682 s -- in dev.mars.quorus.controller.http.ControllerDnsBoundaryTest
[INFO] 
[INFO] Results:
[INFO] 
[INFO] Tests run: 13, Failures: 0, Errors: 0, Skipped: 0
[INFO] 
[INFO] 
[INFO] --- jacoco:0.8.15:report (report) @ quorus-controller ---
[INFO] Loading execution data file C:\Users\mraysmit\dev\idea-projects\quorus\quorus-controller\target\jacoco.exec
[INFO] Analyzed bundle 'Quorus Distributed Controller' with 158 classes
[WARNING] Classes in bundle 'Quorus Distributed Controller' do not match with execution data. For report generation the same class files must be used as at runtime.
[WARNING] Execution data for class dev/mars/quorus/controller/http/HttpApiServer does not match.
[INFO] ------------------------------------------------------------------------
[INFO] Reactor Summary for Quorus File Transfer System 1.0-SNAPSHOT:
[INFO] 
[INFO] Quorus File Transfer System ........................ SUCCESS [  0.413 s]
[INFO] Quorus Core ........................................ SUCCESS [  2.645 s]
[INFO] Quorus Workflow Engine ............................. SUCCESS [  0.464 s]
[INFO] Quorus Tenant Management ........................... SUCCESS [  0.253 s]
[INFO] Quorus Distributed Controller ...................... SUCCESS [ 14.420 s]
[INFO] ------------------------------------------------------------------------
[INFO] BUILD SUCCESS
[INFO] ------------------------------------------------------------------------
[INFO] Total time:  18.476 s
[INFO] Finished at: 2026-09-05T18:38:34+08:00
[INFO] ------------------------------------------------------------------------
