WARNING: A terminally deprecated method in sun.misc.Unsafe has been called
WARNING: sun.misc.Unsafe::staticFieldBase has been called by com.google.inject.internal.aop.HiddenClassDefiner (file:/C:/Users/mraysmit/scoop/apps/maven/current/lib/guice-5.1.0-classes.jar)
WARNING: Please consider reporting this to the maintainers of class com.google.inject.internal.aop.HiddenClassDefiner
WARNING: sun.misc.Unsafe::staticFieldBase will be removed in a future release
[INFO] Scanning for projects...
[INFO] ------------------------------------------------------------------------
[INFO] Reactor Build Order:
[INFO] 
[INFO] Quorus File Transfer System                                        [pom]
[INFO] Quorus Core                                                        [jar]
[INFO] Quorus Workflow Engine                                             [jar]
[INFO] Quorus Tenant Management                                           [jar]
[INFO] Quorus Distributed Controller                                      [jar]
[INFO] 
[INFO] --------------------------< dev.mars:quorus >---------------------------
[INFO] Building Quorus File Transfer System 1.0-SNAPSHOT                  [1/5]
[INFO]   from pom.xml
[INFO] --------------------------------[ pom ]---------------------------------
[INFO] 
[INFO] --- jacoco:0.8.15:prepare-agent (prepare-agent) @ quorus ---
[INFO] argLine set to -javaagent:C:\\Users\\mraysmit\\.m2\\repository\\org\\jacoco\\org.jacoco.agent\\0.8.15\\org.jacoco.agent-0.8.15-runtime.jar=destfile=C:\\Users\\mraysmit\\dev\\idea-projects\\quorus\\target\\jacoco.exec,excludes=sun/**:jdk/**:java/**:com/sun/**:org/jcp/**
[INFO] 
[INFO] --- jacoco:0.8.15:report (report) @ quorus ---
[INFO] Skipping JaCoCo execution due to missing execution data file.
[INFO] 
[INFO] ------------------------< dev.mars:quorus-core >------------------------
[INFO] Building Quorus Core 1.0-SNAPSHOT                                  [2/5]
[INFO]   from quorus-core\pom.xml
[INFO] --------------------------------[ jar ]---------------------------------
[INFO] 
[INFO] --- jacoco:0.8.15:prepare-agent (prepare-agent) @ quorus-core ---
[INFO] argLine set to -javaagent:C:\\Users\\mraysmit\\.m2\\repository\\org\\jacoco\\org.jacoco.agent\\0.8.15\\org.jacoco.agent-0.8.15-runtime.jar=destfile=C:\\Users\\mraysmit\\dev\\idea-projects\\quorus\\quorus-core\\target\\jacoco.exec,excludes=sun/**:jdk/**:java/**:com/sun/**:org/jcp/**
[INFO] 
[INFO] --- resources:3.3.1:resources (default-resources) @ quorus-core ---
[INFO] Copying 1 resource from src\main\resources to target\classes
[INFO] 
[INFO] --- compiler:3.13.0:compile (default-compile) @ quorus-core ---
[INFO] Nothing to compile - all classes are up to date.
[INFO] 
[INFO] --- resources:3.3.1:testResources (default-testResources) @ quorus-core ---
[INFO] Copying 11 resources from src\test\resources to target\test-classes
[INFO] 
[INFO] --- compiler:3.13.0:testCompile (default-testCompile) @ quorus-core ---
[INFO] Nothing to compile - all classes are up to date.
[INFO] 
[INFO] --- surefire:3.2.2:test (default-test) @ quorus-core ---
[INFO] 
[INFO] --- jacoco:0.8.15:report (report) @ quorus-core ---
[INFO] Loading execution data file C:\Users\mraysmit\dev\idea-projects\quorus\quorus-core\target\jacoco.exec
[INFO] Analyzed bundle 'Quorus Core' with 124 classes
[INFO] 
[INFO] ----------------------< dev.mars:quorus-workflow >----------------------
[INFO] Building Quorus Workflow Engine 1.0-SNAPSHOT                       [3/5]
[INFO]   from quorus-workflow\pom.xml
[INFO] --------------------------------[ jar ]---------------------------------
[INFO] 
[INFO] --- jacoco:0.8.15:prepare-agent (prepare-agent) @ quorus-workflow ---
[INFO] argLine set to -javaagent:C:\\Users\\mraysmit\\.m2\\repository\\org\\jacoco\\org.jacoco.agent\\0.8.15\\org.jacoco.agent-0.8.15-runtime.jar=destfile=C:\\Users\\mraysmit\\dev\\idea-projects\\quorus\\quorus-workflow\\target\\jacoco.exec,excludes=sun/**:jdk/**:java/**:com/sun/**:org/jcp/**
[INFO] 
[INFO] --- resources:3.3.1:resources (default-resources) @ quorus-workflow ---
[INFO] Copying 1 resource from src\main\resources to target\classes
[INFO] 
[INFO] --- compiler:3.13.0:compile (default-compile) @ quorus-workflow ---
[INFO] Nothing to compile - all classes are up to date.
[INFO] 
[INFO] --- resources:3.3.1:testResources (default-testResources) @ quorus-workflow ---
[INFO] Copying 2 resources from src\test\resources to target\test-classes
[INFO] 
[INFO] --- compiler:3.13.0:testCompile (default-testCompile) @ quorus-workflow ---
[INFO] Nothing to compile - all classes are up to date.
[INFO] 
[INFO] --- surefire:3.2.2:test (default-test) @ quorus-workflow ---
[INFO] 
[INFO] --- jacoco:0.8.15:report (report) @ quorus-workflow ---
[INFO] Loading execution data file C:\Users\mraysmit\dev\idea-projects\quorus\quorus-workflow\target\jacoco.exec
[INFO] Analyzed bundle 'Quorus Workflow Engine' with 24 classes
[INFO] 
[INFO] -----------------------< dev.mars:quorus-tenant >-----------------------
[INFO] Building Quorus Tenant Management 1.0-SNAPSHOT                     [4/5]
[INFO]   from quorus-tenant\pom.xml
[INFO] --------------------------------[ jar ]---------------------------------
[INFO] 
[INFO] --- jacoco:0.8.15:prepare-agent (prepare-agent) @ quorus-tenant ---
[INFO] argLine set to -javaagent:C:\\Users\\mraysmit\\.m2\\repository\\org\\jacoco\\org.jacoco.agent\\0.8.15\\org.jacoco.agent-0.8.15-runtime.jar=destfile=C:\\Users\\mraysmit\\dev\\idea-projects\\quorus\\quorus-tenant\\target\\jacoco.exec,excludes=sun/**:jdk/**:java/**:com/sun/**:org/jcp/**
[INFO] 
[INFO] --- resources:3.3.1:resources (default-resources) @ quorus-tenant ---
[INFO] skip non existing resourceDirectory C:\Users\mraysmit\dev\idea-projects\quorus\quorus-tenant\src\main\resources
[INFO] 
[INFO] --- compiler:3.13.0:compile (default-compile) @ quorus-tenant ---
[INFO] Nothing to compile - all classes are up to date.
[INFO] 
[INFO] --- resources:3.3.1:testResources (default-testResources) @ quorus-tenant ---
[INFO] Copying 1 resource from src\test\resources to target\test-classes
[INFO] 
[INFO] --- compiler:3.13.0:testCompile (default-testCompile) @ quorus-tenant ---
[INFO] Nothing to compile - all classes are up to date.
[INFO] 
[INFO] --- surefire:3.2.2:test (default-test) @ quorus-tenant ---
[INFO] 
[INFO] --- jacoco:0.8.15:report (report) @ quorus-tenant ---
[INFO] Loading execution data file C:\Users\mraysmit\dev\idea-projects\quorus\quorus-tenant\target\jacoco.exec
[INFO] Analyzed bundle 'Quorus Tenant Management' with 25 classes
[INFO] 
[INFO] ---------------------< dev.mars:quorus-controller >---------------------
[INFO] Building Quorus Distributed Controller 1.0-SNAPSHOT                [5/5]
[INFO]   from quorus-controller\pom.xml
[INFO] --------------------------------[ jar ]---------------------------------
[INFO] 
[INFO] --- jacoco:0.8.15:prepare-agent (prepare-agent) @ quorus-controller ---
[INFO] argLine set to -javaagent:C:\\Users\\mraysmit\\.m2\\repository\\org\\jacoco\\org.jacoco.agent\\0.8.15\\org.jacoco.agent-0.8.15-runtime.jar=destfile=C:\\Users\\mraysmit\\dev\\idea-projects\\quorus\\quorus-controller\\target\\jacoco.exec,excludes=sun/**:jdk/**:java/**:com/sun/**:org/jcp/**:dev/mars/quorus/controller/raft/grpc/**
[INFO] 
[INFO] --- protobuf:4.1.2:generate (default) @ quorus-controller ---
[WARNING]  Parameter 'binaryMavenPlugins' is deprecated: Users should now use plugins instead. This option will be removed in v5.
[INFO] Resolving artifact "com.google.protobuf:protoc:exe:windows-x86_64:3.25.5"
[INFO] Resolving artifact "io.grpc:protoc-gen-grpc-java:exe:windows-x86_64:1.68.1"
[INFO] Registering "C:\Users\mraysmit\dev\idea-projects\quorus\quorus-controller\target\generated-sources\protobuf" as a Maven main source root for compiler plugins
[INFO] Registering "C:\Users\mraysmit\dev\idea-projects\quorus\quorus-controller\target\generated-sources\protobuf" as a Maven main source root for compiler plugins
[INFO] Found 2 proto source files and 0 descriptor files to compile, but all are up-to-date so none will be built this time
[INFO] NOTHING TO DO: There is nothing to do. If this is unexpected, review the above logs for more details.
[INFO] 
[INFO] --- resources:3.3.1:resources (default-resources) @ quorus-controller ---
[INFO] Copying 3 resources from src\main\resources to target\classes
[INFO] 
[INFO] --- compiler:3.13.0:compile (default-compile) @ quorus-controller ---
[INFO] Nothing to compile - all classes are up to date.
[INFO] 
[INFO] --- resources:3.3.1:testResources (default-testResources) @ quorus-controller ---
[INFO] Copying 11 resources from src\test\resources to target\test-classes
[INFO] 
[INFO] --- compiler:3.13.0:testCompile (default-testCompile) @ quorus-controller ---
[INFO] Nothing to compile - all classes are up to date.
[INFO] 
[INFO] --- surefire:3.2.2:test (default-test) @ quorus-controller ---
[INFO] Using auto detected provider org.apache.maven.surefire.junitplatform.JUnitPlatformProvider
[INFO] 
[INFO] -------------------------------------------------------
[INFO]  T E S T S
[INFO] -------------------------------------------------------
18:35:19,108 |-INFO in ch.qos.logback.classic.LoggerContext[default] - Found logback-core version 1.5.32
18:35:19,114 |-INFO in ch.qos.logback.classic.util.ContextInitializer@63f4e7ec - No custom configurators were discovered as a service.
18:35:19,114 |-INFO in ch.qos.logback.classic.util.ContextInitializer@63f4e7ec - Trying to configure with ch.qos.logback.classic.util.DefaultJoranConfigurator
18:35:19,116 |-INFO in ch.qos.logback.classic.util.ContextInitializer@63f4e7ec - Constructed configurator of type class ch.qos.logback.classic.util.DefaultJoranConfigurator
18:35:19,119 |-INFO in ch.qos.logback.classic.LoggerContext[default] - Found resource [logback-test.xml] at [file:/C:/Users/mraysmit/dev/idea-projects/quorus/quorus-controller/target/test-classes/logback-test.xml]
18:35:19,121 |-WARN in ch.qos.logback.classic.util.DefaultJoranConfigurator@dcf38b8 - Resource [logback-test.xml] occurs multiple times on the classpath.
18:35:19,121 |-WARN in ch.qos.logback.classic.util.DefaultJoranConfigurator@dcf38b8 - Resource [logback-test.xml] occurs at [file:/C:/Users/mraysmit/dev/idea-projects/quorus/quorus-core/target/test-classes/logback-test.xml]
18:35:19,121 |-WARN in ch.qos.logback.classic.util.DefaultJoranConfigurator@dcf38b8 - Resource [logback-test.xml] occurs at [file:/C:/Users/mraysmit/dev/idea-projects/quorus/quorus-controller/target/test-classes/logback-test.xml]
18:35:19,368 |-INFO in ch.qos.logback.classic.model.processor.ConfigurationModelHandlerFull - Scan attribute not set or set to unrecognized value.
18:35:19,391 |-INFO in ch.qos.logback.core.model.processor.ModelInterpretationContext@651c9e87 - value "../test-logs/quorus-test-2026-09-05_10-35-12.log" substituted for "../test-logs/quorus-test-${testRunTimestamp}.log"
18:35:19,395 |-INFO in ch.qos.logback.core.model.processor.AppenderModelHandler - Processing appender named [CONSOLE]
18:35:19,395 |-INFO in ch.qos.logback.core.model.processor.AppenderModelHandler - About to instantiate appender of type [ch.qos.logback.core.ConsoleAppender]
18:35:19,420 |-INFO in ch.qos.logback.core.model.processor.ImplicitModelHandler - Assuming default type [ch.qos.logback.classic.encoder.PatternLayoutEncoder] for [encoder] property
18:35:19,493 |-INFO in ch.qos.logback.core.ConsoleAppender[CONSOLE] - NOTE: Writing to the console can be slow. Try to avoid logging to the 
18:35:19,493 |-INFO in ch.qos.logback.core.ConsoleAppender[CONSOLE] - console in production environments, especially in high volume systems.
18:35:19,493 |-INFO in ch.qos.logback.core.ConsoleAppender[CONSOLE] - See also https://logback.qos.ch/codes.html#slowConsole
18:35:19,496 |-INFO in ch.qos.logback.core.model.processor.AppenderModelHandler - Processing appender named [FILE]
18:35:19,496 |-INFO in ch.qos.logback.core.model.processor.AppenderModelHandler - About to instantiate appender of type [ch.qos.logback.core.FileAppender]
18:35:19,498 |-INFO in ch.qos.logback.core.model.processor.ModelInterpretationContext@651c9e87 - value "../test-logs/quorus-test-2026-09-05_10-35-12.log" substituted for "../test-logs/quorus-test-${testRunTimestamp}.log"
18:35:19,500 |-INFO in ch.qos.logback.core.model.processor.ImplicitModelHandler - Assuming default type [ch.qos.logback.classic.encoder.PatternLayoutEncoder] for [encoder] property
18:35:19,501 |-INFO in ch.qos.logback.core.FileAppender[FILE] - File property is set to [../test-logs/quorus-test-2026-09-05_10-35-12.log]
18:35:19,504 |-INFO in ch.qos.logback.classic.model.processor.LoggerModelHandler - Setting level of logger [dev.mars.quorus] to DEBUG
18:35:19,504 |-INFO in ch.qos.logback.classic.model.processor.LoggerModelHandler - Setting level of logger [org.apache] to WARN
18:35:19,504 |-INFO in ch.qos.logback.classic.model.processor.LoggerModelHandler - Setting level of logger [io.vertx] to WARN
18:35:19,504 |-INFO in ch.qos.logback.classic.model.processor.LoggerModelHandler - Setting level of logger [io.netty] to WARN
18:35:19,504 |-INFO in ch.qos.logback.classic.model.processor.LoggerModelHandler - Setting level of logger [io.grpc] to WARN
18:35:19,504 |-INFO in ch.qos.logback.classic.model.processor.RootLoggerModelHandler - Setting level of ROOT logger to INFO
18:35:19,505 |-INFO in ch.qos.logback.core.model.processor.AppenderRefModelHandler - Attaching appender named [CONSOLE] to Logger[ROOT]
18:35:19,505 |-INFO in ch.qos.logback.core.model.processor.AppenderRefModelHandler - Attaching appender named [FILE] to Logger[ROOT]
18:35:19,505 |-INFO in ch.qos.logback.core.model.processor.DefaultProcessor@6b44f47 - End of configuration.
18:35:19,506 |-INFO in ch.qos.logback.classic.joran.JoranConfigurator@42bb03fa - Registering current configuration as safe fallback point
18:35:19,509 |-INFO in ch.qos.logback.classic.util.ContextInitializer@63f4e7ec - ch.qos.logback.classic.util.DefaultJoranConfigurator.configure() call lasted 391 milliseconds. ExecutionStatus=DO_NOT_INVOKE_NEXT_IF_ANY

[INFO] Running dev.mars.quorus.controller.http.ControllerDnsBoundaryTest
18:35:20.589 [ForkJoinPool-1-worker-1] DEBUG d.m.q.c.state.QuorusStateStore - Initializing default metadata: version=2.0
18:35:20.644 [vert.x-eventloop-thread-0] INFO  d.m.quorus.controller.raft.RaftNode - Starting Raft node: dns-166541259606800
18:35:20.645 [vert.x-eventloop-thread-0] INFO  d.m.quorus.controller.raft.RaftNode [FOLLOWER/0] - No storage configured, running in volatile mode
18:35:20.646 [vert.x-eventloop-thread-0] INFO  d.m.q.c.r.InMemoryTransportSimulator [FOLLOWER/0] - Started in-memory transport for node: dns-166541259606800
18:35:20.647 [vert.x-eventloop-thread-0] INFO  d.m.quorus.controller.raft.RaftNode [FOLLOWER/0] - Raft node dns-166541259606800 started successfully (term=0, logSize=1)
18:35:21.002 [vert.x-eventloop-thread-0] INFO  d.m.quorus.controller.raft.RaftNode [FOLLOWER/0] - Starting election for node: dns-166541259606800
18:35:21.002 [vert.x-eventloop-thread-0] DEBUG d.m.quorus.controller.raft.RaftNode [CANDIDATE/1] - Persisting raft metadata: term=1, votedForPresent=true, votedFor=dns-166541259606800
18:35:21.005 [vert.x-eventloop-thread-0] INFO  d.m.quorus.controller.raft.RaftNode [LEADER/1] - Node dns-166541259606800 became LEADER for term 1
18:35:21.013 [vert.x-eventloop-thread-0] INFO  d.m.quorus.controller.raft.RaftNode [LEADER/1] - Command submitted at index 1 term 1
18:35:21.014 [vert.x-eventloop-thread-0] DEBUG d.m.quorus.controller.raft.RaftNode [LEADER/1] - Committed leader no-op entry for term 1
18:35:21.093 [vert.x-eventloop-thread-0] INFO  d.m.quorus.controller.raft.RaftNode [LEADER/1] - Command submitted at index 2 term 1
18:35:21.094 [vert.x-eventloop-thread-0] DEBUG d.m.q.c.state.QuorusStateStore [LEADER/1] - Applying command: type=Set
18:35:21.139 [vert.x-eventloop-thread-0] DEBUG d.m.q.c.state.QuorusStateStore [LEADER/1] - Processing system metadata command: key=phase4.v2.secret-reference.tenant:secret, type=Set
18:35:21.141 [vert.x-eventloop-thread-0] INFO  d.m.q.c.state.QuorusStateStore [LEADER/1] - Set system metadata: key=phase4.v2.secret-reference.tenant:secret, valuePresent=true, replaced=false
18:35:21.141 [vert.x-eventloop-thread-0] DEBUG d.m.q.c.state.QuorusStateStore [LEADER/1] - Command applied successfully: type=Set, result=Success
18:35:21.190 [vert.x-eventloop-thread-0] INFO  d.m.quorus.controller.raft.RaftNode [LEADER/1] - Command submitted at index 3 term 1
18:35:21.191 [vert.x-eventloop-thread-0] DEBUG d.m.q.c.state.QuorusStateStore [LEADER/1] - Applying command: type=Set
18:35:21.202 [vert.x-eventloop-thread-0] DEBUG d.m.q.c.state.QuorusStateStore [LEADER/1] - Processing system metadata command: key=phase4.v2.service-connection.tenant:connection, type=Set
18:35:21.202 [vert.x-eventloop-thread-0] INFO  d.m.q.c.state.QuorusStateStore [LEADER/1] - Set system metadata: key=phase4.v2.service-connection.tenant:connection, valuePresent=true, replaced=false
18:35:21.202 [vert.x-eventloop-thread-0] DEBUG d.m.q.c.state.QuorusStateStore [LEADER/1] - Command applied successfully: type=Set, result=Success
18:35:22.055 [vert.x-eventloop-thread-0] INFO  d.m.quorus.controller.raft.RaftNode [LEADER/1] - Command submitted at index 4 term 1
18:35:22.056 [vert.x-eventloop-thread-0] DEBUG d.m.q.c.state.QuorusStateStore [LEADER/1] - Applying command: type=Set
18:35:22.058 [vert.x-eventloop-thread-0] DEBUG d.m.q.c.state.QuorusStateStore [LEADER/1] - Processing system metadata command: key=phase4.v2.security-event.tenant:1788604522051.2fad0fa1-31c1-4354-a32f-65ea4adbe316, type=Set
18:35:22.059 [vert.x-eventloop-thread-0] INFO  d.m.q.c.state.QuorusStateStore [LEADER/1] - Set system metadata: key=phase4.v2.security-event.tenant:1788604522051.2fad0fa1-31c1-4354-a32f-65ea4adbe316, valuePresent=true, replaced=false
18:35:22.059 [vert.x-eventloop-thread-0] DEBUG d.m.q.c.state.QuorusStateStore [LEADER/1] - Command applied successfully: type=Set, result=Success
18:35:22.098 [vert.x-eventloop-thread-0] INFO  d.m.q.c.r.InMemoryTransportSimulator [LEADER/1] - Stopped in-memory transport for node: dns-166541259606800
18:35:22.101 [vert.x-eventloop-thread-0] INFO  d.m.quorus.controller.raft.RaftNode [LEADER/1] - Raft node stopped: dns-166541259606800
18:35:22.194 [ForkJoinPool-1-worker-1] DEBUG d.m.q.c.state.QuorusStateStore - Initializing default metadata: version=2.0
18:35:22.197 [vert.x-eventloop-thread-0] INFO  d.m.quorus.controller.raft.RaftNode - Starting Raft node: dns-166542838423300
18:35:22.197 [vert.x-eventloop-thread-0] INFO  d.m.quorus.controller.raft.RaftNode [FOLLOWER/0] - No storage configured, running in volatile mode
18:35:22.198 [vert.x-eventloop-thread-0] INFO  d.m.q.c.r.InMemoryTransportSimulator [FOLLOWER/0] - Started in-memory transport for node: dns-166542838423300
18:35:22.198 [vert.x-eventloop-thread-0] INFO  d.m.quorus.controller.raft.RaftNode [FOLLOWER/0] - Raft node dns-166542838423300 started successfully (term=0, logSize=1)
18:35:22.604 [vert.x-eventloop-thread-0] INFO  d.m.quorus.controller.raft.RaftNode [FOLLOWER/0] - Starting election for node: dns-166542838423300
18:35:22.605 [vert.x-eventloop-thread-0] DEBUG d.m.quorus.controller.raft.RaftNode [CANDIDATE/1] - Persisting raft metadata: term=1, votedForPresent=true, votedFor=dns-166542838423300
18:35:22.605 [vert.x-eventloop-thread-0] INFO  d.m.quorus.controller.raft.RaftNode [LEADER/1] - Node dns-166542838423300 became LEADER for term 1
18:35:22.605 [vert.x-eventloop-thread-0] INFO  d.m.quorus.controller.raft.RaftNode [LEADER/1] - Command submitted at index 1 term 1
18:35:22.606 [vert.x-eventloop-thread-0] DEBUG d.m.quorus.controller.raft.RaftNode [LEADER/1] - Committed leader no-op entry for term 1
18:35:22.607 [vert.x-eventloop-thread-0] INFO  d.m.quorus.controller.raft.RaftNode [LEADER/1] - Command submitted at index 2 term 1
18:35:22.607 [vert.x-eventloop-thread-0] DEBUG d.m.q.c.state.QuorusStateStore [LEADER/1] - Applying command: type=Set
18:35:22.608 [vert.x-eventloop-thread-0] DEBUG d.m.q.c.state.QuorusStateStore [LEADER/1] - Processing system metadata command: key=phase4.v2.secret-reference.tenant:secret, type=Set
18:35:22.608 [vert.x-eventloop-thread-0] INFO  d.m.q.c.state.QuorusStateStore [LEADER/1] - Set system metadata: key=phase4.v2.secret-reference.tenant:secret, valuePresent=true, replaced=false
18:35:22.609 [vert.x-eventloop-thread-0] DEBUG d.m.q.c.state.QuorusStateStore [LEADER/1] - Command applied successfully: type=Set, result=Success
18:35:22.610 [vert.x-eventloop-thread-0] INFO  d.m.quorus.controller.raft.RaftNode [LEADER/1] - Command submitted at index 3 term 1
18:35:22.610 [vert.x-eventloop-thread-0] DEBUG d.m.q.c.state.QuorusStateStore [LEADER/1] - Applying command: type=Set
18:35:22.612 [vert.x-eventloop-thread-0] DEBUG d.m.q.c.state.QuorusStateStore [LEADER/1] - Processing system metadata command: key=phase4.v2.service-connection.tenant:connection, type=Set
18:35:22.612 [vert.x-eventloop-thread-0] INFO  d.m.q.c.state.QuorusStateStore [LEADER/1] - Set system metadata: key=phase4.v2.service-connection.tenant:connection, valuePresent=true, replaced=false
18:35:22.612 [vert.x-eventloop-thread-0] DEBUG d.m.q.c.state.QuorusStateStore [LEADER/1] - Command applied successfully: type=Set, result=Success
18:35:22.811 [vert.x-eventloop-thread-0] INFO  d.m.q.c.h.handlers.TransferHandler [LEADER/1] - Creating transfer job: jobId=b7085262-e285-4074-bae1-0328e24ecf12, tenantId=tenant
18:35:22.815 [vert.x-eventloop-thread-0] INFO  d.m.quorus.controller.raft.RaftNode [LEADER/1] - Command submitted at index 4 term 1
18:35:22.815 [vert.x-eventloop-thread-0] DEBUG d.m.q.c.state.QuorusStateStore [LEADER/1] - Applying command: type=Create
18:35:22.822 [vert.x-eventloop-thread-0] DEBUG d.m.q.c.state.QuorusStateStore [LEADER/1] - Creating transfer job: jobId=b7085262-e285-4074-bae1-0328e24ecf12, sourceUri=sftp://dns.example.test/approved/file.dat, destPath=file:///C:/Users/mraysmit/dev/idea-projects/quorus/quorus-controller/downloads/dns-test.dat
18:35:22.828 [vert.x-eventloop-thread-0] INFO  d.m.q.c.state.QuorusStateStore [LEADER/1] - Created transfer job: jobId=b7085262-e285-4074-bae1-0328e24ecf12, protocol=http, totalJobs=1
18:35:22.829 [vert.x-eventloop-thread-0] DEBUG d.m.q.c.state.QuorusStateStore [LEADER/1] - Command applied successfully: type=Create, result=Success
18:35:22.831 [vert.x-eventloop-thread-0] INFO  d.m.q.c.h.handlers.TransferHandler [LEADER/1] - Transfer job created: jobId=b7085262-e285-4074-bae1-0328e24ecf12
18:35:22.833 [vert.x-eventloop-thread-0] INFO  d.m.quorus.controller.raft.RaftNode [LEADER/1] - Command submitted at index 5 term 1
18:35:22.840 [vert.x-eventloop-thread-0] DEBUG d.m.q.c.state.QuorusStateStore [LEADER/1] - Applying command: type=Set
18:35:22.842 [vert.x-eventloop-thread-0] DEBUG d.m.q.c.state.QuorusStateStore [LEADER/1] - Processing system metadata command: key=phase4.v2.security-event.tenant:1788604522831.634d95c6-fd2f-40a8-a7cd-eab2b2c80a07, type=Set
18:35:22.842 [vert.x-eventloop-thread-0] INFO  d.m.q.c.state.QuorusStateStore [LEADER/1] - Set system metadata: key=phase4.v2.security-event.tenant:1788604522831.634d95c6-fd2f-40a8-a7cd-eab2b2c80a07, valuePresent=true, replaced=false
18:35:22.842 [vert.x-eventloop-thread-0] DEBUG d.m.q.c.state.QuorusStateStore [LEADER/1] - Command applied successfully: type=Set, result=Success
18:35:22.851 [vert.x-eventloop-thread-0] INFO  d.m.q.c.r.InMemoryTransportSimulator [LEADER/1] - Stopped in-memory transport for node: dns-166542838423300
18:35:22.851 [vert.x-eventloop-thread-0] INFO  d.m.quorus.controller.raft.RaftNode [LEADER/1] - Raft node stopped: dns-166542838423300
18:35:22.965 [ForkJoinPool-1-worker-1] DEBUG d.m.q.c.state.QuorusStateStore - Initializing default metadata: version=2.0
18:35:22.967 [vert.x-eventloop-thread-0] INFO  d.m.quorus.controller.raft.RaftNode - Starting Raft node: dns-166543609129900
18:35:22.967 [vert.x-eventloop-thread-0] INFO  d.m.quorus.controller.raft.RaftNode [FOLLOWER/0] - No storage configured, running in volatile mode
18:35:22.967 [vert.x-eventloop-thread-0] INFO  d.m.q.c.r.InMemoryTransportSimulator [FOLLOWER/0] - Started in-memory transport for node: dns-166543609129900
18:35:22.968 [vert.x-eventloop-thread-0] INFO  d.m.quorus.controller.raft.RaftNode [FOLLOWER/0] - Raft node dns-166543609129900 started successfully (term=0, logSize=1)
18:35:23.226 [vert.x-eventloop-thread-0] INFO  d.m.quorus.controller.raft.RaftNode [FOLLOWER/0] - Starting election for node: dns-166543609129900
18:35:23.226 [vert.x-eventloop-thread-0] DEBUG d.m.quorus.controller.raft.RaftNode [CANDIDATE/1] - Persisting raft metadata: term=1, votedForPresent=true, votedFor=dns-166543609129900
18:35:23.226 [vert.x-eventloop-thread-0] INFO  d.m.quorus.controller.raft.RaftNode [LEADER/1] - Node dns-166543609129900 became LEADER for term 1
18:35:23.227 [vert.x-eventloop-thread-0] INFO  d.m.quorus.controller.raft.RaftNode [LEADER/1] - Command submitted at index 1 term 1
18:35:23.227 [vert.x-eventloop-thread-0] DEBUG d.m.quorus.controller.raft.RaftNode [LEADER/1] - Committed leader no-op entry for term 1
18:35:23.242 [vert.x-eventloop-thread-0] INFO  d.m.quorus.controller.raft.RaftNode [LEADER/1] - Command submitted at index 2 term 1
18:35:23.242 [vert.x-eventloop-thread-0] DEBUG d.m.q.c.state.QuorusStateStore [LEADER/1] - Applying command: type=Set
18:35:23.243 [vert.x-eventloop-thread-0] DEBUG d.m.q.c.state.QuorusStateStore [LEADER/1] - Processing system metadata command: key=phase4.v2.secret-reference.tenant:secret, type=Set
18:35:23.243 [vert.x-eventloop-thread-0] INFO  d.m.q.c.state.QuorusStateStore [LEADER/1] - Set system metadata: key=phase4.v2.secret-reference.tenant:secret, valuePresent=true, replaced=false
18:35:23.243 [vert.x-eventloop-thread-0] DEBUG d.m.q.c.state.QuorusStateStore [LEADER/1] - Command applied successfully: type=Set, result=Success
18:35:23.245 [vert.x-eventloop-thread-0] INFO  d.m.quorus.controller.raft.RaftNode [LEADER/1] - Command submitted at index 3 term 1
18:35:23.245 [vert.x-eventloop-thread-0] DEBUG d.m.q.c.state.QuorusStateStore [LEADER/1] - Applying command: type=Set
18:35:23.247 [vert.x-eventloop-thread-0] DEBUG d.m.q.c.state.QuorusStateStore [LEADER/1] - Processing system metadata command: key=phase4.v2.service-connection.tenant:connection, type=Set
18:35:23.247 [vert.x-eventloop-thread-0] INFO  d.m.q.c.state.QuorusStateStore [LEADER/1] - Set system metadata: key=phase4.v2.service-connection.tenant:connection, valuePresent=true, replaced=false
18:35:23.247 [vert.x-eventloop-thread-0] DEBUG d.m.q.c.state.QuorusStateStore [LEADER/1] - Command applied successfully: type=Set, result=Success
18:35:25.265 [vert.x-eventloop-thread-0] INFO  d.m.quorus.controller.raft.RaftNode [LEADER/1] - Command submitted at index 4 term 1
18:35:25.265 [vert.x-eventloop-thread-0] DEBUG d.m.q.c.state.QuorusStateStore [LEADER/1] - Applying command: type=Set
18:35:25.267 [vert.x-eventloop-thread-0] DEBUG d.m.q.c.state.QuorusStateStore [LEADER/1] - Processing system metadata command: key=phase4.v2.security-event.tenant:1788604525264.31cd10b3-1419-4f5d-9cba-8edbb44f6730, type=Set
18:35:25.267 [vert.x-eventloop-thread-0] INFO  d.m.q.c.state.QuorusStateStore [LEADER/1] - Set system metadata: key=phase4.v2.security-event.tenant:1788604525264.31cd10b3-1419-4f5d-9cba-8edbb44f6730, valuePresent=true, replaced=false
18:35:25.268 [vert.x-eventloop-thread-0] DEBUG d.m.q.c.state.QuorusStateStore [LEADER/1] - Command applied successfully: type=Set, result=Success
18:35:25.269 [vert.x-eventloop-thread-0] INFO  d.m.q.c.r.InMemoryTransportSimulator [LEADER/1] - Stopped in-memory transport for node: dns-166543609129900
18:35:25.270 [vert.x-eventloop-thread-0] INFO  d.m.quorus.controller.raft.RaftNode [LEADER/1] - Raft node stopped: dns-166543609129900
18:35:25.352 [ForkJoinPool-1-worker-1] DEBUG d.m.q.c.state.QuorusStateStore - Initializing default metadata: version=2.0
18:35:25.354 [vert.x-eventloop-thread-0] INFO  d.m.quorus.controller.raft.RaftNode - Starting Raft node: dns-166545996036400
18:35:25.354 [vert.x-eventloop-thread-0] INFO  d.m.quorus.controller.raft.RaftNode [FOLLOWER/0] - No storage configured, running in volatile mode
18:35:25.354 [vert.x-eventloop-thread-0] INFO  d.m.q.c.r.InMemoryTransportSimulator [FOLLOWER/0] - Started in-memory transport for node: dns-166545996036400
18:35:25.355 [vert.x-eventloop-thread-0] INFO  d.m.quorus.controller.raft.RaftNode [FOLLOWER/0] - Raft node dns-166545996036400 started successfully (term=0, logSize=1)
18:35:25.727 [vert.x-eventloop-thread-0] INFO  d.m.quorus.controller.raft.RaftNode [FOLLOWER/0] - Starting election for node: dns-166545996036400
18:35:25.727 [vert.x-eventloop-thread-0] DEBUG d.m.quorus.controller.raft.RaftNode [CANDIDATE/1] - Persisting raft metadata: term=1, votedForPresent=true, votedFor=dns-166545996036400
18:35:25.727 [vert.x-eventloop-thread-0] INFO  d.m.quorus.controller.raft.RaftNode [LEADER/1] - Node dns-166545996036400 became LEADER for term 1
18:35:25.729 [vert.x-eventloop-thread-0] INFO  d.m.quorus.controller.raft.RaftNode [LEADER/1] - Command submitted at index 1 term 1
18:35:25.729 [vert.x-eventloop-thread-0] DEBUG d.m.quorus.controller.raft.RaftNode [LEADER/1] - Committed leader no-op entry for term 1
18:35:25.730 [vert.x-eventloop-thread-0] INFO  d.m.quorus.controller.raft.RaftNode [LEADER/1] - Command submitted at index 2 term 1
18:35:25.730 [vert.x-eventloop-thread-0] DEBUG d.m.q.c.state.QuorusStateStore [LEADER/1] - Applying command: type=Set
18:35:25.731 [vert.x-eventloop-thread-0] DEBUG d.m.q.c.state.QuorusStateStore [LEADER/1] - Processing system metadata command: key=phase4.v2.secret-reference.tenant:secret, type=Set
18:35:25.731 [vert.x-eventloop-thread-0] INFO  d.m.q.c.state.QuorusStateStore [LEADER/1] - Set system metadata: key=phase4.v2.secret-reference.tenant:secret, valuePresent=true, replaced=false
18:35:25.731 [vert.x-eventloop-thread-0] DEBUG d.m.q.c.state.QuorusStateStore [LEADER/1] - Command applied successfully: type=Set, result=Success
18:35:25.732 [vert.x-eventloop-thread-0] INFO  d.m.quorus.controller.raft.RaftNode [LEADER/1] - Command submitted at index 3 term 1
18:35:25.733 [vert.x-eventloop-thread-0] DEBUG d.m.q.c.state.QuorusStateStore [LEADER/1] - Applying command: type=Set
18:35:25.734 [vert.x-eventloop-thread-0] DEBUG d.m.q.c.state.QuorusStateStore [LEADER/1] - Processing system metadata command: key=phase4.v2.service-connection.tenant:connection, type=Set
18:35:25.734 [vert.x-eventloop-thread-0] INFO  d.m.q.c.state.QuorusStateStore [LEADER/1] - Set system metadata: key=phase4.v2.service-connection.tenant:connection, valuePresent=true, replaced=false
18:35:25.735 [vert.x-eventloop-thread-0] DEBUG d.m.q.c.state.QuorusStateStore [LEADER/1] - Command applied successfully: type=Set, result=Success
18:35:27.753 [vert.x-eventloop-thread-0] INFO  d.m.q.c.h.handlers.TransferHandler [LEADER/1] - Creating transfer job: jobId=b4509a2a-6829-4656-8bab-dd37c3b68e5e, tenantId=tenant
18:35:27.753 [vert.x-eventloop-thread-0] INFO  d.m.quorus.controller.raft.RaftNode [LEADER/1] - Command submitted at index 4 term 1
18:35:27.754 [vert.x-eventloop-thread-0] DEBUG d.m.q.c.state.QuorusStateStore [LEADER/1] - Applying command: type=Create
18:35:27.754 [vert.x-eventloop-thread-0] DEBUG d.m.q.c.state.QuorusStateStore [LEADER/1] - Creating transfer job: jobId=b4509a2a-6829-4656-8bab-dd37c3b68e5e, sourceUri=sftp://dns.example.test/approved/file.dat, destPath=file:///C:/Users/mraysmit/dev/idea-projects/quorus/quorus-controller/downloads/dns-test.dat
18:35:27.754 [vert.x-eventloop-thread-0] INFO  d.m.q.c.state.QuorusStateStore [LEADER/1] - Created transfer job: jobId=b4509a2a-6829-4656-8bab-dd37c3b68e5e, protocol=http, totalJobs=1
18:35:27.754 [vert.x-eventloop-thread-0] DEBUG d.m.q.c.state.QuorusStateStore [LEADER/1] - Command applied successfully: type=Create, result=Success
18:35:27.755 [vert.x-eventloop-thread-0] INFO  d.m.q.c.h.handlers.TransferHandler [LEADER/1] - Transfer job created: jobId=b4509a2a-6829-4656-8bab-dd37c3b68e5e
18:35:27.755 [vert.x-eventloop-thread-0] INFO  d.m.q.c.r.InMemoryTransportSimulator [LEADER/1] - Stopped in-memory transport for node: dns-166545996036400
18:35:27.755 [vert.x-eventloop-thread-0] INFO  d.m.quorus.controller.raft.RaftNode [LEADER/1] - Raft node stopped: dns-166545996036400
18:35:27.760 [vert.x-eventloop-thread-0] ERROR d.m.q.c.http.GlobalErrorHandler [LEADER/1] - Unhandled exception at path /api/v1/transfers: Not the leader. Current state: FOLLOWER
18:35:27.760 [vert.x-eventloop-thread-0] DEBUG d.m.q.c.http.GlobalErrorHandler [LEADER/1] - Stack trace for unhandled exception at path /api/v1/transfers
java.lang.IllegalStateException: Not the leader. Current state: FOLLOWER
	at dev.mars.quorus.controller.raft.RaftNode.appendAsLeader(RaftNode.java:637)
	at dev.mars.quorus.controller.raft.RaftNode.lambda$submitCommand$0(RaftNode.java:625)
	at dev.mars.quorus.controller.raft.RaftNode.lambda$serializeLogMutation$1(RaftNode.java:693)
	at io.vertx.core.internal.ContextInternal.dispatch(ContextInternal.java:249)
	at io.vertx.core.internal.ContextInternal.dispatch(ContextInternal.java:231)
	at io.vertx.core.internal.ContextInternal.lambda$runOnContext$0(ContextInternal.java:50)
	at io.netty.util.concurrent.AbstractEventExecutor.runTask(AbstractEventExecutor.java:148)
	at io.netty.util.concurrent.AbstractEventExecutor.safeExecute(AbstractEventExecutor.java:141)
	at io.netty.util.concurrent.SingleThreadEventExecutor.runAllTasks(SingleThreadEventExecutor.java:535)
	at io.netty.channel.SingleThreadIoEventLoop.run(SingleThreadIoEventLoop.java:201)
	at io.netty.util.concurrent.SingleThreadEventExecutor$5.run(SingleThreadEventExecutor.java:1195)
	at io.netty.util.internal.ThreadExecutorMap$2.run(ThreadExecutorMap.java:74)
	at io.netty.util.concurrent.FastThreadLocalRunnable.run(FastThreadLocalRunnable.java:30)
	at java.base/java.lang.Thread.run(Thread.java:1474)
18:35:27.835 [ForkJoinPool-1-worker-1] DEBUG d.m.q.c.state.QuorusStateStore - Initializing default metadata: version=2.0
18:35:27.836 [vert.x-eventloop-thread-0] INFO  d.m.quorus.controller.raft.RaftNode - Starting Raft node: dns-166548478460800
18:35:27.836 [vert.x-eventloop-thread-0] INFO  d.m.quorus.controller.raft.RaftNode [FOLLOWER/0] - No storage configured, running in volatile mode
18:35:27.836 [vert.x-eventloop-thread-0] INFO  d.m.q.c.r.InMemoryTransportSimulator [FOLLOWER/0] - Started in-memory transport for node: dns-166548478460800
18:35:27.837 [vert.x-eventloop-thread-0] INFO  d.m.quorus.controller.raft.RaftNode [FOLLOWER/0] - Raft node dns-166548478460800 started successfully (term=0, logSize=1)
18:35:28.340 [vert.x-eventloop-thread-0] INFO  d.m.quorus.controller.raft.RaftNode [FOLLOWER/0] - Starting election for node: dns-166548478460800
18:35:28.340 [vert.x-eventloop-thread-0] DEBUG d.m.quorus.controller.raft.RaftNode [CANDIDATE/1] - Persisting raft metadata: term=1, votedForPresent=true, votedFor=dns-166548478460800
18:35:28.340 [vert.x-eventloop-thread-0] INFO  d.m.quorus.controller.raft.RaftNode [LEADER/1] - Node dns-166548478460800 became LEADER for term 1
18:35:28.341 [vert.x-eventloop-thread-0] INFO  d.m.quorus.controller.raft.RaftNode [LEADER/1] - Command submitted at index 1 term 1
18:35:28.342 [vert.x-eventloop-thread-0] DEBUG d.m.quorus.controller.raft.RaftNode [LEADER/1] - Committed leader no-op entry for term 1
18:35:28.343 [vert.x-eventloop-thread-0] INFO  d.m.quorus.controller.raft.RaftNode [LEADER/1] - Command submitted at index 2 term 1
18:35:28.343 [vert.x-eventloop-thread-0] DEBUG d.m.q.c.state.QuorusStateStore [LEADER/1] - Applying command: type=Set
18:35:28.344 [vert.x-eventloop-thread-0] DEBUG d.m.q.c.state.QuorusStateStore [LEADER/1] - Processing system metadata command: key=phase4.v2.secret-reference.tenant:secret, type=Set
18:35:28.344 [vert.x-eventloop-thread-0] INFO  d.m.q.c.state.QuorusStateStore [LEADER/1] - Set system metadata: key=phase4.v2.secret-reference.tenant:secret, valuePresent=true, replaced=false
18:35:28.345 [vert.x-eventloop-thread-0] DEBUG d.m.q.c.state.QuorusStateStore [LEADER/1] - Command applied successfully: type=Set, result=Success
18:35:28.345 [vert.x-eventloop-thread-0] INFO  d.m.quorus.controller.raft.RaftNode [LEADER/1] - Command submitted at index 3 term 1
18:35:28.347 [vert.x-eventloop-thread-0] DEBUG d.m.q.c.state.QuorusStateStore [LEADER/1] - Applying command: type=Set
18:35:28.348 [vert.x-eventloop-thread-0] DEBUG d.m.q.c.state.QuorusStateStore [LEADER/1] - Processing system metadata command: key=phase4.v2.service-connection.tenant:connection, type=Set
18:35:28.348 [vert.x-eventloop-thread-0] INFO  d.m.q.c.state.QuorusStateStore [LEADER/1] - Set system metadata: key=phase4.v2.service-connection.tenant:connection, valuePresent=true, replaced=false
18:35:28.348 [vert.x-eventloop-thread-0] DEBUG d.m.q.c.state.QuorusStateStore [LEADER/1] - Command applied successfully: type=Set, result=Success
18:35:28.374 [vert.x-eventloop-thread-0] INFO  d.m.q.c.h.handlers.TransferHandler [LEADER/1] - Creating transfer job: jobId=87444a40-3a1d-48cf-911e-ade625955e3c, tenantId=tenant
18:35:28.374 [vert.x-eventloop-thread-0] INFO  d.m.quorus.controller.raft.RaftNode [LEADER/1] - Command submitted at index 4 term 1
18:35:28.374 [vert.x-eventloop-thread-0] DEBUG d.m.q.c.state.QuorusStateStore [LEADER/1] - Applying command: type=Create
18:35:28.375 [vert.x-eventloop-thread-0] DEBUG d.m.q.c.state.QuorusStateStore [LEADER/1] - Creating transfer job: jobId=87444a40-3a1d-48cf-911e-ade625955e3c, sourceUri=sftp://dns.example.test/approved/file.dat, destPath=file:///C:/Users/mraysmit/dev/idea-projects/quorus/quorus-controller/downloads/dns-test.dat
18:35:28.375 [vert.x-eventloop-thread-0] INFO  d.m.q.c.state.QuorusStateStore [LEADER/1] - Created transfer job: jobId=87444a40-3a1d-48cf-911e-ade625955e3c, protocol=http, totalJobs=1
18:35:28.375 [vert.x-eventloop-thread-0] DEBUG d.m.q.c.state.QuorusStateStore [LEADER/1] - Command applied successfully: type=Create, result=Success
18:35:28.375 [vert.x-eventloop-thread-0] INFO  d.m.q.c.h.handlers.TransferHandler [LEADER/1] - Transfer job created: jobId=87444a40-3a1d-48cf-911e-ade625955e3c
18:35:28.376 [vert.x-eventloop-thread-0] INFO  d.m.quorus.controller.raft.RaftNode [LEADER/1] - Command submitted at index 5 term 1
18:35:28.376 [vert.x-eventloop-thread-0] DEBUG d.m.q.c.state.QuorusStateStore [LEADER/1] - Applying command: type=Set
18:35:28.377 [vert.x-eventloop-thread-0] DEBUG d.m.q.c.state.QuorusStateStore [LEADER/1] - Processing system metadata command: key=phase4.v2.security-event.tenant:1788604528375.d7d1990b-169a-4f12-b358-424655292161, type=Set
18:35:28.377 [vert.x-eventloop-thread-0] INFO  d.m.q.c.state.QuorusStateStore [LEADER/1] - Set system metadata: key=phase4.v2.security-event.tenant:1788604528375.d7d1990b-169a-4f12-b358-424655292161, valuePresent=true, replaced=false
18:35:28.377 [vert.x-eventloop-thread-0] DEBUG d.m.q.c.state.QuorusStateStore [LEADER/1] - Command applied successfully: type=Set, result=Success
18:35:28.385 [vert.x-eventloop-thread-0] INFO  d.m.quorus.controller.raft.RaftNode [LEADER/1] - Command submitted at index 6 term 1
18:35:28.385 [vert.x-eventloop-thread-0] DEBUG d.m.q.c.state.QuorusStateStore [LEADER/1] - Applying command: type=Set
18:35:28.386 [vert.x-eventloop-thread-0] DEBUG d.m.q.c.state.QuorusStateStore [LEADER/1] - Processing system metadata command: key=phase4.v2.security-event.tenant:1788604528384.a0057d78-6174-498f-94ec-9417a6c4c6d8, type=Set
18:35:28.386 [vert.x-eventloop-thread-0] INFO  d.m.q.c.state.QuorusStateStore [LEADER/1] - Set system metadata: key=phase4.v2.security-event.tenant:1788604528384.a0057d78-6174-498f-94ec-9417a6c4c6d8, valuePresent=true, replaced=false
18:35:28.386 [vert.x-eventloop-thread-0] DEBUG d.m.q.c.state.QuorusStateStore [LEADER/1] - Command applied successfully: type=Set, result=Success
18:35:28.388 [vert.x-eventloop-thread-0] INFO  d.m.q.c.r.InMemoryTransportSimulator [LEADER/1] - Stopped in-memory transport for node: dns-166548478460800
18:35:28.388 [vert.x-eventloop-thread-0] INFO  d.m.quorus.controller.raft.RaftNode [LEADER/1] - Raft node stopped: dns-166548478460800
18:35:28.473 [ForkJoinPool-1-worker-1] DEBUG d.m.q.c.state.QuorusStateStore - Initializing default metadata: version=2.0
18:35:28.474 [vert.x-eventloop-thread-0] INFO  d.m.quorus.controller.raft.RaftNode - Starting Raft node: dns-166549116240700
18:35:28.475 [vert.x-eventloop-thread-0] INFO  d.m.quorus.controller.raft.RaftNode [FOLLOWER/0] - No storage configured, running in volatile mode
18:35:28.475 [vert.x-eventloop-thread-0] INFO  d.m.q.c.r.InMemoryTransportSimulator [FOLLOWER/0] - Started in-memory transport for node: dns-166549116240700
18:35:28.475 [vert.x-eventloop-thread-0] INFO  d.m.quorus.controller.raft.RaftNode [FOLLOWER/0] - Raft node dns-166549116240700 started successfully (term=0, logSize=1)
18:35:28.759 [vert.x-eventloop-thread-0] INFO  d.m.quorus.controller.raft.RaftNode [FOLLOWER/0] - Starting election for node: dns-166549116240700
18:35:28.759 [vert.x-eventloop-thread-0] DEBUG d.m.quorus.controller.raft.RaftNode [CANDIDATE/1] - Persisting raft metadata: term=1, votedForPresent=true, votedFor=dns-166549116240700
18:35:28.760 [vert.x-eventloop-thread-0] INFO  d.m.quorus.controller.raft.RaftNode [LEADER/1] - Node dns-166549116240700 became LEADER for term 1
18:35:28.760 [vert.x-eventloop-thread-0] INFO  d.m.quorus.controller.raft.RaftNode [LEADER/1] - Command submitted at index 1 term 1
18:35:28.760 [vert.x-eventloop-thread-0] DEBUG d.m.quorus.controller.raft.RaftNode [LEADER/1] - Committed leader no-op entry for term 1
18:35:28.761 [vert.x-eventloop-thread-0] INFO  d.m.quorus.controller.raft.RaftNode [LEADER/1] - Command submitted at index 2 term 1
18:35:28.762 [vert.x-eventloop-thread-0] DEBUG d.m.q.c.state.QuorusStateStore [LEADER/1] - Applying command: type=Set
18:35:28.762 [vert.x-eventloop-thread-0] DEBUG d.m.q.c.state.QuorusStateStore [LEADER/1] - Processing system metadata command: key=phase4.v2.secret-reference.tenant:secret, type=Set
18:35:28.762 [vert.x-eventloop-thread-0] INFO  d.m.q.c.state.QuorusStateStore [LEADER/1] - Set system metadata: key=phase4.v2.secret-reference.tenant:secret, valuePresent=true, replaced=false
18:35:28.762 [vert.x-eventloop-thread-0] DEBUG d.m.q.c.state.QuorusStateStore [LEADER/1] - Command applied successfully: type=Set, result=Success
18:35:28.763 [vert.x-eventloop-thread-0] INFO  d.m.quorus.controller.raft.RaftNode [LEADER/1] - Command submitted at index 3 term 1
18:35:28.763 [vert.x-eventloop-thread-0] DEBUG d.m.q.c.state.QuorusStateStore [LEADER/1] - Applying command: type=Set
18:35:28.764 [vert.x-eventloop-thread-0] DEBUG d.m.q.c.state.QuorusStateStore [LEADER/1] - Processing system metadata command: key=phase4.v2.service-connection.tenant:connection, type=Set
18:35:28.764 [vert.x-eventloop-thread-0] INFO  d.m.q.c.state.QuorusStateStore [LEADER/1] - Set system metadata: key=phase4.v2.service-connection.tenant:connection, valuePresent=true, replaced=false
18:35:28.765 [vert.x-eventloop-thread-0] DEBUG d.m.q.c.state.QuorusStateStore [LEADER/1] - Command applied successfully: type=Set, result=Success
18:35:28.795 [vert.x-eventloop-thread-0] INFO  d.m.quorus.controller.raft.RaftNode [LEADER/1] - Command submitted at index 4 term 1
18:35:28.795 [vert.x-eventloop-thread-0] DEBUG d.m.q.c.state.QuorusStateStore [LEADER/1] - Applying command: type=Set
18:35:28.796 [vert.x-eventloop-thread-0] DEBUG d.m.q.c.state.QuorusStateStore [LEADER/1] - Processing system metadata command: key=phase4.v2.security-event.tenant:1788604528795.0b2e9a35-7d7e-472a-960c-0d6d22f448a5, type=Set
18:35:28.796 [vert.x-eventloop-thread-0] INFO  d.m.q.c.state.QuorusStateStore [LEADER/1] - Set system metadata: key=phase4.v2.security-event.tenant:1788604528795.0b2e9a35-7d7e-472a-960c-0d6d22f448a5, valuePresent=true, replaced=false
18:35:28.796 [vert.x-eventloop-thread-0] DEBUG d.m.q.c.state.QuorusStateStore [LEADER/1] - Command applied successfully: type=Set, result=Success
18:35:28.801 [vert.x-eventloop-thread-0] INFO  d.m.q.c.h.handlers.TransferHandler [LEADER/1] - Creating transfer job: jobId=5e6b252d-9553-4927-97b3-fd6f61dee259, tenantId=tenant
18:35:28.803 [vert.x-eventloop-thread-0] INFO  d.m.quorus.controller.raft.RaftNode [LEADER/1] - Command submitted at index 5 term 1
18:35:28.804 [vert.x-eventloop-thread-0] DEBUG d.m.q.c.state.QuorusStateStore [LEADER/1] - Applying command: type=Create
18:35:28.804 [vert.x-eventloop-thread-0] DEBUG d.m.q.c.state.QuorusStateStore [LEADER/1] - Creating transfer job: jobId=5e6b252d-9553-4927-97b3-fd6f61dee259, sourceUri=sftp://dns.example.test/approved/file.dat, destPath=file:///C:/Users/mraysmit/dev/idea-projects/quorus/quorus-controller/downloads/dns-test.dat
18:35:28.804 [vert.x-eventloop-thread-0] INFO  d.m.q.c.state.QuorusStateStore [LEADER/1] - Created transfer job: jobId=5e6b252d-9553-4927-97b3-fd6f61dee259, protocol=http, totalJobs=1
18:35:28.804 [vert.x-eventloop-thread-0] DEBUG d.m.q.c.state.QuorusStateStore [LEADER/1] - Command applied successfully: type=Create, result=Success
18:35:28.804 [vert.x-eventloop-thread-0] INFO  d.m.q.c.h.handlers.TransferHandler [LEADER/1] - Transfer job created: jobId=5e6b252d-9553-4927-97b3-fd6f61dee259
18:35:28.805 [vert.x-eventloop-thread-0] INFO  d.m.q.c.r.InMemoryTransportSimulator [LEADER/1] - Stopped in-memory transport for node: dns-166549116240700
18:35:28.806 [vert.x-eventloop-thread-0] INFO  d.m.quorus.controller.raft.RaftNode [LEADER/1] - Raft node stopped: dns-166549116240700
18:35:28.806 [vert.x-eventloop-thread-0] ERROR d.m.q.c.http.GlobalErrorHandler [LEADER/1] - Unhandled exception at path /api/v1/transfers: Not the leader. Current state: FOLLOWER
18:35:28.806 [vert.x-eventloop-thread-0] DEBUG d.m.q.c.http.GlobalErrorHandler [LEADER/1] - Stack trace for unhandled exception at path /api/v1/transfers
java.lang.IllegalStateException: Not the leader. Current state: FOLLOWER
	at dev.mars.quorus.controller.raft.RaftNode.appendAsLeader(RaftNode.java:637)
	at dev.mars.quorus.controller.raft.RaftNode.lambda$submitCommand$0(RaftNode.java:625)
	at dev.mars.quorus.controller.raft.RaftNode.lambda$serializeLogMutation$1(RaftNode.java:693)
	at io.vertx.core.internal.ContextInternal.dispatch(ContextInternal.java:249)
	at io.vertx.core.internal.ContextInternal.dispatch(ContextInternal.java:231)
	at io.vertx.core.internal.ContextInternal.lambda$runOnContext$0(ContextInternal.java:50)
	at io.netty.util.concurrent.AbstractEventExecutor.runTask(AbstractEventExecutor.java:148)
	at io.netty.util.concurrent.AbstractEventExecutor.safeExecute(AbstractEventExecutor.java:141)
	at io.netty.util.concurrent.SingleThreadEventExecutor.runAllTasks(SingleThreadEventExecutor.java:535)
	at io.netty.channel.SingleThreadIoEventLoop.run(SingleThreadIoEventLoop.java:201)
	at io.netty.util.concurrent.SingleThreadEventExecutor$5.run(SingleThreadEventExecutor.java:1195)
	at io.netty.util.internal.ThreadExecutorMap$2.run(ThreadExecutorMap.java:74)
	at io.netty.util.concurrent.FastThreadLocalRunnable.run(FastThreadLocalRunnable.java:30)
	at java.base/java.lang.Thread.run(Thread.java:1474)
[ERROR] Tests run: 6, Failures: 4, Errors: 0, Skipped: 0, Time elapsed: 9.260 s <<< FAILURE! -- in dev.mars.quorus.controller.http.ControllerDnsBoundaryTest
[ERROR] dev.mars.quorus.controller.http.ControllerDnsBoundaryTest.timeoutRetainsCapacityUntilNativeLookupEndsAndDiscardsLateResult(boolean, Vertx)[1] -- Time elapsed: 2.414 s <<< FAILURE!
java.lang.AssertionError: Future failed
	at dev.mars.quorus.testing.TestFutureUtils.awaitContext(TestFutureUtils.java:125)
	at dev.mars.quorus.testing.TestFutureUtils.awaitSuccess(TestFutureUtils.java:59)
	at dev.mars.quorus.controller.http.ControllerDnsBoundaryTest.timeoutRetainsCapacityUntilNativeLookupEndsAndDiscardsLateResult(ControllerDnsBoundaryTest.java:93)
	at java.base/jdk.internal.reflect.DirectMethodHandleAccessor.invoke(DirectMethodHandleAccessor.java:104)
	at java.base/java.lang.reflect.Method.invoke(Method.java:565)
	at org.junit.platform.commons.util.ReflectionUtils.invokeMethod(ReflectionUtils.java:727)
	at org.junit.jupiter.engine.execution.MethodInvocation.proceed(MethodInvocation.java:60)
	at org.junit.jupiter.engine.execution.InvocationInterceptorChain$ValidatingInvocation.proceed(InvocationInterceptorChain.java:131)
	at io.vertx.junit5.VertxExtension.interceptTestTemplateMethod(VertxExtension.java:154)
	at org.junit.jupiter.engine.execution.InterceptingExecutableInvoker$ReflectiveInterceptorCall.lambda$ofVoidMethod$0(InterceptingExecutableInvoker.java:103)
	at org.junit.jupiter.engine.execution.InterceptingExecutableInvoker.lambda$invoke$0(InterceptingExecutableInvoker.java:93)
	at org.junit.jupiter.engine.execution.InvocationInterceptorChain$InterceptedInvocation.proceed(InvocationInterceptorChain.java:106)
	at org.junit.jupiter.engine.extension.TimeoutExtension.intercept(TimeoutExtension.java:156)
	at org.junit.jupiter.engine.extension.TimeoutExtension.interceptTestableMethod(TimeoutExtension.java:147)
	at org.junit.jupiter.engine.extension.TimeoutExtension.interceptTestTemplateMethod(TimeoutExtension.java:94)
	at org.junit.jupiter.engine.execution.InterceptingExecutableInvoker$ReflectiveInterceptorCall.lambda$ofVoidMethod$0(InterceptingExecutableInvoker.java:103)
	at org.junit.jupiter.engine.execution.InterceptingExecutableInvoker.lambda$invoke$0(InterceptingExecutableInvoker.java:93)
	at org.junit.jupiter.engine.execution.InvocationInterceptorChain$InterceptedInvocation.proceed(InvocationInterceptorChain.java:106)
	at org.junit.jupiter.engine.execution.InvocationInterceptorChain.proceed(InvocationInterceptorChain.java:64)
	at org.junit.jupiter.engine.execution.InvocationInterceptorChain.chainAndInvoke(InvocationInterceptorChain.java:45)
	at org.junit.jupiter.engine.execution.InvocationInterceptorChain.invoke(InvocationInterceptorChain.java:37)
	at org.junit.jupiter.engine.execution.InterceptingExecutableInvoker.invoke(InterceptingExecutableInvoker.java:92)
	at org.junit.jupiter.engine.execution.InterceptingExecutableInvoker.invoke(InterceptingExecutableInvoker.java:86)
	at org.junit.jupiter.engine.descriptor.TestMethodTestDescriptor.lambda$invokeTestMethod$7(TestMethodTestDescriptor.java:217)
	at org.junit.platform.engine.support.hierarchical.ThrowableCollector.execute(ThrowableCollector.java:73)
	at org.junit.jupiter.engine.descriptor.TestMethodTestDescriptor.invokeTestMethod(TestMethodTestDescriptor.java:213)
	at org.junit.jupiter.engine.descriptor.TestMethodTestDescriptor.execute(TestMethodTestDescriptor.java:138)
	at org.junit.jupiter.engine.descriptor.TestMethodTestDescriptor.execute(TestMethodTestDescriptor.java:68)
	at org.junit.platform.engine.support.hierarchical.NodeTestTask.lambda$executeRecursively$6(NodeTestTask.java:151)
	at org.junit.platform.engine.support.hierarchical.ThrowableCollector.execute(ThrowableCollector.java:73)
	at org.junit.platform.engine.support.hierarchical.NodeTestTask.lambda$executeRecursively$8(NodeTestTask.java:141)
	at org.junit.platform.engine.support.hierarchical.Node.around(Node.java:137)
	at org.junit.platform.engine.support.hierarchical.NodeTestTask.lambda$executeRecursively$9(NodeTestTask.java:139)
	at org.junit.platform.engine.support.hierarchical.ThrowableCollector.execute(ThrowableCollector.java:73)
	at org.junit.platform.engine.support.hierarchical.NodeTestTask.executeRecursively(NodeTestTask.java:138)
	at org.junit.platform.engine.support.hierarchical.NodeTestTask.execute(NodeTestTask.java:95)
	at org.junit.platform.engine.support.hierarchical.ForkJoinPoolHierarchicalTestExecutorService$ExclusiveTask.compute(ForkJoinPoolHierarchicalTestExecutorService.java:202)
	at org.junit.platform.engine.support.hierarchical.ForkJoinPoolHierarchicalTestExecutorService.submit(ForkJoinPoolHierarchicalTestExecutorService.java:135)
	at org.junit.platform.engine.support.hierarchical.NodeTestTask$DefaultDynamicTestExecutor.execute(NodeTestTask.java:226)
	at org.junit.platform.engine.support.hierarchical.NodeTestTask$DefaultDynamicTestExecutor.execute(NodeTestTask.java:204)
	at org.junit.jupiter.engine.descriptor.TestTemplateTestDescriptor.execute(TestTemplateTestDescriptor.java:142)
	at org.junit.jupiter.engine.descriptor.TestTemplateTestDescriptor.lambda$execute$2(TestTemplateTestDescriptor.java:110)
	at java.base/java.util.stream.ForEachOps$ForEachOp$OfRef.accept(ForEachOps.java:186)
	at java.base/java.util.stream.ReferencePipeline$3$1.accept(ReferencePipeline.java:214)
	at java.base/java.util.stream.ReferencePipeline$2$1.accept(ReferencePipeline.java:197)
	at java.base/java.util.stream.ReferencePipeline$3$1.accept(ReferencePipeline.java:214)
	at java.base/java.util.stream.ForEachOps$ForEachOp$OfRef.accept(ForEachOps.java:186)
	at java.base/java.util.stream.ReferencePipeline$3$1.accept(ReferencePipeline.java:214)
	at java.base/java.util.stream.ReferencePipeline$3$1.accept(ReferencePipeline.java:214)
	at java.base/java.util.stream.ReferencePipeline$3$1.accept(ReferencePipeline.java:214)
	at java.base/java.util.stream.ForEachOps$ForEachOp$OfRef.accept(ForEachOps.java:186)
	at java.base/java.util.stream.ReferencePipeline$3$1.accept(ReferencePipeline.java:214)
	at java.base/java.util.Spliterators$ArraySpliterator.forEachRemaining(Spliterators.java:1024)
	at java.base/java.util.stream.AbstractPipeline.copyInto(AbstractPipeline.java:570)
	at java.base/java.util.stream.AbstractPipeline.wrapAndCopyInto(AbstractPipeline.java:560)
	at java.base/java.util.stream.ForEachOps$ForEachOp.evaluateSequential(ForEachOps.java:153)
	at java.base/java.util.stream.ForEachOps$ForEachOp$OfRef.evaluateSequential(ForEachOps.java:176)
	at java.base/java.util.stream.AbstractPipeline.evaluate(AbstractPipeline.java:265)
	at java.base/java.util.stream.ReferencePipeline.forEach(ReferencePipeline.java:632)
	at java.base/java.util.stream.ReferencePipeline$7$1FlatMap.accept(ReferencePipeline.java:293)
	at java.base/java.util.stream.ReferencePipeline$3$1.accept(ReferencePipeline.java:214)
	at java.base/java.util.stream.ReferencePipeline$3$1.accept(ReferencePipeline.java:214)
	at java.base/java.util.stream.ReferencePipeline$3$1.accept(ReferencePipeline.java:214)
	at java.base/java.util.ArrayList$ArrayListSpliterator.forEachRemaining(ArrayList.java:1716)
	at java.base/java.util.stream.AbstractPipeline.copyInto(AbstractPipeline.java:570)
	at java.base/java.util.stream.AbstractPipeline.wrapAndCopyInto(AbstractPipeline.java:560)
	at java.base/java.util.stream.ForEachOps$ForEachOp.evaluateSequential(ForEachOps.java:153)
	at java.base/java.util.stream.ForEachOps$ForEachOp$OfRef.evaluateSequential(ForEachOps.java:176)
	at java.base/java.util.stream.AbstractPipeline.evaluate(AbstractPipeline.java:265)
	at java.base/java.util.stream.ReferencePipeline.forEach(ReferencePipeline.java:632)
	at java.base/java.util.stream.ReferencePipeline$7$1FlatMap.accept(ReferencePipeline.java:293)
	at java.base/java.util.ArrayList$ArrayListSpliterator.forEachRemaining(ArrayList.java:1716)
	at java.base/java.util.stream.AbstractPipeline.copyInto(AbstractPipeline.java:570)
	at java.base/java.util.stream.AbstractPipeline.wrapAndCopyInto(AbstractPipeline.java:560)
	at java.base/java.util.stream.ForEachOps$ForEachOp.evaluateSequential(ForEachOps.java:153)
	at java.base/java.util.stream.ForEachOps$ForEachOp$OfRef.evaluateSequential(ForEachOps.java:176)
	at java.base/java.util.stream.AbstractPipeline.evaluate(AbstractPipeline.java:265)
	at java.base/java.util.stream.ReferencePipeline.forEach(ReferencePipeline.java:632)
	at org.junit.jupiter.engine.descriptor.TestTemplateTestDescriptor.execute(TestTemplateTestDescriptor.java:110)
	at org.junit.jupiter.engine.descriptor.TestTemplateTestDescriptor.execute(TestTemplateTestDescriptor.java:44)
	at org.junit.platform.engine.support.hierarchical.NodeTestTask.lambda$executeRecursively$6(NodeTestTask.java:151)
	at org.junit.platform.engine.support.hierarchical.ThrowableCollector.execute(ThrowableCollector.java:73)
	at org.junit.platform.engine.support.hierarchical.NodeTestTask.lambda$executeRecursively$8(NodeTestTask.java:141)
	at org.junit.platform.engine.support.hierarchical.Node.around(Node.java:137)
	at org.junit.platform.engine.support.hierarchical.NodeTestTask.lambda$executeRecursively$9(NodeTestTask.java:139)
	at org.junit.platform.engine.support.hierarchical.ThrowableCollector.execute(ThrowableCollector.java:73)
	at org.junit.platform.engine.support.hierarchical.NodeTestTask.executeRecursively(NodeTestTask.java:138)
	at org.junit.platform.engine.support.hierarchical.NodeTestTask.execute(NodeTestTask.java:95)
	at org.junit.platform.engine.support.hierarchical.ForkJoinPoolHierarchicalTestExecutorService$ExclusiveTask.compute(ForkJoinPoolHierarchicalTestExecutorService.java:202)
	at org.junit.platform.engine.support.hierarchical.ForkJoinPoolHierarchicalTestExecutorService.executeNonConcurrentTasks(ForkJoinPoolHierarchicalTestExecutorService.java:172)
	at org.junit.platform.engine.support.hierarchical.ForkJoinPoolHierarchicalTestExecutorService.invokeAll(ForkJoinPoolHierarchicalTestExecutorService.java:152)
	at org.junit.platform.engine.support.hierarchical.NodeTestTask.lambda$executeRecursively$6(NodeTestTask.java:155)
	at org.junit.platform.engine.support.hierarchical.ThrowableCollector.execute(ThrowableCollector.java:73)
	at org.junit.platform.engine.support.hierarchical.NodeTestTask.lambda$executeRecursively$8(NodeTestTask.java:141)
	at org.junit.platform.engine.support.hierarchical.Node.around(Node.java:137)
	at org.junit.platform.engine.support.hierarchical.NodeTestTask.lambda$executeRecursively$9(NodeTestTask.java:139)
	at org.junit.platform.engine.support.hierarchical.ThrowableCollector.execute(ThrowableCollector.java:73)
	at org.junit.platform.engine.support.hierarchical.NodeTestTask.executeRecursively(NodeTestTask.java:138)
	at org.junit.platform.engine.support.hierarchical.NodeTestTask.execute(NodeTestTask.java:95)
	at org.junit.platform.engine.support.hierarchical.ForkJoinPoolHierarchicalTestExecutorService$ExclusiveTask.compute(ForkJoinPoolHierarchicalTestExecutorService.java:202)
	at org.junit.platform.engine.support.hierarchical.ForkJoinPoolHierarchicalTestExecutorService.invokeAll(ForkJoinPoolHierarchicalTestExecutorService.java:146)
	at org.junit.platform.engine.support.hierarchical.NodeTestTask.lambda$executeRecursively$6(NodeTestTask.java:155)
	at org.junit.platform.engine.support.hierarchical.ThrowableCollector.execute(ThrowableCollector.java:73)
	at org.junit.platform.engine.support.hierarchical.NodeTestTask.lambda$executeRecursively$8(NodeTestTask.java:141)
	at org.junit.platform.engine.support.hierarchical.Node.around(Node.java:137)
	at org.junit.platform.engine.support.hierarchical.NodeTestTask.lambda$executeRecursively$9(NodeTestTask.java:139)
	at org.junit.platform.engine.support.hierarchical.ThrowableCollector.execute(ThrowableCollector.java:73)
	at org.junit.platform.engine.support.hierarchical.NodeTestTask.executeRecursively(NodeTestTask.java:138)
	at org.junit.platform.engine.support.hierarchical.NodeTestTask.execute(NodeTestTask.java:95)
	at org.junit.platform.engine.support.hierarchical.ForkJoinPoolHierarchicalTestExecutorService$ExclusiveTask.compute(ForkJoinPoolHierarchicalTestExecutorService.java:202)
	at java.base/java.util.concurrent.RecursiveAction.exec(RecursiveAction.java:194)
	at java.base/java.util.concurrent.ForkJoinTask.doExec(ForkJoinTask.java:511)
	at java.base/java.util.concurrent.ForkJoinPool$WorkQueue.topLevelExec(ForkJoinPool.java:1450)
	at java.base/java.util.concurrent.ForkJoinPool.runWorker(ForkJoinPool.java:2019)
	at java.base/java.util.concurrent.ForkJoinWorkerThread.run(ForkJoinWorkerThread.java:187)
Caused by: io.vertx.core.impl.NoStackTraceTimeoutException: The timeout period of 2000ms has been exceeded while executing POST /api/v1/service-connections/connection/validate for server localhost:57892

[ERROR] dev.mars.quorus.controller.http.ControllerDnsBoundaryTest.timeoutRetainsCapacityUntilNativeLookupEndsAndDiscardsLateResult(boolean, Vertx)[2] -- Time elapsed: 2.476 s <<< FAILURE!
java.lang.AssertionError: Future failed
	at dev.mars.quorus.testing.TestFutureUtils.awaitContext(TestFutureUtils.java:125)
	at dev.mars.quorus.testing.TestFutureUtils.awaitSuccess(TestFutureUtils.java:59)
	at dev.mars.quorus.controller.http.ControllerDnsBoundaryTest.timeoutRetainsCapacityUntilNativeLookupEndsAndDiscardsLateResult(ControllerDnsBoundaryTest.java:93)
	at java.base/jdk.internal.reflect.DirectMethodHandleAccessor.invoke(DirectMethodHandleAccessor.java:104)
	at java.base/java.lang.reflect.Method.invoke(Method.java:565)
	at org.junit.platform.commons.util.ReflectionUtils.invokeMethod(ReflectionUtils.java:727)
	at org.junit.jupiter.engine.execution.MethodInvocation.proceed(MethodInvocation.java:60)
	at org.junit.jupiter.engine.execution.InvocationInterceptorChain$ValidatingInvocation.proceed(InvocationInterceptorChain.java:131)
	at io.vertx.junit5.VertxExtension.interceptTestTemplateMethod(VertxExtension.java:154)
	at org.junit.jupiter.engine.execution.InterceptingExecutableInvoker$ReflectiveInterceptorCall.lambda$ofVoidMethod$0(InterceptingExecutableInvoker.java:103)
	at org.junit.jupiter.engine.execution.InterceptingExecutableInvoker.lambda$invoke$0(InterceptingExecutableInvoker.java:93)
	at org.junit.jupiter.engine.execution.InvocationInterceptorChain$InterceptedInvocation.proceed(InvocationInterceptorChain.java:106)
	at org.junit.jupiter.engine.extension.TimeoutExtension.intercept(TimeoutExtension.java:156)
	at org.junit.jupiter.engine.extension.TimeoutExtension.interceptTestableMethod(TimeoutExtension.java:147)
	at org.junit.jupiter.engine.extension.TimeoutExtension.interceptTestTemplateMethod(TimeoutExtension.java:94)
	at org.junit.jupiter.engine.execution.InterceptingExecutableInvoker$ReflectiveInterceptorCall.lambda$ofVoidMethod$0(InterceptingExecutableInvoker.java:103)
	at org.junit.jupiter.engine.execution.InterceptingExecutableInvoker.lambda$invoke$0(InterceptingExecutableInvoker.java:93)
	at org.junit.jupiter.engine.execution.InvocationInterceptorChain$InterceptedInvocation.proceed(InvocationInterceptorChain.java:106)
	at org.junit.jupiter.engine.execution.InvocationInterceptorChain.proceed(InvocationInterceptorChain.java:64)
	at org.junit.jupiter.engine.execution.InvocationInterceptorChain.chainAndInvoke(InvocationInterceptorChain.java:45)
	at org.junit.jupiter.engine.execution.InvocationInterceptorChain.invoke(InvocationInterceptorChain.java:37)
	at org.junit.jupiter.engine.execution.InterceptingExecutableInvoker.invoke(InterceptingExecutableInvoker.java:92)
	at org.junit.jupiter.engine.execution.InterceptingExecutableInvoker.invoke(InterceptingExecutableInvoker.java:86)
	at org.junit.jupiter.engine.descriptor.TestMethodTestDescriptor.lambda$invokeTestMethod$7(TestMethodTestDescriptor.java:217)
	at org.junit.platform.engine.support.hierarchical.ThrowableCollector.execute(ThrowableCollector.java:73)
	at org.junit.jupiter.engine.descriptor.TestMethodTestDescriptor.invokeTestMethod(TestMethodTestDescriptor.java:213)
	at org.junit.jupiter.engine.descriptor.TestMethodTestDescriptor.execute(TestMethodTestDescriptor.java:138)
	at org.junit.jupiter.engine.descriptor.TestMethodTestDescriptor.execute(TestMethodTestDescriptor.java:68)
	at org.junit.platform.engine.support.hierarchical.NodeTestTask.lambda$executeRecursively$6(NodeTestTask.java:151)
	at org.junit.platform.engine.support.hierarchical.ThrowableCollector.execute(ThrowableCollector.java:73)
	at org.junit.platform.engine.support.hierarchical.NodeTestTask.lambda$executeRecursively$8(NodeTestTask.java:141)
	at org.junit.platform.engine.support.hierarchical.Node.around(Node.java:137)
	at org.junit.platform.engine.support.hierarchical.NodeTestTask.lambda$executeRecursively$9(NodeTestTask.java:139)
	at org.junit.platform.engine.support.hierarchical.ThrowableCollector.execute(ThrowableCollector.java:73)
	at org.junit.platform.engine.support.hierarchical.NodeTestTask.executeRecursively(NodeTestTask.java:138)
	at org.junit.platform.engine.support.hierarchical.NodeTestTask.execute(NodeTestTask.java:95)
	at org.junit.platform.engine.support.hierarchical.ForkJoinPoolHierarchicalTestExecutorService$ExclusiveTask.compute(ForkJoinPoolHierarchicalTestExecutorService.java:202)
	at org.junit.platform.engine.support.hierarchical.ForkJoinPoolHierarchicalTestExecutorService.submit(ForkJoinPoolHierarchicalTestExecutorService.java:135)
	at org.junit.platform.engine.support.hierarchical.NodeTestTask$DefaultDynamicTestExecutor.execute(NodeTestTask.java:226)
	at org.junit.platform.engine.support.hierarchical.NodeTestTask$DefaultDynamicTestExecutor.execute(NodeTestTask.java:204)
	at org.junit.jupiter.engine.descriptor.TestTemplateTestDescriptor.execute(TestTemplateTestDescriptor.java:142)
	at org.junit.jupiter.engine.descriptor.TestTemplateTestDescriptor.lambda$execute$2(TestTemplateTestDescriptor.java:110)
	at java.base/java.util.stream.ForEachOps$ForEachOp$OfRef.accept(ForEachOps.java:186)
	at java.base/java.util.stream.ReferencePipeline$3$1.accept(ReferencePipeline.java:214)
	at java.base/java.util.stream.ReferencePipeline$2$1.accept(ReferencePipeline.java:197)
	at java.base/java.util.stream.ReferencePipeline$3$1.accept(ReferencePipeline.java:214)
	at java.base/java.util.stream.ForEachOps$ForEachOp$OfRef.accept(ForEachOps.java:186)
	at java.base/java.util.stream.ReferencePipeline$3$1.accept(ReferencePipeline.java:214)
	at java.base/java.util.stream.ReferencePipeline$3$1.accept(ReferencePipeline.java:214)
	at java.base/java.util.stream.ReferencePipeline$3$1.accept(ReferencePipeline.java:214)
	at java.base/java.util.stream.ForEachOps$ForEachOp$OfRef.accept(ForEachOps.java:186)
	at java.base/java.util.stream.ReferencePipeline$3$1.accept(ReferencePipeline.java:214)
	at java.base/java.util.Spliterators$ArraySpliterator.forEachRemaining(Spliterators.java:1024)
	at java.base/java.util.stream.AbstractPipeline.copyInto(AbstractPipeline.java:570)
	at java.base/java.util.stream.AbstractPipeline.wrapAndCopyInto(AbstractPipeline.java:560)
	at java.base/java.util.stream.ForEachOps$ForEachOp.evaluateSequential(ForEachOps.java:153)
	at java.base/java.util.stream.ForEachOps$ForEachOp$OfRef.evaluateSequential(ForEachOps.java:176)
	at java.base/java.util.stream.AbstractPipeline.evaluate(AbstractPipeline.java:265)
	at java.base/java.util.stream.ReferencePipeline.forEach(ReferencePipeline.java:632)
	at java.base/java.util.stream.ReferencePipeline$7$1FlatMap.accept(ReferencePipeline.java:293)
	at java.base/java.util.stream.ReferencePipeline$3$1.accept(ReferencePipeline.java:214)
	at java.base/java.util.stream.ReferencePipeline$3$1.accept(ReferencePipeline.java:214)
	at java.base/java.util.stream.ReferencePipeline$3$1.accept(ReferencePipeline.java:214)
	at java.base/java.util.ArrayList$ArrayListSpliterator.forEachRemaining(ArrayList.java:1716)
	at java.base/java.util.stream.AbstractPipeline.copyInto(AbstractPipeline.java:570)
	at java.base/java.util.stream.AbstractPipeline.wrapAndCopyInto(AbstractPipeline.java:560)
	at java.base/java.util.stream.ForEachOps$ForEachOp.evaluateSequential(ForEachOps.java:153)
	at java.base/java.util.stream.ForEachOps$ForEachOp$OfRef.evaluateSequential(ForEachOps.java:176)
	at java.base/java.util.stream.AbstractPipeline.evaluate(AbstractPipeline.java:265)
	at java.base/java.util.stream.ReferencePipeline.forEach(ReferencePipeline.java:632)
	at java.base/java.util.stream.ReferencePipeline$7$1FlatMap.accept(ReferencePipeline.java:293)
	at java.base/java.util.ArrayList$ArrayListSpliterator.forEachRemaining(ArrayList.java:1716)
	at java.base/java.util.stream.AbstractPipeline.copyInto(AbstractPipeline.java:570)
	at java.base/java.util.stream.AbstractPipeline.wrapAndCopyInto(AbstractPipeline.java:560)
	at java.base/java.util.stream.ForEachOps$ForEachOp.evaluateSequential(ForEachOps.java:153)
	at java.base/java.util.stream.ForEachOps$ForEachOp$OfRef.evaluateSequential(ForEachOps.java:176)
	at java.base/java.util.stream.AbstractPipeline.evaluate(AbstractPipeline.java:265)
	at java.base/java.util.stream.ReferencePipeline.forEach(ReferencePipeline.java:632)
	at org.junit.jupiter.engine.descriptor.TestTemplateTestDescriptor.execute(TestTemplateTestDescriptor.java:110)
	at org.junit.jupiter.engine.descriptor.TestTemplateTestDescriptor.execute(TestTemplateTestDescriptor.java:44)
	at org.junit.platform.engine.support.hierarchical.NodeTestTask.lambda$executeRecursively$6(NodeTestTask.java:151)
	at org.junit.platform.engine.support.hierarchical.ThrowableCollector.execute(ThrowableCollector.java:73)
	at org.junit.platform.engine.support.hierarchical.NodeTestTask.lambda$executeRecursively$8(NodeTestTask.java:141)
	at org.junit.platform.engine.support.hierarchical.Node.around(Node.java:137)
	at org.junit.platform.engine.support.hierarchical.NodeTestTask.lambda$executeRecursively$9(NodeTestTask.java:139)
	at org.junit.platform.engine.support.hierarchical.ThrowableCollector.execute(ThrowableCollector.java:73)
	at org.junit.platform.engine.support.hierarchical.NodeTestTask.executeRecursively(NodeTestTask.java:138)
	at org.junit.platform.engine.support.hierarchical.NodeTestTask.execute(NodeTestTask.java:95)
	at org.junit.platform.engine.support.hierarchical.ForkJoinPoolHierarchicalTestExecutorService$ExclusiveTask.compute(ForkJoinPoolHierarchicalTestExecutorService.java:202)
	at org.junit.platform.engine.support.hierarchical.ForkJoinPoolHierarchicalTestExecutorService.executeNonConcurrentTasks(ForkJoinPoolHierarchicalTestExecutorService.java:172)
	at org.junit.platform.engine.support.hierarchical.ForkJoinPoolHierarchicalTestExecutorService.invokeAll(ForkJoinPoolHierarchicalTestExecutorService.java:152)
	at org.junit.platform.engine.support.hierarchical.NodeTestTask.lambda$executeRecursively$6(NodeTestTask.java:155)
	at org.junit.platform.engine.support.hierarchical.ThrowableCollector.execute(ThrowableCollector.java:73)
	at org.junit.platform.engine.support.hierarchical.NodeTestTask.lambda$executeRecursively$8(NodeTestTask.java:141)
	at org.junit.platform.engine.support.hierarchical.Node.around(Node.java:137)
	at org.junit.platform.engine.support.hierarchical.NodeTestTask.lambda$executeRecursively$9(NodeTestTask.java:139)
	at org.junit.platform.engine.support.hierarchical.ThrowableCollector.execute(ThrowableCollector.java:73)
	at org.junit.platform.engine.support.hierarchical.NodeTestTask.executeRecursively(NodeTestTask.java:138)
	at org.junit.platform.engine.support.hierarchical.NodeTestTask.execute(NodeTestTask.java:95)
	at org.junit.platform.engine.support.hierarchical.ForkJoinPoolHierarchicalTestExecutorService$ExclusiveTask.compute(ForkJoinPoolHierarchicalTestExecutorService.java:202)
	at org.junit.platform.engine.support.hierarchical.ForkJoinPoolHierarchicalTestExecutorService.invokeAll(ForkJoinPoolHierarchicalTestExecutorService.java:146)
	at org.junit.platform.engine.support.hierarchical.NodeTestTask.lambda$executeRecursively$6(NodeTestTask.java:155)
	at org.junit.platform.engine.support.hierarchical.ThrowableCollector.execute(ThrowableCollector.java:73)
	at org.junit.platform.engine.support.hierarchical.NodeTestTask.lambda$executeRecursively$8(NodeTestTask.java:141)
	at org.junit.platform.engine.support.hierarchical.Node.around(Node.java:137)
	at org.junit.platform.engine.support.hierarchical.NodeTestTask.lambda$executeRecursively$9(NodeTestTask.java:139)
	at org.junit.platform.engine.support.hierarchical.ThrowableCollector.execute(ThrowableCollector.java:73)
	at org.junit.platform.engine.support.hierarchical.NodeTestTask.executeRecursively(NodeTestTask.java:138)
	at org.junit.platform.engine.support.hierarchical.NodeTestTask.execute(NodeTestTask.java:95)
	at org.junit.platform.engine.support.hierarchical.ForkJoinPoolHierarchicalTestExecutorService$ExclusiveTask.compute(ForkJoinPoolHierarchicalTestExecutorService.java:202)
	at java.base/java.util.concurrent.RecursiveAction.exec(RecursiveAction.java:194)
	at java.base/java.util.concurrent.ForkJoinTask.doExec(ForkJoinTask.java:511)
	at java.base/java.util.concurrent.ForkJoinPool$WorkQueue.topLevelExec(ForkJoinPool.java:1450)
	at java.base/java.util.concurrent.ForkJoinPool.runWorker(ForkJoinPool.java:2019)
	at java.base/java.util.concurrent.ForkJoinWorkerThread.run(ForkJoinWorkerThread.java:187)
Caused by: io.vertx.core.impl.NoStackTraceTimeoutException: The timeout period of 2000ms has been exceeded while executing POST /api/v1/transfers for server localhost:57339

[ERROR] dev.mars.quorus.controller.http.ControllerDnsBoundaryTest.slowDnsKeepsHealthResponsiveAndSharesCapacityAcrossRoutes(boolean, Vertx)[1] -- Time elapsed: 0.627 s <<< FAILURE!
org.opentest4j.AssertionFailedError: Both routes must share one DNS capacity limit ==> expected: <503> but was: <201>
	at org.junit.jupiter.api.AssertionFailureBuilder.build(AssertionFailureBuilder.java:151)
	at org.junit.jupiter.api.AssertionFailureBuilder.buildAndThrow(AssertionFailureBuilder.java:132)
	at org.junit.jupiter.api.AssertEquals.failNotEqual(AssertEquals.java:197)
	at org.junit.jupiter.api.AssertEquals.assertEquals(AssertEquals.java:150)
	at org.junit.jupiter.api.Assertions.assertEquals(Assertions.java:560)
	at dev.mars.quorus.controller.http.ControllerDnsBoundaryTest.slowDnsKeepsHealthResponsiveAndSharesCapacityAcrossRoutes(ControllerDnsBoundaryTest.java:75)
	at java.base/jdk.internal.reflect.DirectMethodHandleAccessor.invoke(DirectMethodHandleAccessor.java:104)
	at java.base/java.lang.reflect.Method.invoke(Method.java:565)
	at org.junit.platform.commons.util.ReflectionUtils.invokeMethod(ReflectionUtils.java:727)
	at org.junit.jupiter.engine.execution.MethodInvocation.proceed(MethodInvocation.java:60)
	at org.junit.jupiter.engine.execution.InvocationInterceptorChain$ValidatingInvocation.proceed(InvocationInterceptorChain.java:131)
	at io.vertx.junit5.VertxExtension.interceptTestTemplateMethod(VertxExtension.java:154)
	at org.junit.jupiter.engine.execution.InterceptingExecutableInvoker$ReflectiveInterceptorCall.lambda$ofVoidMethod$0(InterceptingExecutableInvoker.java:103)
	at org.junit.jupiter.engine.execution.InterceptingExecutableInvoker.lambda$invoke$0(InterceptingExecutableInvoker.java:93)
	at org.junit.jupiter.engine.execution.InvocationInterceptorChain$InterceptedInvocation.proceed(InvocationInterceptorChain.java:106)
	at org.junit.jupiter.engine.extension.TimeoutExtension.intercept(TimeoutExtension.java:156)
	at org.junit.jupiter.engine.extension.TimeoutExtension.interceptTestableMethod(TimeoutExtension.java:147)
	at org.junit.jupiter.engine.extension.TimeoutExtension.interceptTestTemplateMethod(TimeoutExtension.java:94)
	at org.junit.jupiter.engine.execution.InterceptingExecutableInvoker$ReflectiveInterceptorCall.lambda$ofVoidMethod$0(InterceptingExecutableInvoker.java:103)
	at org.junit.jupiter.engine.execution.InterceptingExecutableInvoker.lambda$invoke$0(InterceptingExecutableInvoker.java:93)
	at org.junit.jupiter.engine.execution.InvocationInterceptorChain$InterceptedInvocation.proceed(InvocationInterceptorChain.java:106)
	at org.junit.jupiter.engine.execution.InvocationInterceptorChain.proceed(InvocationInterceptorChain.java:64)
	at org.junit.jupiter.engine.execution.InvocationInterceptorChain.chainAndInvoke(InvocationInterceptorChain.java:45)
	at org.junit.jupiter.engine.execution.InvocationInterceptorChain.invoke(InvocationInterceptorChain.java:37)
	at org.junit.jupiter.engine.execution.InterceptingExecutableInvoker.invoke(InterceptingExecutableInvoker.java:92)
	at org.junit.jupiter.engine.execution.InterceptingExecutableInvoker.invoke(InterceptingExecutableInvoker.java:86)
	at org.junit.jupiter.engine.descriptor.TestMethodTestDescriptor.lambda$invokeTestMethod$7(TestMethodTestDescriptor.java:217)
	at org.junit.platform.engine.support.hierarchical.ThrowableCollector.execute(ThrowableCollector.java:73)
	at org.junit.jupiter.engine.descriptor.TestMethodTestDescriptor.invokeTestMethod(TestMethodTestDescriptor.java:213)
	at org.junit.jupiter.engine.descriptor.TestMethodTestDescriptor.execute(TestMethodTestDescriptor.java:138)
	at org.junit.jupiter.engine.descriptor.TestMethodTestDescriptor.execute(TestMethodTestDescriptor.java:68)
	at org.junit.platform.engine.support.hierarchical.NodeTestTask.lambda$executeRecursively$6(NodeTestTask.java:151)
	at org.junit.platform.engine.support.hierarchical.ThrowableCollector.execute(ThrowableCollector.java:73)
	at org.junit.platform.engine.support.hierarchical.NodeTestTask.lambda$executeRecursively$8(NodeTestTask.java:141)
	at org.junit.platform.engine.support.hierarchical.Node.around(Node.java:137)
	at org.junit.platform.engine.support.hierarchical.NodeTestTask.lambda$executeRecursively$9(NodeTestTask.java:139)
	at org.junit.platform.engine.support.hierarchical.ThrowableCollector.execute(ThrowableCollector.java:73)
	at org.junit.platform.engine.support.hierarchical.NodeTestTask.executeRecursively(NodeTestTask.java:138)
	at org.junit.platform.engine.support.hierarchical.NodeTestTask.execute(NodeTestTask.java:95)
	at org.junit.platform.engine.support.hierarchical.ForkJoinPoolHierarchicalTestExecutorService$ExclusiveTask.compute(ForkJoinPoolHierarchicalTestExecutorService.java:202)
	at org.junit.platform.engine.support.hierarchical.ForkJoinPoolHierarchicalTestExecutorService.submit(ForkJoinPoolHierarchicalTestExecutorService.java:135)
	at org.junit.platform.engine.support.hierarchical.NodeTestTask$DefaultDynamicTestExecutor.execute(NodeTestTask.java:226)
	at org.junit.platform.engine.support.hierarchical.NodeTestTask$DefaultDynamicTestExecutor.execute(NodeTestTask.java:204)
	at org.junit.jupiter.engine.descriptor.TestTemplateTestDescriptor.execute(TestTemplateTestDescriptor.java:142)
	at org.junit.jupiter.engine.descriptor.TestTemplateTestDescriptor.lambda$execute$2(TestTemplateTestDescriptor.java:110)
	at java.base/java.util.stream.ForEachOps$ForEachOp$OfRef.accept(ForEachOps.java:186)
	at java.base/java.util.stream.ReferencePipeline$3$1.accept(ReferencePipeline.java:214)
	at java.base/java.util.stream.ReferencePipeline$2$1.accept(ReferencePipeline.java:197)
	at java.base/java.util.stream.ReferencePipeline$3$1.accept(ReferencePipeline.java:214)
	at java.base/java.util.stream.ForEachOps$ForEachOp$OfRef.accept(ForEachOps.java:186)
	at java.base/java.util.stream.ReferencePipeline$3$1.accept(ReferencePipeline.java:214)
	at java.base/java.util.stream.ReferencePipeline$3$1.accept(ReferencePipeline.java:214)
	at java.base/java.util.stream.ReferencePipeline$3$1.accept(ReferencePipeline.java:214)
	at java.base/java.util.stream.ForEachOps$ForEachOp$OfRef.accept(ForEachOps.java:186)
	at java.base/java.util.stream.ReferencePipeline$3$1.accept(ReferencePipeline.java:214)
	at java.base/java.util.Spliterators$ArraySpliterator.forEachRemaining(Spliterators.java:1024)
	at java.base/java.util.stream.AbstractPipeline.copyInto(AbstractPipeline.java:570)
	at java.base/java.util.stream.AbstractPipeline.wrapAndCopyInto(AbstractPipeline.java:560)
	at java.base/java.util.stream.ForEachOps$ForEachOp.evaluateSequential(ForEachOps.java:153)
	at java.base/java.util.stream.ForEachOps$ForEachOp$OfRef.evaluateSequential(ForEachOps.java:176)
	at java.base/java.util.stream.AbstractPipeline.evaluate(AbstractPipeline.java:265)
	at java.base/java.util.stream.ReferencePipeline.forEach(ReferencePipeline.java:632)
	at java.base/java.util.stream.ReferencePipeline$7$1FlatMap.accept(ReferencePipeline.java:293)
	at java.base/java.util.stream.ReferencePipeline$3$1.accept(ReferencePipeline.java:214)
	at java.base/java.util.stream.ReferencePipeline$3$1.accept(ReferencePipeline.java:214)
	at java.base/java.util.stream.ReferencePipeline$3$1.accept(ReferencePipeline.java:214)
	at java.base/java.util.ArrayList$ArrayListSpliterator.forEachRemaining(ArrayList.java:1716)
	at java.base/java.util.stream.AbstractPipeline.copyInto(AbstractPipeline.java:570)
	at java.base/java.util.stream.AbstractPipeline.wrapAndCopyInto(AbstractPipeline.java:560)
	at java.base/java.util.stream.ForEachOps$ForEachOp.evaluateSequential(ForEachOps.java:153)
	at java.base/java.util.stream.ForEachOps$ForEachOp$OfRef.evaluateSequential(ForEachOps.java:176)
	at java.base/java.util.stream.AbstractPipeline.evaluate(AbstractPipeline.java:265)
	at java.base/java.util.stream.ReferencePipeline.forEach(ReferencePipeline.java:632)
	at java.base/java.util.stream.ReferencePipeline$7$1FlatMap.accept(ReferencePipeline.java:293)
	at java.base/java.util.ArrayList$ArrayListSpliterator.forEachRemaining(ArrayList.java:1716)
	at java.base/java.util.stream.AbstractPipeline.copyInto(AbstractPipeline.java:570)
	at java.base/java.util.stream.AbstractPipeline.wrapAndCopyInto(AbstractPipeline.java:560)
	at java.base/java.util.stream.ForEachOps$ForEachOp.evaluateSequential(ForEachOps.java:153)
	at java.base/java.util.stream.ForEachOps$ForEachOp$OfRef.evaluateSequential(ForEachOps.java:176)
	at java.base/java.util.stream.AbstractPipeline.evaluate(AbstractPipeline.java:265)
	at java.base/java.util.stream.ReferencePipeline.forEach(ReferencePipeline.java:632)
	at org.junit.jupiter.engine.descriptor.TestTemplateTestDescriptor.execute(TestTemplateTestDescriptor.java:110)
	at org.junit.jupiter.engine.descriptor.TestTemplateTestDescriptor.execute(TestTemplateTestDescriptor.java:44)
	at org.junit.platform.engine.support.hierarchical.NodeTestTask.lambda$executeRecursively$6(NodeTestTask.java:151)
	at org.junit.platform.engine.support.hierarchical.ThrowableCollector.execute(ThrowableCollector.java:73)
	at org.junit.platform.engine.support.hierarchical.NodeTestTask.lambda$executeRecursively$8(NodeTestTask.java:141)
	at org.junit.platform.engine.support.hierarchical.Node.around(Node.java:137)
	at org.junit.platform.engine.support.hierarchical.NodeTestTask.lambda$executeRecursively$9(NodeTestTask.java:139)
	at org.junit.platform.engine.support.hierarchical.ThrowableCollector.execute(ThrowableCollector.java:73)
	at org.junit.platform.engine.support.hierarchical.NodeTestTask.executeRecursively(NodeTestTask.java:138)
	at org.junit.platform.engine.support.hierarchical.NodeTestTask.execute(NodeTestTask.java:95)
	at org.junit.platform.engine.support.hierarchical.ForkJoinPoolHierarchicalTestExecutorService$ExclusiveTask.compute(ForkJoinPoolHierarchicalTestExecutorService.java:202)
	at org.junit.platform.engine.support.hierarchical.ForkJoinPoolHierarchicalTestExecutorService.executeNonConcurrentTasks(ForkJoinPoolHierarchicalTestExecutorService.java:172)
	at org.junit.platform.engine.support.hierarchical.ForkJoinPoolHierarchicalTestExecutorService.invokeAll(ForkJoinPoolHierarchicalTestExecutorService.java:152)
	at org.junit.platform.engine.support.hierarchical.NodeTestTask.lambda$executeRecursively$6(NodeTestTask.java:155)
	at org.junit.platform.engine.support.hierarchical.ThrowableCollector.execute(ThrowableCollector.java:73)
	at org.junit.platform.engine.support.hierarchical.NodeTestTask.lambda$executeRecursively$8(NodeTestTask.java:141)
	at org.junit.platform.engine.support.hierarchical.Node.around(Node.java:137)
	at org.junit.platform.engine.support.hierarchical.NodeTestTask.lambda$executeRecursively$9(NodeTestTask.java:139)
	at org.junit.platform.engine.support.hierarchical.ThrowableCollector.execute(ThrowableCollector.java:73)
	at org.junit.platform.engine.support.hierarchical.NodeTestTask.executeRecursively(NodeTestTask.java:138)
	at org.junit.platform.engine.support.hierarchical.NodeTestTask.execute(NodeTestTask.java:95)
	at org.junit.platform.engine.support.hierarchical.ForkJoinPoolHierarchicalTestExecutorService$ExclusiveTask.compute(ForkJoinPoolHierarchicalTestExecutorService.java:202)
	at org.junit.platform.engine.support.hierarchical.ForkJoinPoolHierarchicalTestExecutorService.invokeAll(ForkJoinPoolHierarchicalTestExecutorService.java:146)
	at org.junit.platform.engine.support.hierarchical.NodeTestTask.lambda$executeRecursively$6(NodeTestTask.java:155)
	at org.junit.platform.engine.support.hierarchical.ThrowableCollector.execute(ThrowableCollector.java:73)
	at org.junit.platform.engine.support.hierarchical.NodeTestTask.lambda$executeRecursively$8(NodeTestTask.java:141)
	at org.junit.platform.engine.support.hierarchical.Node.around(Node.java:137)
	at org.junit.platform.engine.support.hierarchical.NodeTestTask.lambda$executeRecursively$9(NodeTestTask.java:139)
	at org.junit.platform.engine.support.hierarchical.ThrowableCollector.execute(ThrowableCollector.java:73)
	at org.junit.platform.engine.support.hierarchical.NodeTestTask.executeRecursively(NodeTestTask.java:138)
	at org.junit.platform.engine.support.hierarchical.NodeTestTask.execute(NodeTestTask.java:95)
	at org.junit.platform.engine.support.hierarchical.ForkJoinPoolHierarchicalTestExecutorService$ExclusiveTask.compute(ForkJoinPoolHierarchicalTestExecutorService.java:202)
	at java.base/java.util.concurrent.RecursiveAction.exec(RecursiveAction.java:194)
	at java.base/java.util.concurrent.ForkJoinTask.doExec(ForkJoinTask.java:511)
	at java.base/java.util.concurrent.ForkJoinPool$WorkQueue.topLevelExec(ForkJoinPool.java:1450)
	at java.base/java.util.concurrent.ForkJoinPool.runWorker(ForkJoinPool.java:2019)
	at java.base/java.util.concurrent.ForkJoinWorkerThread.run(ForkJoinWorkerThread.java:187)

[ERROR] dev.mars.quorus.controller.http.ControllerDnsBoundaryTest.slowDnsKeepsHealthResponsiveAndSharesCapacityAcrossRoutes(boolean, Vertx)[2] -- Time elapsed: 0.413 s <<< FAILURE!
org.opentest4j.AssertionFailedError: Both routes must share one DNS capacity limit ==> expected: <503> but was: <200>
	at org.junit.jupiter.api.AssertionFailureBuilder.build(AssertionFailureBuilder.java:151)
	at org.junit.jupiter.api.AssertionFailureBuilder.buildAndThrow(AssertionFailureBuilder.java:132)
	at org.junit.jupiter.api.AssertEquals.failNotEqual(AssertEquals.java:197)
	at org.junit.jupiter.api.AssertEquals.assertEquals(AssertEquals.java:150)
	at org.junit.jupiter.api.Assertions.assertEquals(Assertions.java:560)
	at dev.mars.quorus.controller.http.ControllerDnsBoundaryTest.slowDnsKeepsHealthResponsiveAndSharesCapacityAcrossRoutes(ControllerDnsBoundaryTest.java:75)
	at java.base/jdk.internal.reflect.DirectMethodHandleAccessor.invoke(DirectMethodHandleAccessor.java:104)
	at java.base/java.lang.reflect.Method.invoke(Method.java:565)
	at org.junit.platform.commons.util.ReflectionUtils.invokeMethod(ReflectionUtils.java:727)
	at org.junit.jupiter.engine.execution.MethodInvocation.proceed(MethodInvocation.java:60)
	at org.junit.jupiter.engine.execution.InvocationInterceptorChain$ValidatingInvocation.proceed(InvocationInterceptorChain.java:131)
	at io.vertx.junit5.VertxExtension.interceptTestTemplateMethod(VertxExtension.java:154)
	at org.junit.jupiter.engine.execution.InterceptingExecutableInvoker$ReflectiveInterceptorCall.lambda$ofVoidMethod$0(InterceptingExecutableInvoker.java:103)
	at org.junit.jupiter.engine.execution.InterceptingExecutableInvoker.lambda$invoke$0(InterceptingExecutableInvoker.java:93)
	at org.junit.jupiter.engine.execution.InvocationInterceptorChain$InterceptedInvocation.proceed(InvocationInterceptorChain.java:106)
	at org.junit.jupiter.engine.extension.TimeoutExtension.intercept(TimeoutExtension.java:156)
	at org.junit.jupiter.engine.extension.TimeoutExtension.interceptTestableMethod(TimeoutExtension.java:147)
	at org.junit.jupiter.engine.extension.TimeoutExtension.interceptTestTemplateMethod(TimeoutExtension.java:94)
	at org.junit.jupiter.engine.execution.InterceptingExecutableInvoker$ReflectiveInterceptorCall.lambda$ofVoidMethod$0(InterceptingExecutableInvoker.java:103)
	at org.junit.jupiter.engine.execution.InterceptingExecutableInvoker.lambda$invoke$0(InterceptingExecutableInvoker.java:93)
	at org.junit.jupiter.engine.execution.InvocationInterceptorChain$InterceptedInvocation.proceed(InvocationInterceptorChain.java:106)
	at org.junit.jupiter.engine.execution.InvocationInterceptorChain.proceed(InvocationInterceptorChain.java:64)
	at org.junit.jupiter.engine.execution.InvocationInterceptorChain.chainAndInvoke(InvocationInterceptorChain.java:45)
	at org.junit.jupiter.engine.execution.InvocationInterceptorChain.invoke(InvocationInterceptorChain.java:37)
	at org.junit.jupiter.engine.execution.InterceptingExecutableInvoker.invoke(InterceptingExecutableInvoker.java:92)
	at org.junit.jupiter.engine.execution.InterceptingExecutableInvoker.invoke(InterceptingExecutableInvoker.java:86)
	at org.junit.jupiter.engine.descriptor.TestMethodTestDescriptor.lambda$invokeTestMethod$7(TestMethodTestDescriptor.java:217)
	at org.junit.platform.engine.support.hierarchical.ThrowableCollector.execute(ThrowableCollector.java:73)
	at org.junit.jupiter.engine.descriptor.TestMethodTestDescriptor.invokeTestMethod(TestMethodTestDescriptor.java:213)
	at org.junit.jupiter.engine.descriptor.TestMethodTestDescriptor.execute(TestMethodTestDescriptor.java:138)
	at org.junit.jupiter.engine.descriptor.TestMethodTestDescriptor.execute(TestMethodTestDescriptor.java:68)
	at org.junit.platform.engine.support.hierarchical.NodeTestTask.lambda$executeRecursively$6(NodeTestTask.java:151)
	at org.junit.platform.engine.support.hierarchical.ThrowableCollector.execute(ThrowableCollector.java:73)
	at org.junit.platform.engine.support.hierarchical.NodeTestTask.lambda$executeRecursively$8(NodeTestTask.java:141)
	at org.junit.platform.engine.support.hierarchical.Node.around(Node.java:137)
	at org.junit.platform.engine.support.hierarchical.NodeTestTask.lambda$executeRecursively$9(NodeTestTask.java:139)
	at org.junit.platform.engine.support.hierarchical.ThrowableCollector.execute(ThrowableCollector.java:73)
	at org.junit.platform.engine.support.hierarchical.NodeTestTask.executeRecursively(NodeTestTask.java:138)
	at org.junit.platform.engine.support.hierarchical.NodeTestTask.execute(NodeTestTask.java:95)
	at org.junit.platform.engine.support.hierarchical.ForkJoinPoolHierarchicalTestExecutorService$ExclusiveTask.compute(ForkJoinPoolHierarchicalTestExecutorService.java:202)
	at org.junit.platform.engine.support.hierarchical.ForkJoinPoolHierarchicalTestExecutorService.submit(ForkJoinPoolHierarchicalTestExecutorService.java:135)
	at org.junit.platform.engine.support.hierarchical.NodeTestTask$DefaultDynamicTestExecutor.execute(NodeTestTask.java:226)
	at org.junit.platform.engine.support.hierarchical.NodeTestTask$DefaultDynamicTestExecutor.execute(NodeTestTask.java:204)
	at org.junit.jupiter.engine.descriptor.TestTemplateTestDescriptor.execute(TestTemplateTestDescriptor.java:142)
	at org.junit.jupiter.engine.descriptor.TestTemplateTestDescriptor.lambda$execute$2(TestTemplateTestDescriptor.java:110)
	at java.base/java.util.stream.ForEachOps$ForEachOp$OfRef.accept(ForEachOps.java:186)
	at java.base/java.util.stream.ReferencePipeline$3$1.accept(ReferencePipeline.java:214)
	at java.base/java.util.stream.ReferencePipeline$2$1.accept(ReferencePipeline.java:197)
	at java.base/java.util.stream.ReferencePipeline$3$1.accept(ReferencePipeline.java:214)
	at java.base/java.util.stream.ForEachOps$ForEachOp$OfRef.accept(ForEachOps.java:186)
	at java.base/java.util.stream.ReferencePipeline$3$1.accept(ReferencePipeline.java:214)
	at java.base/java.util.stream.ReferencePipeline$3$1.accept(ReferencePipeline.java:214)
	at java.base/java.util.stream.ReferencePipeline$3$1.accept(ReferencePipeline.java:214)
	at java.base/java.util.stream.ForEachOps$ForEachOp$OfRef.accept(ForEachOps.java:186)
	at java.base/java.util.stream.ReferencePipeline$3$1.accept(ReferencePipeline.java:214)
	at java.base/java.util.Spliterators$ArraySpliterator.forEachRemaining(Spliterators.java:1024)
	at java.base/java.util.stream.AbstractPipeline.copyInto(AbstractPipeline.java:570)
	at java.base/java.util.stream.AbstractPipeline.wrapAndCopyInto(AbstractPipeline.java:560)
	at java.base/java.util.stream.ForEachOps$ForEachOp.evaluateSequential(ForEachOps.java:153)
	at java.base/java.util.stream.ForEachOps$ForEachOp$OfRef.evaluateSequential(ForEachOps.java:176)
	at java.base/java.util.stream.AbstractPipeline.evaluate(AbstractPipeline.java:265)
	at java.base/java.util.stream.ReferencePipeline.forEach(ReferencePipeline.java:632)
	at java.base/java.util.stream.ReferencePipeline$7$1FlatMap.accept(ReferencePipeline.java:293)
	at java.base/java.util.stream.ReferencePipeline$3$1.accept(ReferencePipeline.java:214)
	at java.base/java.util.stream.ReferencePipeline$3$1.accept(ReferencePipeline.java:214)
	at java.base/java.util.stream.ReferencePipeline$3$1.accept(ReferencePipeline.java:214)
	at java.base/java.util.ArrayList$ArrayListSpliterator.forEachRemaining(ArrayList.java:1716)
	at java.base/java.util.stream.AbstractPipeline.copyInto(AbstractPipeline.java:570)
	at java.base/java.util.stream.AbstractPipeline.wrapAndCopyInto(AbstractPipeline.java:560)
	at java.base/java.util.stream.ForEachOps$ForEachOp.evaluateSequential(ForEachOps.java:153)
	at java.base/java.util.stream.ForEachOps$ForEachOp$OfRef.evaluateSequential(ForEachOps.java:176)
	at java.base/java.util.stream.AbstractPipeline.evaluate(AbstractPipeline.java:265)
	at java.base/java.util.stream.ReferencePipeline.forEach(ReferencePipeline.java:632)
	at java.base/java.util.stream.ReferencePipeline$7$1FlatMap.accept(ReferencePipeline.java:293)
	at java.base/java.util.ArrayList$ArrayListSpliterator.forEachRemaining(ArrayList.java:1716)
	at java.base/java.util.stream.AbstractPipeline.copyInto(AbstractPipeline.java:570)
	at java.base/java.util.stream.AbstractPipeline.wrapAndCopyInto(AbstractPipeline.java:560)
	at java.base/java.util.stream.ForEachOps$ForEachOp.evaluateSequential(ForEachOps.java:153)
	at java.base/java.util.stream.ForEachOps$ForEachOp$OfRef.evaluateSequential(ForEachOps.java:176)
	at java.base/java.util.stream.AbstractPipeline.evaluate(AbstractPipeline.java:265)
	at java.base/java.util.stream.ReferencePipeline.forEach(ReferencePipeline.java:632)
	at org.junit.jupiter.engine.descriptor.TestTemplateTestDescriptor.execute(TestTemplateTestDescriptor.java:110)
	at org.junit.jupiter.engine.descriptor.TestTemplateTestDescriptor.execute(TestTemplateTestDescriptor.java:44)
	at org.junit.platform.engine.support.hierarchical.NodeTestTask.lambda$executeRecursively$6(NodeTestTask.java:151)
	at org.junit.platform.engine.support.hierarchical.ThrowableCollector.execute(ThrowableCollector.java:73)
	at org.junit.platform.engine.support.hierarchical.NodeTestTask.lambda$executeRecursively$8(NodeTestTask.java:141)
	at org.junit.platform.engine.support.hierarchical.Node.around(Node.java:137)
	at org.junit.platform.engine.support.hierarchical.NodeTestTask.lambda$executeRecursively$9(NodeTestTask.java:139)
	at org.junit.platform.engine.support.hierarchical.ThrowableCollector.execute(ThrowableCollector.java:73)
	at org.junit.platform.engine.support.hierarchical.NodeTestTask.executeRecursively(NodeTestTask.java:138)
	at org.junit.platform.engine.support.hierarchical.NodeTestTask.execute(NodeTestTask.java:95)
	at org.junit.platform.engine.support.hierarchical.ForkJoinPoolHierarchicalTestExecutorService$ExclusiveTask.compute(ForkJoinPoolHierarchicalTestExecutorService.java:202)
	at org.junit.platform.engine.support.hierarchical.ForkJoinPoolHierarchicalTestExecutorService.executeNonConcurrentTasks(ForkJoinPoolHierarchicalTestExecutorService.java:172)
	at org.junit.platform.engine.support.hierarchical.ForkJoinPoolHierarchicalTestExecutorService.invokeAll(ForkJoinPoolHierarchicalTestExecutorService.java:152)
	at org.junit.platform.engine.support.hierarchical.NodeTestTask.lambda$executeRecursively$6(NodeTestTask.java:155)
	at org.junit.platform.engine.support.hierarchical.ThrowableCollector.execute(ThrowableCollector.java:73)
	at org.junit.platform.engine.support.hierarchical.NodeTestTask.lambda$executeRecursively$8(NodeTestTask.java:141)
	at org.junit.platform.engine.support.hierarchical.Node.around(Node.java:137)
	at org.junit.platform.engine.support.hierarchical.NodeTestTask.lambda$executeRecursively$9(NodeTestTask.java:139)
	at org.junit.platform.engine.support.hierarchical.ThrowableCollector.execute(ThrowableCollector.java:73)
	at org.junit.platform.engine.support.hierarchical.NodeTestTask.executeRecursively(NodeTestTask.java:138)
	at org.junit.platform.engine.support.hierarchical.NodeTestTask.execute(NodeTestTask.java:95)
	at org.junit.platform.engine.support.hierarchical.ForkJoinPoolHierarchicalTestExecutorService$ExclusiveTask.compute(ForkJoinPoolHierarchicalTestExecutorService.java:202)
	at org.junit.platform.engine.support.hierarchical.ForkJoinPoolHierarchicalTestExecutorService.invokeAll(ForkJoinPoolHierarchicalTestExecutorService.java:146)
	at org.junit.platform.engine.support.hierarchical.NodeTestTask.lambda$executeRecursively$6(NodeTestTask.java:155)
	at org.junit.platform.engine.support.hierarchical.ThrowableCollector.execute(ThrowableCollector.java:73)
	at org.junit.platform.engine.support.hierarchical.NodeTestTask.lambda$executeRecursively$8(NodeTestTask.java:141)
	at org.junit.platform.engine.support.hierarchical.Node.around(Node.java:137)
	at org.junit.platform.engine.support.hierarchical.NodeTestTask.lambda$executeRecursively$9(NodeTestTask.java:139)
	at org.junit.platform.engine.support.hierarchical.ThrowableCollector.execute(ThrowableCollector.java:73)
	at org.junit.platform.engine.support.hierarchical.NodeTestTask.executeRecursively(NodeTestTask.java:138)
	at org.junit.platform.engine.support.hierarchical.NodeTestTask.execute(NodeTestTask.java:95)
	at org.junit.platform.engine.support.hierarchical.ForkJoinPoolHierarchicalTestExecutorService$ExclusiveTask.compute(ForkJoinPoolHierarchicalTestExecutorService.java:202)
	at java.base/java.util.concurrent.RecursiveAction.exec(RecursiveAction.java:194)
	at java.base/java.util.concurrent.ForkJoinTask.doExec(ForkJoinTask.java:511)
	at java.base/java.util.concurrent.ForkJoinPool$WorkQueue.topLevelExec(ForkJoinPool.java:1450)
	at java.base/java.util.concurrent.ForkJoinPool.runWorker(ForkJoinPool.java:2019)
	at java.base/java.util.concurrent.ForkJoinWorkerThread.run(ForkJoinWorkerThread.java:187)

[INFO] 
[INFO] Results:
[INFO] 
[ERROR] Failures: 
[ERROR]   ControllerDnsBoundaryTest.slowDnsKeepsHealthResponsiveAndSharesCapacityAcrossRoutes:75 Both routes must share one DNS capacity limit ==> expected: <503> but was: <201>
[ERROR]   ControllerDnsBoundaryTest.slowDnsKeepsHealthResponsiveAndSharesCapacityAcrossRoutes:75 Both routes must share one DNS capacity limit ==> expected: <503> but was: <200>
[ERROR]   ControllerDnsBoundaryTest.timeoutRetainsCapacityUntilNativeLookupEndsAndDiscardsLateResult:93 Future failed
[ERROR]   ControllerDnsBoundaryTest.timeoutRetainsCapacityUntilNativeLookupEndsAndDiscardsLateResult:93 Future failed
[INFO] 
[ERROR] Tests run: 6, Failures: 4, Errors: 0, Skipped: 0
[INFO] 
[INFO] ------------------------------------------------------------------------
[INFO] Reactor Summary for Quorus File Transfer System 1.0-SNAPSHOT:
[INFO] 
[INFO] Quorus File Transfer System ........................ SUCCESS [  0.354 s]
[INFO] Quorus Core ........................................ SUCCESS [  1.973 s]
[INFO] Quorus Workflow Engine ............................. SUCCESS [  0.354 s]
[INFO] Quorus Tenant Management ........................... SUCCESS [  0.242 s]
[INFO] Quorus Distributed Controller ...................... FAILURE [ 13.277 s]
[INFO] ------------------------------------------------------------------------
[INFO] BUILD FAILURE
[INFO] ------------------------------------------------------------------------
[INFO] Total time:  16.424 s
[INFO] Finished at: 2026-09-05T18:35:29+08:00
[INFO] ------------------------------------------------------------------------
[ERROR] Failed to execute goal org.apache.maven.plugins:maven-surefire-plugin:3.2.2:test (default-test) on project quorus-controller: There are test failures.
[ERROR] 
[ERROR] Please refer to C:\Users\mraysmit\dev\idea-projects\quorus\quorus-controller\target\surefire-reports for the individual test results.
[ERROR] Please refer to dump files (if any exist) [date].dump, [date]-jvmRun[N].dump and [date].dumpstream.
[ERROR] -> [Help 1]
[ERROR] 
[ERROR] To see the full stack trace of the errors, re-run Maven with the -e switch.
[ERROR] Re-run Maven using the -X switch to enable full debug logging.
[ERROR] 
[ERROR] For more information about the errors and possible solutions, please read the following articles:
[ERROR] [Help 1] http://cwiki.apache.org/confluence/display/MAVEN/MojoFailureException
[ERROR] 
[ERROR] After correcting the problems, you can resume the build with the command
[ERROR]   mvn <args> -rf :quorus-controller
