WARNING: A terminally deprecated method in sun.misc.Unsafe has been called
WARNING: sun.misc.Unsafe::staticFieldBase has been called by com.google.inject.internal.aop.HiddenClassDefiner (file:/C:/Users/mraysmit/scoop/apps/maven/current/lib/guice-5.1.0-classes.jar)
WARNING: Please consider reporting this to the maintainers of class com.google.inject.internal.aop.HiddenClassDefiner
WARNING: sun.misc.Unsafe::staticFieldBase will be removed in a future release
[INFO] Scanning for projects...
[INFO] ------------------------------------------------------------------------
[INFO] Reactor Build Order:
[INFO] 
[INFO] Quorus File Transfer System                                        [pom]
[INFO] Quorus Core                                                        [jar]
[INFO] Quorus Workflow Engine                                             [jar]
[INFO] Quorus Tenant Management                                           [jar]
[INFO] Quorus Distributed Controller                                      [jar]
[INFO] 
[INFO] --------------------------< dev.mars:quorus >---------------------------
[INFO] Building Quorus File Transfer System 1.0-SNAPSHOT                  [1/5]
[INFO]   from pom.xml
[INFO] --------------------------------[ pom ]---------------------------------
[INFO] 
[INFO] --- jacoco:0.8.15:prepare-agent (prepare-agent) @ quorus ---
[INFO] argLine set to -javaagent:C:\\Users\\mraysmit\\.m2\\repository\\org\\jacoco\\org.jacoco.agent\\0.8.15\\org.jacoco.agent-0.8.15-runtime.jar=destfile=C:\\Users\\mraysmit\\dev\\idea-projects\\quorus\\target\\jacoco.exec,excludes=sun/**:jdk/**:java/**:com/sun/**:org/jcp/**
[INFO] 
[INFO] --- jacoco:0.8.15:report (report) @ quorus ---
[INFO] Skipping JaCoCo execution due to missing execution data file.
[INFO] 
[INFO] ------------------------< dev.mars:quorus-core >------------------------
[INFO] Building Quorus Core 1.0-SNAPSHOT                                  [2/5]
[INFO]   from quorus-core\pom.xml
[INFO] --------------------------------[ jar ]---------------------------------
[INFO] 
[INFO] --- jacoco:0.8.15:prepare-agent (prepare-agent) @ quorus-core ---
[INFO] argLine set to -javaagent:C:\\Users\\mraysmit\\.m2\\repository\\org\\jacoco\\org.jacoco.agent\\0.8.15\\org.jacoco.agent-0.8.15-runtime.jar=destfile=C:\\Users\\mraysmit\\dev\\idea-projects\\quorus\\quorus-core\\target\\jacoco.exec,excludes=sun/**:jdk/**:java/**:com/sun/**:org/jcp/**
[INFO] 
[INFO] --- resources:3.3.1:resources (default-resources) @ quorus-core ---
[INFO] Copying 1 resource from src\main\resources to target\classes
[INFO] 
[INFO] --- compiler:3.13.0:compile (default-compile) @ quorus-core ---
[INFO] Nothing to compile - all classes are up to date.
[INFO] 
[INFO] --- resources:3.3.1:testResources (default-testResources) @ quorus-core ---
[INFO] Copying 11 resources from src\test\resources to target\test-classes
[INFO] 
[INFO] --- compiler:3.13.0:testCompile (default-testCompile) @ quorus-core ---
[INFO] Nothing to compile - all classes are up to date.
[INFO] 
[INFO] --- surefire:3.2.2:test (default-test) @ quorus-core ---
[INFO] 
[INFO] --- jacoco:0.8.15:report (report) @ quorus-core ---
[INFO] Loading execution data file C:\Users\mraysmit\dev\idea-projects\quorus\quorus-core\target\jacoco.exec
[INFO] Analyzed bundle 'Quorus Core' with 128 classes
[INFO] 
[INFO] ----------------------< dev.mars:quorus-workflow >----------------------
[INFO] Building Quorus Workflow Engine 1.0-SNAPSHOT                       [3/5]
[INFO]   from quorus-workflow\pom.xml
[INFO] --------------------------------[ jar ]---------------------------------
[INFO] 
[INFO] --- jacoco:0.8.15:prepare-agent (prepare-agent) @ quorus-workflow ---
[INFO] argLine set to -javaagent:C:\\Users\\mraysmit\\.m2\\repository\\org\\jacoco\\org.jacoco.agent\\0.8.15\\org.jacoco.agent-0.8.15-runtime.jar=destfile=C:\\Users\\mraysmit\\dev\\idea-projects\\quorus\\quorus-workflow\\target\\jacoco.exec,excludes=sun/**:jdk/**:java/**:com/sun/**:org/jcp/**
[INFO] 
[INFO] --- resources:3.3.1:resources (default-resources) @ quorus-workflow ---
[INFO] Copying 1 resource from src\main\resources to target\classes
[INFO] 
[INFO] --- compiler:3.13.0:compile (default-compile) @ quorus-workflow ---
[INFO] Nothing to compile - all classes are up to date.
[INFO] 
[INFO] --- resources:3.3.1:testResources (default-testResources) @ quorus-workflow ---
[INFO] Copying 2 resources from src\test\resources to target\test-classes
[INFO] 
[INFO] --- compiler:3.13.0:testCompile (default-testCompile) @ quorus-workflow ---
[INFO] Nothing to compile - all classes are up to date.
[INFO] 
[INFO] --- surefire:3.2.2:test (default-test) @ quorus-workflow ---
[INFO] 
[INFO] --- jacoco:0.8.15:report (report) @ quorus-workflow ---
[INFO] Loading execution data file C:\Users\mraysmit\dev\idea-projects\quorus\quorus-workflow\target\jacoco.exec
[INFO] Analyzed bundle 'Quorus Workflow Engine' with 24 classes
[INFO] 
[INFO] -----------------------< dev.mars:quorus-tenant >-----------------------
[INFO] Building Quorus Tenant Management 1.0-SNAPSHOT                     [4/5]
[INFO]   from quorus-tenant\pom.xml
[INFO] --------------------------------[ jar ]---------------------------------
[INFO] 
[INFO] --- jacoco:0.8.15:prepare-agent (prepare-agent) @ quorus-tenant ---
[INFO] argLine set to -javaagent:C:\\Users\\mraysmit\\.m2\\repository\\org\\jacoco\\org.jacoco.agent\\0.8.15\\org.jacoco.agent-0.8.15-runtime.jar=destfile=C:\\Users\\mraysmit\\dev\\idea-projects\\quorus\\quorus-tenant\\target\\jacoco.exec,excludes=sun/**:jdk/**:java/**:com/sun/**:org/jcp/**
[INFO] 
[INFO] --- resources:3.3.1:resources (default-resources) @ quorus-tenant ---
[INFO] skip non existing resourceDirectory C:\Users\mraysmit\dev\idea-projects\quorus\quorus-tenant\src\main\resources
[INFO] 
[INFO] --- compiler:3.13.0:compile (default-compile) @ quorus-tenant ---
[INFO] Nothing to compile - all classes are up to date.
[INFO] 
[INFO] --- resources:3.3.1:testResources (default-testResources) @ quorus-tenant ---
[INFO] Copying 1 resource from src\test\resources to target\test-classes
[INFO] 
[INFO] --- compiler:3.13.0:testCompile (default-testCompile) @ quorus-tenant ---
[INFO] Nothing to compile - all classes are up to date.
[INFO] 
[INFO] --- surefire:3.2.2:test (default-test) @ quorus-tenant ---
[INFO] 
[INFO] --- jacoco:0.8.15:report (report) @ quorus-tenant ---
[INFO] Loading execution data file C:\Users\mraysmit\dev\idea-projects\quorus\quorus-tenant\target\jacoco.exec
[INFO] Analyzed bundle 'Quorus Tenant Management' with 25 classes
[INFO] 
[INFO] ---------------------< dev.mars:quorus-controller >---------------------
[INFO] Building Quorus Distributed Controller 1.0-SNAPSHOT                [5/5]
[INFO]   from quorus-controller\pom.xml
[INFO] --------------------------------[ jar ]---------------------------------
[INFO] 
[INFO] --- jacoco:0.8.15:prepare-agent (prepare-agent) @ quorus-controller ---
[INFO] argLine set to -javaagent:C:\\Users\\mraysmit\\.m2\\repository\\org\\jacoco\\org.jacoco.agent\\0.8.15\\org.jacoco.agent-0.8.15-runtime.jar=destfile=C:\\Users\\mraysmit\\dev\\idea-projects\\quorus\\quorus-controller\\target\\jacoco.exec,excludes=sun/**:jdk/**:java/**:com/sun/**:org/jcp/**:dev/mars/quorus/controller/raft/grpc/**
[INFO] 
[INFO] --- protobuf:4.1.2:generate (default) @ quorus-controller ---
[WARNING]  Parameter 'binaryMavenPlugins' is deprecated: Users should now use plugins instead. This option will be removed in v5.
[INFO] Resolving artifact "com.google.protobuf:protoc:exe:windows-x86_64:3.25.5"
[INFO] Resolving artifact "io.grpc:protoc-gen-grpc-java:exe:windows-x86_64:1.68.1"
[INFO] Registering "C:\Users\mraysmit\dev\idea-projects\quorus\quorus-controller\target\generated-sources\protobuf" as a Maven main source root for compiler plugins
[INFO] Registering "C:\Users\mraysmit\dev\idea-projects\quorus\quorus-controller\target\generated-sources\protobuf" as a Maven main source root for compiler plugins
[INFO] Found 2 proto source files and 0 descriptor files to compile, but all are up-to-date so none will be built this time
[INFO] NOTHING TO DO: There is nothing to do. If this is unexpected, review the above logs for more details.
[INFO] 
[INFO] --- resources:3.3.1:resources (default-resources) @ quorus-controller ---
[INFO] Copying 3 resources from src\main\resources to target\classes
[INFO] 
[INFO] --- compiler:3.13.0:compile (default-compile) @ quorus-controller ---
[INFO] Nothing to compile - all classes are up to date.
[INFO] 
[INFO] --- resources:3.3.1:testResources (default-testResources) @ quorus-controller ---
[INFO] Copying 11 resources from src\test\resources to target\test-classes
[INFO] 
[INFO] --- compiler:3.13.0:testCompile (default-testCompile) @ quorus-controller ---
[INFO] Nothing to compile - all classes are up to date.
[INFO] 
[INFO] --- surefire:3.2.2:test (default-test) @ quorus-controller ---
[INFO] Using auto detected provider org.apache.maven.surefire.junitplatform.JUnitPlatformProvider
[INFO] 
[INFO] -------------------------------------------------------
[INFO]  T E S T S
[INFO] -------------------------------------------------------
20:14:23,208 |-INFO in ch.qos.logback.classic.LoggerContext[default] - Found logback-core version 1.5.32
20:14:23,210 |-INFO in ch.qos.logback.classic.util.ContextInitializer@4d90f7bf - No custom configurators were discovered as a service.
20:14:23,210 |-INFO in ch.qos.logback.classic.util.ContextInitializer@4d90f7bf - Trying to configure with ch.qos.logback.classic.util.DefaultJoranConfigurator
20:14:23,213 |-INFO in ch.qos.logback.classic.util.ContextInitializer@4d90f7bf - Constructed configurator of type class ch.qos.logback.classic.util.DefaultJoranConfigurator
20:14:23,216 |-INFO in ch.qos.logback.classic.LoggerContext[default] - Found resource [logback-test.xml] at [file:/C:/Users/mraysmit/dev/idea-projects/quorus/quorus-controller/target/test-classes/logback-test.xml]
20:14:23,219 |-WARN in ch.qos.logback.classic.util.DefaultJoranConfigurator@10ab39ec - Resource [logback-test.xml] occurs multiple times on the classpath.
20:14:23,219 |-WARN in ch.qos.logback.classic.util.DefaultJoranConfigurator@10ab39ec - Resource [logback-test.xml] occurs at [file:/C:/Users/mraysmit/dev/idea-projects/quorus/quorus-core/target/test-classes/logback-test.xml]
20:14:23,219 |-WARN in ch.qos.logback.classic.util.DefaultJoranConfigurator@10ab39ec - Resource [logback-test.xml] occurs at [file:/C:/Users/mraysmit/dev/idea-projects/quorus/quorus-controller/target/test-classes/logback-test.xml]
20:14:23,352 |-INFO in ch.qos.logback.classic.model.processor.ConfigurationModelHandlerFull - Scan attribute not set or set to unrecognized value.
20:14:23,364 |-INFO in ch.qos.logback.core.model.processor.ModelInterpretationContext@22bfd4f6 - value "../test-logs/quorus-test-2026-09-05_12-14-19.log" substituted for "../test-logs/quorus-test-${testRunTimestamp}.log"
20:14:23,366 |-INFO in ch.qos.logback.core.model.processor.AppenderModelHandler - Processing appender named [CONSOLE]
20:14:23,366 |-INFO in ch.qos.logback.core.model.processor.AppenderModelHandler - About to instantiate appender of type [ch.qos.logback.core.ConsoleAppender]
20:14:23,381 |-INFO in ch.qos.logback.core.model.processor.ImplicitModelHandler - Assuming default type [ch.qos.logback.classic.encoder.PatternLayoutEncoder] for [encoder] property
20:14:23,440 |-INFO in ch.qos.logback.core.ConsoleAppender[CONSOLE] - NOTE: Writing to the console can be slow. Try to avoid logging to the 
20:14:23,440 |-INFO in ch.qos.logback.core.ConsoleAppender[CONSOLE] - console in production environments, especially in high volume systems.
20:14:23,440 |-INFO in ch.qos.logback.core.ConsoleAppender[CONSOLE] - See also https://logback.qos.ch/codes.html#slowConsole
20:14:23,442 |-INFO in ch.qos.logback.core.model.processor.AppenderModelHandler - Processing appender named [FILE]
20:14:23,442 |-INFO in ch.qos.logback.core.model.processor.AppenderModelHandler - About to instantiate appender of type [ch.qos.logback.core.FileAppender]
20:14:23,444 |-INFO in ch.qos.logback.core.model.processor.ModelInterpretationContext@22bfd4f6 - value "../test-logs/quorus-test-2026-09-05_12-14-19.log" substituted for "../test-logs/quorus-test-${testRunTimestamp}.log"
20:14:23,446 |-INFO in ch.qos.logback.core.model.processor.ImplicitModelHandler - Assuming default type [ch.qos.logback.classic.encoder.PatternLayoutEncoder] for [encoder] property
20:14:23,447 |-INFO in ch.qos.logback.core.FileAppender[FILE] - File property is set to [../test-logs/quorus-test-2026-09-05_12-14-19.log]
20:14:23,450 |-INFO in ch.qos.logback.classic.model.processor.LoggerModelHandler - Setting level of logger [dev.mars.quorus] to DEBUG
20:14:23,450 |-INFO in ch.qos.logback.classic.model.processor.LoggerModelHandler - Setting level of logger [org.apache] to WARN
20:14:23,450 |-INFO in ch.qos.logback.classic.model.processor.LoggerModelHandler - Setting level of logger [io.vertx] to WARN
20:14:23,450 |-INFO in ch.qos.logback.classic.model.processor.LoggerModelHandler - Setting level of logger [io.netty] to WARN
20:14:23,450 |-INFO in ch.qos.logback.classic.model.processor.LoggerModelHandler - Setting level of logger [io.grpc] to WARN
20:14:23,451 |-INFO in ch.qos.logback.classic.model.processor.RootLoggerModelHandler - Setting level of ROOT logger to INFO
20:14:23,451 |-INFO in ch.qos.logback.core.model.processor.AppenderRefModelHandler - Attaching appender named [CONSOLE] to Logger[ROOT]
20:14:23,451 |-INFO in ch.qos.logback.core.model.processor.AppenderRefModelHandler - Attaching appender named [FILE] to Logger[ROOT]
20:14:23,451 |-INFO in ch.qos.logback.core.model.processor.DefaultProcessor@644aa35c - End of configuration.
20:14:23,453 |-INFO in ch.qos.logback.classic.joran.JoranConfigurator@2ead9d65 - Registering current configuration as safe fallback point
20:14:23,454 |-INFO in ch.qos.logback.classic.util.ContextInitializer@4d90f7bf - ch.qos.logback.classic.util.DefaultJoranConfigurator.configure() call lasted 240 milliseconds. ExecutionStatus=DO_NOT_INVOKE_NEXT_IF_ANY

[INFO] Running dev.mars.quorus.controller.raft.ConcurrentVoteBoundaryTest
20:14:23.950 [ForkJoinPool-1-worker-1] INFO  d.m.raftlog.storage.FileRaftStorage - FileRaftStorage initialized: syncEnabled=true, verifyWrites=false, maxPayloadSize=16 MB, minFreeSpace=64 MB
20:14:23.953 [ForkJoinPool-1-worker-1] INFO  d.m.q.c.r.s.RaftLogStorageAdapter - RaftLogStorageAdapter created with delegate: FileRaftStorage
20:14:23.954 [ForkJoinPool-1-worker-1] INFO  d.m.q.c.r.s.RaftLogStorageAdapter - Opening RaftLog storage at: C:\Users\mraysmit\AppData\Local\Temp\junit8163621000865996024
20:14:23.955 [wal-executor] INFO  d.m.raftlog.storage.FileRaftStorage - Opening WAL storage at: C:\Users\mraysmit\AppData\Local\Temp\junit8163621000865996024
20:14:23.967 [wal-executor] INFO  d.m.raftlog.storage.FileRaftStorage - Exclusive lock acquired: C:\Users\mraysmit\AppData\Local\Temp\junit8163621000865996024\raft.lock
20:14:23.968 [wal-executor] INFO  d.m.raftlog.storage.FileRaftStorage - WAL opened successfully: path=C:\Users\mraysmit\AppData\Local\Temp\junit8163621000865996024\raft.log, size=0 bytes
20:14:24.245 [ForkJoinPool-1-worker-1] DEBUG d.m.q.c.state.QuorusStateStore - Initializing default metadata: version=2.0
20:14:24.270 [vert.x-eventloop-thread-0] INFO  d.m.quorus.controller.raft.RaftNode - Starting Raft node: voter
20:14:24.271 [vert.x-eventloop-thread-0] INFO  d.m.quorus.controller.raft.RaftNode [FOLLOWER/0] - Recovering Raft state from storage...
20:14:24.271 [vert.x-eventloop-thread-0] DEBUG d.m.q.c.r.s.RaftLogStorageAdapter [FOLLOWER/0] - Loading metadata
20:14:24.273 [vert.x-eventloop-thread-0] INFO  d.m.quorus.controller.raft.RaftNode [FOLLOWER/0] - Recovered metadata: term=0, votedFor=null
20:14:24.278 [vert.x-eventloop-thread-0] INFO  d.m.quorus.controller.raft.RaftNode [FOLLOWER/0] - No snapshot found, will rebuild from full log replay
20:14:24.278 [vert.x-eventloop-thread-0] INFO  d.m.q.c.r.s.RaftLogStorageAdapter [FOLLOWER/0] - Replaying WAL
20:14:24.279 [wal-executor] INFO  d.m.raftlog.storage.FileRaftStorage - Replaying WAL from: C:\Users\mraysmit\AppData\Local\Temp\junit8163621000865996024\raft.log
20:14:24.281 [wal-executor] INFO  d.m.raftlog.storage.FileRaftStorage - WAL replay complete: 0 entries recovered, 0 appends, 0 truncates, 1 ms
20:14:24.283 [vert.x-eventloop-thread-0] INFO  d.m.quorus.controller.raft.RaftNode [FOLLOWER/0] - Recovered 0 log entries from 0 storage records
20:14:24.283 [vert.x-eventloop-thread-0] INFO  d.m.quorus.controller.raft.RaftNode [FOLLOWER/0] - Rebuilding state machine from 0 entries...
20:14:24.283 [vert.x-eventloop-thread-0] DEBUG d.m.q.c.state.QuorusStateStore [FOLLOWER/0] - Resetting state machine: jobs=0, agents=0, metadata=1
20:14:24.283 [vert.x-eventloop-thread-0] DEBUG d.m.q.c.state.QuorusStateStore [FOLLOWER/0] - Initializing default metadata: version=2.0
20:14:24.283 [vert.x-eventloop-thread-0] INFO  d.m.q.c.state.QuorusStateStore [FOLLOWER/0] - State machine reset completed: version=2.0
20:14:24.283 [vert.x-eventloop-thread-0] INFO  d.m.quorus.controller.raft.RaftNode [FOLLOWER/0] - Multi-node recovery: deferring log application until leader commit advances
20:14:24.284 [vert.x-eventloop-thread-0] INFO  d.m.quorus.controller.raft.RaftNode [FOLLOWER/0] - Recovery complete: term=0, logSize=1, lastApplied=0, snapshotLastIndex=0
20:14:24.284 [vert.x-eventloop-thread-0] INFO  d.m.q.c.r.InMemoryTransportSimulator [FOLLOWER/0] - Started in-memory transport for node: voter
20:14:24.285 [vert.x-eventloop-thread-0] INFO  d.m.quorus.controller.raft.RaftNode [FOLLOWER/0] - Raft node voter started successfully (term=0, logSize=1)
20:14:24.304 [vert.x-eventloop-thread-0] DEBUG d.m.quorus.controller.raft.RaftNode [FOLLOWER/0] - Handling vote request: candidateId=candidate-a, requestTerm=1, localTerm=0, localVotedFor=null, candidateLastLogTerm=0, candidateLastLogIndex=0
20:14:24.305 [vert.x-eventloop-thread-0] DEBUG d.m.quorus.controller.raft.RaftNode [FOLLOWER/0] - Higher term observed in vote request: requestTerm=1 > localTerm=0. Stepping down without immediate metadata persistence.
20:14:24.305 [vert.x-eventloop-thread-0] INFO  d.m.quorus.controller.raft.RaftNode [FOLLOWER/1] - Stepped down to FOLLOWER. Term: 1
20:14:24.305 [vert.x-eventloop-thread-0] DEBUG d.m.quorus.controller.raft.RaftNode [FOLLOWER/1] - Vote decision inputs: canGrantVoteForCandidate=true, candidateLogUpToDate=true, canGrant=true, effectiveLocalTerm=1
20:14:24.305 [vert.x-eventloop-thread-0] DEBUG d.m.quorus.controller.raft.RaftNode [FOLLOWER/1] - Persisting granted vote metadata: term=1, candidateId=candidate-a
20:14:24.305 [vert.x-eventloop-thread-0] DEBUG d.m.quorus.controller.raft.RaftNode [FOLLOWER/1] - Persisting raft metadata: term=1, votedForPresent=true, votedFor=candidate-a
20:14:24.307 [vert.x-eventloop-thread-0] DEBUG d.m.q.c.r.s.RaftLogStorageAdapter [FOLLOWER/1] - Updating metadata: term=1, votedFor=candidate-a
20:14:24.324 [wal-executor] INFO  d.m.raftlog.storage.FileRaftStorage - Metadata updated: term=1, votedFor=candidate-a
20:14:24.325 [vert.x-eventloop-thread-0] INFO  d.m.quorus.controller.raft.RaftNode [FOLLOWER/1] - Vote granted to candidate-a for term 1
20:14:24.333 [vert.x-eventloop-thread-0] INFO  d.m.q.c.r.InMemoryTransportSimulator [FOLLOWER/1] - Stopped in-memory transport for node: voter
20:14:24.334 [vert.x-eventloop-thread-0] INFO  d.m.q.c.r.s.RaftLogStorageAdapter [FOLLOWER/1] - Closing RaftLog storage
20:14:24.336 [vert.x-worker-thread-1] INFO  d.m.raftlog.storage.FileRaftStorage - Closing WAL storage at: C:\Users\mraysmit\AppData\Local\Temp\junit8163621000865996024
20:14:24.336 [vert.x-worker-thread-1] INFO  d.m.raftlog.storage.FileRaftStorage - WAL storage closed
20:14:24.336 [vert.x-eventloop-thread-0] INFO  d.m.quorus.controller.raft.RaftNode [FOLLOWER/1] - Raft node stopped: voter
20:14:24.336 [ForkJoinPool-1-worker-1] INFO  d.m.q.c.r.InMemoryTransportSimulator - Healed all network partitions
20:14:24.391 [ForkJoinPool-1-worker-1] INFO  d.m.raftlog.storage.FileRaftStorage - FileRaftStorage initialized: syncEnabled=true, verifyWrites=false, maxPayloadSize=16 MB, minFreeSpace=64 MB
20:14:24.391 [ForkJoinPool-1-worker-1] INFO  d.m.q.c.r.s.RaftLogStorageAdapter - RaftLogStorageAdapter created with delegate: FileRaftStorage
20:14:24.391 [ForkJoinPool-1-worker-1] INFO  d.m.q.c.r.s.RaftLogStorageAdapter - Opening RaftLog storage at: C:\Users\mraysmit\AppData\Local\Temp\junit1322121069287478184
20:14:24.392 [wal-executor] INFO  d.m.raftlog.storage.FileRaftStorage - Opening WAL storage at: C:\Users\mraysmit\AppData\Local\Temp\junit1322121069287478184
20:14:24.392 [wal-executor] INFO  d.m.raftlog.storage.FileRaftStorage - Exclusive lock acquired: C:\Users\mraysmit\AppData\Local\Temp\junit1322121069287478184\raft.lock
20:14:24.393 [wal-executor] INFO  d.m.raftlog.storage.FileRaftStorage - WAL opened successfully: path=C:\Users\mraysmit\AppData\Local\Temp\junit1322121069287478184\raft.log, size=0 bytes
20:14:24.394 [ForkJoinPool-1-worker-1] DEBUG d.m.q.c.state.QuorusStateStore - Initializing default metadata: version=2.0
20:14:24.394 [vert.x-eventloop-thread-0] INFO  d.m.quorus.controller.raft.RaftNode - Starting Raft node: voter
20:14:24.394 [vert.x-eventloop-thread-0] INFO  d.m.quorus.controller.raft.RaftNode [FOLLOWER/0] - Recovering Raft state from storage...
20:14:24.395 [vert.x-eventloop-thread-0] DEBUG d.m.q.c.r.s.RaftLogStorageAdapter [FOLLOWER/0] - Loading metadata
20:14:24.395 [vert.x-eventloop-thread-0] INFO  d.m.quorus.controller.raft.RaftNode [FOLLOWER/0] - Recovered metadata: term=0, votedFor=null
20:14:24.396 [vert.x-eventloop-thread-0] INFO  d.m.quorus.controller.raft.RaftNode [FOLLOWER/0] - No snapshot found, will rebuild from full log replay
20:14:24.396 [vert.x-eventloop-thread-0] INFO  d.m.q.c.r.s.RaftLogStorageAdapter [FOLLOWER/0] - Replaying WAL
20:14:24.396 [wal-executor] INFO  d.m.raftlog.storage.FileRaftStorage - Replaying WAL from: C:\Users\mraysmit\AppData\Local\Temp\junit1322121069287478184\raft.log
20:14:24.396 [wal-executor] INFO  d.m.raftlog.storage.FileRaftStorage - WAL replay complete: 0 entries recovered, 0 appends, 0 truncates, 0 ms
20:14:24.396 [vert.x-eventloop-thread-0] INFO  d.m.quorus.controller.raft.RaftNode [FOLLOWER/0] - Recovered 0 log entries from 0 storage records
20:14:24.396 [vert.x-eventloop-thread-0] INFO  d.m.quorus.controller.raft.RaftNode [FOLLOWER/0] - Rebuilding state machine from 0 entries...
20:14:24.396 [vert.x-eventloop-thread-0] DEBUG d.m.q.c.state.QuorusStateStore [FOLLOWER/0] - Resetting state machine: jobs=0, agents=0, metadata=1
20:14:24.396 [vert.x-eventloop-thread-0] DEBUG d.m.q.c.state.QuorusStateStore [FOLLOWER/0] - Initializing default metadata: version=2.0
20:14:24.396 [vert.x-eventloop-thread-0] INFO  d.m.q.c.state.QuorusStateStore [FOLLOWER/0] - State machine reset completed: version=2.0
20:14:24.396 [vert.x-eventloop-thread-0] INFO  d.m.quorus.controller.raft.RaftNode [FOLLOWER/0] - Multi-node recovery: deferring log application until leader commit advances
20:14:24.398 [vert.x-eventloop-thread-0] INFO  d.m.quorus.controller.raft.RaftNode [FOLLOWER/0] - Recovery complete: term=0, logSize=1, lastApplied=0, snapshotLastIndex=0
20:14:24.398 [vert.x-eventloop-thread-0] INFO  d.m.q.c.r.InMemoryTransportSimulator [FOLLOWER/0] - Started in-memory transport for node: voter
20:14:24.398 [vert.x-eventloop-thread-0] INFO  d.m.quorus.controller.raft.RaftNode [FOLLOWER/0] - Raft node voter started successfully (term=0, logSize=1)
20:14:24.398 [vert.x-eventloop-thread-0] DEBUG d.m.quorus.controller.raft.RaftNode [FOLLOWER/0] - Handling vote request: candidateId=candidate-0, requestTerm=1, localTerm=0, localVotedFor=null, candidateLastLogTerm=0, candidateLastLogIndex=0
20:14:24.399 [vert.x-eventloop-thread-0] DEBUG d.m.quorus.controller.raft.RaftNode [FOLLOWER/0] - Higher term observed in vote request: requestTerm=1 > localTerm=0. Stepping down without immediate metadata persistence.
20:14:24.399 [vert.x-eventloop-thread-0] INFO  d.m.quorus.controller.raft.RaftNode [FOLLOWER/1] - Stepped down to FOLLOWER. Term: 1
20:14:24.399 [vert.x-eventloop-thread-0] DEBUG d.m.quorus.controller.raft.RaftNode [FOLLOWER/1] - Vote decision inputs: canGrantVoteForCandidate=true, candidateLogUpToDate=true, canGrant=true, effectiveLocalTerm=1
20:14:24.399 [vert.x-eventloop-thread-0] DEBUG d.m.quorus.controller.raft.RaftNode [FOLLOWER/1] - Persisting granted vote metadata: term=1, candidateId=candidate-0
20:14:24.399 [vert.x-eventloop-thread-0] DEBUG d.m.quorus.controller.raft.RaftNode [FOLLOWER/1] - Persisting raft metadata: term=1, votedForPresent=true, votedFor=candidate-0
20:14:24.399 [vert.x-eventloop-thread-0] DEBUG d.m.q.c.r.s.RaftLogStorageAdapter [FOLLOWER/1] - Updating metadata: term=1, votedFor=candidate-0
20:14:24.403 [wal-executor] INFO  d.m.raftlog.storage.FileRaftStorage - Metadata updated: term=1, votedFor=candidate-0
20:14:24.404 [vert.x-eventloop-thread-0] INFO  d.m.quorus.controller.raft.RaftNode [FOLLOWER/1] - Vote granted to candidate-0 for term 1
20:14:24.404 [vert.x-eventloop-thread-0] DEBUG d.m.quorus.controller.raft.RaftNode [FOLLOWER/1] - Handling vote request: candidateId=candidate-1, requestTerm=1, localTerm=1, localVotedFor=candidate-0, candidateLastLogTerm=0, candidateLastLogIndex=0
20:14:24.404 [vert.x-eventloop-thread-0] DEBUG d.m.quorus.controller.raft.RaftNode [FOLLOWER/1] - Vote decision inputs: canGrantVoteForCandidate=false, candidateLogUpToDate=true, canGrant=false, effectiveLocalTerm=1
20:14:24.404 [vert.x-eventloop-thread-0] DEBUG d.m.quorus.controller.raft.RaftNode [FOLLOWER/1] - Vote rejected: already voted for candidate-0 in term 1
20:14:24.404 [vert.x-eventloop-thread-0] DEBUG d.m.quorus.controller.raft.RaftNode [FOLLOWER/1] - Handling vote request: candidateId=candidate-2, requestTerm=1, localTerm=1, localVotedFor=candidate-0, candidateLastLogTerm=0, candidateLastLogIndex=0
20:14:24.405 [vert.x-eventloop-thread-0] DEBUG d.m.quorus.controller.raft.RaftNode [FOLLOWER/1] - Vote decision inputs: canGrantVoteForCandidate=false, candidateLogUpToDate=true, canGrant=false, effectiveLocalTerm=1
20:14:24.405 [vert.x-eventloop-thread-0] DEBUG d.m.quorus.controller.raft.RaftNode [FOLLOWER/1] - Vote rejected: already voted for candidate-0 in term 1
20:14:24.405 [vert.x-eventloop-thread-0] DEBUG d.m.quorus.controller.raft.RaftNode [FOLLOWER/1] - Handling vote request: candidateId=candidate-3, requestTerm=1, localTerm=1, localVotedFor=candidate-0, candidateLastLogTerm=0, candidateLastLogIndex=0
20:14:24.405 [vert.x-eventloop-thread-0] DEBUG d.m.quorus.controller.raft.RaftNode [FOLLOWER/1] - Vote decision inputs: canGrantVoteForCandidate=false, candidateLogUpToDate=true, canGrant=false, effectiveLocalTerm=1
20:14:24.405 [vert.x-eventloop-thread-0] DEBUG d.m.quorus.controller.raft.RaftNode [FOLLOWER/1] - Vote rejected: already voted for candidate-0 in term 1
20:14:24.405 [vert.x-eventloop-thread-0] DEBUG d.m.quorus.controller.raft.RaftNode [FOLLOWER/1] - Handling vote request: candidateId=candidate-4, requestTerm=1, localTerm=1, localVotedFor=candidate-0, candidateLastLogTerm=0, candidateLastLogIndex=0
20:14:24.405 [vert.x-eventloop-thread-0] DEBUG d.m.quorus.controller.raft.RaftNode [FOLLOWER/1] - Vote decision inputs: canGrantVoteForCandidate=false, candidateLogUpToDate=true, canGrant=false, effectiveLocalTerm=1
20:14:24.405 [vert.x-eventloop-thread-0] DEBUG d.m.quorus.controller.raft.RaftNode [FOLLOWER/1] - Vote rejected: already voted for candidate-0 in term 1
20:14:24.405 [vert.x-eventloop-thread-0] DEBUG d.m.quorus.controller.raft.RaftNode [FOLLOWER/1] - Handling vote request: candidateId=candidate-5, requestTerm=1, localTerm=1, localVotedFor=candidate-0, candidateLastLogTerm=0, candidateLastLogIndex=0
20:14:24.405 [vert.x-eventloop-thread-0] DEBUG d.m.quorus.controller.raft.RaftNode [FOLLOWER/1] - Vote decision inputs: canGrantVoteForCandidate=false, candidateLogUpToDate=true, canGrant=false, effectiveLocalTerm=1
20:14:24.405 [vert.x-eventloop-thread-0] DEBUG d.m.quorus.controller.raft.RaftNode [FOLLOWER/1] - Vote rejected: already voted for candidate-0 in term 1
20:14:24.405 [vert.x-eventloop-thread-0] DEBUG d.m.quorus.controller.raft.RaftNode [FOLLOWER/1] - Handling vote request: candidateId=candidate-6, requestTerm=1, localTerm=1, localVotedFor=candidate-0, candidateLastLogTerm=0, candidateLastLogIndex=0
20:14:24.405 [vert.x-eventloop-thread-0] DEBUG d.m.quorus.controller.raft.RaftNode [FOLLOWER/1] - Vote decision inputs: canGrantVoteForCandidate=false, candidateLogUpToDate=true, canGrant=false, effectiveLocalTerm=1
20:14:24.406 [vert.x-eventloop-thread-0] DEBUG d.m.quorus.controller.raft.RaftNode [FOLLOWER/1] - Vote rejected: already voted for candidate-0 in term 1
20:14:24.406 [vert.x-eventloop-thread-0] DEBUG d.m.quorus.controller.raft.RaftNode [FOLLOWER/1] - Handling vote request: candidateId=candidate-7, requestTerm=1, localTerm=1, localVotedFor=candidate-0, candidateLastLogTerm=0, candidateLastLogIndex=0
20:14:24.406 [vert.x-eventloop-thread-0] DEBUG d.m.quorus.controller.raft.RaftNode [FOLLOWER/1] - Vote decision inputs: canGrantVoteForCandidate=false, candidateLogUpToDate=true, canGrant=false, effectiveLocalTerm=1
20:14:24.406 [vert.x-eventloop-thread-0] DEBUG d.m.quorus.controller.raft.RaftNode [FOLLOWER/1] - Vote rejected: already voted for candidate-0 in term 1
20:14:24.406 [vert.x-eventloop-thread-0] DEBUG d.m.quorus.controller.raft.RaftNode [FOLLOWER/1] - Handling vote request: candidateId=candidate-8, requestTerm=1, localTerm=1, localVotedFor=candidate-0, candidateLastLogTerm=0, candidateLastLogIndex=0
20:14:24.406 [vert.x-eventloop-thread-0] DEBUG d.m.quorus.controller.raft.RaftNode [FOLLOWER/1] - Vote decision inputs: canGrantVoteForCandidate=false, candidateLogUpToDate=true, canGrant=false, effectiveLocalTerm=1
20:14:24.406 [vert.x-eventloop-thread-0] DEBUG d.m.quorus.controller.raft.RaftNode [FOLLOWER/1] - Vote rejected: already voted for candidate-0 in term 1
20:14:24.406 [vert.x-eventloop-thread-0] DEBUG d.m.quorus.controller.raft.RaftNode [FOLLOWER/1] - Handling vote request: candidateId=candidate-9, requestTerm=1, localTerm=1, localVotedFor=candidate-0, candidateLastLogTerm=0, candidateLastLogIndex=0
20:14:24.406 [vert.x-eventloop-thread-0] DEBUG d.m.quorus.controller.raft.RaftNode [FOLLOWER/1] - Vote decision inputs: canGrantVoteForCandidate=false, candidateLogUpToDate=true, canGrant=false, effectiveLocalTerm=1
20:14:24.406 [vert.x-eventloop-thread-0] DEBUG d.m.quorus.controller.raft.RaftNode [FOLLOWER/1] - Vote rejected: already voted for candidate-0 in term 1
20:14:24.406 [vert.x-eventloop-thread-0] DEBUG d.m.quorus.controller.raft.RaftNode [FOLLOWER/1] - Handling vote request: candidateId=candidate-10, requestTerm=1, localTerm=1, localVotedFor=candidate-0, candidateLastLogTerm=0, candidateLastLogIndex=0
20:14:24.406 [vert.x-eventloop-thread-0] DEBUG d.m.quorus.controller.raft.RaftNode [FOLLOWER/1] - Vote decision inputs: canGrantVoteForCandidate=false, candidateLogUpToDate=true, canGrant=false, effectiveLocalTerm=1
20:14:24.406 [vert.x-eventloop-thread-0] DEBUG d.m.quorus.controller.raft.RaftNode [FOLLOWER/1] - Vote rejected: already voted for candidate-0 in term 1
20:14:24.407 [vert.x-eventloop-thread-0] DEBUG d.m.quorus.controller.raft.RaftNode [FOLLOWER/1] - Handling vote request: candidateId=candidate-11, requestTerm=1, localTerm=1, localVotedFor=candidate-0, candidateLastLogTerm=0, candidateLastLogIndex=0
20:14:24.407 [vert.x-eventloop-thread-0] DEBUG d.m.quorus.controller.raft.RaftNode [FOLLOWER/1] - Vote decision inputs: canGrantVoteForCandidate=false, candidateLogUpToDate=true, canGrant=false, effectiveLocalTerm=1
20:14:24.407 [vert.x-eventloop-thread-0] DEBUG d.m.quorus.controller.raft.RaftNode [FOLLOWER/1] - Vote rejected: already voted for candidate-0 in term 1
20:14:24.407 [vert.x-eventloop-thread-0] DEBUG d.m.quorus.controller.raft.RaftNode [FOLLOWER/1] - Handling vote request: candidateId=candidate-12, requestTerm=1, localTerm=1, localVotedFor=candidate-0, candidateLastLogTerm=0, candidateLastLogIndex=0
20:14:24.407 [vert.x-eventloop-thread-0] DEBUG d.m.quorus.controller.raft.RaftNode [FOLLOWER/1] - Vote decision inputs: canGrantVoteForCandidate=false, candidateLogUpToDate=true, canGrant=false, effectiveLocalTerm=1
20:14:24.407 [vert.x-eventloop-thread-0] DEBUG d.m.quorus.controller.raft.RaftNode [FOLLOWER/1] - Vote rejected: already voted for candidate-0 in term 1
20:14:24.407 [vert.x-eventloop-thread-0] DEBUG d.m.quorus.controller.raft.RaftNode [FOLLOWER/1] - Handling vote request: candidateId=candidate-13, requestTerm=1, localTerm=1, localVotedFor=candidate-0, candidateLastLogTerm=0, candidateLastLogIndex=0
20:14:24.407 [vert.x-eventloop-thread-0] DEBUG d.m.quorus.controller.raft.RaftNode [FOLLOWER/1] - Vote decision inputs: canGrantVoteForCandidate=false, candidateLogUpToDate=true, canGrant=false, effectiveLocalTerm=1
20:14:24.407 [vert.x-eventloop-thread-0] DEBUG d.m.quorus.controller.raft.RaftNode [FOLLOWER/1] - Vote rejected: already voted for candidate-0 in term 1
20:14:24.407 [vert.x-eventloop-thread-0] DEBUG d.m.quorus.controller.raft.RaftNode [FOLLOWER/1] - Handling vote request: candidateId=candidate-14, requestTerm=1, localTerm=1, localVotedFor=candidate-0, candidateLastLogTerm=0, candidateLastLogIndex=0
20:14:24.408 [vert.x-eventloop-thread-0] DEBUG d.m.quorus.controller.raft.RaftNode [FOLLOWER/1] - Vote decision inputs: canGrantVoteForCandidate=false, candidateLogUpToDate=true, canGrant=false, effectiveLocalTerm=1
20:14:24.408 [vert.x-eventloop-thread-0] DEBUG d.m.quorus.controller.raft.RaftNode [FOLLOWER/1] - Vote rejected: already voted for candidate-0 in term 1
20:14:24.408 [vert.x-eventloop-thread-0] DEBUG d.m.quorus.controller.raft.RaftNode [FOLLOWER/1] - Handling vote request: candidateId=candidate-15, requestTerm=1, localTerm=1, localVotedFor=candidate-0, candidateLastLogTerm=0, candidateLastLogIndex=0
20:14:24.408 [vert.x-eventloop-thread-0] DEBUG d.m.quorus.controller.raft.RaftNode [FOLLOWER/1] - Vote decision inputs: canGrantVoteForCandidate=false, candidateLogUpToDate=true, canGrant=false, effectiveLocalTerm=1
20:14:24.408 [vert.x-eventloop-thread-0] DEBUG d.m.quorus.controller.raft.RaftNode [FOLLOWER/1] - Vote rejected: already voted for candidate-0 in term 1
20:14:24.408 [vert.x-eventloop-thread-0] DEBUG d.m.quorus.controller.raft.RaftNode [FOLLOWER/1] - Handling vote request: candidateId=candidate-16, requestTerm=1, localTerm=1, localVotedFor=candidate-0, candidateLastLogTerm=0, candidateLastLogIndex=0
20:14:24.408 [vert.x-eventloop-thread-0] DEBUG d.m.quorus.controller.raft.RaftNode [FOLLOWER/1] - Vote decision inputs: canGrantVoteForCandidate=false, candidateLogUpToDate=true, canGrant=false, effectiveLocalTerm=1
20:14:24.408 [vert.x-eventloop-thread-0] DEBUG d.m.quorus.controller.raft.RaftNode [FOLLOWER/1] - Vote rejected: already voted for candidate-0 in term 1
20:14:24.408 [vert.x-eventloop-thread-0] DEBUG d.m.quorus.controller.raft.RaftNode [FOLLOWER/1] - Handling vote request: candidateId=candidate-17, requestTerm=1, localTerm=1, localVotedFor=candidate-0, candidateLastLogTerm=0, candidateLastLogIndex=0
20:14:24.408 [vert.x-eventloop-thread-0] DEBUG d.m.quorus.controller.raft.RaftNode [FOLLOWER/1] - Vote decision inputs: canGrantVoteForCandidate=false, candidateLogUpToDate=true, canGrant=false, effectiveLocalTerm=1
20:14:24.408 [vert.x-eventloop-thread-0] DEBUG d.m.quorus.controller.raft.RaftNode [FOLLOWER/1] - Vote rejected: already voted for candidate-0 in term 1
20:14:24.408 [vert.x-eventloop-thread-0] DEBUG d.m.quorus.controller.raft.RaftNode [FOLLOWER/1] - Handling vote request: candidateId=candidate-18, requestTerm=1, localTerm=1, localVotedFor=candidate-0, candidateLastLogTerm=0, candidateLastLogIndex=0
20:14:24.409 [vert.x-eventloop-thread-0] DEBUG d.m.quorus.controller.raft.RaftNode [FOLLOWER/1] - Vote decision inputs: canGrantVoteForCandidate=false, candidateLogUpToDate=true, canGrant=false, effectiveLocalTerm=1
20:14:24.409 [vert.x-eventloop-thread-0] DEBUG d.m.quorus.controller.raft.RaftNode [FOLLOWER/1] - Vote rejected: already voted for candidate-0 in term 1
20:14:24.409 [vert.x-eventloop-thread-0] DEBUG d.m.quorus.controller.raft.RaftNode [FOLLOWER/1] - Handling vote request: candidateId=candidate-19, requestTerm=1, localTerm=1, localVotedFor=candidate-0, candidateLastLogTerm=0, candidateLastLogIndex=0
20:14:24.409 [vert.x-eventloop-thread-0] DEBUG d.m.quorus.controller.raft.RaftNode [FOLLOWER/1] - Vote decision inputs: canGrantVoteForCandidate=false, candidateLogUpToDate=true, canGrant=false, effectiveLocalTerm=1
20:14:24.409 [vert.x-eventloop-thread-0] DEBUG d.m.quorus.controller.raft.RaftNode [FOLLOWER/1] - Vote rejected: already voted for candidate-0 in term 1
20:14:24.409 [vert.x-eventloop-thread-0] DEBUG d.m.quorus.controller.raft.RaftNode [FOLLOWER/1] - Handling vote request: candidateId=candidate-20, requestTerm=1, localTerm=1, localVotedFor=candidate-0, candidateLastLogTerm=0, candidateLastLogIndex=0
20:14:24.409 [vert.x-eventloop-thread-0] DEBUG d.m.quorus.controller.raft.RaftNode [FOLLOWER/1] - Vote decision inputs: canGrantVoteForCandidate=false, candidateLogUpToDate=true, canGrant=false, effectiveLocalTerm=1
20:14:24.409 [vert.x-eventloop-thread-0] DEBUG d.m.quorus.controller.raft.RaftNode [FOLLOWER/1] - Vote rejected: already voted for candidate-0 in term 1
20:14:24.410 [vert.x-eventloop-thread-0] DEBUG d.m.quorus.controller.raft.RaftNode [FOLLOWER/1] - Handling vote request: candidateId=candidate-21, requestTerm=1, localTerm=1, localVotedFor=candidate-0, candidateLastLogTerm=0, candidateLastLogIndex=0
20:14:24.410 [vert.x-eventloop-thread-0] DEBUG d.m.quorus.controller.raft.RaftNode [FOLLOWER/1] - Vote decision inputs: canGrantVoteForCandidate=false, candidateLogUpToDate=true, canGrant=false, effectiveLocalTerm=1
20:14:24.410 [vert.x-eventloop-thread-0] DEBUG d.m.quorus.controller.raft.RaftNode [FOLLOWER/1] - Vote rejected: already voted for candidate-0 in term 1
20:14:24.410 [vert.x-eventloop-thread-0] DEBUG d.m.quorus.controller.raft.RaftNode [FOLLOWER/1] - Handling vote request: candidateId=candidate-22, requestTerm=1, localTerm=1, localVotedFor=candidate-0, candidateLastLogTerm=0, candidateLastLogIndex=0
20:14:24.410 [vert.x-eventloop-thread-0] DEBUG d.m.quorus.controller.raft.RaftNode [FOLLOWER/1] - Vote decision inputs: canGrantVoteForCandidate=false, candidateLogUpToDate=true, canGrant=false, effectiveLocalTerm=1
20:14:24.411 [vert.x-eventloop-thread-0] DEBUG d.m.quorus.controller.raft.RaftNode [FOLLOWER/1] - Vote rejected: already voted for candidate-0 in term 1
20:14:24.411 [vert.x-eventloop-thread-0] DEBUG d.m.quorus.controller.raft.RaftNode [FOLLOWER/1] - Handling vote request: candidateId=candidate-23, requestTerm=1, localTerm=1, localVotedFor=candidate-0, candidateLastLogTerm=0, candidateLastLogIndex=0
20:14:24.411 [vert.x-eventloop-thread-0] DEBUG d.m.quorus.controller.raft.RaftNode [FOLLOWER/1] - Vote decision inputs: canGrantVoteForCandidate=false, candidateLogUpToDate=true, canGrant=false, effectiveLocalTerm=1
20:14:24.411 [vert.x-eventloop-thread-0] DEBUG d.m.quorus.controller.raft.RaftNode [FOLLOWER/1] - Vote rejected: already voted for candidate-0 in term 1
20:14:24.411 [vert.x-eventloop-thread-0] DEBUG d.m.quorus.controller.raft.RaftNode [FOLLOWER/1] - Handling vote request: candidateId=candidate-24, requestTerm=1, localTerm=1, localVotedFor=candidate-0, candidateLastLogTerm=0, candidateLastLogIndex=0
20:14:24.411 [vert.x-eventloop-thread-0] DEBUG d.m.quorus.controller.raft.RaftNode [FOLLOWER/1] - Vote decision inputs: canGrantVoteForCandidate=false, candidateLogUpToDate=true, canGrant=false, effectiveLocalTerm=1
20:14:24.411 [vert.x-eventloop-thread-0] DEBUG d.m.quorus.controller.raft.RaftNode [FOLLOWER/1] - Vote rejected: already voted for candidate-0 in term 1
20:14:24.411 [vert.x-eventloop-thread-0] DEBUG d.m.quorus.controller.raft.RaftNode [FOLLOWER/1] - Handling vote request: candidateId=candidate-25, requestTerm=1, localTerm=1, localVotedFor=candidate-0, candidateLastLogTerm=0, candidateLastLogIndex=0
20:14:24.411 [vert.x-eventloop-thread-0] DEBUG d.m.quorus.controller.raft.RaftNode [FOLLOWER/1] - Vote decision inputs: canGrantVoteForCandidate=false, candidateLogUpToDate=true, canGrant=false, effectiveLocalTerm=1
20:14:24.411 [vert.x-eventloop-thread-0] DEBUG d.m.quorus.controller.raft.RaftNode [FOLLOWER/1] - Vote rejected: already voted for candidate-0 in term 1
20:14:24.411 [vert.x-eventloop-thread-0] DEBUG d.m.quorus.controller.raft.RaftNode [FOLLOWER/1] - Handling vote request: candidateId=candidate-26, requestTerm=1, localTerm=1, localVotedFor=candidate-0, candidateLastLogTerm=0, candidateLastLogIndex=0
20:14:24.412 [vert.x-eventloop-thread-0] DEBUG d.m.quorus.controller.raft.RaftNode [FOLLOWER/1] - Vote decision inputs: canGrantVoteForCandidate=false, candidateLogUpToDate=true, canGrant=false, effectiveLocalTerm=1
20:14:24.412 [vert.x-eventloop-thread-0] DEBUG d.m.quorus.controller.raft.RaftNode [FOLLOWER/1] - Vote rejected: already voted for candidate-0 in term 1
20:14:24.412 [vert.x-eventloop-thread-0] DEBUG d.m.quorus.controller.raft.RaftNode [FOLLOWER/1] - Handling vote request: candidateId=candidate-27, requestTerm=1, localTerm=1, localVotedFor=candidate-0, candidateLastLogTerm=0, candidateLastLogIndex=0
20:14:24.412 [vert.x-eventloop-thread-0] DEBUG d.m.quorus.controller.raft.RaftNode [FOLLOWER/1] - Vote decision inputs: canGrantVoteForCandidate=false, candidateLogUpToDate=true, canGrant=false, effectiveLocalTerm=1
20:14:24.412 [vert.x-eventloop-thread-0] DEBUG d.m.quorus.controller.raft.RaftNode [FOLLOWER/1] - Vote rejected: already voted for candidate-0 in term 1
20:14:24.412 [vert.x-eventloop-thread-0] DEBUG d.m.quorus.controller.raft.RaftNode [FOLLOWER/1] - Handling vote request: candidateId=candidate-28, requestTerm=1, localTerm=1, localVotedFor=candidate-0, candidateLastLogTerm=0, candidateLastLogIndex=0
20:14:24.412 [vert.x-eventloop-thread-0] DEBUG d.m.quorus.controller.raft.RaftNode [FOLLOWER/1] - Vote decision inputs: canGrantVoteForCandidate=false, candidateLogUpToDate=true, canGrant=false, effectiveLocalTerm=1
20:14:24.412 [vert.x-eventloop-thread-0] DEBUG d.m.quorus.controller.raft.RaftNode [FOLLOWER/1] - Vote rejected: already voted for candidate-0 in term 1
20:14:24.412 [vert.x-eventloop-thread-0] DEBUG d.m.quorus.controller.raft.RaftNode [FOLLOWER/1] - Handling vote request: candidateId=candidate-29, requestTerm=1, localTerm=1, localVotedFor=candidate-0, candidateLastLogTerm=0, candidateLastLogIndex=0
20:14:24.412 [vert.x-eventloop-thread-0] DEBUG d.m.quorus.controller.raft.RaftNode [FOLLOWER/1] - Vote decision inputs: canGrantVoteForCandidate=false, candidateLogUpToDate=true, canGrant=false, effectiveLocalTerm=1
20:14:24.412 [vert.x-eventloop-thread-0] DEBUG d.m.quorus.controller.raft.RaftNode [FOLLOWER/1] - Vote rejected: already voted for candidate-0 in term 1
20:14:24.412 [vert.x-eventloop-thread-0] DEBUG d.m.quorus.controller.raft.RaftNode [FOLLOWER/1] - Handling vote request: candidateId=candidate-30, requestTerm=1, localTerm=1, localVotedFor=candidate-0, candidateLastLogTerm=0, candidateLastLogIndex=0
20:14:24.412 [vert.x-eventloop-thread-0] DEBUG d.m.quorus.controller.raft.RaftNode [FOLLOWER/1] - Vote decision inputs: canGrantVoteForCandidate=false, candidateLogUpToDate=true, canGrant=false, effectiveLocalTerm=1
20:14:24.413 [vert.x-eventloop-thread-0] DEBUG d.m.quorus.controller.raft.RaftNode [FOLLOWER/1] - Vote rejected: already voted for candidate-0 in term 1
20:14:24.413 [vert.x-eventloop-thread-0] DEBUG d.m.quorus.controller.raft.RaftNode [FOLLOWER/1] - Handling vote request: candidateId=candidate-31, requestTerm=1, localTerm=1, localVotedFor=candidate-0, candidateLastLogTerm=0, candidateLastLogIndex=0
20:14:24.413 [vert.x-eventloop-thread-0] DEBUG d.m.quorus.controller.raft.RaftNode [FOLLOWER/1] - Vote decision inputs: canGrantVoteForCandidate=false, candidateLogUpToDate=true, canGrant=false, effectiveLocalTerm=1
20:14:24.413 [vert.x-eventloop-thread-0] DEBUG d.m.quorus.controller.raft.RaftNode [FOLLOWER/1] - Vote rejected: already voted for candidate-0 in term 1
20:14:24.415 [vert.x-eventloop-thread-0] INFO  d.m.q.c.r.InMemoryTransportSimulator [FOLLOWER/1] - Stopped in-memory transport for node: voter
20:14:24.415 [vert.x-eventloop-thread-0] INFO  d.m.q.c.r.s.RaftLogStorageAdapter [FOLLOWER/1] - Closing RaftLog storage
20:14:24.415 [vert.x-worker-thread-1] INFO  d.m.raftlog.storage.FileRaftStorage - Closing WAL storage at: C:\Users\mraysmit\AppData\Local\Temp\junit1322121069287478184
20:14:24.415 [vert.x-worker-thread-1] INFO  d.m.raftlog.storage.FileRaftStorage - WAL storage closed
20:14:24.416 [vert.x-eventloop-thread-0] INFO  d.m.quorus.controller.raft.RaftNode [FOLLOWER/1] - Raft node stopped: voter
20:14:24.416 [ForkJoinPool-1-worker-1] INFO  d.m.raftlog.storage.FileRaftStorage - FileRaftStorage initialized: syncEnabled=true, verifyWrites=false, maxPayloadSize=16 MB, minFreeSpace=64 MB
20:14:24.416 [ForkJoinPool-1-worker-1] INFO  d.m.q.c.r.s.RaftLogStorageAdapter - RaftLogStorageAdapter created with delegate: FileRaftStorage
20:14:24.416 [ForkJoinPool-1-worker-1] INFO  d.m.q.c.r.s.RaftLogStorageAdapter - Opening RaftLog storage at: C:\Users\mraysmit\AppData\Local\Temp\junit1322121069287478184
20:14:24.417 [wal-executor] INFO  d.m.raftlog.storage.FileRaftStorage - Opening WAL storage at: C:\Users\mraysmit\AppData\Local\Temp\junit1322121069287478184
20:14:24.417 [wal-executor] INFO  d.m.raftlog.storage.FileRaftStorage - Exclusive lock acquired: C:\Users\mraysmit\AppData\Local\Temp\junit1322121069287478184\raft.lock
20:14:24.418 [wal-executor] INFO  d.m.raftlog.storage.FileRaftStorage - WAL opened successfully: path=C:\Users\mraysmit\AppData\Local\Temp\junit1322121069287478184\raft.log, size=0 bytes
20:14:24.418 [ForkJoinPool-1-worker-1] DEBUG d.m.q.c.r.s.RaftLogStorageAdapter - Loading metadata
20:14:24.420 [wal-executor] INFO  d.m.raftlog.storage.FileRaftStorage - Metadata loaded: term=1, votedFor=candidate-0
20:14:24.421 [ForkJoinPool-1-worker-1] INFO  d.m.q.c.r.s.RaftLogStorageAdapter - Closing RaftLog storage
20:14:24.422 [vert.x-worker-thread-2] INFO  d.m.raftlog.storage.FileRaftStorage - Closing WAL storage at: C:\Users\mraysmit\AppData\Local\Temp\junit1322121069287478184
20:14:24.422 [vert.x-worker-thread-2] INFO  d.m.raftlog.storage.FileRaftStorage - WAL storage closed
20:14:24.422 [ForkJoinPool-1-worker-1] INFO  d.m.q.c.r.InMemoryTransportSimulator - Healed all network partitions
[INFO] Tests run: 2, Failures: 0, Errors: 0, Skipped: 0, Time elapsed: 0.945 s -- in dev.mars.quorus.controller.raft.ConcurrentVoteBoundaryTest
[INFO] Running dev.mars.quorus.controller.raft.RaftLogClusterIntegrationTest
20:14:24.485 [ForkJoinPool-1-worker-1] INFO  d.m.q.c.r.RaftLogClusterIntegrationTest - === TEST: WAL Files Created ===
20:14:24.486 [ForkJoinPool-1-worker-1] INFO  d.m.q.c.r.RaftLogClusterIntegrationTest - Starting 3-node cluster with WAL storage...
20:14:24.486 [ForkJoinPool-1-worker-1] DEBUG d.m.q.c.r.RaftLogClusterIntegrationTest - Creating mock transports for 3 nodes
20:14:24.488 [ForkJoinPool-1-worker-1] DEBUG d.m.q.c.r.RaftLogClusterIntegrationTest - Transports created and connected
20:14:24.488 [ForkJoinPool-1-worker-1] DEBUG d.m.q.c.r.RaftLogClusterIntegrationTest - Creating 3 RaftNodes with WAL storage
20:14:24.488 [ForkJoinPool-1-worker-1] DEBUG d.m.q.c.r.RaftLogClusterIntegrationTest - Creating node node1 with dataDir=C:\Users\mraysmit\AppData\Local\Temp\junit12991693069245074850\node1
20:14:24.489 [ForkJoinPool-1-worker-1] INFO  d.m.raftlog.storage.FileRaftStorage - FileRaftStorage initialized: syncEnabled=true, verifyWrites=false, maxPayloadSize=16 MB, minFreeSpace=64 MB
20:14:24.489 [ForkJoinPool-1-worker-1] INFO  d.m.q.c.r.s.RaftLogStorageAdapter - RaftLogStorageAdapter created with delegate: FileRaftStorage
20:14:24.489 [ForkJoinPool-1-worker-1] INFO  d.m.q.c.r.s.RaftLogStorageAdapter - Opening RaftLog storage at: C:\Users\mraysmit\AppData\Local\Temp\junit12991693069245074850\node1
20:14:24.489 [wal-executor] INFO  d.m.raftlog.storage.FileRaftStorage - Opening WAL storage at: C:\Users\mraysmit\AppData\Local\Temp\junit12991693069245074850\node1
20:14:24.490 [wal-executor] INFO  d.m.raftlog.storage.FileRaftStorage - Exclusive lock acquired: C:\Users\mraysmit\AppData\Local\Temp\junit12991693069245074850\node1\raft.lock
20:14:24.491 [wal-executor] INFO  d.m.raftlog.storage.FileRaftStorage - WAL opened successfully: path=C:\Users\mraysmit\AppData\Local\Temp\junit12991693069245074850\node1\raft.log, size=0 bytes
20:14:24.492 [ForkJoinPool-1-worker-1] DEBUG d.m.q.c.state.QuorusStateStore - Initializing default metadata: version=2.0
20:14:24.492 [ForkJoinPool-1-worker-1] DEBUG d.m.q.c.r.RaftLogClusterIntegrationTest - Creating node node2 with dataDir=C:\Users\mraysmit\AppData\Local\Temp\junit12991693069245074850\node2
20:14:24.492 [ForkJoinPool-1-worker-1] INFO  d.m.raftlog.storage.FileRaftStorage - FileRaftStorage initialized: syncEnabled=true, verifyWrites=false, maxPayloadSize=16 MB, minFreeSpace=64 MB
20:14:24.492 [ForkJoinPool-1-worker-1] INFO  d.m.q.c.r.s.RaftLogStorageAdapter - RaftLogStorageAdapter created with delegate: FileRaftStorage
20:14:24.492 [ForkJoinPool-1-worker-1] INFO  d.m.q.c.r.s.RaftLogStorageAdapter - Opening RaftLog storage at: C:\Users\mraysmit\AppData\Local\Temp\junit12991693069245074850\node2
20:14:24.497 [wal-executor] INFO  d.m.raftlog.storage.FileRaftStorage - Opening WAL storage at: C:\Users\mraysmit\AppData\Local\Temp\junit12991693069245074850\node2
20:14:24.498 [wal-executor] INFO  d.m.raftlog.storage.FileRaftStorage - Exclusive lock acquired: C:\Users\mraysmit\AppData\Local\Temp\junit12991693069245074850\node2\raft.lock
20:14:24.499 [wal-executor] INFO  d.m.raftlog.storage.FileRaftStorage - WAL opened successfully: path=C:\Users\mraysmit\AppData\Local\Temp\junit12991693069245074850\node2\raft.log, size=0 bytes
20:14:24.500 [ForkJoinPool-1-worker-1] DEBUG d.m.q.c.state.QuorusStateStore - Initializing default metadata: version=2.0
20:14:24.500 [ForkJoinPool-1-worker-1] DEBUG d.m.q.c.r.RaftLogClusterIntegrationTest - Creating node node3 with dataDir=C:\Users\mraysmit\AppData\Local\Temp\junit12991693069245074850\node3
20:14:24.501 [ForkJoinPool-1-worker-1] INFO  d.m.raftlog.storage.FileRaftStorage - FileRaftStorage initialized: syncEnabled=true, verifyWrites=false, maxPayloadSize=16 MB, minFreeSpace=64 MB
20:14:24.501 [ForkJoinPool-1-worker-1] INFO  d.m.q.c.r.s.RaftLogStorageAdapter - RaftLogStorageAdapter created with delegate: FileRaftStorage
20:14:24.501 [ForkJoinPool-1-worker-1] INFO  d.m.q.c.r.s.RaftLogStorageAdapter - Opening RaftLog storage at: C:\Users\mraysmit\AppData\Local\Temp\junit12991693069245074850\node3
20:14:24.501 [wal-executor] INFO  d.m.raftlog.storage.FileRaftStorage - Opening WAL storage at: C:\Users\mraysmit\AppData\Local\Temp\junit12991693069245074850\node3
20:14:24.502 [wal-executor] INFO  d.m.raftlog.storage.FileRaftStorage - Exclusive lock acquired: C:\Users\mraysmit\AppData\Local\Temp\junit12991693069245074850\node3\raft.lock
20:14:24.502 [wal-executor] INFO  d.m.raftlog.storage.FileRaftStorage - WAL opened successfully: path=C:\Users\mraysmit\AppData\Local\Temp\junit12991693069245074850\node3\raft.log, size=0 bytes
20:14:24.503 [ForkJoinPool-1-worker-1] DEBUG d.m.q.c.state.QuorusStateStore - Initializing default metadata: version=2.0
20:14:24.503 [ForkJoinPool-1-worker-1] DEBUG d.m.q.c.r.RaftLogClusterIntegrationTest - Starting all 3 nodes in parallel
20:14:24.503 [vert.x-eventloop-thread-0] INFO  d.m.quorus.controller.raft.RaftNode - Starting Raft node: node1
20:14:24.503 [vert.x-eventloop-thread-0] INFO  d.m.quorus.controller.raft.RaftNode [FOLLOWER/0] - Recovering Raft state from storage...
20:14:24.503 [vert.x-eventloop-thread-0] DEBUG d.m.q.c.r.s.RaftLogStorageAdapter [FOLLOWER/0] - Loading metadata
20:14:24.503 [vert.x-eventloop-thread-0] INFO  d.m.quorus.controller.raft.RaftNode [FOLLOWER/0] - Starting Raft node: node2
20:14:24.503 [vert.x-eventloop-thread-0] INFO  d.m.quorus.controller.raft.RaftNode [FOLLOWER/0] - Recovering Raft state from storage...
20:14:24.503 [vert.x-eventloop-thread-0] DEBUG d.m.q.c.r.s.RaftLogStorageAdapter [FOLLOWER/0] - Loading metadata
20:14:24.504 [vert.x-eventloop-thread-0] INFO  d.m.quorus.controller.raft.RaftNode [FOLLOWER/0] - Starting Raft node: node3
20:14:24.504 [vert.x-eventloop-thread-0] INFO  d.m.quorus.controller.raft.RaftNode [FOLLOWER/0] - Recovering Raft state from storage...
20:14:24.504 [vert.x-eventloop-thread-0] DEBUG d.m.q.c.r.s.RaftLogStorageAdapter [FOLLOWER/0] - Loading metadata
20:14:24.504 [vert.x-eventloop-thread-0] INFO  d.m.quorus.controller.raft.RaftNode [FOLLOWER/0] - Recovered metadata: term=0, votedFor=null
20:14:24.504 [vert.x-eventloop-thread-0] INFO  d.m.quorus.controller.raft.RaftNode [FOLLOWER/0] - Recovered metadata: term=0, votedFor=null
20:14:24.504 [vert.x-eventloop-thread-0] INFO  d.m.quorus.controller.raft.RaftNode [FOLLOWER/0] - Recovered metadata: term=0, votedFor=null
20:14:24.504 [vert.x-eventloop-thread-0] INFO  d.m.quorus.controller.raft.RaftNode [FOLLOWER/0] - No snapshot found, will rebuild from full log replay
20:14:24.504 [vert.x-eventloop-thread-0] INFO  d.m.q.c.r.s.RaftLogStorageAdapter [FOLLOWER/0] - Replaying WAL
20:14:24.504 [wal-executor] INFO  d.m.raftlog.storage.FileRaftStorage - Replaying WAL from: C:\Users\mraysmit\AppData\Local\Temp\junit12991693069245074850\node1\raft.log
20:14:24.504 [vert.x-eventloop-thread-0] INFO  d.m.quorus.controller.raft.RaftNode [FOLLOWER/0] - No snapshot found, will rebuild from full log replay
20:14:24.505 [vert.x-eventloop-thread-0] INFO  d.m.q.c.r.s.RaftLogStorageAdapter [FOLLOWER/0] - Replaying WAL
20:14:24.505 [wal-executor] INFO  d.m.raftlog.storage.FileRaftStorage - WAL replay complete: 0 entries recovered, 0 appends, 0 truncates, 1 ms
20:14:24.505 [vert.x-eventloop-thread-0] INFO  d.m.quorus.controller.raft.RaftNode [FOLLOWER/0] - No snapshot found, will rebuild from full log replay
20:14:24.505 [vert.x-eventloop-thread-0] INFO  d.m.q.c.r.s.RaftLogStorageAdapter [FOLLOWER/0] - Replaying WAL
20:14:24.505 [wal-executor] INFO  d.m.raftlog.storage.FileRaftStorage - Replaying WAL from: C:\Users\mraysmit\AppData\Local\Temp\junit12991693069245074850\node2\raft.log
20:14:24.505 [vert.x-eventloop-thread-0] INFO  d.m.quorus.controller.raft.RaftNode [FOLLOWER/0] - Recovered 0 log entries from 0 storage records
20:14:24.505 [wal-executor] INFO  d.m.raftlog.storage.FileRaftStorage - Replaying WAL from: C:\Users\mraysmit\AppData\Local\Temp\junit12991693069245074850\node3\raft.log
20:14:24.505 [vert.x-eventloop-thread-0] INFO  d.m.quorus.controller.raft.RaftNode [FOLLOWER/0] - Rebuilding state machine from 0 entries...
20:14:24.505 [wal-executor] INFO  d.m.raftlog.storage.FileRaftStorage - WAL replay complete: 0 entries recovered, 0 appends, 0 truncates, 0 ms
20:14:24.505 [vert.x-eventloop-thread-0] DEBUG d.m.q.c.state.QuorusStateStore [FOLLOWER/0] - Resetting state machine: jobs=0, agents=0, metadata=1
20:14:24.505 [wal-executor] INFO  d.m.raftlog.storage.FileRaftStorage - WAL replay complete: 0 entries recovered, 0 appends, 0 truncates, 0 ms
20:14:24.505 [vert.x-eventloop-thread-0] DEBUG d.m.q.c.state.QuorusStateStore [FOLLOWER/0] - Initializing default metadata: version=2.0
20:14:24.505 [vert.x-eventloop-thread-0] INFO  d.m.q.c.state.QuorusStateStore [FOLLOWER/0] - State machine reset completed: version=2.0
20:14:24.505 [vert.x-eventloop-thread-0] INFO  d.m.quorus.controller.raft.RaftNode [FOLLOWER/0] - Multi-node recovery: deferring log application until leader commit advances
20:14:24.505 [vert.x-eventloop-thread-0] INFO  d.m.quorus.controller.raft.RaftNode [FOLLOWER/0] - Recovery complete: term=0, logSize=1, lastApplied=0, snapshotLastIndex=0
Sept 05, 2026 8:14:24 PM dev.mars.quorus.controller.raft.MockRaftTransport start
INFO: Started mock transport for node: node1
20:14:24.510 [vert.x-eventloop-thread-0] INFO  d.m.quorus.controller.raft.RaftNode [FOLLOWER/0] - Raft node node1 started successfully (term=0, logSize=1)
20:14:24.510 [vert.x-eventloop-thread-0] DEBUG d.m.q.c.r.RaftLogClusterIntegrationTest [FOLLOWER/0] - Node node1 started successfully
20:14:24.510 [vert.x-eventloop-thread-0] INFO  d.m.quorus.controller.raft.RaftNode [FOLLOWER/0] - Recovered 0 log entries from 0 storage records
20:14:24.510 [vert.x-eventloop-thread-0] INFO  d.m.quorus.controller.raft.RaftNode [FOLLOWER/0] - Rebuilding state machine from 0 entries...
20:14:24.510 [vert.x-eventloop-thread-0] DEBUG d.m.q.c.state.QuorusStateStore [FOLLOWER/0] - Resetting state machine: jobs=0, agents=0, metadata=1
20:14:24.510 [vert.x-eventloop-thread-0] DEBUG d.m.q.c.state.QuorusStateStore [FOLLOWER/0] - Initializing default metadata: version=2.0
20:14:24.510 [vert.x-eventloop-thread-0] INFO  d.m.q.c.state.QuorusStateStore [FOLLOWER/0] - State machine reset completed: version=2.0
20:14:24.510 [vert.x-eventloop-thread-0] INFO  d.m.quorus.controller.raft.RaftNode [FOLLOWER/0] - Multi-node recovery: deferring log application until leader commit advances
20:14:24.510 [vert.x-eventloop-thread-0] INFO  d.m.quorus.controller.raft.RaftNode [FOLLOWER/0] - Recovery complete: term=0, logSize=1, lastApplied=0, snapshotLastIndex=0
Sept 05, 2026 8:14:24 PM dev.mars.quorus.controller.raft.MockRaftTransport start
INFO: Started mock transport for node: node2
20:14:24.512 [vert.x-eventloop-thread-0] INFO  d.m.quorus.controller.raft.RaftNode [FOLLOWER/0] - Raft node node2 started successfully (term=0, logSize=1)
20:14:24.512 [vert.x-eventloop-thread-0] DEBUG d.m.q.c.r.RaftLogClusterIntegrationTest [FOLLOWER/0] - Node node2 started successfully
20:14:24.512 [vert.x-eventloop-thread-0] INFO  d.m.quorus.controller.raft.RaftNode [FOLLOWER/0] - Recovered 0 log entries from 0 storage records
20:14:24.513 [vert.x-eventloop-thread-0] INFO  d.m.quorus.controller.raft.RaftNode [FOLLOWER/0] - Rebuilding state machine from 0 entries...
20:14:24.513 [vert.x-eventloop-thread-0] DEBUG d.m.q.c.state.QuorusStateStore [FOLLOWER/0] - Resetting state machine: jobs=0, agents=0, metadata=1
20:14:24.514 [vert.x-eventloop-thread-0] DEBUG d.m.q.c.state.QuorusStateStore [FOLLOWER/0] - Initializing default metadata: version=2.0
20:14:24.514 [vert.x-eventloop-thread-0] INFO  d.m.q.c.state.QuorusStateStore [FOLLOWER/0] - State machine reset completed: version=2.0
20:14:24.514 [vert.x-eventloop-thread-0] INFO  d.m.quorus.controller.raft.RaftNode [FOLLOWER/0] - Multi-node recovery: deferring log application until leader commit advances
Sept 05, 2026 8:14:24 PM dev.mars.quorus.controller.raft.MockRaftTransport start
INFO: Started mock transport for node: node3
20:14:24.514 [vert.x-eventloop-thread-0] INFO  d.m.quorus.controller.raft.RaftNode [FOLLOWER/0] - Recovery complete: term=0, logSize=1, lastApplied=0, snapshotLastIndex=0
20:14:24.514 [vert.x-eventloop-thread-0] INFO  d.m.quorus.controller.raft.RaftNode [FOLLOWER/0] - Raft node node3 started successfully (term=0, logSize=1)
20:14:24.514 [vert.x-eventloop-thread-0] DEBUG d.m.q.c.r.RaftLogClusterIntegrationTest [FOLLOWER/0] - Node node3 started successfully
20:14:24.515 [ForkJoinPool-1-worker-1] INFO  d.m.q.c.r.RaftLogClusterIntegrationTest - Cluster started successfully in 29 ms
20:14:24.515 [ForkJoinPool-1-worker-1] DEBUG d.m.q.c.r.RaftLogClusterIntegrationTest - Waiting for cluster to stabilize...
20:14:26.869 [vert.x-eventloop-thread-0] INFO  d.m.quorus.controller.raft.RaftNode [FOLLOWER/0] - Starting election for node: node3
20:14:26.869 [vert.x-eventloop-thread-0] DEBUG d.m.quorus.controller.raft.RaftNode [CANDIDATE/1] - Persisting raft metadata: term=1, votedForPresent=true, votedFor=node3
20:14:26.869 [vert.x-eventloop-thread-0] DEBUG d.m.q.c.r.s.RaftLogStorageAdapter [CANDIDATE/1] - Updating metadata: term=1, votedFor=node3
WARNING: A terminally deprecated method in sun.misc.Unsafe has been called
WARNING: sun.misc.Unsafe::arrayBaseOffset has been called by com.google.protobuf.UnsafeUtil$MemoryAccessor (file:/C:/Users/mraysmit/.m2/repository/com/google/protobuf/protobuf-java/3.25.5/protobuf-java-3.25.5.jar)
WARNING: Please consider reporting this to the maintainers of class com.google.protobuf.UnsafeUtil$MemoryAccessor
WARNING: sun.misc.Unsafe::arrayBaseOffset will be removed in a future release
20:14:26.884 [wal-executor] INFO  d.m.raftlog.storage.FileRaftStorage - Metadata updated: term=1, votedFor=node3
20:14:26.907 [vert.x-eventloop-thread-0] DEBUG d.m.quorus.controller.raft.RaftNode [CANDIDATE/1] - Handling vote request: candidateId=node3, requestTerm=1, localTerm=0, localVotedFor=null, candidateLastLogTerm=0, candidateLastLogIndex=0
20:14:26.907 [vert.x-eventloop-thread-0] DEBUG d.m.quorus.controller.raft.RaftNode [CANDIDATE/1] - Higher term observed in vote request: requestTerm=1 > localTerm=0. Stepping down without immediate metadata persistence.
20:14:26.907 [vert.x-eventloop-thread-0] INFO  d.m.quorus.controller.raft.RaftNode [FOLLOWER/1] - Stepped down to FOLLOWER. Term: 1
20:14:26.907 [vert.x-eventloop-thread-0] DEBUG d.m.quorus.controller.raft.RaftNode [FOLLOWER/1] - Vote decision inputs: canGrantVoteForCandidate=true, candidateLogUpToDate=true, canGrant=true, effectiveLocalTerm=1
20:14:26.907 [vert.x-eventloop-thread-0] DEBUG d.m.quorus.controller.raft.RaftNode [FOLLOWER/1] - Persisting granted vote metadata: term=1, candidateId=node3
20:14:26.907 [vert.x-eventloop-thread-0] DEBUG d.m.quorus.controller.raft.RaftNode [FOLLOWER/1] - Persisting raft metadata: term=1, votedForPresent=true, votedFor=node3
20:14:26.907 [vert.x-eventloop-thread-0] DEBUG d.m.q.c.r.s.RaftLogStorageAdapter [FOLLOWER/1] - Updating metadata: term=1, votedFor=node3
20:14:26.911 [wal-executor] INFO  d.m.raftlog.storage.FileRaftStorage - Metadata updated: term=1, votedFor=node3
20:14:26.911 [vert.x-eventloop-thread-0] INFO  d.m.quorus.controller.raft.RaftNode [FOLLOWER/1] - Vote granted to node3 for term 1
20:14:26.915 [vert.x-eventloop-thread-0] INFO  d.m.quorus.controller.raft.RaftNode [LEADER/1] - Node node3 became LEADER for term 1
20:14:26.921 [vert.x-eventloop-thread-0] INFO  d.m.quorus.controller.raft.RaftNode [LEADER/1] - Snapshot scheduler started: threshold=10000, checkInterval=60000ms
20:14:26.967 [vert.x-eventloop-thread-0] DEBUG d.m.q.c.r.s.RaftLogStorageAdapter [LEADER/1] - Appending 1 entries (indices 1-1)
20:14:26.969 [ForkJoinPool-1-worker-1] DEBUG d.m.q.c.r.RaftLogClusterIntegrationTest - --- Cluster State (after startup) ---
20:14:26.969 [wal-executor] INFO  d.m.raftlog.storage.FileRaftStorage - Appended 1 entries to WAL: indices [1-1], terms [1-1], 34 bytes
20:14:26.969 [ForkJoinPool-1-worker-1] DEBUG d.m.q.c.r.RaftLogClusterIntegrationTest -   node1 | state=FOLLOWER | term=0 | votedFor=(none) | log=[size=1, lastIdx=0, lastTerm=0] | commit=0 | applied=0 | jobs=0
20:14:26.969 [ForkJoinPool-1-worker-1] DEBUG d.m.q.c.r.RaftLogClusterIntegrationTest -   node2 | state=FOLLOWER | term=1 | votedFor=node3 | log=[size=1, lastIdx=0, lastTerm=0] | commit=0 | applied=0 | jobs=0
20:14:26.969 [ForkJoinPool-1-worker-1] DEBUG d.m.q.c.r.RaftLogClusterIntegrationTest -   node3 | state=LEADER | term=1 | votedFor=node3 | log=[size=1, lastIdx=0, lastTerm=0] | commit=0 | applied=0 | jobs=0
20:14:26.969 [ForkJoinPool-1-worker-1] DEBUG d.m.q.c.r.RaftLogClusterIntegrationTest - --- End Cluster State ---
20:14:26.969 [ForkJoinPool-1-worker-1] DEBUG d.m.q.c.r.RaftLogClusterIntegrationTest - Verifying WAL files for 3 nodes...
20:14:26.969 [ForkJoinPool-1-worker-1] DEBUG d.m.q.c.r.RaftLogClusterIntegrationTest - Checking node1 - dataDir=C:\Users\mraysmit\AppData\Local\Temp\junit12991693069245074850\node1
20:14:26.970 [vert.x-eventloop-thread-0] DEBUG d.m.quorus.controller.raft.RaftNode [LEADER/1] - AppendEntries success: logSize=1, commitIndex=0
20:14:26.970 [ForkJoinPool-1-worker-1] INFO  d.m.q.c.r.RaftLogClusterIntegrationTest - [OK] node1 has WAL at C:\Users\mraysmit\AppData\Local\Temp\junit12991693069245074850\node1\raft.log (0 bytes, meta=N/A)
20:14:26.970 [ForkJoinPool-1-worker-1] DEBUG d.m.q.c.r.RaftLogClusterIntegrationTest - Checking node2 - dataDir=C:\Users\mraysmit\AppData\Local\Temp\junit12991693069245074850\node2
20:14:26.970 [ForkJoinPool-1-worker-1] INFO  d.m.q.c.r.RaftLogClusterIntegrationTest - [OK] node2 has WAL at C:\Users\mraysmit\AppData\Local\Temp\junit12991693069245074850\node2\raft.log (0 bytes, meta=N/A)
20:14:26.971 [ForkJoinPool-1-worker-1] DEBUG d.m.q.c.r.RaftLogClusterIntegrationTest - Checking node3 - dataDir=C:\Users\mraysmit\AppData\Local\Temp\junit12991693069245074850\node3
20:14:26.971 [ForkJoinPool-1-worker-1] INFO  d.m.q.c.r.RaftLogClusterIntegrationTest - [OK] node3 has WAL at C:\Users\mraysmit\AppData\Local\Temp\junit12991693069245074850\node3\raft.log (34 bytes, meta=N/A)
20:14:26.971 [ForkJoinPool-1-worker-1] INFO  d.m.q.c.r.RaftLogClusterIntegrationTest - Test completed in 2485 ms
20:14:26.973 [ForkJoinPool-1-worker-1] INFO  d.m.q.c.r.RaftLogClusterIntegrationTest - Tearing down cluster...
20:14:26.973 [vert.x-eventloop-thread-0] DEBUG d.m.quorus.controller.raft.RaftNode [LEADER/1] - Handling vote request: candidateId=node3, requestTerm=1, localTerm=0, localVotedFor=null, candidateLastLogTerm=0, candidateLastLogIndex=0
20:14:26.973 [vert.x-eventloop-thread-0] DEBUG d.m.quorus.controller.raft.RaftNode [LEADER/1] - Higher term observed in vote request: requestTerm=1 > localTerm=0. Stepping down without immediate metadata persistence.
20:14:26.973 [vert.x-eventloop-thread-0] INFO  d.m.quorus.controller.raft.RaftNode [FOLLOWER/1] - Stepped down to FOLLOWER. Term: 1
20:14:26.973 [vert.x-eventloop-thread-0] DEBUG d.m.quorus.controller.raft.RaftNode [FOLLOWER/1] - Vote decision inputs: canGrantVoteForCandidate=true, candidateLogUpToDate=true, canGrant=true, effectiveLocalTerm=1
20:14:26.973 [vert.x-eventloop-thread-0] DEBUG d.m.quorus.controller.raft.RaftNode [FOLLOWER/1] - Persisting granted vote metadata: term=1, candidateId=node3
20:14:26.973 [vert.x-eventloop-thread-0] DEBUG d.m.quorus.controller.raft.RaftNode [FOLLOWER/1] - Persisting raft metadata: term=1, votedForPresent=true, votedFor=node3
20:14:26.973 [vert.x-eventloop-thread-0] DEBUG d.m.q.c.r.s.RaftLogStorageAdapter [FOLLOWER/1] - Updating metadata: term=1, votedFor=node3
Sept 05, 2026 8:14:26 PM dev.mars.quorus.controller.raft.MockRaftTransport stop
INFO: Stopped mock transport for node: node1
20:14:26.975 [vert.x-eventloop-thread-0] INFO  d.m.q.c.r.s.RaftLogStorageAdapter [FOLLOWER/1] - Closing RaftLog storage
Sept 05, 2026 8:14:26 PM dev.mars.quorus.controller.raft.MockRaftTransport stop
INFO: Stopped mock transport for node: node2
Sept 05, 2026 8:14:26 PM dev.mars.quorus.controller.raft.MockRaftTransport stop
INFO: Stopped mock transport for node: node3
20:14:26.975 [vert.x-worker-thread-3] INFO  d.m.raftlog.storage.FileRaftStorage - Closing WAL storage at: C:\Users\mraysmit\AppData\Local\Temp\junit12991693069245074850\node1
20:14:26.975 [vert.x-worker-thread-3] INFO  d.m.raftlog.storage.FileRaftStorage - WAL storage closed
20:14:26.976 [vert.x-eventloop-thread-0] INFO  d.m.q.c.r.s.RaftLogStorageAdapter [FOLLOWER/1] - Closing RaftLog storage
20:14:26.976 [vert.x-worker-thread-4] INFO  d.m.raftlog.storage.FileRaftStorage - Closing WAL storage at: C:\Users\mraysmit\AppData\Local\Temp\junit12991693069245074850\node2
20:14:26.976 [vert.x-worker-thread-4] INFO  d.m.raftlog.storage.FileRaftStorage - WAL storage closed
20:14:26.976 [vert.x-eventloop-thread-0] INFO  d.m.q.c.r.s.RaftLogStorageAdapter [FOLLOWER/1] - Closing RaftLog storage
20:14:26.977 [vert.x-eventloop-thread-0] INFO  d.m.quorus.controller.raft.RaftNode [FOLLOWER/1] - Raft node stopped: node1
20:14:26.977 [vert.x-worker-thread-5] INFO  d.m.raftlog.storage.FileRaftStorage - Closing WAL storage at: C:\Users\mraysmit\AppData\Local\Temp\junit12991693069245074850\node3
20:14:26.977 [vert.x-eventloop-thread-0] INFO  d.m.quorus.controller.raft.RaftNode [FOLLOWER/1] - Raft node stopped: node2
20:14:26.977 [vert.x-worker-thread-5] INFO  d.m.raftlog.storage.FileRaftStorage - WAL storage closed
20:14:26.977 [vert.x-eventloop-thread-0] INFO  d.m.quorus.controller.raft.RaftNode [FOLLOWER/1] - Raft node stopped: node3
20:14:26.977 [vert.x-eventloop-thread-0] INFO  d.m.q.c.r.s.RaftLogStorageAdapter [FOLLOWER/1] - Closing RaftLog storage
20:14:26.978 [vert.x-eventloop-thread-0] INFO  d.m.q.c.r.s.RaftLogStorageAdapter [FOLLOWER/1] - Closing RaftLog storage
20:14:26.978 [vert.x-eventloop-thread-0] INFO  d.m.q.c.r.s.RaftLogStorageAdapter [FOLLOWER/1] - Closing RaftLog storage
20:14:26.979 [vert.x-eventloop-thread-0] INFO  d.m.quorus.controller.raft.RaftNode [FOLLOWER/1] - Command submitted at index 1 term 1
20:14:26.982 [pool-8-thread-5] WARN  d.m.quorus.controller.raft.RaftNode - Failed to send AppendEntries to node2
20:14:26.982 [pool-8-thread-6] WARN  d.m.quorus.controller.raft.RaftNode - Failed to send AppendEntries to node1
20:14:26.981 [wal-executor] ERROR d.m.raftlog.storage.FileRaftStorage - Failed to update metadata: C:\Users\mraysmit\AppData\Local\Temp\junit12991693069245074850\node1\meta.dat.tmp -> C:\Users\mraysmit\AppData\Local\Temp\junit12991693069245074850\node1\meta.dat
java.nio.file.AccessDeniedException: C:\Users\mraysmit\AppData\Local\Temp\junit12991693069245074850\node1\meta.dat.tmp -> C:\Users\mraysmit\AppData\Local\Temp\junit12991693069245074850\node1\meta.dat
	at java.base/sun.nio.fs.WindowsException.translateToIOException(WindowsException.java:89)
	at java.base/sun.nio.fs.WindowsException.rethrowAsIOException(WindowsException.java:103)
	at java.base/sun.nio.fs.WindowsFileCopy.move(WindowsFileCopy.java:310)
	at java.base/sun.nio.fs.WindowsFileSystemProvider.move(WindowsFileSystemProvider.java:287)
	at java.base/java.nio.file.Files.move(Files.java:1319)
	at dev.mars.raftlog.storage.FileRaftStorage.lambda$3(FileRaftStorage.java:359)
	at java.base/java.util.concurrent.CompletableFuture$AsyncRun.run(CompletableFuture.java:1825)
	at java.base/java.util.concurrent.ThreadPoolExecutor.runWorker(ThreadPoolExecutor.java:1090)
	at java.base/java.util.concurrent.ThreadPoolExecutor$Worker.run(ThreadPoolExecutor.java:614)
	at java.base/java.lang.Thread.run(Thread.java:1474)
20:14:26.988 [vert.x-eventloop-thread-0] ERROR d.m.quorus.controller.raft.RaftNode [FOLLOWER/1] - Failed to persist vote metadata: dev.mars.raftlog.storage.FileRaftStorage$StorageException: Failed to update metadata
20:14:26.988 [vert.x-eventloop-thread-0] DEBUG d.m.quorus.controller.raft.RaftNode [FOLLOWER/1] - Stack trace for vote metadata persist failure
java.util.concurrent.CompletionException: dev.mars.raftlog.storage.FileRaftStorage$StorageException: Failed to update metadata
	at java.base/java.util.concurrent.CompletableFuture.wrapInCompletionException(CompletableFuture.java:323)
	at java.base/java.util.concurrent.CompletableFuture.encodeThrowable(CompletableFuture.java:359)
	at java.base/java.util.concurrent.CompletableFuture.completeThrowable(CompletableFuture.java:364)
	at java.base/java.util.concurrent.CompletableFuture$AsyncRun.run(CompletableFuture.java:1828)
	at java.base/java.util.concurrent.ThreadPoolExecutor.runWorker(ThreadPoolExecutor.java:1090)
	at java.base/java.util.concurrent.ThreadPoolExecutor$Worker.run(ThreadPoolExecutor.java:614)
	at java.base/java.lang.Thread.run(Thread.java:1474)
Caused by: dev.mars.raftlog.storage.FileRaftStorage$StorageException: Failed to update metadata
	at dev.mars.raftlog.storage.FileRaftStorage.lambda$3(FileRaftStorage.java:373)
	at java.base/java.util.concurrent.CompletableFuture$AsyncRun.run(CompletableFuture.java:1825)
	... 3 common frames omitted
Caused by: java.nio.file.AccessDeniedException: C:\Users\mraysmit\AppData\Local\Temp\junit12991693069245074850\node1\meta.dat.tmp -> C:\Users\mraysmit\AppData\Local\Temp\junit12991693069245074850\node1\meta.dat
	at java.base/sun.nio.fs.WindowsException.translateToIOException(WindowsException.java:89)
	at java.base/sun.nio.fs.WindowsException.rethrowAsIOException(WindowsException.java:103)
	at java.base/sun.nio.fs.WindowsFileCopy.move(WindowsFileCopy.java:310)
	at java.base/sun.nio.fs.WindowsFileSystemProvider.move(WindowsFileSystemProvider.java:287)
	at java.base/java.nio.file.Files.move(Files.java:1319)
	at dev.mars.raftlog.storage.FileRaftStorage.lambda$3(FileRaftStorage.java:359)
	... 4 common frames omitted
20:14:26.989 [vert.x-eventloop-thread-0] DEBUG d.m.quorus.controller.raft.RaftNode [FOLLOWER/1] - Persisting raft metadata: term=1, votedForPresent=false, votedFor=<none>
20:14:26.989 [vert.x-eventloop-thread-0] DEBUG d.m.q.c.r.s.RaftLogStorageAdapter [FOLLOWER/1] - Updating metadata: term=1, votedFor=(none)
20:14:26.989 [vert.x-eventloop-thread-0] ERROR io.vertx.core.impl.ContextImpl [FOLLOWER/1] - Unhandled exception
java.util.concurrent.RejectedExecutionException: Task java.util.concurrent.CompletableFuture$AsyncRun@1f187a11 rejected from java.util.concurrent.ThreadPoolExecutor@55e1666c[Terminated, pool size = 0, active threads = 0, queued tasks = 0, completed tasks = 5]
	at java.base/java.util.concurrent.ThreadPoolExecutor$AbortPolicy.rejectedExecution(ThreadPoolExecutor.java:2032)
	at java.base/java.util.concurrent.ThreadPoolExecutor.reject(ThreadPoolExecutor.java:787)
	at java.base/java.util.concurrent.ThreadPoolExecutor.execute(ThreadPoolExecutor.java:1328)
	at java.base/java.util.concurrent.Executors$DelegatedExecutorService.execute(Executors.java:665)
	at java.base/java.util.concurrent.CompletableFuture.asyncRunStage(CompletableFuture.java:1839)
	at java.base/java.util.concurrent.CompletableFuture.runAsync(CompletableFuture.java:2054)
	at dev.mars.raftlog.storage.FileRaftStorage.updateMetadata(FileRaftStorage.java:321)
	at dev.mars.quorus.controller.raft.storage.RaftLogStorageAdapter.updateMetadata(RaftLogStorageAdapter.java:131)
	at dev.mars.quorus.controller.raft.RaftNode.lambda$58(RaftNode.java:1323)
	at java.base/java.util.Optional.map(Optional.java:260)
	at dev.mars.quorus.controller.raft.RaftNode.persistMetadata(RaftNode.java:1323)
	at dev.mars.quorus.controller.raft.RaftNode.lambda$53(RaftNode.java:1246)
	at io.vertx.core.impl.future.FutureImpl.lambda$onComplete$0(FutureImpl.java:88)
	at io.vertx.core.impl.future.FutureImpl$ListenerArray.complete(FutureImpl.java:214)
	at io.vertx.core.impl.future.FutureBase.lambda$emitResult$0(FutureBase.java:59)
	at io.netty.util.concurrent.AbstractEventExecutor.runTask(AbstractEventExecutor.java:148)
	at io.netty.util.concurrent.AbstractEventExecutor.safeExecute(AbstractEventExecutor.java:141)
	at io.netty.util.concurrent.SingleThreadEventExecutor.runAllTasks(SingleThreadEventExecutor.java:535)
	at io.netty.channel.SingleThreadIoEventLoop.run(SingleThreadIoEventLoop.java:201)
	at io.netty.util.concurrent.SingleThreadEventExecutor$5.run(SingleThreadEventExecutor.java:1195)
	at io.netty.util.internal.ThreadExecutorMap$2.run(ThreadExecutorMap.java:74)
	at io.netty.util.concurrent.FastThreadLocalRunnable.run(FastThreadLocalRunnable.java:30)
	at java.base/java.lang.Thread.run(Thread.java:1474)
20:14:27.054 [ForkJoinPool-1-worker-1] INFO  d.m.q.c.r.RaftLogClusterIntegrationTest - === TEST: Vote Metadata Persistence ===
20:14:27.054 [ForkJoinPool-1-worker-1] INFO  d.m.q.c.r.RaftLogClusterIntegrationTest - Starting 3-node cluster with WAL storage...
20:14:27.054 [ForkJoinPool-1-worker-1] DEBUG d.m.q.c.r.RaftLogClusterIntegrationTest - Creating mock transports for 3 nodes
20:14:27.054 [ForkJoinPool-1-worker-1] DEBUG d.m.q.c.r.RaftLogClusterIntegrationTest - Transports created and connected
20:14:27.054 [ForkJoinPool-1-worker-1] DEBUG d.m.q.c.r.RaftLogClusterIntegrationTest - Creating 3 RaftNodes with WAL storage
20:14:27.054 [ForkJoinPool-1-worker-1] DEBUG d.m.q.c.r.RaftLogClusterIntegrationTest - Creating node node1 with dataDir=C:\Users\mraysmit\AppData\Local\Temp\junit2132314044278763127\node1
20:14:27.055 [ForkJoinPool-1-worker-1] INFO  d.m.raftlog.storage.FileRaftStorage - FileRaftStorage initialized: syncEnabled=true, verifyWrites=false, maxPayloadSize=16 MB, minFreeSpace=64 MB
20:14:27.055 [ForkJoinPool-1-worker-1] INFO  d.m.q.c.r.s.RaftLogStorageAdapter - RaftLogStorageAdapter created with delegate: FileRaftStorage
20:14:27.055 [ForkJoinPool-1-worker-1] INFO  d.m.q.c.r.s.RaftLogStorageAdapter - Opening RaftLog storage at: C:\Users\mraysmit\AppData\Local\Temp\junit2132314044278763127\node1
20:14:27.055 [wal-executor] INFO  d.m.raftlog.storage.FileRaftStorage - Opening WAL storage at: C:\Users\mraysmit\AppData\Local\Temp\junit2132314044278763127\node1
20:14:27.056 [wal-executor] INFO  d.m.raftlog.storage.FileRaftStorage - Exclusive lock acquired: C:\Users\mraysmit\AppData\Local\Temp\junit2132314044278763127\node1\raft.lock
20:14:27.058 [wal-executor] INFO  d.m.raftlog.storage.FileRaftStorage - WAL opened successfully: path=C:\Users\mraysmit\AppData\Local\Temp\junit2132314044278763127\node1\raft.log, size=0 bytes
20:14:27.059 [ForkJoinPool-1-worker-1] DEBUG d.m.q.c.state.QuorusStateStore - Initializing default metadata: version=2.0
20:14:27.059 [ForkJoinPool-1-worker-1] DEBUG d.m.q.c.r.RaftLogClusterIntegrationTest - Creating node node2 with dataDir=C:\Users\mraysmit\AppData\Local\Temp\junit2132314044278763127\node2
20:14:27.060 [ForkJoinPool-1-worker-1] INFO  d.m.raftlog.storage.FileRaftStorage - FileRaftStorage initialized: syncEnabled=true, verifyWrites=false, maxPayloadSize=16 MB, minFreeSpace=64 MB
20:14:27.060 [ForkJoinPool-1-worker-1] INFO  d.m.q.c.r.s.RaftLogStorageAdapter - RaftLogStorageAdapter created with delegate: FileRaftStorage
20:14:27.060 [ForkJoinPool-1-worker-1] INFO  d.m.q.c.r.s.RaftLogStorageAdapter - Opening RaftLog storage at: C:\Users\mraysmit\AppData\Local\Temp\junit2132314044278763127\node2
20:14:27.060 [wal-executor] INFO  d.m.raftlog.storage.FileRaftStorage - Opening WAL storage at: C:\Users\mraysmit\AppData\Local\Temp\junit2132314044278763127\node2
20:14:27.061 [wal-executor] INFO  d.m.raftlog.storage.FileRaftStorage - Exclusive lock acquired: C:\Users\mraysmit\AppData\Local\Temp\junit2132314044278763127\node2\raft.lock
20:14:27.064 [wal-executor] INFO  d.m.raftlog.storage.FileRaftStorage - WAL opened successfully: path=C:\Users\mraysmit\AppData\Local\Temp\junit2132314044278763127\node2\raft.log, size=0 bytes
20:14:27.065 [ForkJoinPool-1-worker-1] DEBUG d.m.q.c.state.QuorusStateStore - Initializing default metadata: version=2.0
20:14:27.066 [ForkJoinPool-1-worker-1] DEBUG d.m.q.c.r.RaftLogClusterIntegrationTest - Creating node node3 with dataDir=C:\Users\mraysmit\AppData\Local\Temp\junit2132314044278763127\node3
20:14:27.067 [ForkJoinPool-1-worker-1] INFO  d.m.raftlog.storage.FileRaftStorage - FileRaftStorage initialized: syncEnabled=true, verifyWrites=false, maxPayloadSize=16 MB, minFreeSpace=64 MB
20:14:27.067 [ForkJoinPool-1-worker-1] INFO  d.m.q.c.r.s.RaftLogStorageAdapter - RaftLogStorageAdapter created with delegate: FileRaftStorage
20:14:27.067 [ForkJoinPool-1-worker-1] INFO  d.m.q.c.r.s.RaftLogStorageAdapter - Opening RaftLog storage at: C:\Users\mraysmit\AppData\Local\Temp\junit2132314044278763127\node3
20:14:27.068 [wal-executor] INFO  d.m.raftlog.storage.FileRaftStorage - Opening WAL storage at: C:\Users\mraysmit\AppData\Local\Temp\junit2132314044278763127\node3
20:14:27.069 [wal-executor] INFO  d.m.raftlog.storage.FileRaftStorage - Exclusive lock acquired: C:\Users\mraysmit\AppData\Local\Temp\junit2132314044278763127\node3\raft.lock
20:14:27.070 [wal-executor] INFO  d.m.raftlog.storage.FileRaftStorage - WAL opened successfully: path=C:\Users\mraysmit\AppData\Local\Temp\junit2132314044278763127\node3\raft.log, size=0 bytes
20:14:27.071 [ForkJoinPool-1-worker-1] DEBUG d.m.q.c.state.QuorusStateStore - Initializing default metadata: version=2.0
20:14:27.071 [ForkJoinPool-1-worker-1] DEBUG d.m.q.c.r.RaftLogClusterIntegrationTest - Starting all 3 nodes in parallel
20:14:27.071 [vert.x-eventloop-thread-0] INFO  d.m.quorus.controller.raft.RaftNode - Starting Raft node: node1
20:14:27.071 [vert.x-eventloop-thread-0] INFO  d.m.quorus.controller.raft.RaftNode [FOLLOWER/0] - Recovering Raft state from storage...
20:14:27.071 [vert.x-eventloop-thread-0] DEBUG d.m.q.c.r.s.RaftLogStorageAdapter [FOLLOWER/0] - Loading metadata
20:14:27.071 [vert.x-eventloop-thread-0] INFO  d.m.quorus.controller.raft.RaftNode [FOLLOWER/0] - Starting Raft node: node2
20:14:27.071 [vert.x-eventloop-thread-0] INFO  d.m.quorus.controller.raft.RaftNode [FOLLOWER/0] - Recovering Raft state from storage...
20:14:27.071 [vert.x-eventloop-thread-0] DEBUG d.m.q.c.r.s.RaftLogStorageAdapter [FOLLOWER/0] - Loading metadata
20:14:27.072 [vert.x-eventloop-thread-0] INFO  d.m.quorus.controller.raft.RaftNode [FOLLOWER/0] - Starting Raft node: node3
20:14:27.072 [vert.x-eventloop-thread-0] INFO  d.m.quorus.controller.raft.RaftNode [FOLLOWER/0] - Recovering Raft state from storage...
20:14:27.072 [vert.x-eventloop-thread-0] DEBUG d.m.q.c.r.s.RaftLogStorageAdapter [FOLLOWER/0] - Loading metadata
20:14:27.072 [vert.x-eventloop-thread-0] INFO  d.m.quorus.controller.raft.RaftNode [FOLLOWER/0] - Recovered metadata: term=0, votedFor=null
20:14:27.072 [vert.x-eventloop-thread-0] INFO  d.m.quorus.controller.raft.RaftNode [FOLLOWER/0] - Recovered metadata: term=0, votedFor=null
20:14:27.072 [vert.x-eventloop-thread-0] INFO  d.m.quorus.controller.raft.RaftNode [FOLLOWER/0] - Recovered metadata: term=0, votedFor=null
20:14:27.073 [vert.x-eventloop-thread-0] INFO  d.m.quorus.controller.raft.RaftNode [FOLLOWER/0] - No snapshot found, will rebuild from full log replay
20:14:27.073 [vert.x-eventloop-thread-0] INFO  d.m.q.c.r.s.RaftLogStorageAdapter [FOLLOWER/0] - Replaying WAL
20:14:27.073 [vert.x-eventloop-thread-0] INFO  d.m.quorus.controller.raft.RaftNode [FOLLOWER/0] - No snapshot found, will rebuild from full log replay
20:14:27.073 [vert.x-eventloop-thread-0] INFO  d.m.q.c.r.s.RaftLogStorageAdapter [FOLLOWER/0] - Replaying WAL
20:14:27.073 [wal-executor] INFO  d.m.raftlog.storage.FileRaftStorage - Replaying WAL from: C:\Users\mraysmit\AppData\Local\Temp\junit2132314044278763127\node1\raft.log
20:14:27.073 [wal-executor] INFO  d.m.raftlog.storage.FileRaftStorage - Replaying WAL from: C:\Users\mraysmit\AppData\Local\Temp\junit2132314044278763127\node2\raft.log
20:14:27.073 [vert.x-eventloop-thread-0] INFO  d.m.quorus.controller.raft.RaftNode [FOLLOWER/0] - No snapshot found, will rebuild from full log replay
20:14:27.073 [vert.x-eventloop-thread-0] INFO  d.m.q.c.r.s.RaftLogStorageAdapter [FOLLOWER/0] - Replaying WAL
20:14:27.073 [wal-executor] INFO  d.m.raftlog.storage.FileRaftStorage - Replaying WAL from: C:\Users\mraysmit\AppData\Local\Temp\junit2132314044278763127\node3\raft.log
20:14:27.073 [wal-executor] INFO  d.m.raftlog.storage.FileRaftStorage - WAL replay complete: 0 entries recovered, 0 appends, 0 truncates, 0 ms
20:14:27.073 [wal-executor] INFO  d.m.raftlog.storage.FileRaftStorage - WAL replay complete: 0 entries recovered, 0 appends, 0 truncates, 0 ms
20:14:27.073 [wal-executor] INFO  d.m.raftlog.storage.FileRaftStorage - WAL replay complete: 0 entries recovered, 0 appends, 0 truncates, 0 ms
20:14:27.074 [vert.x-eventloop-thread-0] INFO  d.m.quorus.controller.raft.RaftNode [FOLLOWER/0] - Recovered 0 log entries from 0 storage records
20:14:27.074 [vert.x-eventloop-thread-0] INFO  d.m.quorus.controller.raft.RaftNode [FOLLOWER/0] - Rebuilding state machine from 0 entries...
20:14:27.074 [vert.x-eventloop-thread-0] DEBUG d.m.q.c.state.QuorusStateStore [FOLLOWER/0] - Resetting state machine: jobs=0, agents=0, metadata=1
20:14:27.074 [vert.x-eventloop-thread-0] DEBUG d.m.q.c.state.QuorusStateStore [FOLLOWER/0] - Initializing default metadata: version=2.0
20:14:27.074 [vert.x-eventloop-thread-0] INFO  d.m.q.c.state.QuorusStateStore [FOLLOWER/0] - State machine reset completed: version=2.0
20:14:27.074 [vert.x-eventloop-thread-0] INFO  d.m.quorus.controller.raft.RaftNode [FOLLOWER/0] - Multi-node recovery: deferring log application until leader commit advances
20:14:27.074 [vert.x-eventloop-thread-0] INFO  d.m.quorus.controller.raft.RaftNode [FOLLOWER/0] - Recovery complete: term=0, logSize=1, lastApplied=0, snapshotLastIndex=0
Sept 05, 2026 8:14:27 PM dev.mars.quorus.controller.raft.MockRaftTransport start
INFO: Started mock transport for node: node2
20:14:27.075 [vert.x-eventloop-thread-0] INFO  d.m.quorus.controller.raft.RaftNode [FOLLOWER/0] - Raft node node2 started successfully (term=0, logSize=1)
20:14:27.075 [vert.x-eventloop-thread-0] DEBUG d.m.q.c.r.RaftLogClusterIntegrationTest [FOLLOWER/0] - Node node2 started successfully
20:14:27.075 [vert.x-eventloop-thread-0] INFO  d.m.quorus.controller.raft.RaftNode [FOLLOWER/0] - Recovered 0 log entries from 0 storage records
20:14:27.075 [vert.x-eventloop-thread-0] INFO  d.m.quorus.controller.raft.RaftNode [FOLLOWER/0] - Rebuilding state machine from 0 entries...
20:14:27.075 [vert.x-eventloop-thread-0] DEBUG d.m.q.c.state.QuorusStateStore [FOLLOWER/0] - Resetting state machine: jobs=0, agents=0, metadata=1
20:14:27.075 [vert.x-eventloop-thread-0] DEBUG d.m.q.c.state.QuorusStateStore [FOLLOWER/0] - Initializing default metadata: version=2.0
20:14:27.075 [vert.x-eventloop-thread-0] INFO  d.m.q.c.state.QuorusStateStore [FOLLOWER/0] - State machine reset completed: version=2.0
20:14:27.075 [vert.x-eventloop-thread-0] INFO  d.m.quorus.controller.raft.RaftNode [FOLLOWER/0] - Multi-node recovery: deferring log application until leader commit advances
20:14:27.075 [vert.x-eventloop-thread-0] INFO  d.m.quorus.controller.raft.RaftNode [FOLLOWER/0] - Recovery complete: term=0, logSize=1, lastApplied=0, snapshotLastIndex=0
20:14:27.076 [vert.x-eventloop-thread-0] INFO  d.m.quorus.controller.raft.RaftNode [FOLLOWER/0] - Raft node node3 started successfully (term=0, logSize=1)
20:14:27.076 [vert.x-eventloop-thread-0] DEBUG d.m.q.c.r.RaftLogClusterIntegrationTest [FOLLOWER/0] - Node node3 started successfully
Sept 05, 2026 8:14:27 PM dev.mars.quorus.controller.raft.MockRaftTransport start
INFO: Started mock transport for node: node3
20:14:27.076 [vert.x-eventloop-thread-0] INFO  d.m.quorus.controller.raft.RaftNode [FOLLOWER/0] - Recovered 0 log entries from 0 storage records
20:14:27.076 [vert.x-eventloop-thread-0] INFO  d.m.quorus.controller.raft.RaftNode [FOLLOWER/0] - Rebuilding state machine from 0 entries...
20:14:27.076 [vert.x-eventloop-thread-0] DEBUG d.m.q.c.state.QuorusStateStore [FOLLOWER/0] - Resetting state machine: jobs=0, agents=0, metadata=1
20:14:27.076 [vert.x-eventloop-thread-0] DEBUG d.m.q.c.state.QuorusStateStore [FOLLOWER/0] - Initializing default metadata: version=2.0
20:14:27.076 [vert.x-eventloop-thread-0] INFO  d.m.q.c.state.QuorusStateStore [FOLLOWER/0] - State machine reset completed: version=2.0
20:14:27.076 [vert.x-eventloop-thread-0] INFO  d.m.quorus.controller.raft.RaftNode [FOLLOWER/0] - Multi-node recovery: deferring log application until leader commit advances
20:14:27.076 [vert.x-eventloop-thread-0] INFO  d.m.quorus.controller.raft.RaftNode [FOLLOWER/0] - Recovery complete: term=0, logSize=1, lastApplied=0, snapshotLastIndex=0
20:14:27.077 [vert.x-eventloop-thread-0] INFO  d.m.quorus.controller.raft.RaftNode [FOLLOWER/0] - Raft node node1 started successfully (term=0, logSize=1)
20:14:27.077 [vert.x-eventloop-thread-0] DEBUG d.m.q.c.r.RaftLogClusterIntegrationTest [FOLLOWER/0] - Node node1 started successfully
20:14:27.077 [ForkJoinPool-1-worker-1] INFO  d.m.q.c.r.RaftLogClusterIntegrationTest - Cluster started successfully in 23 ms
Sept 05, 2026 8:14:27 PM dev.mars.quorus.controller.raft.MockRaftTransport start
INFO: Started mock transport for node: node1
20:14:27.077 [ForkJoinPool-1-worker-1] DEBUG d.m.q.c.r.RaftLogClusterIntegrationTest - Waiting for leader election (timeout=10s)...
20:14:29.217 [vert.x-eventloop-thread-0] INFO  d.m.quorus.controller.raft.RaftNode [FOLLOWER/0] - Starting election for node: node3
20:14:29.218 [vert.x-eventloop-thread-0] DEBUG d.m.quorus.controller.raft.RaftNode [CANDIDATE/1] - Persisting raft metadata: term=1, votedForPresent=true, votedFor=node3
20:14:29.218 [vert.x-eventloop-thread-0] DEBUG d.m.q.c.r.s.RaftLogStorageAdapter [CANDIDATE/1] - Updating metadata: term=1, votedFor=node3
20:14:29.222 [wal-executor] INFO  d.m.raftlog.storage.FileRaftStorage - Metadata updated: term=1, votedFor=node3
20:14:29.265 [vert.x-eventloop-thread-0] DEBUG d.m.quorus.controller.raft.RaftNode [CANDIDATE/1] - Handling vote request: candidateId=node3, requestTerm=1, localTerm=0, localVotedFor=null, candidateLastLogTerm=0, candidateLastLogIndex=0
20:14:29.265 [vert.x-eventloop-thread-0] DEBUG d.m.quorus.controller.raft.RaftNode [CANDIDATE/1] - Higher term observed in vote request: requestTerm=1 > localTerm=0. Stepping down without immediate metadata persistence.
20:14:29.265 [vert.x-eventloop-thread-0] INFO  d.m.quorus.controller.raft.RaftNode [FOLLOWER/1] - Stepped down to FOLLOWER. Term: 1
20:14:29.266 [vert.x-eventloop-thread-0] DEBUG d.m.quorus.controller.raft.RaftNode [FOLLOWER/1] - Vote decision inputs: canGrantVoteForCandidate=true, candidateLogUpToDate=true, canGrant=true, effectiveLocalTerm=1
20:14:29.266 [vert.x-eventloop-thread-0] DEBUG d.m.quorus.controller.raft.RaftNode [FOLLOWER/1] - Persisting granted vote metadata: term=1, candidateId=node3
20:14:29.266 [vert.x-eventloop-thread-0] DEBUG d.m.quorus.controller.raft.RaftNode [FOLLOWER/1] - Persisting raft metadata: term=1, votedForPresent=true, votedFor=node3
20:14:29.266 [vert.x-eventloop-thread-0] DEBUG d.m.q.c.r.s.RaftLogStorageAdapter [FOLLOWER/1] - Updating metadata: term=1, votedFor=node3
20:14:29.266 [vert.x-eventloop-thread-0] DEBUG d.m.quorus.controller.raft.RaftNode [FOLLOWER/1] - Handling vote request: candidateId=node3, requestTerm=1, localTerm=0, localVotedFor=null, candidateLastLogTerm=0, candidateLastLogIndex=0
20:14:29.266 [vert.x-eventloop-thread-0] DEBUG d.m.quorus.controller.raft.RaftNode [FOLLOWER/1] - Higher term observed in vote request: requestTerm=1 > localTerm=0. Stepping down without immediate metadata persistence.
20:14:29.266 [vert.x-eventloop-thread-0] INFO  d.m.quorus.controller.raft.RaftNode [FOLLOWER/1] - Stepped down to FOLLOWER. Term: 1
20:14:29.266 [vert.x-eventloop-thread-0] DEBUG d.m.quorus.controller.raft.RaftNode [FOLLOWER/1] - Vote decision inputs: canGrantVoteForCandidate=true, candidateLogUpToDate=true, canGrant=true, effectiveLocalTerm=1
20:14:29.266 [vert.x-eventloop-thread-0] DEBUG d.m.quorus.controller.raft.RaftNode [FOLLOWER/1] - Persisting granted vote metadata: term=1, candidateId=node3
20:14:29.266 [vert.x-eventloop-thread-0] DEBUG d.m.quorus.controller.raft.RaftNode [FOLLOWER/1] - Persisting raft metadata: term=1, votedForPresent=true, votedFor=node3
20:14:29.266 [vert.x-eventloop-thread-0] DEBUG d.m.q.c.r.s.RaftLogStorageAdapter [FOLLOWER/1] - Updating metadata: term=1, votedFor=node3
20:14:29.273 [wal-executor] INFO  d.m.raftlog.storage.FileRaftStorage - Metadata updated: term=1, votedFor=node3
20:14:29.273 [vert.x-eventloop-thread-0] INFO  d.m.quorus.controller.raft.RaftNode [FOLLOWER/1] - Vote granted to node3 for term 1
20:14:29.274 [vert.x-eventloop-thread-0] INFO  d.m.quorus.controller.raft.RaftNode [LEADER/1] - Node node3 became LEADER for term 1
20:14:29.274 [wal-executor] INFO  d.m.raftlog.storage.FileRaftStorage - Metadata updated: term=1, votedFor=node3
20:14:29.274 [vert.x-eventloop-thread-0] INFO  d.m.quorus.controller.raft.RaftNode [LEADER/1] - Snapshot scheduler started: threshold=10000, checkInterval=60000ms
20:14:29.274 [vert.x-eventloop-thread-0] DEBUG d.m.q.c.r.s.RaftLogStorageAdapter [LEADER/1] - Appending 1 entries (indices 1-1)
20:14:29.274 [vert.x-eventloop-thread-0] INFO  d.m.quorus.controller.raft.RaftNode [LEADER/1] - Vote granted to node3 for term 1
20:14:29.274 [wal-executor] INFO  d.m.raftlog.storage.FileRaftStorage - Appended 1 entries to WAL: indices [1-1], terms [1-1], 34 bytes
20:14:29.278 [vert.x-eventloop-thread-0] INFO  d.m.quorus.controller.raft.RaftNode [LEADER/1] - Command submitted at index 1 term 1
20:14:29.296 [vert.x-eventloop-thread-0] DEBUG d.m.quorus.controller.raft.RaftNode [LEADER/1] - AppendEntries success: logSize=1, commitIndex=0
20:14:29.297 [vert.x-eventloop-thread-0] DEBUG d.m.quorus.controller.raft.RaftNode [LEADER/1] - AppendEntries success: logSize=1, commitIndex=0
20:14:29.300 [vert.x-eventloop-thread-0] DEBUG d.m.q.c.r.s.RaftLogStorageAdapter [LEADER/1] - Appending 1 entries (indices 1-1)
20:14:29.301 [wal-executor] INFO  d.m.raftlog.storage.FileRaftStorage - Appended 1 entries to WAL: indices [1-1], terms [1-1], 34 bytes
20:14:29.301 [vert.x-eventloop-thread-0] DEBUG d.m.q.c.r.s.RaftLogStorageAdapter [LEADER/1] - Appending 1 entries (indices 1-1)
20:14:29.302 [wal-executor] INFO  d.m.raftlog.storage.FileRaftStorage - Appended 1 entries to WAL: indices [1-1], terms [1-1], 34 bytes
20:14:29.306 [vert.x-eventloop-thread-0] DEBUG d.m.quorus.controller.raft.RaftNode [LEADER/1] - AppendEntries success: logSize=2, commitIndex=0
20:14:29.306 [vert.x-eventloop-thread-0] DEBUG d.m.quorus.controller.raft.RaftNode [LEADER/1] - Committed leader no-op entry for term 1
20:14:29.307 [vert.x-eventloop-thread-0] DEBUG d.m.quorus.controller.raft.RaftNode [LEADER/1] - AppendEntries success: logSize=2, commitIndex=0
20:14:29.313 [ForkJoinPool-1-worker-1] INFO  d.m.q.c.r.RaftLogClusterIntegrationTest - Leader elected: node3 (term=1) in 2236 ms
20:14:29.313 [ForkJoinPool-1-worker-1] DEBUG d.m.q.c.r.RaftLogClusterIntegrationTest - --- Cluster State (before stopping nodes) ---
20:14:29.313 [ForkJoinPool-1-worker-1] DEBUG d.m.q.c.r.RaftLogClusterIntegrationTest -   node1 | state=FOLLOWER | term=1 | votedFor=node3 | log=[size=2, lastIdx=1, lastTerm=1] | commit=0 | applied=0 | jobs=0
20:14:29.314 [ForkJoinPool-1-worker-1] DEBUG d.m.q.c.r.RaftLogClusterIntegrationTest -   node2 | state=FOLLOWER | term=1 | votedFor=node3 | log=[size=2, lastIdx=1, lastTerm=1] | commit=0 | applied=0 | jobs=0
20:14:29.314 [ForkJoinPool-1-worker-1] DEBUG d.m.q.c.r.RaftLogClusterIntegrationTest -   node3 | state=LEADER | term=1 | votedFor=node3 | log=[size=2, lastIdx=1, lastTerm=1] | commit=1 | applied=1 | jobs=0
20:14:29.314 [ForkJoinPool-1-worker-1] DEBUG d.m.q.c.r.RaftLogClusterIntegrationTest - --- End Cluster State ---
20:14:29.314 [ForkJoinPool-1-worker-1] DEBUG d.m.q.c.r.RaftLogClusterIntegrationTest - Election term: 1, will verify this persists
20:14:29.314 [ForkJoinPool-1-worker-1] INFO  d.m.q.c.r.RaftLogClusterIntegrationTest - Stopping all 3 nodes...
Sept 05, 2026 8:14:29 PM dev.mars.quorus.controller.raft.MockRaftTransport stop
INFO: Stopped mock transport for node: node1
Sept 05, 2026 8:14:29 PM dev.mars.quorus.controller.raft.MockRaftTransport stop
INFO: Stopped mock transport for node: node2
20:14:29.314 [ForkJoinPool-1-worker-1] DEBUG d.m.q.c.r.RaftLogClusterIntegrationTest - Stopping node node1 (state=FOLLOWER, term=1)
20:14:29.315 [vert.x-eventloop-thread-0] INFO  d.m.q.c.r.s.RaftLogStorageAdapter [LEADER/1] - Closing RaftLog storage
20:14:29.315 [vert.x-worker-thread-3] INFO  d.m.raftlog.storage.FileRaftStorage - Closing WAL storage at: C:\Users\mraysmit\AppData\Local\Temp\junit2132314044278763127\node1
20:14:29.316 [vert.x-worker-thread-3] INFO  d.m.raftlog.storage.FileRaftStorage - WAL storage closed
20:14:29.316 [vert.x-eventloop-thread-0] INFO  d.m.quorus.controller.raft.RaftNode [LEADER/1] - Raft node stopped: node1
20:14:29.316 [ForkJoinPool-1-worker-1] DEBUG d.m.q.c.r.RaftLogClusterIntegrationTest - Node node1 stopped successfully
20:14:29.316 [ForkJoinPool-1-worker-1] DEBUG d.m.q.c.r.RaftLogClusterIntegrationTest - Stopping node node2 (state=FOLLOWER, term=1)
20:14:29.316 [vert.x-eventloop-thread-0] INFO  d.m.q.c.r.s.RaftLogStorageAdapter [LEADER/1] - Closing RaftLog storage
20:14:29.317 [vert.x-worker-thread-4] INFO  d.m.raftlog.storage.FileRaftStorage - Closing WAL storage at: C:\Users\mraysmit\AppData\Local\Temp\junit2132314044278763127\node2
20:14:29.317 [vert.x-worker-thread-4] INFO  d.m.raftlog.storage.FileRaftStorage - WAL storage closed
20:14:29.317 [vert.x-eventloop-thread-0] INFO  d.m.quorus.controller.raft.RaftNode [LEADER/1] - Raft node stopped: node2
20:14:29.317 [ForkJoinPool-1-worker-1] DEBUG d.m.q.c.r.RaftLogClusterIntegrationTest - Node node2 stopped successfully
20:14:29.317 [ForkJoinPool-1-worker-1] DEBUG d.m.q.c.r.RaftLogClusterIntegrationTest - Stopping node node3 (state=LEADER, term=1)
Sept 05, 2026 8:14:29 PM dev.mars.quorus.controller.raft.MockRaftTransport stop
20:14:29.318 [vert.x-eventloop-thread-0] INFO  d.m.q.c.r.s.RaftLogStorageAdapter [LEADER/1] - Closing RaftLog storage
INFO: Stopped mock transport for node: node3
20:14:29.319 [vert.x-worker-thread-5] INFO  d.m.raftlog.storage.FileRaftStorage - Closing WAL storage at: C:\Users\mraysmit\AppData\Local\Temp\junit2132314044278763127\node3
20:14:29.319 [vert.x-worker-thread-5] INFO  d.m.raftlog.storage.FileRaftStorage - WAL storage closed
20:14:29.319 [vert.x-eventloop-thread-0] INFO  d.m.quorus.controller.raft.RaftNode [LEADER/1] - Raft node stopped: node3
20:14:29.319 [ForkJoinPool-1-worker-1] DEBUG d.m.q.c.r.RaftLogClusterIntegrationTest - Node node3 stopped successfully
20:14:29.319 [ForkJoinPool-1-worker-1] INFO  d.m.q.c.r.RaftLogClusterIntegrationTest - Verifying persisted metadata...
20:14:29.320 [ForkJoinPool-1-worker-1] INFO  d.m.raftlog.storage.FileRaftStorage - FileRaftStorage initialized: syncEnabled=true, verifyWrites=false, maxPayloadSize=16 MB, minFreeSpace=64 MB
20:14:29.320 [ForkJoinPool-1-worker-1] INFO  d.m.q.c.r.s.RaftLogStorageAdapter - RaftLogStorageAdapter created with delegate: FileRaftStorage
20:14:29.320 [ForkJoinPool-1-worker-1] INFO  d.m.q.c.r.s.RaftLogStorageAdapter - Opening RaftLog storage at: C:\Users\mraysmit\AppData\Local\Temp\junit2132314044278763127\node1
20:14:29.320 [wal-executor] INFO  d.m.raftlog.storage.FileRaftStorage - Opening WAL storage at: C:\Users\mraysmit\AppData\Local\Temp\junit2132314044278763127\node1
20:14:29.321 [wal-executor] INFO  d.m.raftlog.storage.FileRaftStorage - Exclusive lock acquired: C:\Users\mraysmit\AppData\Local\Temp\junit2132314044278763127\node1\raft.lock
20:14:29.324 [wal-executor] INFO  d.m.raftlog.storage.FileRaftStorage - WAL opened successfully: path=C:\Users\mraysmit\AppData\Local\Temp\junit2132314044278763127\node1\raft.log, size=34 bytes
20:14:29.324 [ForkJoinPool-1-worker-1] DEBUG d.m.q.c.r.s.RaftLogStorageAdapter - Loading metadata
20:14:29.325 [wal-executor] INFO  d.m.raftlog.storage.FileRaftStorage - Metadata loaded: term=1, votedFor=node3
20:14:29.326 [ForkJoinPool-1-worker-1] INFO  d.m.q.c.r.RaftLogClusterIntegrationTest - [OK] node1 recovered metadata: term=1, votedFor=node3
20:14:29.326 [ForkJoinPool-1-worker-1] INFO  d.m.q.c.r.s.RaftLogStorageAdapter - Closing RaftLog storage
20:14:29.326 [vert.x-worker-thread-6] INFO  d.m.raftlog.storage.FileRaftStorage - Closing WAL storage at: C:\Users\mraysmit\AppData\Local\Temp\junit2132314044278763127\node1
20:14:29.326 [vert.x-worker-thread-6] INFO  d.m.raftlog.storage.FileRaftStorage - WAL storage closed
20:14:29.328 [ForkJoinPool-1-worker-1] INFO  d.m.raftlog.storage.FileRaftStorage - FileRaftStorage initialized: syncEnabled=true, verifyWrites=false, maxPayloadSize=16 MB, minFreeSpace=64 MB
20:14:29.328 [ForkJoinPool-1-worker-1] INFO  d.m.q.c.r.s.RaftLogStorageAdapter - RaftLogStorageAdapter created with delegate: FileRaftStorage
20:14:29.328 [ForkJoinPool-1-worker-1] INFO  d.m.q.c.r.s.RaftLogStorageAdapter - Opening RaftLog storage at: C:\Users\mraysmit\AppData\Local\Temp\junit2132314044278763127\node2
20:14:29.329 [wal-executor] INFO  d.m.raftlog.storage.FileRaftStorage - Opening WAL storage at: C:\Users\mraysmit\AppData\Local\Temp\junit2132314044278763127\node2
20:14:29.329 [wal-executor] INFO  d.m.raftlog.storage.FileRaftStorage - Exclusive lock acquired: C:\Users\mraysmit\AppData\Local\Temp\junit2132314044278763127\node2\raft.lock
20:14:29.332 [wal-executor] INFO  d.m.raftlog.storage.FileRaftStorage - WAL opened successfully: path=C:\Users\mraysmit\AppData\Local\Temp\junit2132314044278763127\node2\raft.log, size=34 bytes
20:14:29.333 [ForkJoinPool-1-worker-1] DEBUG d.m.q.c.r.s.RaftLogStorageAdapter - Loading metadata
20:14:29.335 [wal-executor] INFO  d.m.raftlog.storage.FileRaftStorage - Metadata loaded: term=1, votedFor=node3
20:14:29.335 [ForkJoinPool-1-worker-1] INFO  d.m.q.c.r.RaftLogClusterIntegrationTest - [OK] node2 recovered metadata: term=1, votedFor=node3
20:14:29.335 [ForkJoinPool-1-worker-1] INFO  d.m.q.c.r.s.RaftLogStorageAdapter - Closing RaftLog storage
20:14:29.336 [vert.x-worker-thread-7] INFO  d.m.raftlog.storage.FileRaftStorage - Closing WAL storage at: C:\Users\mraysmit\AppData\Local\Temp\junit2132314044278763127\node2
20:14:29.336 [vert.x-worker-thread-7] INFO  d.m.raftlog.storage.FileRaftStorage - WAL storage closed
20:14:29.337 [ForkJoinPool-1-worker-1] INFO  d.m.raftlog.storage.FileRaftStorage - FileRaftStorage initialized: syncEnabled=true, verifyWrites=false, maxPayloadSize=16 MB, minFreeSpace=64 MB
20:14:29.337 [ForkJoinPool-1-worker-1] INFO  d.m.q.c.r.s.RaftLogStorageAdapter - RaftLogStorageAdapter created with delegate: FileRaftStorage
20:14:29.337 [ForkJoinPool-1-worker-1] INFO  d.m.q.c.r.s.RaftLogStorageAdapter - Opening RaftLog storage at: C:\Users\mraysmit\AppData\Local\Temp\junit2132314044278763127\node3
20:14:29.337 [wal-executor] INFO  d.m.raftlog.storage.FileRaftStorage - Opening WAL storage at: C:\Users\mraysmit\AppData\Local\Temp\junit2132314044278763127\node3
20:14:29.338 [wal-executor] INFO  d.m.raftlog.storage.FileRaftStorage - Exclusive lock acquired: C:\Users\mraysmit\AppData\Local\Temp\junit2132314044278763127\node3\raft.lock
20:14:29.341 [wal-executor] INFO  d.m.raftlog.storage.FileRaftStorage - WAL opened successfully: path=C:\Users\mraysmit\AppData\Local\Temp\junit2132314044278763127\node3\raft.log, size=34 bytes
20:14:29.341 [ForkJoinPool-1-worker-1] DEBUG d.m.q.c.r.s.RaftLogStorageAdapter - Loading metadata
20:14:29.343 [wal-executor] INFO  d.m.raftlog.storage.FileRaftStorage - Metadata loaded: term=1, votedFor=node3
20:14:29.343 [ForkJoinPool-1-worker-1] INFO  d.m.q.c.r.RaftLogClusterIntegrationTest - [OK] node3 recovered metadata: term=1, votedFor=node3
20:14:29.343 [ForkJoinPool-1-worker-1] INFO  d.m.q.c.r.s.RaftLogStorageAdapter - Closing RaftLog storage
20:14:29.343 [vert.x-worker-thread-8] INFO  d.m.raftlog.storage.FileRaftStorage - Closing WAL storage at: C:\Users\mraysmit\AppData\Local\Temp\junit2132314044278763127\node3
20:14:29.344 [vert.x-worker-thread-8] INFO  d.m.raftlog.storage.FileRaftStorage - WAL storage closed
20:14:29.347 [ForkJoinPool-1-worker-1] INFO  d.m.q.c.r.RaftLogClusterIntegrationTest - Tearing down cluster...
20:14:29.347 [ForkJoinPool-1-worker-1] INFO  d.m.q.c.r.s.RaftLogStorageAdapter - Closing RaftLog storage
20:14:29.347 [ForkJoinPool-1-worker-1] INFO  d.m.q.c.r.s.RaftLogStorageAdapter - Closing RaftLog storage
20:14:29.347 [ForkJoinPool-1-worker-1] INFO  d.m.q.c.r.s.RaftLogStorageAdapter - Closing RaftLog storage
20:14:29.423 [ForkJoinPool-1-worker-1] INFO  d.m.q.c.r.RaftLogClusterIntegrationTest - === TEST: Log Entry Persistence and Replay ===
20:14:29.424 [ForkJoinPool-1-worker-1] INFO  d.m.q.c.r.RaftLogClusterIntegrationTest - Starting 3-node cluster with WAL storage...
20:14:29.424 [ForkJoinPool-1-worker-1] DEBUG d.m.q.c.r.RaftLogClusterIntegrationTest - Creating mock transports for 3 nodes
20:14:29.424 [ForkJoinPool-1-worker-1] DEBUG d.m.q.c.r.RaftLogClusterIntegrationTest - Transports created and connected
20:14:29.424 [ForkJoinPool-1-worker-1] DEBUG d.m.q.c.r.RaftLogClusterIntegrationTest - Creating 3 RaftNodes with WAL storage
20:14:29.424 [ForkJoinPool-1-worker-1] DEBUG d.m.q.c.r.RaftLogClusterIntegrationTest - Creating node node1 with dataDir=C:\Users\mraysmit\AppData\Local\Temp\junit9445341606020749776\node1
20:14:29.425 [ForkJoinPool-1-worker-1] INFO  d.m.raftlog.storage.FileRaftStorage - FileRaftStorage initialized: syncEnabled=true, verifyWrites=false, maxPayloadSize=16 MB, minFreeSpace=64 MB
20:14:29.425 [ForkJoinPool-1-worker-1] INFO  d.m.q.c.r.s.RaftLogStorageAdapter - RaftLogStorageAdapter created with delegate: FileRaftStorage
20:14:29.425 [ForkJoinPool-1-worker-1] INFO  d.m.q.c.r.s.RaftLogStorageAdapter - Opening RaftLog storage at: C:\Users\mraysmit\AppData\Local\Temp\junit9445341606020749776\node1
20:14:29.426 [wal-executor] INFO  d.m.raftlog.storage.FileRaftStorage - Opening WAL storage at: C:\Users\mraysmit\AppData\Local\Temp\junit9445341606020749776\node1
20:14:29.427 [wal-executor] INFO  d.m.raftlog.storage.FileRaftStorage - Exclusive lock acquired: C:\Users\mraysmit\AppData\Local\Temp\junit9445341606020749776\node1\raft.lock
20:14:29.428 [wal-executor] INFO  d.m.raftlog.storage.FileRaftStorage - WAL opened successfully: path=C:\Users\mraysmit\AppData\Local\Temp\junit9445341606020749776\node1\raft.log, size=0 bytes
20:14:29.430 [ForkJoinPool-1-worker-1] DEBUG d.m.q.c.state.QuorusStateStore - Initializing default metadata: version=2.0
20:14:29.430 [ForkJoinPool-1-worker-1] DEBUG d.m.q.c.r.RaftLogClusterIntegrationTest - Creating node node2 with dataDir=C:\Users\mraysmit\AppData\Local\Temp\junit9445341606020749776\node2
20:14:29.431 [ForkJoinPool-1-worker-1] INFO  d.m.raftlog.storage.FileRaftStorage - FileRaftStorage initialized: syncEnabled=true, verifyWrites=false, maxPayloadSize=16 MB, minFreeSpace=64 MB
20:14:29.431 [ForkJoinPool-1-worker-1] INFO  d.m.q.c.r.s.RaftLogStorageAdapter - RaftLogStorageAdapter created with delegate: FileRaftStorage
20:14:29.431 [ForkJoinPool-1-worker-1] INFO  d.m.q.c.r.s.RaftLogStorageAdapter - Opening RaftLog storage at: C:\Users\mraysmit\AppData\Local\Temp\junit9445341606020749776\node2
20:14:29.431 [wal-executor] INFO  d.m.raftlog.storage.FileRaftStorage - Opening WAL storage at: C:\Users\mraysmit\AppData\Local\Temp\junit9445341606020749776\node2
20:14:29.432 [wal-executor] INFO  d.m.raftlog.storage.FileRaftStorage - Exclusive lock acquired: C:\Users\mraysmit\AppData\Local\Temp\junit9445341606020749776\node2\raft.lock
20:14:29.434 [wal-executor] INFO  d.m.raftlog.storage.FileRaftStorage - WAL opened successfully: path=C:\Users\mraysmit\AppData\Local\Temp\junit9445341606020749776\node2\raft.log, size=0 bytes
20:14:29.434 [ForkJoinPool-1-worker-1] DEBUG d.m.q.c.state.QuorusStateStore - Initializing default metadata: version=2.0
20:14:29.434 [ForkJoinPool-1-worker-1] DEBUG d.m.q.c.r.RaftLogClusterIntegrationTest - Creating node node3 with dataDir=C:\Users\mraysmit\AppData\Local\Temp\junit9445341606020749776\node3
20:14:29.435 [ForkJoinPool-1-worker-1] INFO  d.m.raftlog.storage.FileRaftStorage - FileRaftStorage initialized: syncEnabled=true, verifyWrites=false, maxPayloadSize=16 MB, minFreeSpace=64 MB
20:14:29.435 [ForkJoinPool-1-worker-1] INFO  d.m.q.c.r.s.RaftLogStorageAdapter - RaftLogStorageAdapter created with delegate: FileRaftStorage
20:14:29.435 [ForkJoinPool-1-worker-1] INFO  d.m.q.c.r.s.RaftLogStorageAdapter - Opening RaftLog storage at: C:\Users\mraysmit\AppData\Local\Temp\junit9445341606020749776\node3
20:14:29.436 [wal-executor] INFO  d.m.raftlog.storage.FileRaftStorage - Opening WAL storage at: C:\Users\mraysmit\AppData\Local\Temp\junit9445341606020749776\node3
20:14:29.437 [wal-executor] INFO  d.m.raftlog.storage.FileRaftStorage - Exclusive lock acquired: C:\Users\mraysmit\AppData\Local\Temp\junit9445341606020749776\node3\raft.lock
20:14:29.438 [wal-executor] INFO  d.m.raftlog.storage.FileRaftStorage - WAL opened successfully: path=C:\Users\mraysmit\AppData\Local\Temp\junit9445341606020749776\node3\raft.log, size=0 bytes
20:14:29.439 [ForkJoinPool-1-worker-1] DEBUG d.m.q.c.state.QuorusStateStore - Initializing default metadata: version=2.0
20:14:29.439 [ForkJoinPool-1-worker-1] DEBUG d.m.q.c.r.RaftLogClusterIntegrationTest - Starting all 3 nodes in parallel
20:14:29.439 [vert.x-eventloop-thread-0] INFO  d.m.quorus.controller.raft.RaftNode - Starting Raft node: node1
20:14:29.439 [vert.x-eventloop-thread-0] INFO  d.m.quorus.controller.raft.RaftNode [FOLLOWER/0] - Recovering Raft state from storage...
20:14:29.439 [vert.x-eventloop-thread-0] DEBUG d.m.q.c.r.s.RaftLogStorageAdapter [FOLLOWER/0] - Loading metadata
20:14:29.440 [vert.x-eventloop-thread-0] INFO  d.m.quorus.controller.raft.RaftNode [FOLLOWER/0] - Starting Raft node: node2
20:14:29.440 [vert.x-eventloop-thread-0] INFO  d.m.quorus.controller.raft.RaftNode [FOLLOWER/0] - Recovering Raft state from storage...
20:14:29.440 [vert.x-eventloop-thread-0] DEBUG d.m.q.c.r.s.RaftLogStorageAdapter [FOLLOWER/0] - Loading metadata
20:14:29.440 [vert.x-eventloop-thread-0] INFO  d.m.quorus.controller.raft.RaftNode [FOLLOWER/0] - Starting Raft node: node3
20:14:29.440 [vert.x-eventloop-thread-0] INFO  d.m.quorus.controller.raft.RaftNode [FOLLOWER/0] - Recovering Raft state from storage...
20:14:29.440 [vert.x-eventloop-thread-0] DEBUG d.m.q.c.r.s.RaftLogStorageAdapter [FOLLOWER/0] - Loading metadata
20:14:29.440 [vert.x-eventloop-thread-0] INFO  d.m.quorus.controller.raft.RaftNode [FOLLOWER/0] - Recovered metadata: term=0, votedFor=null
20:14:29.440 [vert.x-eventloop-thread-0] INFO  d.m.quorus.controller.raft.RaftNode [FOLLOWER/0] - Recovered metadata: term=0, votedFor=null
20:14:29.441 [vert.x-eventloop-thread-0] INFO  d.m.quorus.controller.raft.RaftNode [FOLLOWER/0] - Recovered metadata: term=0, votedFor=null
20:14:29.441 [vert.x-eventloop-thread-0] INFO  d.m.quorus.controller.raft.RaftNode [FOLLOWER/0] - No snapshot found, will rebuild from full log replay
20:14:29.441 [vert.x-eventloop-thread-0] INFO  d.m.q.c.r.s.RaftLogStorageAdapter [FOLLOWER/0] - Replaying WAL
20:14:29.441 [wal-executor] INFO  d.m.raftlog.storage.FileRaftStorage - Replaying WAL from: C:\Users\mraysmit\AppData\Local\Temp\junit9445341606020749776\node1\raft.log
20:14:29.441 [vert.x-eventloop-thread-0] INFO  d.m.quorus.controller.raft.RaftNode [FOLLOWER/0] - No snapshot found, will rebuild from full log replay
20:14:29.441 [wal-executor] INFO  d.m.raftlog.storage.FileRaftStorage - WAL replay complete: 0 entries recovered, 0 appends, 0 truncates, 0 ms
20:14:29.441 [vert.x-eventloop-thread-0] INFO  d.m.q.c.r.s.RaftLogStorageAdapter [FOLLOWER/0] - Replaying WAL
20:14:29.442 [vert.x-eventloop-thread-0] INFO  d.m.quorus.controller.raft.RaftNode [FOLLOWER/0] - No snapshot found, will rebuild from full log replay
20:14:29.442 [wal-executor] INFO  d.m.raftlog.storage.FileRaftStorage - Replaying WAL from: C:\Users\mraysmit\AppData\Local\Temp\junit9445341606020749776\node3\raft.log
20:14:29.442 [vert.x-eventloop-thread-0] INFO  d.m.q.c.r.s.RaftLogStorageAdapter [FOLLOWER/0] - Replaying WAL
20:14:29.442 [vert.x-eventloop-thread-0] INFO  d.m.quorus.controller.raft.RaftNode [FOLLOWER/0] - Recovered 0 log entries from 0 storage records
20:14:29.442 [wal-executor] INFO  d.m.raftlog.storage.FileRaftStorage - WAL replay complete: 0 entries recovered, 0 appends, 0 truncates, 0 ms
20:14:29.442 [wal-executor] INFO  d.m.raftlog.storage.FileRaftStorage - Replaying WAL from: C:\Users\mraysmit\AppData\Local\Temp\junit9445341606020749776\node2\raft.log
20:14:29.442 [vert.x-eventloop-thread-0] INFO  d.m.quorus.controller.raft.RaftNode [FOLLOWER/0] - Rebuilding state machine from 0 entries...
20:14:29.442 [vert.x-eventloop-thread-0] DEBUG d.m.q.c.state.QuorusStateStore [FOLLOWER/0] - Resetting state machine: jobs=0, agents=0, metadata=1
20:14:29.442 [vert.x-eventloop-thread-0] DEBUG d.m.q.c.state.QuorusStateStore [FOLLOWER/0] - Initializing default metadata: version=2.0
20:14:29.443 [vert.x-eventloop-thread-0] INFO  d.m.q.c.state.QuorusStateStore [FOLLOWER/0] - State machine reset completed: version=2.0
20:14:29.443 [vert.x-eventloop-thread-0] INFO  d.m.quorus.controller.raft.RaftNode [FOLLOWER/0] - Multi-node recovery: deferring log application until leader commit advances
20:14:29.443 [wal-executor] INFO  d.m.raftlog.storage.FileRaftStorage - WAL replay complete: 0 entries recovered, 0 appends, 0 truncates, 1 ms
20:14:29.443 [vert.x-eventloop-thread-0] INFO  d.m.quorus.controller.raft.RaftNode [FOLLOWER/0] - Recovery complete: term=0, logSize=1, lastApplied=0, snapshotLastIndex=0
Sept 05, 2026 8:14:29 PM dev.mars.quorus.controller.raft.MockRaftTransport start
INFO: Started mock transport for node: node1
20:14:29.443 [vert.x-eventloop-thread-0] INFO  d.m.quorus.controller.raft.RaftNode [FOLLOWER/0] - Raft node node1 started successfully (term=0, logSize=1)
20:14:29.443 [vert.x-eventloop-thread-0] DEBUG d.m.q.c.r.RaftLogClusterIntegrationTest [FOLLOWER/0] - Node node1 started successfully
20:14:29.444 [vert.x-eventloop-thread-0] INFO  d.m.quorus.controller.raft.RaftNode [FOLLOWER/0] - Recovered 0 log entries from 0 storage records
20:14:29.444 [vert.x-eventloop-thread-0] INFO  d.m.quorus.controller.raft.RaftNode [FOLLOWER/0] - Rebuilding state machine from 0 entries...
20:14:29.444 [vert.x-eventloop-thread-0] DEBUG d.m.q.c.state.QuorusStateStore [FOLLOWER/0] - Resetting state machine: jobs=0, agents=0, metadata=1
20:14:29.444 [vert.x-eventloop-thread-0] DEBUG d.m.q.c.state.QuorusStateStore [FOLLOWER/0] - Initializing default metadata: version=2.0
20:14:29.444 [vert.x-eventloop-thread-0] INFO  d.m.q.c.state.QuorusStateStore [FOLLOWER/0] - State machine reset completed: version=2.0
20:14:29.444 [vert.x-eventloop-thread-0] INFO  d.m.quorus.controller.raft.RaftNode [FOLLOWER/0] - Multi-node recovery: deferring log application until leader commit advances
20:14:29.444 [vert.x-eventloop-thread-0] INFO  d.m.quorus.controller.raft.RaftNode [FOLLOWER/0] - Recovery complete: term=0, logSize=1, lastApplied=0, snapshotLastIndex=0
20:14:29.444 [vert.x-eventloop-thread-0] INFO  d.m.quorus.controller.raft.RaftNode [FOLLOWER/0] - Raft node node3 started successfully (term=0, logSize=1)
20:14:29.444 [vert.x-eventloop-thread-0] DEBUG d.m.q.c.r.RaftLogClusterIntegrationTest [FOLLOWER/0] - Node node3 started successfully
20:14:29.444 [vert.x-eventloop-thread-0] INFO  d.m.quorus.controller.raft.RaftNode [FOLLOWER/0] - Recovered 0 log entries from 0 storage records
Sept 05, 2026 8:14:29 PM dev.mars.quorus.controller.raft.MockRaftTransport start
INFO: Started mock transport for node: node3
20:14:29.445 [vert.x-eventloop-thread-0] INFO  d.m.quorus.controller.raft.RaftNode [FOLLOWER/0] - Rebuilding state machine from 0 entries...
20:14:29.445 [vert.x-eventloop-thread-0] DEBUG d.m.q.c.state.QuorusStateStore [FOLLOWER/0] - Resetting state machine: jobs=0, agents=0, metadata=1
20:14:29.445 [vert.x-eventloop-thread-0] DEBUG d.m.q.c.state.QuorusStateStore [FOLLOWER/0] - Initializing default metadata: version=2.0
20:14:29.445 [vert.x-eventloop-thread-0] INFO  d.m.q.c.state.QuorusStateStore [FOLLOWER/0] - State machine reset completed: version=2.0
20:14:29.445 [vert.x-eventloop-thread-0] INFO  d.m.quorus.controller.raft.RaftNode [FOLLOWER/0] - Multi-node recovery: deferring log application until leader commit advances
20:14:29.445 [vert.x-eventloop-thread-0] INFO  d.m.quorus.controller.raft.RaftNode [FOLLOWER/0] - Recovery complete: term=0, logSize=1, lastApplied=0, snapshotLastIndex=0
Sept 05, 2026 8:14:29 PM dev.mars.quorus.controller.raft.MockRaftTransport start
INFO: Started mock transport for node: node2
20:14:29.445 [vert.x-eventloop-thread-0] INFO  d.m.quorus.controller.raft.RaftNode [FOLLOWER/0] - Raft node node2 started successfully (term=0, logSize=1)
20:14:29.445 [vert.x-eventloop-thread-0] DEBUG d.m.q.c.r.RaftLogClusterIntegrationTest [FOLLOWER/0] - Node node2 started successfully
20:14:29.445 [ForkJoinPool-1-worker-1] INFO  d.m.q.c.r.RaftLogClusterIntegrationTest - Cluster started successfully in 21 ms
20:14:29.446 [ForkJoinPool-1-worker-1] DEBUG d.m.q.c.r.RaftLogClusterIntegrationTest - Waiting for leader election...
20:14:31.759 [vert.x-eventloop-thread-0] INFO  d.m.quorus.controller.raft.RaftNode [FOLLOWER/0] - Starting election for node: node2
20:14:31.759 [vert.x-eventloop-thread-0] DEBUG d.m.quorus.controller.raft.RaftNode [CANDIDATE/1] - Persisting raft metadata: term=1, votedForPresent=true, votedFor=node2
20:14:31.759 [vert.x-eventloop-thread-0] DEBUG d.m.q.c.r.s.RaftLogStorageAdapter [CANDIDATE/1] - Updating metadata: term=1, votedFor=node2
20:14:31.775 [wal-executor] INFO  d.m.raftlog.storage.FileRaftStorage - Metadata updated: term=1, votedFor=node2
20:14:31.805 [vert.x-eventloop-thread-0] DEBUG d.m.quorus.controller.raft.RaftNode [CANDIDATE/1] - Handling vote request: candidateId=node2, requestTerm=1, localTerm=0, localVotedFor=null, candidateLastLogTerm=0, candidateLastLogIndex=0
20:14:31.805 [vert.x-eventloop-thread-0] DEBUG d.m.quorus.controller.raft.RaftNode [CANDIDATE/1] - Higher term observed in vote request: requestTerm=1 > localTerm=0. Stepping down without immediate metadata persistence.
20:14:31.805 [vert.x-eventloop-thread-0] INFO  d.m.quorus.controller.raft.RaftNode [FOLLOWER/1] - Stepped down to FOLLOWER. Term: 1
20:14:31.805 [vert.x-eventloop-thread-0] DEBUG d.m.quorus.controller.raft.RaftNode [FOLLOWER/1] - Vote decision inputs: canGrantVoteForCandidate=true, candidateLogUpToDate=true, canGrant=true, effectiveLocalTerm=1
20:14:31.806 [vert.x-eventloop-thread-0] DEBUG d.m.quorus.controller.raft.RaftNode [FOLLOWER/1] - Persisting granted vote metadata: term=1, candidateId=node2
20:14:31.806 [vert.x-eventloop-thread-0] DEBUG d.m.quorus.controller.raft.RaftNode [FOLLOWER/1] - Persisting raft metadata: term=1, votedForPresent=true, votedFor=node2
20:14:31.806 [vert.x-eventloop-thread-0] DEBUG d.m.q.c.r.s.RaftLogStorageAdapter [FOLLOWER/1] - Updating metadata: term=1, votedFor=node2
20:14:31.806 [vert.x-eventloop-thread-0] DEBUG d.m.quorus.controller.raft.RaftNode [FOLLOWER/1] - Handling vote request: candidateId=node2, requestTerm=1, localTerm=0, localVotedFor=null, candidateLastLogTerm=0, candidateLastLogIndex=0
20:14:31.806 [vert.x-eventloop-thread-0] DEBUG d.m.quorus.controller.raft.RaftNode [FOLLOWER/1] - Higher term observed in vote request: requestTerm=1 > localTerm=0. Stepping down without immediate metadata persistence.
20:14:31.806 [vert.x-eventloop-thread-0] INFO  d.m.quorus.controller.raft.RaftNode [FOLLOWER/1] - Stepped down to FOLLOWER. Term: 1
20:14:31.806 [vert.x-eventloop-thread-0] DEBUG d.m.quorus.controller.raft.RaftNode [FOLLOWER/1] - Vote decision inputs: canGrantVoteForCandidate=true, candidateLogUpToDate=true, canGrant=true, effectiveLocalTerm=1
20:14:31.806 [vert.x-eventloop-thread-0] DEBUG d.m.quorus.controller.raft.RaftNode [FOLLOWER/1] - Persisting granted vote metadata: term=1, candidateId=node2
20:14:31.806 [vert.x-eventloop-thread-0] DEBUG d.m.quorus.controller.raft.RaftNode [FOLLOWER/1] - Persisting raft metadata: term=1, votedForPresent=true, votedFor=node2
20:14:31.806 [vert.x-eventloop-thread-0] DEBUG d.m.q.c.r.s.RaftLogStorageAdapter [FOLLOWER/1] - Updating metadata: term=1, votedFor=node2
20:14:31.811 [wal-executor] INFO  d.m.raftlog.storage.FileRaftStorage - Metadata updated: term=1, votedFor=node2
20:14:31.813 [vert.x-eventloop-thread-0] INFO  d.m.quorus.controller.raft.RaftNode [FOLLOWER/1] - Vote granted to node2 for term 1
20:14:31.813 [vert.x-eventloop-thread-0] INFO  d.m.quorus.controller.raft.RaftNode [LEADER/1] - Node node2 became LEADER for term 1
20:14:31.813 [vert.x-eventloop-thread-0] INFO  d.m.quorus.controller.raft.RaftNode [LEADER/1] - Snapshot scheduler started: threshold=10000, checkInterval=60000ms
20:14:31.814 [vert.x-eventloop-thread-0] DEBUG d.m.q.c.r.s.RaftLogStorageAdapter [LEADER/1] - Appending 1 entries (indices 1-1)
20:14:31.814 [wal-executor] INFO  d.m.raftlog.storage.FileRaftStorage - Appended 1 entries to WAL: indices [1-1], terms [1-1], 34 bytes
20:14:31.814 [wal-executor] INFO  d.m.raftlog.storage.FileRaftStorage - Metadata updated: term=1, votedFor=node2
20:14:31.814 [vert.x-eventloop-thread-0] INFO  d.m.quorus.controller.raft.RaftNode [LEADER/1] - Vote granted to node2 for term 1
20:14:31.817 [vert.x-eventloop-thread-0] INFO  d.m.quorus.controller.raft.RaftNode [LEADER/1] - Command submitted at index 1 term 1
20:14:31.835 [vert.x-eventloop-thread-0] DEBUG d.m.q.c.r.s.RaftLogStorageAdapter [LEADER/1] - Appending 1 entries (indices 1-1)
20:14:31.836 [vert.x-eventloop-thread-0] DEBUG d.m.q.c.r.s.RaftLogStorageAdapter [LEADER/1] - Appending 1 entries (indices 1-1)
20:14:31.836 [wal-executor] INFO  d.m.raftlog.storage.FileRaftStorage - Appended 1 entries to WAL: indices [1-1], terms [1-1], 34 bytes
20:14:31.836 [wal-executor] INFO  d.m.raftlog.storage.FileRaftStorage - Appended 1 entries to WAL: indices [1-1], terms [1-1], 34 bytes
20:14:31.839 [vert.x-eventloop-thread-0] DEBUG d.m.quorus.controller.raft.RaftNode [LEADER/1] - AppendEntries success: logSize=2, commitIndex=0
20:14:31.840 [vert.x-eventloop-thread-0] DEBUG d.m.quorus.controller.raft.RaftNode [LEADER/1] - AppendEntries success: logSize=2, commitIndex=0
20:14:31.840 [vert.x-eventloop-thread-0] DEBUG d.m.quorus.controller.raft.RaftNode [LEADER/1] - Committed leader no-op entry for term 1
20:14:31.840 [vert.x-eventloop-thread-0] DEBUG d.m.quorus.controller.raft.RaftNode [LEADER/1] - AppendEntries success: logSize=2, commitIndex=0
20:14:31.840 [vert.x-eventloop-thread-0] DEBUG d.m.quorus.controller.raft.RaftNode [LEADER/1] - AppendEntries success: logSize=2, commitIndex=0
20:14:31.912 [ForkJoinPool-1-worker-1] INFO  d.m.q.c.r.RaftLogClusterIntegrationTest - Leader: node2 (term=1, logSize=2)
20:14:31.912 [ForkJoinPool-1-worker-1] DEBUG d.m.q.c.r.RaftLogClusterIntegrationTest - --- WAL Sizes (before command submission) ---
20:14:31.913 [ForkJoinPool-1-worker-1] DEBUG d.m.q.c.r.RaftLogClusterIntegrationTest -   node1 | WAL=34 bytes
20:14:31.913 [ForkJoinPool-1-worker-1] DEBUG d.m.q.c.r.RaftLogClusterIntegrationTest -   node2 | WAL=34 bytes
20:14:31.913 [ForkJoinPool-1-worker-1] DEBUG d.m.q.c.r.RaftLogClusterIntegrationTest -   node3 | WAL=34 bytes
20:14:31.913 [ForkJoinPool-1-worker-1] DEBUG d.m.q.c.r.RaftLogClusterIntegrationTest - Submitting 3 commands to leader...
20:14:32.063 [vert.x-eventloop-thread-0] DEBUG d.m.q.c.r.s.RaftLogStorageAdapter [LEADER/1] - Appending 1 entries (indices 2-2)
20:14:32.063 [wal-executor] INFO  d.m.raftlog.storage.FileRaftStorage - Appended 1 entries to WAL: indices [2-2], terms [1-1], 268 bytes
20:14:32.068 [vert.x-eventloop-thread-0] INFO  d.m.quorus.controller.raft.RaftNode [LEADER/1] - Command submitted at index 2 term 1
20:14:32.104 [vert.x-eventloop-thread-0] DEBUG d.m.q.c.r.s.RaftLogStorageAdapter [LEADER/1] - Appending 1 entries (indices 2-2)
20:14:32.105 [wal-executor] INFO  d.m.raftlog.storage.FileRaftStorage - Appended 1 entries to WAL: indices [2-2], terms [1-1], 268 bytes
20:14:32.105 [vert.x-eventloop-thread-0] DEBUG d.m.q.c.r.s.RaftLogStorageAdapter [LEADER/1] - Appending 1 entries (indices 2-2)
20:14:32.106 [wal-executor] INFO  d.m.raftlog.storage.FileRaftStorage - Appended 1 entries to WAL: indices [2-2], terms [1-1], 268 bytes
20:14:32.110 [vert.x-eventloop-thread-0] DEBUG d.m.quorus.controller.raft.RaftNode [LEADER/1] - AppendEntries success: logSize=3, commitIndex=1
20:14:32.110 [vert.x-eventloop-thread-0] DEBUG d.m.q.c.state.QuorusStateStore [LEADER/1] - Applying command: type=Create
20:14:32.113 [vert.x-eventloop-thread-0] DEBUG d.m.q.c.state.QuorusStateStore [LEADER/1] - Creating transfer job: jobId=wal-test-job-1, sourceUri=sftp://testhost/test/wal-test-job-1/source.txt, destPath=file:///C:/test/wal-test-job-1/dest.txt
20:14:32.119 [vert.x-eventloop-thread-0] INFO  d.m.q.c.state.QuorusStateStore [LEADER/1] - Created transfer job: jobId=wal-test-job-1, protocol=http, totalJobs=1
20:14:32.119 [vert.x-eventloop-thread-0] DEBUG d.m.q.c.state.QuorusStateStore [LEADER/1] - Command applied successfully: type=Create, result=Success
20:14:32.119 [vert.x-eventloop-thread-0] DEBUG d.m.quorus.controller.raft.RaftNode [LEADER/1] - AppendEntries success: logSize=3, commitIndex=1
20:14:32.119 [ForkJoinPool-1-worker-1] INFO  d.m.q.c.r.RaftLogClusterIntegrationTest - Submitted job wal-test-job-1 to leader in 199 ms, result: Success[entity=TransferJob{jobId='wal-test-job-1', status=PENDING, progress=0.0%, bytesTransferred=0, totalBytes=1024, startTime=null, lastUpdate=2026-09-05T12:14:31.918592400Z}]
20:14:32.124 [vert.x-eventloop-thread-0] DEBUG d.m.q.c.r.s.RaftLogStorageAdapter [LEADER/1] - Appending 1 entries (indices 3-3)
20:14:32.124 [wal-executor] INFO  d.m.raftlog.storage.FileRaftStorage - Appended 1 entries to WAL: indices [3-3], terms [1-1], 268 bytes
20:14:32.128 [vert.x-eventloop-thread-0] INFO  d.m.quorus.controller.raft.RaftNode [LEADER/1] - Command submitted at index 3 term 1
20:14:32.146 [vert.x-eventloop-thread-0] DEBUG d.m.q.c.r.s.RaftLogStorageAdapter [LEADER/1] - Appending 1 entries (indices 3-3)
20:14:32.146 [wal-executor] INFO  d.m.raftlog.storage.FileRaftStorage - Appended 1 entries to WAL: indices [3-3], terms [1-1], 268 bytes
20:14:32.146 [vert.x-eventloop-thread-0] DEBUG d.m.q.c.r.s.RaftLogStorageAdapter [LEADER/1] - Appending 1 entries (indices 3-3)
20:14:32.147 [wal-executor] INFO  d.m.raftlog.storage.FileRaftStorage - Appended 1 entries to WAL: indices [3-3], terms [1-1], 268 bytes
20:14:32.150 [vert.x-eventloop-thread-0] DEBUG d.m.q.c.state.QuorusStateStore [LEADER/1] - Applying command: type=Create
20:14:32.151 [vert.x-eventloop-thread-0] DEBUG d.m.q.c.state.QuorusStateStore [LEADER/1] - Creating transfer job: jobId=wal-test-job-1, sourceUri=sftp://testhost/test/wal-test-job-1/source.txt, destPath=file:///C:/test/wal-test-job-1/dest.txt
20:14:32.151 [vert.x-eventloop-thread-0] INFO  d.m.q.c.state.QuorusStateStore [LEADER/1] - Created transfer job: jobId=wal-test-job-1, protocol=http, totalJobs=1
20:14:32.151 [vert.x-eventloop-thread-0] DEBUG d.m.q.c.state.QuorusStateStore [LEADER/1] - Command applied successfully: type=Create, result=Success
20:14:32.151 [vert.x-eventloop-thread-0] DEBUG d.m.quorus.controller.raft.RaftNode [LEADER/1] - AppendEntries success: logSize=4, commitIndex=2
20:14:32.152 [vert.x-eventloop-thread-0] DEBUG d.m.q.c.state.QuorusStateStore [LEADER/1] - Applying command: type=Create
20:14:32.152 [vert.x-eventloop-thread-0] DEBUG d.m.q.c.state.QuorusStateStore [LEADER/1] - Creating transfer job: jobId=wal-test-job-2, sourceUri=sftp://testhost/test/wal-test-job-2/source.txt, destPath=file:///C:/test/wal-test-job-2/dest.txt
20:14:32.152 [vert.x-eventloop-thread-0] INFO  d.m.q.c.state.QuorusStateStore [LEADER/1] - Created transfer job: jobId=wal-test-job-2, protocol=http, totalJobs=2
20:14:32.152 [vert.x-eventloop-thread-0] DEBUG d.m.q.c.state.QuorusStateStore [LEADER/1] - Command applied successfully: type=Create, result=Success
20:14:32.152 [vert.x-eventloop-thread-0] DEBUG d.m.q.c.state.QuorusStateStore [LEADER/1] - Applying command: type=Create
20:14:32.152 [ForkJoinPool-1-worker-1] INFO  d.m.q.c.r.RaftLogClusterIntegrationTest - Submitted job wal-test-job-2 to leader in 29 ms, result: Success[entity=TransferJob{jobId='wal-test-job-2', status=PENDING, progress=0.0%, bytesTransferred=0, totalBytes=1024, startTime=null, lastUpdate=2026-09-05T12:14:32.123803200Z}]
20:14:32.153 [vert.x-eventloop-thread-0] DEBUG d.m.q.c.state.QuorusStateStore [LEADER/1] - Creating transfer job: jobId=wal-test-job-1, sourceUri=sftp://testhost/test/wal-test-job-1/source.txt, destPath=file:///C:/test/wal-test-job-1/dest.txt
20:14:32.153 [vert.x-eventloop-thread-0] INFO  d.m.q.c.state.QuorusStateStore [LEADER/1] - Created transfer job: jobId=wal-test-job-1, protocol=http, totalJobs=1
20:14:32.153 [vert.x-eventloop-thread-0] DEBUG d.m.q.c.state.QuorusStateStore [LEADER/1] - Command applied successfully: type=Create, result=Success
20:14:32.153 [vert.x-eventloop-thread-0] DEBUG d.m.quorus.controller.raft.RaftNode [LEADER/1] - AppendEntries success: logSize=4, commitIndex=2
20:14:32.153 [vert.x-eventloop-thread-0] DEBUG d.m.q.c.r.s.RaftLogStorageAdapter [LEADER/1] - Appending 1 entries (indices 4-4)
20:14:32.154 [wal-executor] INFO  d.m.raftlog.storage.FileRaftStorage - Appended 1 entries to WAL: indices [4-4], terms [1-1], 268 bytes
20:14:32.156 [vert.x-eventloop-thread-0] INFO  d.m.quorus.controller.raft.RaftNode [LEADER/1] - Command submitted at index 4 term 1
20:14:32.177 [vert.x-eventloop-thread-0] DEBUG d.m.q.c.r.s.RaftLogStorageAdapter [LEADER/1] - Appending 1 entries (indices 4-4)
20:14:32.177 [wal-executor] INFO  d.m.raftlog.storage.FileRaftStorage - Appended 1 entries to WAL: indices [4-4], terms [1-1], 268 bytes
20:14:32.177 [vert.x-eventloop-thread-0] DEBUG d.m.q.c.r.s.RaftLogStorageAdapter [LEADER/1] - Appending 1 entries (indices 4-4)
20:14:32.178 [wal-executor] INFO  d.m.raftlog.storage.FileRaftStorage - Appended 1 entries to WAL: indices [4-4], terms [1-1], 268 bytes
20:14:32.180 [vert.x-eventloop-thread-0] DEBUG d.m.q.c.state.QuorusStateStore [LEADER/1] - Applying command: type=Create
20:14:32.180 [vert.x-eventloop-thread-0] DEBUG d.m.q.c.state.QuorusStateStore [LEADER/1] - Creating transfer job: jobId=wal-test-job-2, sourceUri=sftp://testhost/test/wal-test-job-2/source.txt, destPath=file:///C:/test/wal-test-job-2/dest.txt
20:14:32.180 [vert.x-eventloop-thread-0] INFO  d.m.q.c.state.QuorusStateStore [LEADER/1] - Created transfer job: jobId=wal-test-job-2, protocol=http, totalJobs=2
20:14:32.181 [vert.x-eventloop-thread-0] DEBUG d.m.q.c.state.QuorusStateStore [LEADER/1] - Command applied successfully: type=Create, result=Success
20:14:32.181 [vert.x-eventloop-thread-0] DEBUG d.m.quorus.controller.raft.RaftNode [LEADER/1] - AppendEntries success: logSize=5, commitIndex=3
20:14:32.181 [vert.x-eventloop-thread-0] DEBUG d.m.q.c.state.QuorusStateStore [LEADER/1] - Applying command: type=Create
20:14:32.181 [vert.x-eventloop-thread-0] DEBUG d.m.q.c.state.QuorusStateStore [LEADER/1] - Creating transfer job: jobId=wal-test-job-3, sourceUri=sftp://testhost/test/wal-test-job-3/source.txt, destPath=file:///C:/test/wal-test-job-3/dest.txt
20:14:32.181 [vert.x-eventloop-thread-0] INFO  d.m.q.c.state.QuorusStateStore [LEADER/1] - Created transfer job: jobId=wal-test-job-3, protocol=http, totalJobs=3
20:14:32.181 [vert.x-eventloop-thread-0] DEBUG d.m.q.c.state.QuorusStateStore [LEADER/1] - Command applied successfully: type=Create, result=Success
20:14:32.181 [ForkJoinPool-1-worker-1] INFO  d.m.q.c.r.RaftLogClusterIntegrationTest - Submitted job wal-test-job-3 to leader in 28 ms, result: Success[entity=TransferJob{jobId='wal-test-job-3', status=PENDING, progress=0.0%, bytesTransferred=0, totalBytes=1024, startTime=null, lastUpdate=2026-09-05T12:14:32.153971500Z}]
20:14:32.181 [vert.x-eventloop-thread-0] DEBUG d.m.q.c.state.QuorusStateStore [LEADER/1] - Applying command: type=Create
20:14:32.181 [ForkJoinPool-1-worker-1] DEBUG d.m.q.c.r.RaftLogClusterIntegrationTest - --- WAL Sizes (after command submission) ---
20:14:32.182 [vert.x-eventloop-thread-0] DEBUG d.m.q.c.state.QuorusStateStore [LEADER/1] - Creating transfer job: jobId=wal-test-job-2, sourceUri=sftp://testhost/test/wal-test-job-2/source.txt, destPath=file:///C:/test/wal-test-job-2/dest.txt
20:14:32.182 [vert.x-eventloop-thread-0] INFO  d.m.q.c.state.QuorusStateStore [LEADER/1] - Created transfer job: jobId=wal-test-job-2, protocol=http, totalJobs=2
20:14:32.182 [ForkJoinPool-1-worker-1] DEBUG d.m.q.c.r.RaftLogClusterIntegrationTest -   node1 | WAL=838 bytes
20:14:32.182 [vert.x-eventloop-thread-0] DEBUG d.m.q.c.state.QuorusStateStore [LEADER/1] - Command applied successfully: type=Create, result=Success
20:14:32.182 [vert.x-eventloop-thread-0] DEBUG d.m.quorus.controller.raft.RaftNode [LEADER/1] - AppendEntries success: logSize=5, commitIndex=3
20:14:32.182 [ForkJoinPool-1-worker-1] DEBUG d.m.q.c.r.RaftLogClusterIntegrationTest -   node2 | WAL=838 bytes
20:14:32.182 [ForkJoinPool-1-worker-1] DEBUG d.m.q.c.r.RaftLogClusterIntegrationTest -   node3 | WAL=838 bytes
20:14:32.182 [ForkJoinPool-1-worker-1] DEBUG d.m.q.c.r.RaftLogClusterIntegrationTest - Waiting for replication to all followers...
20:14:32.333 [vert.x-eventloop-thread-0] DEBUG d.m.q.c.state.QuorusStateStore [LEADER/1] - Applying command: type=Create
20:14:32.333 [vert.x-eventloop-thread-0] DEBUG d.m.q.c.state.QuorusStateStore [LEADER/1] - Creating transfer job: jobId=wal-test-job-3, sourceUri=sftp://testhost/test/wal-test-job-3/source.txt, destPath=file:///C:/test/wal-test-job-3/dest.txt
20:14:32.333 [vert.x-eventloop-thread-0] INFO  d.m.q.c.state.QuorusStateStore [LEADER/1] - Created transfer job: jobId=wal-test-job-3, protocol=http, totalJobs=3
20:14:32.333 [vert.x-eventloop-thread-0] DEBUG d.m.q.c.state.QuorusStateStore [LEADER/1] - Command applied successfully: type=Create, result=Success
20:14:32.333 [vert.x-eventloop-thread-0] DEBUG d.m.quorus.controller.raft.RaftNode [LEADER/1] - AppendEntries success: logSize=5, commitIndex=4
20:14:32.334 [vert.x-eventloop-thread-0] DEBUG d.m.q.c.state.QuorusStateStore [LEADER/1] - Applying command: type=Create
Sept 05, 2026 8:14:32 PM dev.mars.quorus.controller.raft.MockRaftTransport stop
INFO: Stopped mock transport for node: node1
20:14:32.334 [vert.x-eventloop-thread-0] DEBUG d.m.q.c.state.QuorusStateStore [LEADER/1] - Creating transfer job: jobId=wal-test-job-3, sourceUri=sftp://testhost/test/wal-test-job-3/source.txt, destPath=file:///C:/test/wal-test-job-3/dest.txt
20:14:32.334 [vert.x-eventloop-thread-0] INFO  d.m.q.c.state.QuorusStateStore [LEADER/1] - Created transfer job: jobId=wal-test-job-3, protocol=http, totalJobs=3
20:14:32.334 [vert.x-eventloop-thread-0] DEBUG d.m.q.c.state.QuorusStateStore [LEADER/1] - Command applied successfully: type=Create, result=Success
20:14:32.334 [vert.x-eventloop-thread-0] DEBUG d.m.quorus.controller.raft.RaftNode [LEADER/1] - AppendEntries success: logSize=5, commitIndex=4
20:14:32.397 [ForkJoinPool-1-worker-1] DEBUG d.m.q.c.r.RaftLogClusterIntegrationTest - --- Replication Status ---
20:14:32.397 [ForkJoinPool-1-worker-1] DEBUG d.m.q.c.r.RaftLogClusterIntegrationTest -   node1 (FOLLOWER): [OK][OK][OK] (3/3 jobs)
20:14:32.397 [ForkJoinPool-1-worker-1] DEBUG d.m.q.c.r.RaftLogClusterIntegrationTest -   node2 (LEADER): [OK][OK][OK] (3/3 jobs)
20:14:32.397 [ForkJoinPool-1-worker-1] DEBUG d.m.q.c.r.RaftLogClusterIntegrationTest -   node3 (FOLLOWER): [OK][OK][OK] (3/3 jobs)
Sept 05, 2026 8:14:32 PM dev.mars.quorus.controller.raft.MockRaftTransport stop
INFO: Stopped mock transport for node: node2
Sept 05, 2026 8:14:32 PM dev.mars.quorus.controller.raft.MockRaftTransport stop
INFO: Stopped mock transport for node: node3
20:14:32.397 [ForkJoinPool-1-worker-1] DEBUG d.m.q.c.r.RaftLogClusterIntegrationTest - --- End Replication Status ---
20:14:32.398 [ForkJoinPool-1-worker-1] INFO  d.m.q.c.r.RaftLogClusterIntegrationTest - [OK] All jobs exist in state machine before restart
20:14:32.398 [ForkJoinPool-1-worker-1] INFO  d.m.q.c.r.RaftLogClusterIntegrationTest - Stopping all nodes to test recovery...
20:14:32.398 [vert.x-eventloop-thread-0] INFO  d.m.q.c.r.s.RaftLogStorageAdapter [LEADER/1] - Closing RaftLog storage
20:14:32.399 [vert.x-worker-thread-3] INFO  d.m.raftlog.storage.FileRaftStorage - Closing WAL storage at: C:\Users\mraysmit\AppData\Local\Temp\junit9445341606020749776\node1
20:14:32.399 [vert.x-worker-thread-3] INFO  d.m.raftlog.storage.FileRaftStorage - WAL storage closed
20:14:32.399 [vert.x-eventloop-thread-0] INFO  d.m.quorus.controller.raft.RaftNode [LEADER/1] - Raft node stopped: node1
20:14:32.400 [vert.x-eventloop-thread-0] INFO  d.m.q.c.r.s.RaftLogStorageAdapter [LEADER/1] - Closing RaftLog storage
20:14:32.401 [vert.x-worker-thread-4] INFO  d.m.raftlog.storage.FileRaftStorage - Closing WAL storage at: C:\Users\mraysmit\AppData\Local\Temp\junit9445341606020749776\node2
20:14:32.401 [vert.x-worker-thread-4] INFO  d.m.raftlog.storage.FileRaftStorage - WAL storage closed
20:14:32.401 [vert.x-eventloop-thread-0] INFO  d.m.quorus.controller.raft.RaftNode [LEADER/1] - Raft node stopped: node2
20:14:32.402 [vert.x-eventloop-thread-0] INFO  d.m.q.c.r.s.RaftLogStorageAdapter [LEADER/1] - Closing RaftLog storage
20:14:32.402 [vert.x-worker-thread-5] INFO  d.m.raftlog.storage.FileRaftStorage - Closing WAL storage at: C:\Users\mraysmit\AppData\Local\Temp\junit9445341606020749776\node3
20:14:32.402 [vert.x-worker-thread-5] INFO  d.m.raftlog.storage.FileRaftStorage - WAL storage closed
20:14:32.403 [vert.x-eventloop-thread-0] INFO  d.m.quorus.controller.raft.RaftNode [LEADER/1] - Raft node stopped: node3
20:14:32.403 [ForkJoinPool-1-worker-1] INFO  d.m.q.c.r.RaftLogClusterIntegrationTest - Restarting cluster from persisted WAL...
20:14:32.403 [ForkJoinPool-1-worker-1] INFO  d.m.q.c.r.RaftLogClusterIntegrationTest - Restarting cluster with existing WAL data...
20:14:32.403 [ForkJoinPool-1-worker-1] INFO  d.m.raftlog.storage.FileRaftStorage - FileRaftStorage initialized: syncEnabled=true, verifyWrites=false, maxPayloadSize=16 MB, minFreeSpace=64 MB
20:14:32.404 [ForkJoinPool-1-worker-1] INFO  d.m.q.c.r.s.RaftLogStorageAdapter - RaftLogStorageAdapter created with delegate: FileRaftStorage
20:14:32.404 [ForkJoinPool-1-worker-1] INFO  d.m.q.c.r.s.RaftLogStorageAdapter - Opening RaftLog storage at: C:\Users\mraysmit\AppData\Local\Temp\junit9445341606020749776\node1
20:14:32.404 [wal-executor] INFO  d.m.raftlog.storage.FileRaftStorage - Opening WAL storage at: C:\Users\mraysmit\AppData\Local\Temp\junit9445341606020749776\node1
20:14:32.405 [wal-executor] INFO  d.m.raftlog.storage.FileRaftStorage - Exclusive lock acquired: C:\Users\mraysmit\AppData\Local\Temp\junit9445341606020749776\node1\raft.lock
20:14:32.414 [wal-executor] INFO  d.m.raftlog.storage.FileRaftStorage - WAL opened successfully: path=C:\Users\mraysmit\AppData\Local\Temp\junit9445341606020749776\node1\raft.log, size=838 bytes
20:14:32.414 [ForkJoinPool-1-worker-1] DEBUG d.m.q.c.state.QuorusStateStore - Initializing default metadata: version=2.0
20:14:32.416 [ForkJoinPool-1-worker-1] INFO  d.m.raftlog.storage.FileRaftStorage - FileRaftStorage initialized: syncEnabled=true, verifyWrites=false, maxPayloadSize=16 MB, minFreeSpace=64 MB
20:14:32.416 [ForkJoinPool-1-worker-1] INFO  d.m.q.c.r.s.RaftLogStorageAdapter - RaftLogStorageAdapter created with delegate: FileRaftStorage
20:14:32.416 [ForkJoinPool-1-worker-1] INFO  d.m.q.c.r.s.RaftLogStorageAdapter - Opening RaftLog storage at: C:\Users\mraysmit\AppData\Local\Temp\junit9445341606020749776\node2
20:14:32.417 [wal-executor] INFO  d.m.raftlog.storage.FileRaftStorage - Opening WAL storage at: C:\Users\mraysmit\AppData\Local\Temp\junit9445341606020749776\node2
20:14:32.417 [wal-executor] INFO  d.m.raftlog.storage.FileRaftStorage - Exclusive lock acquired: C:\Users\mraysmit\AppData\Local\Temp\junit9445341606020749776\node2\raft.lock
20:14:32.426 [wal-executor] INFO  d.m.raftlog.storage.FileRaftStorage - WAL opened successfully: path=C:\Users\mraysmit\AppData\Local\Temp\junit9445341606020749776\node2\raft.log, size=838 bytes
20:14:32.426 [ForkJoinPool-1-worker-1] DEBUG d.m.q.c.state.QuorusStateStore - Initializing default metadata: version=2.0
20:14:32.427 [ForkJoinPool-1-worker-1] INFO  d.m.raftlog.storage.FileRaftStorage - FileRaftStorage initialized: syncEnabled=true, verifyWrites=false, maxPayloadSize=16 MB, minFreeSpace=64 MB
20:14:32.427 [ForkJoinPool-1-worker-1] INFO  d.m.q.c.r.s.RaftLogStorageAdapter - RaftLogStorageAdapter created with delegate: FileRaftStorage
20:14:32.427 [ForkJoinPool-1-worker-1] INFO  d.m.q.c.r.s.RaftLogStorageAdapter - Opening RaftLog storage at: C:\Users\mraysmit\AppData\Local\Temp\junit9445341606020749776\node3
20:14:32.427 [wal-executor] INFO  d.m.raftlog.storage.FileRaftStorage - Opening WAL storage at: C:\Users\mraysmit\AppData\Local\Temp\junit9445341606020749776\node3
20:14:32.428 [wal-executor] INFO  d.m.raftlog.storage.FileRaftStorage - Exclusive lock acquired: C:\Users\mraysmit\AppData\Local\Temp\junit9445341606020749776\node3\raft.lock
20:14:32.438 [wal-executor] INFO  d.m.raftlog.storage.FileRaftStorage - WAL opened successfully: path=C:\Users\mraysmit\AppData\Local\Temp\junit9445341606020749776\node3\raft.log, size=838 bytes
20:14:32.439 [ForkJoinPool-1-worker-1] DEBUG d.m.q.c.state.QuorusStateStore - Initializing default metadata: version=2.0
20:14:32.439 [vert.x-eventloop-thread-0] INFO  d.m.quorus.controller.raft.RaftNode [LEADER/1] - Starting Raft node: node1
20:14:32.439 [vert.x-eventloop-thread-0] INFO  d.m.quorus.controller.raft.RaftNode [FOLLOWER/0] - Recovering Raft state from storage...
20:14:32.440 [vert.x-eventloop-thread-0] DEBUG d.m.q.c.r.s.RaftLogStorageAdapter [FOLLOWER/0] - Loading metadata
20:14:32.440 [vert.x-eventloop-thread-0] INFO  d.m.quorus.controller.raft.RaftNode [FOLLOWER/0] - Starting Raft node: node2
20:14:32.440 [vert.x-eventloop-thread-0] INFO  d.m.quorus.controller.raft.RaftNode [FOLLOWER/0] - Recovering Raft state from storage...
20:14:32.440 [vert.x-eventloop-thread-0] DEBUG d.m.q.c.r.s.RaftLogStorageAdapter [FOLLOWER/0] - Loading metadata
20:14:32.440 [vert.x-eventloop-thread-0] INFO  d.m.quorus.controller.raft.RaftNode [FOLLOWER/0] - Starting Raft node: node3
20:14:32.440 [vert.x-eventloop-thread-0] INFO  d.m.quorus.controller.raft.RaftNode [FOLLOWER/0] - Recovering Raft state from storage...
20:14:32.440 [vert.x-eventloop-thread-0] DEBUG d.m.q.c.r.s.RaftLogStorageAdapter [FOLLOWER/0] - Loading metadata
20:14:32.442 [wal-executor] INFO  d.m.raftlog.storage.FileRaftStorage - Metadata loaded: term=1, votedFor=node2
20:14:32.442 [vert.x-eventloop-thread-0] INFO  d.m.quorus.controller.raft.RaftNode [FOLLOWER/0] - Recovered metadata: term=1, votedFor=node2
20:14:32.442 [wal-executor] INFO  d.m.raftlog.storage.FileRaftStorage - Metadata loaded: term=1, votedFor=node2
20:14:32.442 [wal-executor] INFO  d.m.raftlog.storage.FileRaftStorage - Metadata loaded: term=1, votedFor=node2
20:14:32.442 [vert.x-eventloop-thread-0] INFO  d.m.quorus.controller.raft.RaftNode [FOLLOWER/0] - Recovered metadata: term=1, votedFor=node2
20:14:32.443 [vert.x-eventloop-thread-0] INFO  d.m.quorus.controller.raft.RaftNode [FOLLOWER/0] - Recovered metadata: term=1, votedFor=node2
20:14:32.443 [vert.x-eventloop-thread-0] INFO  d.m.quorus.controller.raft.RaftNode [FOLLOWER/0] - No snapshot found, will rebuild from full log replay
20:14:32.443 [vert.x-eventloop-thread-0] INFO  d.m.q.c.r.s.RaftLogStorageAdapter [FOLLOWER/0] - Replaying WAL
20:14:32.443 [vert.x-eventloop-thread-0] INFO  d.m.quorus.controller.raft.RaftNode [FOLLOWER/0] - No snapshot found, will rebuild from full log replay
20:14:32.444 [vert.x-eventloop-thread-0] INFO  d.m.q.c.r.s.RaftLogStorageAdapter [FOLLOWER/0] - Replaying WAL
20:14:32.444 [wal-executor] INFO  d.m.raftlog.storage.FileRaftStorage - Replaying WAL from: C:\Users\mraysmit\AppData\Local\Temp\junit9445341606020749776\node3\raft.log
20:14:32.444 [vert.x-eventloop-thread-0] INFO  d.m.quorus.controller.raft.RaftNode [FOLLOWER/0] - No snapshot found, will rebuild from full log replay
20:14:32.444 [vert.x-eventloop-thread-0] INFO  d.m.q.c.r.s.RaftLogStorageAdapter [FOLLOWER/0] - Replaying WAL
20:14:32.444 [wal-executor] INFO  d.m.raftlog.storage.FileRaftStorage - Replaying WAL from: C:\Users\mraysmit\AppData\Local\Temp\junit9445341606020749776\node1\raft.log
20:14:32.444 [wal-executor] INFO  d.m.raftlog.storage.FileRaftStorage - Replaying WAL from: C:\Users\mraysmit\AppData\Local\Temp\junit9445341606020749776\node2\raft.log
20:14:32.445 [wal-executor] INFO  d.m.raftlog.storage.FileRaftStorage - WAL replay complete: 4 entries recovered, 4 appends, 0 truncates, 1 ms
20:14:32.445 [wal-executor] INFO  d.m.raftlog.storage.FileRaftStorage - WAL replay complete: 4 entries recovered, 4 appends, 0 truncates, 1 ms
20:14:32.445 [wal-executor] INFO  d.m.raftlog.storage.FileRaftStorage - WAL replay complete: 4 entries recovered, 4 appends, 0 truncates, 1 ms
20:14:32.446 [vert.x-eventloop-thread-0] INFO  d.m.quorus.controller.raft.RaftNode [FOLLOWER/0] - Recovered 4 log entries from 4 storage records
20:14:32.446 [vert.x-eventloop-thread-0] INFO  d.m.quorus.controller.raft.RaftNode [FOLLOWER/0] - Rebuilding state machine from 4 entries...
20:14:32.446 [vert.x-eventloop-thread-0] DEBUG d.m.q.c.state.QuorusStateStore [FOLLOWER/0] - Resetting state machine: jobs=0, agents=0, metadata=1
20:14:32.446 [vert.x-eventloop-thread-0] DEBUG d.m.q.c.state.QuorusStateStore [FOLLOWER/0] - Initializing default metadata: version=2.0
20:14:32.446 [vert.x-eventloop-thread-0] INFO  d.m.q.c.state.QuorusStateStore [FOLLOWER/0] - State machine reset completed: version=2.0
20:14:32.446 [vert.x-eventloop-thread-0] INFO  d.m.quorus.controller.raft.RaftNode [FOLLOWER/0] - Multi-node recovery: deferring log application until leader commit advances
20:14:32.446 [vert.x-eventloop-thread-0] INFO  d.m.quorus.controller.raft.RaftNode [FOLLOWER/0] - Recovery complete: term=1, logSize=5, lastApplied=0, snapshotLastIndex=0
20:14:32.447 [vert.x-eventloop-thread-0] INFO  d.m.quorus.controller.raft.RaftNode [FOLLOWER/0] - Raft node node1 started successfully (term=1, logSize=5)
20:14:32.448 [vert.x-eventloop-thread-0] INFO  d.m.quorus.controller.raft.RaftNode [FOLLOWER/0] - Recovered 4 log entries from 4 storage records
20:14:32.448 [vert.x-eventloop-thread-0] INFO  d.m.quorus.controller.raft.RaftNode [FOLLOWER/0] - Rebuilding state machine from 4 entries...
Sept 05, 2026 8:14:32 PM dev.mars.quorus.controller.raft.MockRaftTransport start
INFO: Started mock transport for node: node1
20:14:32.448 [vert.x-eventloop-thread-0] DEBUG d.m.q.c.state.QuorusStateStore [FOLLOWER/0] - Resetting state machine: jobs=0, agents=0, metadata=1
Sept 05, 2026 8:14:32 PM dev.mars.quorus.controller.raft.MockRaftTransport start
INFO: Started mock transport for node: node2
20:14:32.448 [vert.x-eventloop-thread-0] DEBUG d.m.q.c.state.QuorusStateStore [FOLLOWER/0] - Initializing default metadata: version=2.0
20:14:32.448 [vert.x-eventloop-thread-0] INFO  d.m.q.c.state.QuorusStateStore [FOLLOWER/0] - State machine reset completed: version=2.0
20:14:32.448 [vert.x-eventloop-thread-0] INFO  d.m.quorus.controller.raft.RaftNode [FOLLOWER/0] - Multi-node recovery: deferring log application until leader commit advances
20:14:32.448 [vert.x-eventloop-thread-0] INFO  d.m.quorus.controller.raft.RaftNode [FOLLOWER/0] - Recovery complete: term=1, logSize=5, lastApplied=0, snapshotLastIndex=0
20:14:32.449 [vert.x-eventloop-thread-0] INFO  d.m.quorus.controller.raft.RaftNode [FOLLOWER/0] - Raft node node2 started successfully (term=1, logSize=5)
20:14:32.450 [vert.x-eventloop-thread-0] INFO  d.m.quorus.controller.raft.RaftNode [FOLLOWER/0] - Recovered 4 log entries from 4 storage records
20:14:32.450 [vert.x-eventloop-thread-0] INFO  d.m.quorus.controller.raft.RaftNode [FOLLOWER/0] - Rebuilding state machine from 4 entries...
20:14:32.450 [vert.x-eventloop-thread-0] DEBUG d.m.q.c.state.QuorusStateStore [FOLLOWER/0] - Resetting state machine: jobs=0, agents=0, metadata=1
20:14:32.450 [vert.x-eventloop-thread-0] DEBUG d.m.q.c.state.QuorusStateStore [FOLLOWER/0] - Initializing default metadata: version=2.0
20:14:32.450 [vert.x-eventloop-thread-0] INFO  d.m.q.c.state.QuorusStateStore [FOLLOWER/0] - State machine reset completed: version=2.0
20:14:32.450 [vert.x-eventloop-thread-0] INFO  d.m.quorus.controller.raft.RaftNode [FOLLOWER/0] - Multi-node recovery: deferring log application until leader commit advances
20:14:32.451 [vert.x-eventloop-thread-0] INFO  d.m.quorus.controller.raft.RaftNode [FOLLOWER/0] - Recovery complete: term=1, logSize=5, lastApplied=0, snapshotLastIndex=0
20:14:32.452 [vert.x-eventloop-thread-0] INFO  d.m.quorus.controller.raft.RaftNode [FOLLOWER/0] - Raft node node3 started successfully (term=1, logSize=5)
20:14:32.452 [ForkJoinPool-1-worker-1] INFO  d.m.q.c.r.RaftLogClusterIntegrationTest - Cluster restarted successfully
Sept 05, 2026 8:14:32 PM dev.mars.quorus.controller.raft.MockRaftTransport start
INFO: Started mock transport for node: node3
20:14:34.705 [vert.x-eventloop-thread-0] INFO  d.m.quorus.controller.raft.RaftNode [FOLLOWER/0] - Starting election for node: node1
20:14:34.705 [vert.x-eventloop-thread-0] DEBUG d.m.quorus.controller.raft.RaftNode [CANDIDATE/2] - Persisting raft metadata: term=2, votedForPresent=true, votedFor=node1
20:14:34.706 [vert.x-eventloop-thread-0] DEBUG d.m.q.c.r.s.RaftLogStorageAdapter [CANDIDATE/2] - Updating metadata: term=2, votedFor=node1
20:14:34.710 [wal-executor] INFO  d.m.raftlog.storage.FileRaftStorage - Metadata updated: term=2, votedFor=node1
20:14:34.736 [vert.x-eventloop-thread-0] DEBUG d.m.quorus.controller.raft.RaftNode [CANDIDATE/2] - Handling vote request: candidateId=node1, requestTerm=2, localTerm=1, localVotedFor=node2, candidateLastLogTerm=1, candidateLastLogIndex=4
20:14:34.736 [vert.x-eventloop-thread-0] DEBUG d.m.quorus.controller.raft.RaftNode [CANDIDATE/2] - Higher term observed in vote request: requestTerm=2 > localTerm=1. Stepping down without immediate metadata persistence.
20:14:34.736 [vert.x-eventloop-thread-0] INFO  d.m.quorus.controller.raft.RaftNode [FOLLOWER/2] - Stepped down to FOLLOWER. Term: 2
20:14:34.736 [vert.x-eventloop-thread-0] DEBUG d.m.quorus.controller.raft.RaftNode [FOLLOWER/2] - Vote decision inputs: canGrantVoteForCandidate=true, candidateLogUpToDate=true, canGrant=true, effectiveLocalTerm=2
20:14:34.736 [vert.x-eventloop-thread-0] DEBUG d.m.quorus.controller.raft.RaftNode [FOLLOWER/2] - Persisting granted vote metadata: term=2, candidateId=node1
20:14:34.736 [vert.x-eventloop-thread-0] DEBUG d.m.quorus.controller.raft.RaftNode [FOLLOWER/2] - Persisting raft metadata: term=2, votedForPresent=true, votedFor=node1
20:14:34.736 [vert.x-eventloop-thread-0] DEBUG d.m.q.c.r.s.RaftLogStorageAdapter [FOLLOWER/2] - Updating metadata: term=2, votedFor=node1
20:14:34.736 [vert.x-eventloop-thread-0] DEBUG d.m.quorus.controller.raft.RaftNode [FOLLOWER/2] - Handling vote request: candidateId=node1, requestTerm=2, localTerm=1, localVotedFor=node2, candidateLastLogTerm=1, candidateLastLogIndex=4
20:14:34.736 [vert.x-eventloop-thread-0] DEBUG d.m.quorus.controller.raft.RaftNode [FOLLOWER/2] - Higher term observed in vote request: requestTerm=2 > localTerm=1. Stepping down without immediate metadata persistence.
20:14:34.736 [vert.x-eventloop-thread-0] INFO  d.m.quorus.controller.raft.RaftNode [FOLLOWER/2] - Stepped down to FOLLOWER. Term: 2
20:14:34.736 [vert.x-eventloop-thread-0] DEBUG d.m.quorus.controller.raft.RaftNode [FOLLOWER/2] - Vote decision inputs: canGrantVoteForCandidate=true, candidateLogUpToDate=true, canGrant=true, effectiveLocalTerm=2
20:14:34.736 [vert.x-eventloop-thread-0] DEBUG d.m.quorus.controller.raft.RaftNode [FOLLOWER/2] - Persisting granted vote metadata: term=2, candidateId=node1
20:14:34.736 [vert.x-eventloop-thread-0] DEBUG d.m.quorus.controller.raft.RaftNode [FOLLOWER/2] - Persisting raft metadata: term=2, votedForPresent=true, votedFor=node1
20:14:34.736 [vert.x-eventloop-thread-0] DEBUG d.m.q.c.r.s.RaftLogStorageAdapter [FOLLOWER/2] - Updating metadata: term=2, votedFor=node1
20:14:34.741 [wal-executor] INFO  d.m.raftlog.storage.FileRaftStorage - Metadata updated: term=2, votedFor=node1
20:14:34.742 [vert.x-eventloop-thread-0] INFO  d.m.quorus.controller.raft.RaftNode [FOLLOWER/2] - Vote granted to node1 for term 2
20:14:34.742 [wal-executor] INFO  d.m.raftlog.storage.FileRaftStorage - Metadata updated: term=2, votedFor=node1
20:14:34.742 [vert.x-eventloop-thread-0] INFO  d.m.quorus.controller.raft.RaftNode [LEADER/2] - Node node1 became LEADER for term 2
20:14:34.742 [vert.x-eventloop-thread-0] INFO  d.m.quorus.controller.raft.RaftNode [LEADER/2] - Snapshot scheduler started: threshold=10000, checkInterval=60000ms
20:14:34.742 [vert.x-eventloop-thread-0] INFO  d.m.quorus.controller.raft.RaftNode [LEADER/2] - Vote granted to node1 for term 2
20:14:34.742 [vert.x-eventloop-thread-0] DEBUG d.m.q.c.r.s.RaftLogStorageAdapter [LEADER/2] - Appending 1 entries (indices 5-5)
20:14:34.743 [wal-executor] INFO  d.m.raftlog.storage.FileRaftStorage - Appended 1 entries to WAL: indices [5-5], terms [2-2], 34 bytes
20:14:34.745 [vert.x-eventloop-thread-0] INFO  d.m.quorus.controller.raft.RaftNode [LEADER/2] - Command submitted at index 5 term 2
20:14:34.751 [vert.x-eventloop-thread-0] DEBUG d.m.quorus.controller.raft.RaftNode [LEADER/2] - AppendEntries success: logSize=5, commitIndex=0
20:14:34.751 [vert.x-eventloop-thread-0] DEBUG d.m.quorus.controller.raft.RaftNode [LEADER/2] - AppendEntries success: logSize=5, commitIndex=0
20:14:34.766 [vert.x-eventloop-thread-0] DEBUG d.m.q.c.r.s.RaftLogStorageAdapter [LEADER/2] - Appending 1 entries (indices 5-5)
20:14:34.766 [vert.x-eventloop-thread-0] DEBUG d.m.q.c.r.s.RaftLogStorageAdapter [LEADER/2] - Appending 1 entries (indices 5-5)
20:14:34.766 [wal-executor] INFO  d.m.raftlog.storage.FileRaftStorage - Appended 1 entries to WAL: indices [5-5], terms [2-2], 34 bytes
20:14:34.767 [wal-executor] INFO  d.m.raftlog.storage.FileRaftStorage - Appended 1 entries to WAL: indices [5-5], terms [2-2], 34 bytes
20:14:34.769 [vert.x-eventloop-thread-0] DEBUG d.m.quorus.controller.raft.RaftNode [LEADER/2] - AppendEntries success: logSize=6, commitIndex=0
20:14:34.769 [vert.x-eventloop-thread-0] DEBUG d.m.q.c.state.QuorusStateStore [LEADER/2] - Applying command: type=Create
20:14:34.769 [vert.x-eventloop-thread-0] DEBUG d.m.q.c.state.QuorusStateStore [LEADER/2] - Creating transfer job: jobId=wal-test-job-1, sourceUri=sftp://testhost/test/wal-test-job-1/source.txt, destPath=file:///C:/test/wal-test-job-1/dest.txt
20:14:34.769 [vert.x-eventloop-thread-0] INFO  d.m.q.c.state.QuorusStateStore [LEADER/2] - Created transfer job: jobId=wal-test-job-1, protocol=http, totalJobs=1
20:14:34.769 [vert.x-eventloop-thread-0] DEBUG d.m.q.c.state.QuorusStateStore [LEADER/2] - Command applied successfully: type=Create, result=Success
20:14:34.769 [vert.x-eventloop-thread-0] DEBUG d.m.q.c.state.QuorusStateStore [LEADER/2] - Applying command: type=Create
20:14:34.769 [vert.x-eventloop-thread-0] DEBUG d.m.q.c.state.QuorusStateStore [LEADER/2] - Creating transfer job: jobId=wal-test-job-2, sourceUri=sftp://testhost/test/wal-test-job-2/source.txt, destPath=file:///C:/test/wal-test-job-2/dest.txt
20:14:34.770 [vert.x-eventloop-thread-0] INFO  d.m.q.c.state.QuorusStateStore [LEADER/2] - Created transfer job: jobId=wal-test-job-2, protocol=http, totalJobs=2
20:14:34.770 [vert.x-eventloop-thread-0] DEBUG d.m.q.c.state.QuorusStateStore [LEADER/2] - Command applied successfully: type=Create, result=Success
20:14:34.770 [vert.x-eventloop-thread-0] DEBUG d.m.q.c.state.QuorusStateStore [LEADER/2] - Applying command: type=Create
20:14:34.770 [vert.x-eventloop-thread-0] DEBUG d.m.q.c.state.QuorusStateStore [LEADER/2] - Creating transfer job: jobId=wal-test-job-3, sourceUri=sftp://testhost/test/wal-test-job-3/source.txt, destPath=file:///C:/test/wal-test-job-3/dest.txt
20:14:34.770 [vert.x-eventloop-thread-0] INFO  d.m.q.c.state.QuorusStateStore [LEADER/2] - Created transfer job: jobId=wal-test-job-3, protocol=http, totalJobs=3
20:14:34.770 [vert.x-eventloop-thread-0] DEBUG d.m.q.c.state.QuorusStateStore [LEADER/2] - Command applied successfully: type=Create, result=Success
20:14:34.770 [vert.x-eventloop-thread-0] DEBUG d.m.quorus.controller.raft.RaftNode [LEADER/2] - Committed leader no-op entry for term 2
20:14:34.770 [vert.x-eventloop-thread-0] DEBUG d.m.quorus.controller.raft.RaftNode [LEADER/2] - AppendEntries success: logSize=6, commitIndex=0
20:14:34.891 [ForkJoinPool-1-worker-1] INFO  d.m.q.c.r.RaftLogClusterIntegrationTest - New leader after restart: node1
20:14:34.891 [ForkJoinPool-1-worker-1] INFO  d.m.q.c.r.RaftLogClusterIntegrationTest - Waiting for recovered state to be re-applied after leader election...
20:14:35.265 [vert.x-eventloop-thread-0] DEBUG d.m.q.c.state.QuorusStateStore [LEADER/2] - Applying command: type=Create
20:14:35.265 [vert.x-eventloop-thread-0] DEBUG d.m.q.c.state.QuorusStateStore [LEADER/2] - Creating transfer job: jobId=wal-test-job-1, sourceUri=sftp://testhost/test/wal-test-job-1/source.txt, destPath=file:///C:/test/wal-test-job-1/dest.txt
20:14:35.265 [vert.x-eventloop-thread-0] INFO  d.m.q.c.state.QuorusStateStore [LEADER/2] - Created transfer job: jobId=wal-test-job-1, protocol=http, totalJobs=1
20:14:35.266 [vert.x-eventloop-thread-0] DEBUG d.m.q.c.state.QuorusStateStore [LEADER/2] - Command applied successfully: type=Create, result=Success
20:14:35.266 [vert.x-eventloop-thread-0] DEBUG d.m.q.c.state.QuorusStateStore [LEADER/2] - Applying command: type=Create
20:14:35.266 [vert.x-eventloop-thread-0] DEBUG d.m.q.c.state.QuorusStateStore [LEADER/2] - Creating transfer job: jobId=wal-test-job-2, sourceUri=sftp://testhost/test/wal-test-job-2/source.txt, destPath=file:///C:/test/wal-test-job-2/dest.txt
20:14:35.266 [vert.x-eventloop-thread-0] INFO  d.m.q.c.state.QuorusStateStore [LEADER/2] - Created transfer job: jobId=wal-test-job-2, protocol=http, totalJobs=2
20:14:35.266 [vert.x-eventloop-thread-0] DEBUG d.m.q.c.state.QuorusStateStore [LEADER/2] - Command applied successfully: type=Create, result=Success
20:14:35.266 [vert.x-eventloop-thread-0] DEBUG d.m.q.c.state.QuorusStateStore [LEADER/2] - Applying command: type=Create
20:14:35.266 [vert.x-eventloop-thread-0] DEBUG d.m.q.c.state.QuorusStateStore [LEADER/2] - Creating transfer job: jobId=wal-test-job-3, sourceUri=sftp://testhost/test/wal-test-job-3/source.txt, destPath=file:///C:/test/wal-test-job-3/dest.txt
20:14:35.266 [vert.x-eventloop-thread-0] INFO  d.m.q.c.state.QuorusStateStore [LEADER/2] - Created transfer job: jobId=wal-test-job-3, protocol=http, totalJobs=3
20:14:35.266 [vert.x-eventloop-thread-0] DEBUG d.m.q.c.state.QuorusStateStore [LEADER/2] - Command applied successfully: type=Create, result=Success
20:14:35.266 [vert.x-eventloop-thread-0] DEBUG d.m.quorus.controller.raft.RaftNode [LEADER/2] - AppendEntries success: logSize=6, commitIndex=5
20:14:35.266 [vert.x-eventloop-thread-0] DEBUG d.m.q.c.state.QuorusStateStore [LEADER/2] - Applying command: type=Create
20:14:35.266 [vert.x-eventloop-thread-0] DEBUG d.m.q.c.state.QuorusStateStore [LEADER/2] - Creating transfer job: jobId=wal-test-job-1, sourceUri=sftp://testhost/test/wal-test-job-1/source.txt, destPath=file:///C:/test/wal-test-job-1/dest.txt
20:14:35.266 [vert.x-eventloop-thread-0] INFO  d.m.q.c.state.QuorusStateStore [LEADER/2] - Created transfer job: jobId=wal-test-job-1, protocol=http, totalJobs=1
20:14:35.266 [vert.x-eventloop-thread-0] DEBUG d.m.q.c.state.QuorusStateStore [LEADER/2] - Command applied successfully: type=Create, result=Success
20:14:35.266 [vert.x-eventloop-thread-0] DEBUG d.m.q.c.state.QuorusStateStore [LEADER/2] - Applying command: type=Create
20:14:35.266 [vert.x-eventloop-thread-0] DEBUG d.m.q.c.state.QuorusStateStore [LEADER/2] - Creating transfer job: jobId=wal-test-job-2, sourceUri=sftp://testhost/test/wal-test-job-2/source.txt, destPath=file:///C:/test/wal-test-job-2/dest.txt
20:14:35.268 [vert.x-eventloop-thread-0] INFO  d.m.q.c.state.QuorusStateStore [LEADER/2] - Created transfer job: jobId=wal-test-job-2, protocol=http, totalJobs=2
20:14:35.268 [vert.x-eventloop-thread-0] DEBUG d.m.q.c.state.QuorusStateStore [LEADER/2] - Command applied successfully: type=Create, result=Success
20:14:35.268 [vert.x-eventloop-thread-0] DEBUG d.m.q.c.state.QuorusStateStore [LEADER/2] - Applying command: type=Create
20:14:35.268 [vert.x-eventloop-thread-0] DEBUG d.m.q.c.state.QuorusStateStore [LEADER/2] - Creating transfer job: jobId=wal-test-job-3, sourceUri=sftp://testhost/test/wal-test-job-3/source.txt, destPath=file:///C:/test/wal-test-job-3/dest.txt
20:14:35.268 [vert.x-eventloop-thread-0] INFO  d.m.q.c.state.QuorusStateStore [LEADER/2] - Created transfer job: jobId=wal-test-job-3, protocol=http, totalJobs=3
20:14:35.268 [vert.x-eventloop-thread-0] DEBUG d.m.q.c.state.QuorusStateStore [LEADER/2] - Command applied successfully: type=Create, result=Success
20:14:35.268 [vert.x-eventloop-thread-0] DEBUG d.m.quorus.controller.raft.RaftNode [LEADER/2] - AppendEntries success: logSize=6, commitIndex=5
20:14:35.312 [ForkJoinPool-1-worker-1] INFO  d.m.q.c.r.RaftLogClusterIntegrationTest - Verifying state machine rebuilt from WAL...
Sept 05, 2026 8:14:35 PM dev.mars.quorus.controller.raft.MockRaftTransport stop
INFO: Stopped mock transport for node: node1
20:14:35.313 [ForkJoinPool-1-worker-1] INFO  d.m.q.c.r.RaftLogClusterIntegrationTest - [OK] node1 recovered all 3 jobs from WAL
Sept 05, 2026 8:14:35 PM dev.mars.quorus.controller.raft.MockRaftTransport stop
20:14:35.313 [ForkJoinPool-1-worker-1] INFO  d.m.q.c.r.RaftLogClusterIntegrationTest - [OK] node2 recovered all 3 jobs from WAL
20:14:35.313 [ForkJoinPool-1-worker-1] INFO  d.m.q.c.r.RaftLogClusterIntegrationTest - [OK] node3 recovered all 3 jobs from WAL
20:14:35.313 [ForkJoinPool-1-worker-1] INFO  d.m.q.c.r.RaftLogClusterIntegrationTest - Tearing down cluster...
20:14:35.314 [vert.x-eventloop-thread-0] INFO  d.m.q.c.r.s.RaftLogStorageAdapter [LEADER/2] - Closing RaftLog storage
20:14:35.314 [vert.x-worker-thread-9] INFO  d.m.raftlog.storage.FileRaftStorage - Closing WAL storage at: C:\Users\mraysmit\AppData\Local\Temp\junit9445341606020749776\node1
20:14:35.314 [vert.x-eventloop-thread-0] INFO  d.m.q.c.r.s.RaftLogStorageAdapter [LEADER/2] - Closing RaftLog storage
20:14:35.314 [vert.x-worker-thread-9] INFO  d.m.raftlog.storage.FileRaftStorage - WAL storage closed
INFO: Stopped mock transport for node: node2
Sept 05, 2026 8:14:35 PM dev.mars.quorus.controller.raft.MockRaftTransport stop
INFO: Stopped mock transport for node: node3
20:14:35.315 [vert.x-worker-thread-10] INFO  d.m.raftlog.storage.FileRaftStorage - Closing WAL storage at: C:\Users\mraysmit\AppData\Local\Temp\junit9445341606020749776\node2
20:14:35.315 [vert.x-worker-thread-10] INFO  d.m.raftlog.storage.FileRaftStorage - WAL storage closed
20:14:35.315 [vert.x-eventloop-thread-0] INFO  d.m.q.c.r.s.RaftLogStorageAdapter [LEADER/2] - Closing RaftLog storage
20:14:35.315 [vert.x-eventloop-thread-0] INFO  d.m.quorus.controller.raft.RaftNode [LEADER/2] - Raft node stopped: node1
20:14:35.315 [vert.x-eventloop-thread-0] INFO  d.m.quorus.controller.raft.RaftNode [LEADER/2] - Raft node stopped: node2
20:14:35.315 [vert.x-worker-thread-11] INFO  d.m.raftlog.storage.FileRaftStorage - Closing WAL storage at: C:\Users\mraysmit\AppData\Local\Temp\junit9445341606020749776\node3
20:14:35.315 [vert.x-worker-thread-11] INFO  d.m.raftlog.storage.FileRaftStorage - WAL storage closed
20:14:35.315 [vert.x-eventloop-thread-0] INFO  d.m.quorus.controller.raft.RaftNode [LEADER/2] - Raft node stopped: node3
20:14:35.316 [vert.x-eventloop-thread-0] INFO  d.m.q.c.r.s.RaftLogStorageAdapter [LEADER/2] - Closing RaftLog storage
20:14:35.316 [vert.x-eventloop-thread-0] INFO  d.m.q.c.r.s.RaftLogStorageAdapter [LEADER/2] - Closing RaftLog storage
20:14:35.316 [vert.x-eventloop-thread-0] INFO  d.m.q.c.r.s.RaftLogStorageAdapter [LEADER/2] - Closing RaftLog storage
20:14:35.389 [ForkJoinPool-1-worker-1] INFO  d.m.q.c.r.RaftLogClusterIntegrationTest - === TEST: Single Node Recovery ===
20:14:35.389 [ForkJoinPool-1-worker-1] INFO  d.m.q.c.r.RaftLogClusterIntegrationTest - Starting 3-node cluster with WAL storage...
20:14:35.389 [ForkJoinPool-1-worker-1] DEBUG d.m.q.c.r.RaftLogClusterIntegrationTest - Creating mock transports for 3 nodes
20:14:35.390 [ForkJoinPool-1-worker-1] DEBUG d.m.q.c.r.RaftLogClusterIntegrationTest - Transports created and connected
20:14:35.390 [ForkJoinPool-1-worker-1] DEBUG d.m.q.c.r.RaftLogClusterIntegrationTest - Creating 3 RaftNodes with WAL storage
20:14:35.390 [ForkJoinPool-1-worker-1] DEBUG d.m.q.c.r.RaftLogClusterIntegrationTest - Creating node node1 with dataDir=C:\Users\mraysmit\AppData\Local\Temp\junit2129903773894910621\node1
20:14:35.391 [ForkJoinPool-1-worker-1] INFO  d.m.raftlog.storage.FileRaftStorage - FileRaftStorage initialized: syncEnabled=true, verifyWrites=false, maxPayloadSize=16 MB, minFreeSpace=64 MB
20:14:35.391 [ForkJoinPool-1-worker-1] INFO  d.m.q.c.r.s.RaftLogStorageAdapter - RaftLogStorageAdapter created with delegate: FileRaftStorage
20:14:35.391 [ForkJoinPool-1-worker-1] INFO  d.m.q.c.r.s.RaftLogStorageAdapter - Opening RaftLog storage at: C:\Users\mraysmit\AppData\Local\Temp\junit2129903773894910621\node1
20:14:35.392 [wal-executor] INFO  d.m.raftlog.storage.FileRaftStorage - Opening WAL storage at: C:\Users\mraysmit\AppData\Local\Temp\junit2129903773894910621\node1
20:14:35.393 [wal-executor] INFO  d.m.raftlog.storage.FileRaftStorage - Exclusive lock acquired: C:\Users\mraysmit\AppData\Local\Temp\junit2129903773894910621\node1\raft.lock
20:14:35.394 [wal-executor] INFO  d.m.raftlog.storage.FileRaftStorage - WAL opened successfully: path=C:\Users\mraysmit\AppData\Local\Temp\junit2129903773894910621\node1\raft.log, size=0 bytes
20:14:35.395 [ForkJoinPool-1-worker-1] DEBUG d.m.q.c.state.QuorusStateStore - Initializing default metadata: version=2.0
20:14:35.395 [ForkJoinPool-1-worker-1] DEBUG d.m.q.c.r.RaftLogClusterIntegrationTest - Creating node node2 with dataDir=C:\Users\mraysmit\AppData\Local\Temp\junit2129903773894910621\node2
20:14:35.396 [ForkJoinPool-1-worker-1] INFO  d.m.raftlog.storage.FileRaftStorage - FileRaftStorage initialized: syncEnabled=true, verifyWrites=false, maxPayloadSize=16 MB, minFreeSpace=64 MB
20:14:35.396 [ForkJoinPool-1-worker-1] INFO  d.m.q.c.r.s.RaftLogStorageAdapter - RaftLogStorageAdapter created with delegate: FileRaftStorage
20:14:35.396 [ForkJoinPool-1-worker-1] INFO  d.m.q.c.r.s.RaftLogStorageAdapter - Opening RaftLog storage at: C:\Users\mraysmit\AppData\Local\Temp\junit2129903773894910621\node2
20:14:35.397 [wal-executor] INFO  d.m.raftlog.storage.FileRaftStorage - Opening WAL storage at: C:\Users\mraysmit\AppData\Local\Temp\junit2129903773894910621\node2
20:14:35.398 [wal-executor] INFO  d.m.raftlog.storage.FileRaftStorage - Exclusive lock acquired: C:\Users\mraysmit\AppData\Local\Temp\junit2129903773894910621\node2\raft.lock
20:14:35.399 [wal-executor] INFO  d.m.raftlog.storage.FileRaftStorage - WAL opened successfully: path=C:\Users\mraysmit\AppData\Local\Temp\junit2129903773894910621\node2\raft.log, size=0 bytes
20:14:35.400 [ForkJoinPool-1-worker-1] DEBUG d.m.q.c.state.QuorusStateStore - Initializing default metadata: version=2.0
20:14:35.400 [ForkJoinPool-1-worker-1] DEBUG d.m.q.c.r.RaftLogClusterIntegrationTest - Creating node node3 with dataDir=C:\Users\mraysmit\AppData\Local\Temp\junit2129903773894910621\node3
20:14:35.401 [ForkJoinPool-1-worker-1] INFO  d.m.raftlog.storage.FileRaftStorage - FileRaftStorage initialized: syncEnabled=true, verifyWrites=false, maxPayloadSize=16 MB, minFreeSpace=64 MB
20:14:35.401 [ForkJoinPool-1-worker-1] INFO  d.m.q.c.r.s.RaftLogStorageAdapter - RaftLogStorageAdapter created with delegate: FileRaftStorage
20:14:35.401 [ForkJoinPool-1-worker-1] INFO  d.m.q.c.r.s.RaftLogStorageAdapter - Opening RaftLog storage at: C:\Users\mraysmit\AppData\Local\Temp\junit2129903773894910621\node3
20:14:35.401 [wal-executor] INFO  d.m.raftlog.storage.FileRaftStorage - Opening WAL storage at: C:\Users\mraysmit\AppData\Local\Temp\junit2129903773894910621\node3
20:14:35.402 [wal-executor] INFO  d.m.raftlog.storage.FileRaftStorage - Exclusive lock acquired: C:\Users\mraysmit\AppData\Local\Temp\junit2129903773894910621\node3\raft.lock
20:14:35.404 [wal-executor] INFO  d.m.raftlog.storage.FileRaftStorage - WAL opened successfully: path=C:\Users\mraysmit\AppData\Local\Temp\junit2129903773894910621\node3\raft.log, size=0 bytes
20:14:35.405 [ForkJoinPool-1-worker-1] DEBUG d.m.q.c.state.QuorusStateStore - Initializing default metadata: version=2.0
20:14:35.405 [ForkJoinPool-1-worker-1] DEBUG d.m.q.c.r.RaftLogClusterIntegrationTest - Starting all 3 nodes in parallel
20:14:35.405 [vert.x-eventloop-thread-0] INFO  d.m.quorus.controller.raft.RaftNode - Starting Raft node: node1
20:14:35.405 [vert.x-eventloop-thread-0] INFO  d.m.quorus.controller.raft.RaftNode [FOLLOWER/0] - Recovering Raft state from storage...
20:14:35.405 [vert.x-eventloop-thread-0] DEBUG d.m.q.c.r.s.RaftLogStorageAdapter [FOLLOWER/0] - Loading metadata
20:14:35.405 [vert.x-eventloop-thread-0] INFO  d.m.quorus.controller.raft.RaftNode [FOLLOWER/0] - Starting Raft node: node2
20:14:35.405 [vert.x-eventloop-thread-0] INFO  d.m.quorus.controller.raft.RaftNode [FOLLOWER/0] - Recovering Raft state from storage...
20:14:35.405 [vert.x-eventloop-thread-0] DEBUG d.m.q.c.r.s.RaftLogStorageAdapter [FOLLOWER/0] - Loading metadata
20:14:35.406 [vert.x-eventloop-thread-0] INFO  d.m.quorus.controller.raft.RaftNode [FOLLOWER/0] - Starting Raft node: node3
20:14:35.406 [vert.x-eventloop-thread-0] INFO  d.m.quorus.controller.raft.RaftNode [FOLLOWER/0] - Recovering Raft state from storage...
20:14:35.406 [vert.x-eventloop-thread-0] DEBUG d.m.q.c.r.s.RaftLogStorageAdapter [FOLLOWER/0] - Loading metadata
20:14:35.406 [vert.x-eventloop-thread-0] INFO  d.m.quorus.controller.raft.RaftNode [FOLLOWER/0] - Recovered metadata: term=0, votedFor=null
20:14:35.406 [vert.x-eventloop-thread-0] INFO  d.m.quorus.controller.raft.RaftNode [FOLLOWER/0] - Recovered metadata: term=0, votedFor=null
20:14:35.406 [vert.x-eventloop-thread-0] INFO  d.m.quorus.controller.raft.RaftNode [FOLLOWER/0] - Recovered metadata: term=0, votedFor=null
20:14:35.407 [vert.x-eventloop-thread-0] INFO  d.m.quorus.controller.raft.RaftNode [FOLLOWER/0] - No snapshot found, will rebuild from full log replay
20:14:35.407 [vert.x-eventloop-thread-0] INFO  d.m.q.c.r.s.RaftLogStorageAdapter [FOLLOWER/0] - Replaying WAL
20:14:35.407 [vert.x-eventloop-thread-0] INFO  d.m.quorus.controller.raft.RaftNode [FOLLOWER/0] - No snapshot found, will rebuild from full log replay
20:14:35.407 [vert.x-eventloop-thread-0] INFO  d.m.q.c.r.s.RaftLogStorageAdapter [FOLLOWER/0] - Replaying WAL
20:14:35.407 [vert.x-eventloop-thread-0] INFO  d.m.quorus.controller.raft.RaftNode [FOLLOWER/0] - No snapshot found, will rebuild from full log replay
20:14:35.407 [wal-executor] INFO  d.m.raftlog.storage.FileRaftStorage - Replaying WAL from: C:\Users\mraysmit\AppData\Local\Temp\junit2129903773894910621\node1\raft.log
20:14:35.407 [vert.x-eventloop-thread-0] INFO  d.m.q.c.r.s.RaftLogStorageAdapter [FOLLOWER/0] - Replaying WAL
20:14:35.407 [wal-executor] INFO  d.m.raftlog.storage.FileRaftStorage - Replaying WAL from: C:\Users\mraysmit\AppData\Local\Temp\junit2129903773894910621\node2\raft.log
20:14:35.408 [wal-executor] INFO  d.m.raftlog.storage.FileRaftStorage - Replaying WAL from: C:\Users\mraysmit\AppData\Local\Temp\junit2129903773894910621\node3\raft.log
20:14:35.408 [wal-executor] INFO  d.m.raftlog.storage.FileRaftStorage - WAL replay complete: 0 entries recovered, 0 appends, 0 truncates, 1 ms
20:14:35.408 [wal-executor] INFO  d.m.raftlog.storage.FileRaftStorage - WAL replay complete: 0 entries recovered, 0 appends, 0 truncates, 0 ms
20:14:35.408 [vert.x-eventloop-thread-0] INFO  d.m.quorus.controller.raft.RaftNode [FOLLOWER/0] - Recovered 0 log entries from 0 storage records
20:14:35.408 [wal-executor] INFO  d.m.raftlog.storage.FileRaftStorage - WAL replay complete: 0 entries recovered, 0 appends, 0 truncates, 0 ms
20:14:35.408 [vert.x-eventloop-thread-0] INFO  d.m.quorus.controller.raft.RaftNode [FOLLOWER/0] - Rebuilding state machine from 0 entries...
20:14:35.408 [vert.x-eventloop-thread-0] DEBUG d.m.q.c.state.QuorusStateStore [FOLLOWER/0] - Resetting state machine: jobs=0, agents=0, metadata=1
20:14:35.408 [vert.x-eventloop-thread-0] DEBUG d.m.q.c.state.QuorusStateStore [FOLLOWER/0] - Initializing default metadata: version=2.0
20:14:35.408 [vert.x-eventloop-thread-0] INFO  d.m.q.c.state.QuorusStateStore [FOLLOWER/0] - State machine reset completed: version=2.0
20:14:35.408 [vert.x-eventloop-thread-0] INFO  d.m.quorus.controller.raft.RaftNode [FOLLOWER/0] - Multi-node recovery: deferring log application until leader commit advances
20:14:35.408 [vert.x-eventloop-thread-0] INFO  d.m.quorus.controller.raft.RaftNode [FOLLOWER/0] - Recovery complete: term=0, logSize=1, lastApplied=0, snapshotLastIndex=0
Sept 05, 2026 8:14:35 PM dev.mars.quorus.controller.raft.MockRaftTransport start
INFO: Started mock transport for node: node1
20:14:35.409 [vert.x-eventloop-thread-0] INFO  d.m.quorus.controller.raft.RaftNode [FOLLOWER/0] - Raft node node1 started successfully (term=0, logSize=1)
20:14:35.409 [vert.x-eventloop-thread-0] DEBUG d.m.q.c.r.RaftLogClusterIntegrationTest [FOLLOWER/0] - Node node1 started successfully
20:14:35.409 [vert.x-eventloop-thread-0] INFO  d.m.quorus.controller.raft.RaftNode [FOLLOWER/0] - Recovered 0 log entries from 0 storage records
20:14:35.409 [vert.x-eventloop-thread-0] INFO  d.m.quorus.controller.raft.RaftNode [FOLLOWER/0] - Rebuilding state machine from 0 entries...
20:14:35.409 [vert.x-eventloop-thread-0] DEBUG d.m.q.c.state.QuorusStateStore [FOLLOWER/0] - Resetting state machine: jobs=0, agents=0, metadata=1
20:14:35.409 [vert.x-eventloop-thread-0] DEBUG d.m.q.c.state.QuorusStateStore [FOLLOWER/0] - Initializing default metadata: version=2.0
20:14:35.409 [vert.x-eventloop-thread-0] INFO  d.m.q.c.state.QuorusStateStore [FOLLOWER/0] - State machine reset completed: version=2.0
20:14:35.410 [vert.x-eventloop-thread-0] INFO  d.m.quorus.controller.raft.RaftNode [FOLLOWER/0] - Multi-node recovery: deferring log application until leader commit advances
20:14:35.410 [vert.x-eventloop-thread-0] INFO  d.m.quorus.controller.raft.RaftNode [FOLLOWER/0] - Recovery complete: term=0, logSize=1, lastApplied=0, snapshotLastIndex=0
Sept 05, 2026 8:14:35 PM dev.mars.quorus.controller.raft.MockRaftTransport start
INFO: Started mock transport for node: node2
20:14:35.410 [vert.x-eventloop-thread-0] INFO  d.m.quorus.controller.raft.RaftNode [FOLLOWER/0] - Raft node node2 started successfully (term=0, logSize=1)
20:14:35.410 [vert.x-eventloop-thread-0] DEBUG d.m.q.c.r.RaftLogClusterIntegrationTest [FOLLOWER/0] - Node node2 started successfully
20:14:35.410 [vert.x-eventloop-thread-0] INFO  d.m.quorus.controller.raft.RaftNode [FOLLOWER/0] - Recovered 0 log entries from 0 storage records
20:14:35.410 [vert.x-eventloop-thread-0] INFO  d.m.quorus.controller.raft.RaftNode [FOLLOWER/0] - Rebuilding state machine from 0 entries...
20:14:35.410 [vert.x-eventloop-thread-0] DEBUG d.m.q.c.state.QuorusStateStore [FOLLOWER/0] - Resetting state machine: jobs=0, agents=0, metadata=1
20:14:35.410 [vert.x-eventloop-thread-0] DEBUG d.m.q.c.state.QuorusStateStore [FOLLOWER/0] - Initializing default metadata: version=2.0
20:14:35.410 [vert.x-eventloop-thread-0] INFO  d.m.q.c.state.QuorusStateStore [FOLLOWER/0] - State machine reset completed: version=2.0
Sept 05, 2026 8:14:35 PM dev.mars.quorus.controller.raft.MockRaftTransport start
INFO: Started mock transport for node: node3
20:14:35.410 [vert.x-eventloop-thread-0] INFO  d.m.quorus.controller.raft.RaftNode [FOLLOWER/0] - Multi-node recovery: deferring log application until leader commit advances
20:14:35.410 [vert.x-eventloop-thread-0] INFO  d.m.quorus.controller.raft.RaftNode [FOLLOWER/0] - Recovery complete: term=0, logSize=1, lastApplied=0, snapshotLastIndex=0
20:14:35.411 [vert.x-eventloop-thread-0] INFO  d.m.quorus.controller.raft.RaftNode [FOLLOWER/0] - Raft node node3 started successfully (term=0, logSize=1)
20:14:35.411 [vert.x-eventloop-thread-0] DEBUG d.m.q.c.r.RaftLogClusterIntegrationTest [FOLLOWER/0] - Node node3 started successfully
20:14:35.411 [ForkJoinPool-1-worker-1] INFO  d.m.q.c.r.RaftLogClusterIntegrationTest - Cluster started successfully in 22 ms
20:14:35.411 [ForkJoinPool-1-worker-1] DEBUG d.m.q.c.r.RaftLogClusterIntegrationTest - Waiting for leader election...
20:14:37.758 [vert.x-eventloop-thread-0] INFO  d.m.quorus.controller.raft.RaftNode [FOLLOWER/0] - Starting election for node: node2
20:14:37.758 [vert.x-eventloop-thread-0] DEBUG d.m.quorus.controller.raft.RaftNode [CANDIDATE/1] - Persisting raft metadata: term=1, votedForPresent=true, votedFor=node2
20:14:37.758 [vert.x-eventloop-thread-0] DEBUG d.m.q.c.r.s.RaftLogStorageAdapter [CANDIDATE/1] - Updating metadata: term=1, votedFor=node2
20:14:37.764 [wal-executor] INFO  d.m.raftlog.storage.FileRaftStorage - Metadata updated: term=1, votedFor=node2
20:14:37.790 [vert.x-eventloop-thread-0] DEBUG d.m.quorus.controller.raft.RaftNode [CANDIDATE/1] - Handling vote request: candidateId=node2, requestTerm=1, localTerm=0, localVotedFor=null, candidateLastLogTerm=0, candidateLastLogIndex=0
20:14:37.790 [vert.x-eventloop-thread-0] DEBUG d.m.quorus.controller.raft.RaftNode [CANDIDATE/1] - Higher term observed in vote request: requestTerm=1 > localTerm=0. Stepping down without immediate metadata persistence.
20:14:37.790 [vert.x-eventloop-thread-0] INFO  d.m.quorus.controller.raft.RaftNode [FOLLOWER/1] - Stepped down to FOLLOWER. Term: 1
20:14:37.790 [vert.x-eventloop-thread-0] DEBUG d.m.quorus.controller.raft.RaftNode [FOLLOWER/1] - Vote decision inputs: canGrantVoteForCandidate=true, candidateLogUpToDate=true, canGrant=true, effectiveLocalTerm=1
20:14:37.790 [vert.x-eventloop-thread-0] DEBUG d.m.quorus.controller.raft.RaftNode [FOLLOWER/1] - Persisting granted vote metadata: term=1, candidateId=node2
20:14:37.790 [vert.x-eventloop-thread-0] DEBUG d.m.quorus.controller.raft.RaftNode [FOLLOWER/1] - Persisting raft metadata: term=1, votedForPresent=true, votedFor=node2
20:14:37.790 [vert.x-eventloop-thread-0] DEBUG d.m.q.c.r.s.RaftLogStorageAdapter [FOLLOWER/1] - Updating metadata: term=1, votedFor=node2
20:14:37.796 [wal-executor] INFO  d.m.raftlog.storage.FileRaftStorage - Metadata updated: term=1, votedFor=node2
20:14:37.797 [vert.x-eventloop-thread-0] INFO  d.m.quorus.controller.raft.RaftNode [FOLLOWER/1] - Vote granted to node2 for term 1
20:14:37.797 [vert.x-eventloop-thread-0] INFO  d.m.quorus.controller.raft.RaftNode [LEADER/1] - Node node2 became LEADER for term 1
20:14:37.798 [vert.x-eventloop-thread-0] INFO  d.m.quorus.controller.raft.RaftNode [LEADER/1] - Snapshot scheduler started: threshold=10000, checkInterval=60000ms
20:14:37.798 [vert.x-eventloop-thread-0] DEBUG d.m.q.c.r.s.RaftLogStorageAdapter [LEADER/1] - Appending 1 entries (indices 1-1)
20:14:37.798 [wal-executor] INFO  d.m.raftlog.storage.FileRaftStorage - Appended 1 entries to WAL: indices [1-1], terms [1-1], 34 bytes
20:14:37.802 [vert.x-eventloop-thread-0] INFO  d.m.quorus.controller.raft.RaftNode [LEADER/1] - Command submitted at index 1 term 1
20:14:37.806 [vert.x-eventloop-thread-0] DEBUG d.m.quorus.controller.raft.RaftNode [LEADER/1] - Handling vote request: candidateId=node2, requestTerm=1, localTerm=0, localVotedFor=null, candidateLastLogTerm=0, candidateLastLogIndex=0
20:14:37.806 [vert.x-eventloop-thread-0] DEBUG d.m.quorus.controller.raft.RaftNode [LEADER/1] - Higher term observed in vote request: requestTerm=1 > localTerm=0. Stepping down without immediate metadata persistence.
20:14:37.806 [vert.x-eventloop-thread-0] INFO  d.m.quorus.controller.raft.RaftNode [FOLLOWER/1] - Stepped down to FOLLOWER. Term: 1
20:14:37.806 [vert.x-eventloop-thread-0] DEBUG d.m.quorus.controller.raft.RaftNode [FOLLOWER/1] - Vote decision inputs: canGrantVoteForCandidate=true, candidateLogUpToDate=true, canGrant=true, effectiveLocalTerm=1
20:14:37.806 [vert.x-eventloop-thread-0] DEBUG d.m.quorus.controller.raft.RaftNode [FOLLOWER/1] - Persisting granted vote metadata: term=1, candidateId=node2
20:14:37.806 [vert.x-eventloop-thread-0] DEBUG d.m.quorus.controller.raft.RaftNode [FOLLOWER/1] - Persisting raft metadata: term=1, votedForPresent=true, votedFor=node2
20:14:37.806 [vert.x-eventloop-thread-0] DEBUG d.m.q.c.r.s.RaftLogStorageAdapter [FOLLOWER/1] - Updating metadata: term=1, votedFor=node2
20:14:37.812 [wal-executor] INFO  d.m.raftlog.storage.FileRaftStorage - Metadata updated: term=1, votedFor=node2
20:14:37.812 [vert.x-eventloop-thread-0] INFO  d.m.quorus.controller.raft.RaftNode [FOLLOWER/1] - Vote granted to node2 for term 1
20:14:37.821 [vert.x-eventloop-thread-0] DEBUG d.m.quorus.controller.raft.RaftNode [FOLLOWER/1] - AppendEntries success: logSize=1, commitIndex=0
20:14:37.821 [vert.x-eventloop-thread-0] DEBUG d.m.q.c.r.s.RaftLogStorageAdapter [FOLLOWER/1] - Appending 1 entries (indices 1-1)
20:14:37.822 [vert.x-eventloop-thread-0] DEBUG d.m.q.c.r.s.RaftLogStorageAdapter [FOLLOWER/1] - Appending 1 entries (indices 1-1)
20:14:37.822 [wal-executor] INFO  d.m.raftlog.storage.FileRaftStorage - Appended 1 entries to WAL: indices [1-1], terms [1-1], 34 bytes
20:14:37.822 [wal-executor] INFO  d.m.raftlog.storage.FileRaftStorage - Appended 1 entries to WAL: indices [1-1], terms [1-1], 34 bytes
20:14:37.827 [vert.x-eventloop-thread-0] DEBUG d.m.quorus.controller.raft.RaftNode [FOLLOWER/1] - AppendEntries success: logSize=2, commitIndex=0
20:14:37.827 [vert.x-eventloop-thread-0] DEBUG d.m.quorus.controller.raft.RaftNode [FOLLOWER/1] - AppendEntries success: logSize=2, commitIndex=0
20:14:37.827 [vert.x-eventloop-thread-0] DEBUG d.m.quorus.controller.raft.RaftNode [FOLLOWER/1] - Committed leader no-op entry for term 1
20:14:37.828 [vert.x-eventloop-thread-0] DEBUG d.m.quorus.controller.raft.RaftNode [FOLLOWER/1] - AppendEntries success: logSize=2, commitIndex=0
20:14:37.852 [ForkJoinPool-1-worker-1] INFO  d.m.q.c.r.RaftLogClusterIntegrationTest - Leader: node2 (term=1, logSize=2)
20:14:37.853 [vert.x-eventloop-thread-0] DEBUG d.m.q.c.r.s.RaftLogStorageAdapter [FOLLOWER/1] - Appending 1 entries (indices 2-2)
20:14:37.854 [wal-executor] INFO  d.m.raftlog.storage.FileRaftStorage - Appended 1 entries to WAL: indices [2-2], terms [1-1], 286 bytes
20:14:37.858 [vert.x-eventloop-thread-0] INFO  d.m.quorus.controller.raft.RaftNode [FOLLOWER/1] - Command submitted at index 2 term 1
20:14:37.884 [vert.x-eventloop-thread-0] DEBUG d.m.q.c.r.s.RaftLogStorageAdapter [FOLLOWER/1] - Appending 1 entries (indices 2-2)
20:14:37.884 [wal-executor] INFO  d.m.raftlog.storage.FileRaftStorage - Appended 1 entries to WAL: indices [2-2], terms [1-1], 286 bytes
20:14:37.884 [vert.x-eventloop-thread-0] DEBUG d.m.q.c.r.s.RaftLogStorageAdapter [FOLLOWER/1] - Appending 1 entries (indices 2-2)
20:14:37.885 [wal-executor] INFO  d.m.raftlog.storage.FileRaftStorage - Appended 1 entries to WAL: indices [2-2], terms [1-1], 286 bytes
20:14:37.888 [vert.x-eventloop-thread-0] DEBUG d.m.quorus.controller.raft.RaftNode [FOLLOWER/1] - AppendEntries success: logSize=3, commitIndex=1
20:14:37.889 [vert.x-eventloop-thread-0] DEBUG d.m.q.c.state.QuorusStateStore [FOLLOWER/1] - Applying command: type=Create
20:14:37.889 [vert.x-eventloop-thread-0] DEBUG d.m.q.c.state.QuorusStateStore [FOLLOWER/1] - Creating transfer job: jobId=recovery-test-job, sourceUri=sftp://testhost/test/recovery-test-job/source.txt, destPath=file:///C:/test/recovery-test-job/dest.txt
20:14:37.889 [vert.x-eventloop-thread-0] INFO  d.m.q.c.state.QuorusStateStore [FOLLOWER/1] - Created transfer job: jobId=recovery-test-job, protocol=http, totalJobs=1
20:14:37.889 [vert.x-eventloop-thread-0] DEBUG d.m.q.c.state.QuorusStateStore [FOLLOWER/1] - Command applied successfully: type=Create, result=Success
20:14:37.889 [vert.x-eventloop-thread-0] DEBUG d.m.quorus.controller.raft.RaftNode [FOLLOWER/1] - AppendEntries success: logSize=3, commitIndex=1
20:14:37.889 [ForkJoinPool-1-worker-1] INFO  d.m.q.c.r.RaftLogClusterIntegrationTest - Submitted job: recovery-test-job in 36 ms
20:14:37.890 [ForkJoinPool-1-worker-1] DEBUG d.m.q.c.r.RaftLogClusterIntegrationTest - Waiting for replication...
20:14:38.321 [vert.x-eventloop-thread-0] DEBUG d.m.q.c.state.QuorusStateStore [FOLLOWER/1] - Applying command: type=Create
20:14:38.321 [vert.x-eventloop-thread-0] DEBUG d.m.q.c.state.QuorusStateStore [FOLLOWER/1] - Creating transfer job: jobId=recovery-test-job, sourceUri=sftp://testhost/test/recovery-test-job/source.txt, destPath=file:///C:/test/recovery-test-job/dest.txt
20:14:38.321 [vert.x-eventloop-thread-0] INFO  d.m.q.c.state.QuorusStateStore [FOLLOWER/1] - Created transfer job: jobId=recovery-test-job, protocol=http, totalJobs=1
20:14:38.321 [vert.x-eventloop-thread-0] DEBUG d.m.q.c.state.QuorusStateStore [FOLLOWER/1] - Command applied successfully: type=Create, result=Success
20:14:38.322 [vert.x-eventloop-thread-0] DEBUG d.m.quorus.controller.raft.RaftNode [FOLLOWER/1] - AppendEntries success: logSize=3, commitIndex=2
20:14:38.337 [vert.x-eventloop-thread-0] DEBUG d.m.q.c.state.QuorusStateStore [FOLLOWER/1] - Applying command: type=Create
20:14:38.337 [vert.x-eventloop-thread-0] DEBUG d.m.q.c.state.QuorusStateStore [FOLLOWER/1] - Creating transfer job: jobId=recovery-test-job, sourceUri=sftp://testhost/test/recovery-test-job/source.txt, destPath=file:///C:/test/recovery-test-job/dest.txt
20:14:38.337 [vert.x-eventloop-thread-0] INFO  d.m.q.c.state.QuorusStateStore [FOLLOWER/1] - Created transfer job: jobId=recovery-test-job, protocol=http, totalJobs=1
20:14:38.338 [vert.x-eventloop-thread-0] DEBUG d.m.q.c.state.QuorusStateStore [FOLLOWER/1] - Command applied successfully: type=Create, result=Success
20:14:38.338 [vert.x-eventloop-thread-0] DEBUG d.m.quorus.controller.raft.RaftNode [FOLLOWER/1] - AppendEntries success: logSize=3, commitIndex=2
20:14:38.507 [ForkJoinPool-1-worker-1] DEBUG d.m.q.c.r.RaftLogClusterIntegrationTest - --- Cluster State (before follower restart) ---
Sept 05, 2026 8:14:38 PM dev.mars.quorus.controller.raft.MockRaftTransport stop
INFO: Stopped mock transport for node: node1
20:14:38.507 [ForkJoinPool-1-worker-1] DEBUG d.m.q.c.r.RaftLogClusterIntegrationTest -   node1 | state=FOLLOWER | term=1 | votedFor=node2 | log=[size=3, lastIdx=2, lastTerm=1] | commit=2 | applied=2 | jobs=1
20:14:38.507 [ForkJoinPool-1-worker-1] DEBUG d.m.q.c.r.RaftLogClusterIntegrationTest -   node2 | state=LEADER | term=1 | votedFor=node2 | log=[size=3, lastIdx=2, lastTerm=1] | commit=2 | applied=2 | jobs=1
20:14:38.507 [ForkJoinPool-1-worker-1] DEBUG d.m.q.c.r.RaftLogClusterIntegrationTest -   node3 | state=FOLLOWER | term=1 | votedFor=node2 | log=[size=3, lastIdx=2, lastTerm=1] | commit=2 | applied=2 | jobs=1
20:14:38.507 [ForkJoinPool-1-worker-1] DEBUG d.m.q.c.r.RaftLogClusterIntegrationTest - --- End Cluster State ---
20:14:38.508 [ForkJoinPool-1-worker-1] INFO  d.m.q.c.r.RaftLogClusterIntegrationTest - Will restart follower: node1 (current state=FOLLOWER, term=1, logSize=3)
20:14:38.508 [ForkJoinPool-1-worker-1] INFO  d.m.q.c.r.RaftLogClusterIntegrationTest - WAL size before restart: 320 bytes
20:14:38.508 [ForkJoinPool-1-worker-1] DEBUG d.m.q.c.r.RaftLogClusterIntegrationTest - Follower data directory: C:\Users\mraysmit\AppData\Local\Temp\junit2129903773894910621\node1
20:14:38.509 [vert.x-eventloop-thread-0] INFO  d.m.q.c.r.s.RaftLogStorageAdapter [FOLLOWER/1] - Closing RaftLog storage
20:14:38.509 [vert.x-worker-thread-3] INFO  d.m.raftlog.storage.FileRaftStorage - Closing WAL storage at: C:\Users\mraysmit\AppData\Local\Temp\junit2129903773894910621\node1
20:14:38.509 [vert.x-worker-thread-3] INFO  d.m.raftlog.storage.FileRaftStorage - WAL storage closed
20:14:38.509 [vert.x-eventloop-thread-0] INFO  d.m.quorus.controller.raft.RaftNode [FOLLOWER/1] - Raft node stopped: node1
20:14:38.510 [ForkJoinPool-1-worker-1] INFO  d.m.q.c.r.RaftLogClusterIntegrationTest - Stopped follower: node1 in 2 ms
20:14:38.510 [ForkJoinPool-1-worker-1] DEBUG d.m.q.c.r.RaftLogClusterIntegrationTest - Cluster size after follower stop: 2 (quorum requires 2)
20:14:38.510 [ForkJoinPool-1-worker-1] INFO  d.m.q.c.r.RaftLogClusterIntegrationTest - Restarting follower from WAL...
20:14:38.510 [ForkJoinPool-1-worker-1] INFO  d.m.raftlog.storage.FileRaftStorage - FileRaftStorage initialized: syncEnabled=true, verifyWrites=false, maxPayloadSize=16 MB, minFreeSpace=64 MB
20:14:38.510 [ForkJoinPool-1-worker-1] INFO  d.m.q.c.r.s.RaftLogStorageAdapter - RaftLogStorageAdapter created with delegate: FileRaftStorage
20:14:38.510 [ForkJoinPool-1-worker-1] INFO  d.m.q.c.r.s.RaftLogStorageAdapter - Opening RaftLog storage at: C:\Users\mraysmit\AppData\Local\Temp\junit2129903773894910621\node1
20:14:38.511 [wal-executor] INFO  d.m.raftlog.storage.FileRaftStorage - Opening WAL storage at: C:\Users\mraysmit\AppData\Local\Temp\junit2129903773894910621\node1
20:14:38.511 [wal-executor] INFO  d.m.raftlog.storage.FileRaftStorage - Exclusive lock acquired: C:\Users\mraysmit\AppData\Local\Temp\junit2129903773894910621\node1\raft.lock
20:14:38.524 [wal-executor] INFO  d.m.raftlog.storage.FileRaftStorage - WAL opened successfully: path=C:\Users\mraysmit\AppData\Local\Temp\junit2129903773894910621\node1\raft.log, size=320 bytes
20:14:38.525 [ForkJoinPool-1-worker-1] DEBUG d.m.q.c.state.QuorusStateStore - Initializing default metadata: version=2.0
20:14:38.525 [vert.x-eventloop-thread-0] INFO  d.m.quorus.controller.raft.RaftNode [FOLLOWER/1] - Starting Raft node: node1
20:14:38.525 [vert.x-eventloop-thread-0] INFO  d.m.quorus.controller.raft.RaftNode [FOLLOWER/0] - Recovering Raft state from storage...
20:14:38.525 [vert.x-eventloop-thread-0] DEBUG d.m.q.c.r.s.RaftLogStorageAdapter [FOLLOWER/0] - Loading metadata
20:14:38.527 [wal-executor] INFO  d.m.raftlog.storage.FileRaftStorage - Metadata loaded: term=1, votedFor=node2
20:14:38.528 [vert.x-eventloop-thread-0] INFO  d.m.quorus.controller.raft.RaftNode [FOLLOWER/0] - Recovered metadata: term=1, votedFor=node2
20:14:38.528 [vert.x-eventloop-thread-0] INFO  d.m.quorus.controller.raft.RaftNode [FOLLOWER/0] - No snapshot found, will rebuild from full log replay
20:14:38.529 [vert.x-eventloop-thread-0] INFO  d.m.q.c.r.s.RaftLogStorageAdapter [FOLLOWER/0] - Replaying WAL
20:14:38.529 [wal-executor] INFO  d.m.raftlog.storage.FileRaftStorage - Replaying WAL from: C:\Users\mraysmit\AppData\Local\Temp\junit2129903773894910621\node1\raft.log
20:14:38.529 [wal-executor] INFO  d.m.raftlog.storage.FileRaftStorage - WAL replay complete: 2 entries recovered, 2 appends, 0 truncates, 0 ms
20:14:38.530 [vert.x-eventloop-thread-0] INFO  d.m.quorus.controller.raft.RaftNode [FOLLOWER/0] - Recovered 2 log entries from 2 storage records
20:14:38.530 [vert.x-eventloop-thread-0] INFO  d.m.quorus.controller.raft.RaftNode [FOLLOWER/0] - Rebuilding state machine from 2 entries...
20:14:38.530 [vert.x-eventloop-thread-0] DEBUG d.m.q.c.state.QuorusStateStore [FOLLOWER/0] - Resetting state machine: jobs=0, agents=0, metadata=1
20:14:38.530 [vert.x-eventloop-thread-0] DEBUG d.m.q.c.state.QuorusStateStore [FOLLOWER/0] - Initializing default metadata: version=2.0
20:14:38.530 [vert.x-eventloop-thread-0] INFO  d.m.q.c.state.QuorusStateStore [FOLLOWER/0] - State machine reset completed: version=2.0
Sept 05, 2026 8:14:38 PM dev.mars.quorus.controller.raft.MockRaftTransport start
INFO: Started mock transport for node: node1
20:14:38.530 [vert.x-eventloop-thread-0] INFO  d.m.quorus.controller.raft.RaftNode [FOLLOWER/0] - Multi-node recovery: deferring log application until leader commit advances
20:14:38.530 [vert.x-eventloop-thread-0] INFO  d.m.quorus.controller.raft.RaftNode [FOLLOWER/0] - Recovery complete: term=1, logSize=3, lastApplied=0, snapshotLastIndex=0
20:14:38.531 [vert.x-eventloop-thread-0] INFO  d.m.quorus.controller.raft.RaftNode [FOLLOWER/0] - Raft node node1 started successfully (term=1, logSize=3)
20:14:38.531 [ForkJoinPool-1-worker-1] INFO  d.m.q.c.r.RaftLogClusterIntegrationTest - Follower node1 restarted in 21 ms (term=1, logSize=3)
20:14:38.531 [ForkJoinPool-1-worker-1] DEBUG d.m.q.c.r.RaftLogClusterIntegrationTest - Waiting for follower catch-up...
20:14:38.819 [vert.x-eventloop-thread-0] DEBUG d.m.quorus.controller.raft.RaftNode [FOLLOWER/0] - AppendEntries success: logSize=3, commitIndex=2
20:14:38.819 [vert.x-eventloop-thread-0] DEBUG d.m.q.c.state.QuorusStateStore [FOLLOWER/0] - Applying command: type=Create
20:14:38.820 [vert.x-eventloop-thread-0] DEBUG d.m.q.c.state.QuorusStateStore [FOLLOWER/0] - Creating transfer job: jobId=recovery-test-job, sourceUri=sftp://testhost/test/recovery-test-job/source.txt, destPath=file:///C:/test/recovery-test-job/dest.txt
20:14:38.820 [vert.x-eventloop-thread-0] INFO  d.m.q.c.state.QuorusStateStore [FOLLOWER/0] - Created transfer job: jobId=recovery-test-job, protocol=http, totalJobs=1
20:14:38.820 [vert.x-eventloop-thread-0] DEBUG d.m.q.c.state.QuorusStateStore [FOLLOWER/0] - Command applied successfully: type=Create, result=Success
20:14:38.820 [vert.x-eventloop-thread-0] DEBUG d.m.quorus.controller.raft.RaftNode [FOLLOWER/0] - AppendEntries success: logSize=3, commitIndex=2
20:14:38.944 [ForkJoinPool-1-worker-1] DEBUG d.m.q.c.r.RaftLogClusterIntegrationTest - --- Cluster State (after follower restart) ---
Sept 05, 2026 8:14:38 PM dev.mars.quorus.controller.raft.MockRaftTransport stop
20:14:38.944 [ForkJoinPool-1-worker-1] DEBUG d.m.q.c.r.RaftLogClusterIntegrationTest -   node2 | state=LEADER | term=1 | votedFor=node2 | log=[size=3, lastIdx=2, lastTerm=1] | commit=2 | applied=2 | jobs=1
20:14:38.944 [ForkJoinPool-1-worker-1] DEBUG d.m.q.c.r.RaftLogClusterIntegrationTest -   node3 | state=FOLLOWER | term=1 | votedFor=node2 | log=[size=3, lastIdx=2, lastTerm=1] | commit=2 | applied=2 | jobs=1
20:14:38.944 [ForkJoinPool-1-worker-1] DEBUG d.m.q.c.r.RaftLogClusterIntegrationTest -   node1 | state=FOLLOWER | term=1 | votedFor=node2 | log=[size=3, lastIdx=2, lastTerm=1] | commit=2 | applied=2 | jobs=1
20:14:38.944 [ForkJoinPool-1-worker-1] DEBUG d.m.q.c.r.RaftLogClusterIntegrationTest - --- End Cluster State ---
20:14:38.944 [ForkJoinPool-1-worker-1] INFO  d.m.q.c.r.RaftLogClusterIntegrationTest - [OK] Follower node1 recovered job recovery-test-job from WAL
20:14:38.944 [ForkJoinPool-1-worker-1] INFO  d.m.q.c.r.RaftLogClusterIntegrationTest - Tearing down cluster...
INFO: Stopped mock transport for node: node2
20:14:38.945 [vert.x-eventloop-thread-0] INFO  d.m.q.c.r.s.RaftLogStorageAdapter [FOLLOWER/0] - Closing RaftLog storage
20:14:38.946 [vert.x-worker-thread-5] INFO  d.m.raftlog.storage.FileRaftStorage - Closing WAL storage at: C:\Users\mraysmit\AppData\Local\Temp\junit2129903773894910621\node2
20:14:38.946 [vert.x-eventloop-thread-0] INFO  d.m.q.c.r.s.RaftLogStorageAdapter [FOLLOWER/0] - Closing RaftLog storage
20:14:38.946 [vert.x-worker-thread-5] INFO  d.m.raftlog.storage.FileRaftStorage - WAL storage closed
20:14:38.946 [vert.x-worker-thread-6] INFO  d.m.raftlog.storage.FileRaftStorage - Closing WAL storage at: C:\Users\mraysmit\AppData\Local\Temp\junit2129903773894910621\node3
20:14:38.946 [vert.x-eventloop-thread-0] INFO  d.m.q.c.r.s.RaftLogStorageAdapter [FOLLOWER/0] - Closing RaftLog storage
20:14:38.946 [vert.x-worker-thread-6] INFO  d.m.raftlog.storage.FileRaftStorage - WAL storage closed
20:14:38.947 [vert.x-eventloop-thread-0] INFO  d.m.quorus.controller.raft.RaftNode [FOLLOWER/0] - Raft node stopped: node2
20:14:38.947 [vert.x-eventloop-thread-0] INFO  d.m.quorus.controller.raft.RaftNode [FOLLOWER/0] - Raft node stopped: node3
Sept 05, 2026 8:14:38 PM dev.mars.quorus.controller.raft.MockRaftTransport stop
INFO: Stopped mock transport for node: node3
Sept 05, 2026 8:14:38 PM dev.mars.quorus.controller.raft.MockRaftTransport stop
INFO: Stopped mock transport for node: node1
20:14:38.947 [vert.x-worker-thread-7] INFO  d.m.raftlog.storage.FileRaftStorage - Closing WAL storage at: C:\Users\mraysmit\AppData\Local\Temp\junit2129903773894910621\node1
20:14:38.947 [vert.x-worker-thread-7] INFO  d.m.raftlog.storage.FileRaftStorage - WAL storage closed
20:14:38.947 [vert.x-eventloop-thread-0] INFO  d.m.quorus.controller.raft.RaftNode [FOLLOWER/0] - Raft node stopped: node1
20:14:38.947 [vert.x-eventloop-thread-0] INFO  d.m.q.c.r.s.RaftLogStorageAdapter [FOLLOWER/0] - Closing RaftLog storage
20:14:38.947 [vert.x-eventloop-thread-0] INFO  d.m.q.c.r.s.RaftLogStorageAdapter [FOLLOWER/0] - Closing RaftLog storage
20:14:38.948 [vert.x-eventloop-thread-0] INFO  d.m.q.c.r.s.RaftLogStorageAdapter [FOLLOWER/0] - Closing RaftLog storage
[INFO] Tests run: 4, Failures: 0, Errors: 0, Skipped: 0, Time elapsed: 14.52 s -- in dev.mars.quorus.controller.raft.RaftLogClusterIntegrationTest
[INFO] 
[INFO] Results:
[INFO] 
[INFO] Tests run: 6, Failures: 0, Errors: 0, Skipped: 0
[INFO] 
[INFO] 
[INFO] --- jacoco:0.8.15:report (report) @ quorus-controller ---
[INFO] Loading execution data file C:\Users\mraysmit\dev\idea-projects\quorus\quorus-controller\target\jacoco.exec
[INFO] Analyzed bundle 'Quorus Distributed Controller' with 160 classes
[WARNING] Classes in bundle 'Quorus Distributed Controller' do not match with execution data. For report generation the same class files must be used as at runtime.
[WARNING] Execution data for class dev/mars/quorus/controller/service/JobAssignmentService does not match.
[WARNING] Execution data for class dev/mars/quorus/controller/raft/RaftNodeMode$Volatile does not match.
[WARNING] Execution data for class dev/mars/quorus/controller/raft/GrpcRaftServer does not match.
[WARNING] Execution data for class dev/mars/quorus/controller/http/handlers/AgentRegistrationHandler does not match.
[WARNING] Execution data for class dev/mars/quorus/controller/http/handlers/ClusterHandler does not match.
[WARNING] Execution data for class dev/mars/quorus/controller/QuorusControllerVerticle does not match.
[WARNING] Execution data for class dev/mars/quorus/controller/http/handlers/TransferHandler does not match.
[WARNING] Execution data for class dev/mars/quorus/controller/raft/GrpcRaftTransport$1 does not match.
[WARNING] Execution data for class dev/mars/quorus/controller/http/LeaderGuardHandler does not match.
[WARNING] Execution data for class dev/mars/quorus/controller/raft/GrpcRaftServer$RaftServiceImpl does not match.
[WARNING] Execution data for class dev/mars/quorus/controller/http/handlers/HealthHandler does not match.
[WARNING] Execution data for class dev/mars/quorus/controller/raft/RaftNode$SnapshotChunkAssembler does not match.
[WARNING] Execution data for class dev/mars/quorus/controller/http/handlers/ServiceConnectionHandler does not match.
[WARNING] Execution data for class dev/mars/quorus/controller/http/handlers/HeartbeatHandler does not match.
[WARNING] Execution data for class dev/mars/quorus/controller/http/handlers/RouteHandler does not match.
[WARNING] Execution data for class dev/mars/quorus/controller/http/handlers/StatusHandler does not match.
[WARNING] Execution data for class dev/mars/quorus/controller/http/handlers/JobStatusHandler does not match.
[WARNING] Execution data for class dev/mars/quorus/controller/raft/GrpcRaftTransport does not match.
[WARNING] Execution data for class dev/mars/quorus/controller/http/handlers/ReadinessHandler does not match.
[WARNING] Execution data for class dev/mars/quorus/controller/http/handlers/JobAssignmentHandler does not match.
[WARNING] Execution data for class dev/mars/quorus/controller/http/HttpApiServer does not match.
[WARNING] Execution data for class dev/mars/quorus/controller/http/handlers/InfoHandler does not match.
[INFO] ------------------------------------------------------------------------
[INFO] Reactor Summary for Quorus File Transfer System 1.0-SNAPSHOT:
[INFO] 
[INFO] Quorus File Transfer System ........................ SUCCESS [  0.187 s]
[INFO] Quorus Core ........................................ SUCCESS [  1.196 s]
[INFO] Quorus Workflow Engine ............................. SUCCESS [  0.179 s]
[INFO] Quorus Tenant Management ........................... SUCCESS [  0.140 s]
[INFO] Quorus Distributed Controller ...................... SUCCESS [ 18.865 s]
[INFO] ------------------------------------------------------------------------
[INFO] BUILD SUCCESS
[INFO] ------------------------------------------------------------------------
[INFO] Total time:  20.723 s
[INFO] Finished at: 2026-09-05T20:14:39+08:00
[INFO] ------------------------------------------------------------------------
