WARNING: A terminally deprecated method in sun.misc.Unsafe has been called
WARNING: sun.misc.Unsafe::staticFieldBase has been called by com.google.inject.internal.aop.HiddenClassDefiner (file:/C:/Users/mraysmit/scoop/apps/maven/current/lib/guice-5.1.0-classes.jar)
WARNING: Please consider reporting this to the maintainers of class com.google.inject.internal.aop.HiddenClassDefiner
WARNING: sun.misc.Unsafe::staticFieldBase will be removed in a future release
[INFO] Scanning for projects...
[INFO] ------------------------------------------------------------------------
[INFO] Reactor Build Order:
[INFO] 
[INFO] Quorus File Transfer System                                        [pom]
[INFO] Quorus Core                                                        [jar]
[INFO] Quorus Workflow Engine                                             [jar]
[INFO] Quorus Tenant Management                                           [jar]
[INFO] Quorus Distributed Controller                                      [jar]
[INFO] 
[INFO] --------------------------< dev.mars:quorus >---------------------------
[INFO] Building Quorus File Transfer System 1.0-SNAPSHOT                  [1/5]
[INFO]   from pom.xml
[INFO] --------------------------------[ pom ]---------------------------------
[INFO] 
[INFO] --- jacoco:0.8.15:prepare-agent (prepare-agent) @ quorus ---
[INFO] argLine set to -javaagent:C:\\Users\\mraysmit\\.m2\\repository\\org\\jacoco\\org.jacoco.agent\\0.8.15\\org.jacoco.agent-0.8.15-runtime.jar=destfile=C:\\Users\\mraysmit\\dev\\idea-projects\\quorus\\target\\jacoco.exec,excludes=sun/**:jdk/**:java/**:com/sun/**:org/jcp/**
[INFO] 
[INFO] --- jacoco:0.8.15:report (report) @ quorus ---
[INFO] Skipping JaCoCo execution due to missing execution data file.
[INFO] 
[INFO] ------------------------< dev.mars:quorus-core >------------------------
[INFO] Building Quorus Core 1.0-SNAPSHOT                                  [2/5]
[INFO]   from quorus-core\pom.xml
[INFO] --------------------------------[ jar ]---------------------------------
[INFO] 
[INFO] --- jacoco:0.8.15:prepare-agent (prepare-agent) @ quorus-core ---
[INFO] argLine set to -javaagent:C:\\Users\\mraysmit\\.m2\\repository\\org\\jacoco\\org.jacoco.agent\\0.8.15\\org.jacoco.agent-0.8.15-runtime.jar=destfile=C:\\Users\\mraysmit\\dev\\idea-projects\\quorus\\quorus-core\\target\\jacoco.exec,excludes=sun/**:jdk/**:java/**:com/sun/**:org/jcp/**
[INFO] 
[INFO] --- resources:3.3.1:resources (default-resources) @ quorus-core ---
[INFO] Copying 1 resource from src\main\resources to target\classes
[INFO] 
[INFO] --- compiler:3.13.0:compile (default-compile) @ quorus-core ---
[INFO] Nothing to compile - all classes are up to date.
[INFO] 
[INFO] --- resources:3.3.1:testResources (default-testResources) @ quorus-core ---
[INFO] Copying 11 resources from src\test\resources to target\test-classes
[INFO] 
[INFO] --- compiler:3.13.0:testCompile (default-testCompile) @ quorus-core ---
[INFO] Nothing to compile - all classes are up to date.
[INFO] 
[INFO] --- surefire:3.2.2:test (default-test) @ quorus-core ---
[INFO] 
[INFO] --- jacoco:0.8.15:report (report) @ quorus-core ---
[INFO] Loading execution data file C:\Users\mraysmit\dev\idea-projects\quorus\quorus-core\target\jacoco.exec
[INFO] Analyzed bundle 'Quorus Core' with 124 classes
[INFO] 
[INFO] ----------------------< dev.mars:quorus-workflow >----------------------
[INFO] Building Quorus Workflow Engine 1.0-SNAPSHOT                       [3/5]
[INFO]   from quorus-workflow\pom.xml
[INFO] --------------------------------[ jar ]---------------------------------
[INFO] 
[INFO] --- jacoco:0.8.15:prepare-agent (prepare-agent) @ quorus-workflow ---
[INFO] argLine set to -javaagent:C:\\Users\\mraysmit\\.m2\\repository\\org\\jacoco\\org.jacoco.agent\\0.8.15\\org.jacoco.agent-0.8.15-runtime.jar=destfile=C:\\Users\\mraysmit\\dev\\idea-projects\\quorus\\quorus-workflow\\target\\jacoco.exec,excludes=sun/**:jdk/**:java/**:com/sun/**:org/jcp/**
[INFO] 
[INFO] --- resources:3.3.1:resources (default-resources) @ quorus-workflow ---
[INFO] Copying 1 resource from src\main\resources to target\classes
[INFO] 
[INFO] --- compiler:3.13.0:compile (default-compile) @ quorus-workflow ---
[INFO] Nothing to compile - all classes are up to date.
[INFO] 
[INFO] --- resources:3.3.1:testResources (default-testResources) @ quorus-workflow ---
[INFO] Copying 2 resources from src\test\resources to target\test-classes
[INFO] 
[INFO] --- compiler:3.13.0:testCompile (default-testCompile) @ quorus-workflow ---
[INFO] Nothing to compile - all classes are up to date.
[INFO] 
[INFO] --- surefire:3.2.2:test (default-test) @ quorus-workflow ---
[INFO] 
[INFO] --- jacoco:0.8.15:report (report) @ quorus-workflow ---
[INFO] Loading execution data file C:\Users\mraysmit\dev\idea-projects\quorus\quorus-workflow\target\jacoco.exec
[INFO] Analyzed bundle 'Quorus Workflow Engine' with 24 classes
[INFO] 
[INFO] -----------------------< dev.mars:quorus-tenant >-----------------------
[INFO] Building Quorus Tenant Management 1.0-SNAPSHOT                     [4/5]
[INFO]   from quorus-tenant\pom.xml
[INFO] --------------------------------[ jar ]---------------------------------
[INFO] 
[INFO] --- jacoco:0.8.15:prepare-agent (prepare-agent) @ quorus-tenant ---
[INFO] argLine set to -javaagent:C:\\Users\\mraysmit\\.m2\\repository\\org\\jacoco\\org.jacoco.agent\\0.8.15\\org.jacoco.agent-0.8.15-runtime.jar=destfile=C:\\Users\\mraysmit\\dev\\idea-projects\\quorus\\quorus-tenant\\target\\jacoco.exec,excludes=sun/**:jdk/**:java/**:com/sun/**:org/jcp/**
[INFO] 
[INFO] --- resources:3.3.1:resources (default-resources) @ quorus-tenant ---
[INFO] skip non existing resourceDirectory C:\Users\mraysmit\dev\idea-projects\quorus\quorus-tenant\src\main\resources
[INFO] 
[INFO] --- compiler:3.13.0:compile (default-compile) @ quorus-tenant ---
[INFO] Nothing to compile - all classes are up to date.
[INFO] 
[INFO] --- resources:3.3.1:testResources (default-testResources) @ quorus-tenant ---
[INFO] Copying 1 resource from src\test\resources to target\test-classes
[INFO] 
[INFO] --- compiler:3.13.0:testCompile (default-testCompile) @ quorus-tenant ---
[INFO] Nothing to compile - all classes are up to date.
[INFO] 
[INFO] --- surefire:3.2.2:test (default-test) @ quorus-tenant ---
[INFO] 
[INFO] --- jacoco:0.8.15:report (report) @ quorus-tenant ---
[INFO] Loading execution data file C:\Users\mraysmit\dev\idea-projects\quorus\quorus-tenant\target\jacoco.exec
[INFO] Analyzed bundle 'Quorus Tenant Management' with 25 classes
[INFO] 
[INFO] ---------------------< dev.mars:quorus-controller >---------------------
[INFO] Building Quorus Distributed Controller 1.0-SNAPSHOT                [5/5]
[INFO]   from quorus-controller\pom.xml
[INFO] --------------------------------[ jar ]---------------------------------
[INFO] 
[INFO] --- jacoco:0.8.15:prepare-agent (prepare-agent) @ quorus-controller ---
[INFO] argLine set to -javaagent:C:\\Users\\mraysmit\\.m2\\repository\\org\\jacoco\\org.jacoco.agent\\0.8.15\\org.jacoco.agent-0.8.15-runtime.jar=destfile=C:\\Users\\mraysmit\\dev\\idea-projects\\quorus\\quorus-controller\\target\\jacoco.exec,excludes=sun/**:jdk/**:java/**:com/sun/**:org/jcp/**:dev/mars/quorus/controller/raft/grpc/**
[INFO] 
[INFO] --- protobuf:4.1.2:generate (default) @ quorus-controller ---
[WARNING]  Parameter 'binaryMavenPlugins' is deprecated: Users should now use plugins instead. This option will be removed in v5.
[INFO] Resolving artifact "com.google.protobuf:protoc:exe:windows-x86_64:3.25.5"
[INFO] Resolving artifact "io.grpc:protoc-gen-grpc-java:exe:windows-x86_64:1.68.1"
[INFO] Registering "C:\Users\mraysmit\dev\idea-projects\quorus\quorus-controller\target\generated-sources\protobuf" as a Maven main source root for compiler plugins
[INFO] Registering "C:\Users\mraysmit\dev\idea-projects\quorus\quorus-controller\target\generated-sources\protobuf" as a Maven main source root for compiler plugins
[INFO] Found 2 proto source files and 0 descriptor files to compile, but all are up-to-date so none will be built this time
[INFO] NOTHING TO DO: There is nothing to do. If this is unexpected, review the above logs for more details.
[INFO] 
[INFO] --- resources:3.3.1:resources (default-resources) @ quorus-controller ---
[INFO] Copying 3 resources from src\main\resources to target\classes
[INFO] 
[INFO] --- compiler:3.13.0:compile (default-compile) @ quorus-controller ---
[INFO] Nothing to compile - all classes are up to date.
[INFO] 
[INFO] --- resources:3.3.1:testResources (default-testResources) @ quorus-controller ---
[INFO] Copying 11 resources from src\test\resources to target\test-classes
[INFO] 
[INFO] --- compiler:3.13.0:testCompile (default-testCompile) @ quorus-controller ---
[INFO] Nothing to compile - all classes are up to date.
[INFO] 
[INFO] --- surefire:3.2.2:test (default-test) @ quorus-controller ---
[INFO] Using auto detected provider org.apache.maven.surefire.junitplatform.JUnitPlatformProvider
[INFO] 
[INFO] -------------------------------------------------------
[INFO]  T E S T S
[INFO] -------------------------------------------------------
15:35:45,870 |-INFO in ch.qos.logback.classic.LoggerContext[default] - Found logback-core version 1.5.32
15:35:45,872 |-INFO in ch.qos.logback.classic.util.ContextInitializer@56d3a944 - No custom configurators were discovered as a service.
15:35:45,872 |-INFO in ch.qos.logback.classic.util.ContextInitializer@56d3a944 - Trying to configure with ch.qos.logback.classic.util.DefaultJoranConfigurator
15:35:45,877 |-INFO in ch.qos.logback.classic.util.ContextInitializer@56d3a944 - Constructed configurator of type class ch.qos.logback.classic.util.DefaultJoranConfigurator
15:35:45,880 |-INFO in ch.qos.logback.classic.LoggerContext[default] - Found resource [logback-test.xml] at [file:/C:/Users/mraysmit/dev/idea-projects/quorus/quorus-controller/target/test-classes/logback-test.xml]
15:35:45,881 |-WARN in ch.qos.logback.classic.util.DefaultJoranConfigurator@1513aa47 - Resource [logback-test.xml] occurs multiple times on the classpath.
15:35:45,881 |-WARN in ch.qos.logback.classic.util.DefaultJoranConfigurator@1513aa47 - Resource [logback-test.xml] occurs at [file:/C:/Users/mraysmit/dev/idea-projects/quorus/quorus-core/target/test-classes/logback-test.xml]
15:35:45,881 |-WARN in ch.qos.logback.classic.util.DefaultJoranConfigurator@1513aa47 - Resource [logback-test.xml] occurs at [file:/C:/Users/mraysmit/dev/idea-projects/quorus/quorus-controller/target/test-classes/logback-test.xml]
15:35:46,148 |-INFO in ch.qos.logback.classic.model.processor.ConfigurationModelHandlerFull - Scan attribute not set or set to unrecognized value.
15:35:46,174 |-INFO in ch.qos.logback.core.model.processor.ModelInterpretationContext@18252a45 - value "../test-logs/quorus-test-2026-09-05_07-35-38.log" substituted for "../test-logs/quorus-test-${testRunTimestamp}.log"
15:35:46,178 |-INFO in ch.qos.logback.core.model.processor.AppenderModelHandler - Processing appender named [CONSOLE]
15:35:46,179 |-INFO in ch.qos.logback.core.model.processor.AppenderModelHandler - About to instantiate appender of type [ch.qos.logback.core.ConsoleAppender]
15:35:46,206 |-INFO in ch.qos.logback.core.model.processor.ImplicitModelHandler - Assuming default type [ch.qos.logback.classic.encoder.PatternLayoutEncoder] for [encoder] property
15:35:46,298 |-INFO in ch.qos.logback.core.ConsoleAppender[CONSOLE] - NOTE: Writing to the console can be slow. Try to avoid logging to the 
15:35:46,298 |-INFO in ch.qos.logback.core.ConsoleAppender[CONSOLE] - console in production environments, especially in high volume systems.
15:35:46,298 |-INFO in ch.qos.logback.core.ConsoleAppender[CONSOLE] - See also https://logback.qos.ch/codes.html#slowConsole
15:35:46,302 |-INFO in ch.qos.logback.core.model.processor.AppenderModelHandler - Processing appender named [FILE]
15:35:46,302 |-INFO in ch.qos.logback.core.model.processor.AppenderModelHandler - About to instantiate appender of type [ch.qos.logback.core.FileAppender]
15:35:46,305 |-INFO in ch.qos.logback.core.model.processor.ModelInterpretationContext@18252a45 - value "../test-logs/quorus-test-2026-09-05_07-35-38.log" substituted for "../test-logs/quorus-test-${testRunTimestamp}.log"
15:35:46,307 |-INFO in ch.qos.logback.core.model.processor.ImplicitModelHandler - Assuming default type [ch.qos.logback.classic.encoder.PatternLayoutEncoder] for [encoder] property
15:35:46,308 |-INFO in ch.qos.logback.core.FileAppender[FILE] - File property is set to [../test-logs/quorus-test-2026-09-05_07-35-38.log]
15:35:46,311 |-INFO in ch.qos.logback.classic.model.processor.LoggerModelHandler - Setting level of logger [dev.mars.quorus] to DEBUG
15:35:46,311 |-INFO in ch.qos.logback.classic.model.processor.LoggerModelHandler - Setting level of logger [org.apache] to WARN
15:35:46,311 |-INFO in ch.qos.logback.classic.model.processor.LoggerModelHandler - Setting level of logger [io.vertx] to WARN
15:35:46,311 |-INFO in ch.qos.logback.classic.model.processor.LoggerModelHandler - Setting level of logger [io.netty] to WARN
15:35:46,311 |-INFO in ch.qos.logback.classic.model.processor.LoggerModelHandler - Setting level of logger [io.grpc] to WARN
15:35:46,313 |-INFO in ch.qos.logback.classic.model.processor.RootLoggerModelHandler - Setting level of ROOT logger to INFO
15:35:46,313 |-INFO in ch.qos.logback.core.model.processor.AppenderRefModelHandler - Attaching appender named [CONSOLE] to Logger[ROOT]
15:35:46,314 |-INFO in ch.qos.logback.core.model.processor.AppenderRefModelHandler - Attaching appender named [FILE] to Logger[ROOT]
15:35:46,314 |-INFO in ch.qos.logback.core.model.processor.DefaultProcessor@6493377c - End of configuration.
15:35:46,315 |-INFO in ch.qos.logback.classic.joran.JoranConfigurator@2f413b23 - Registering current configuration as safe fallback point
15:35:46,319 |-INFO in ch.qos.logback.classic.util.ContextInitializer@56d3a944 - ch.qos.logback.classic.util.DefaultJoranConfigurator.configure() call lasted 439 milliseconds. ExecutionStatus=DO_NOT_INVOKE_NEXT_IF_ANY

[INFO] Running dev.mars.quorus.controller.raft.ConcurrentVoteBoundaryTest
15:35:47.623 [ForkJoinPool-1-worker-1] DEBUG d.m.q.c.state.QuorusStateStore - Initializing default metadata: version=2.0
15:35:47.705 [vert.x-eventloop-thread-0] INFO  d.m.quorus.controller.raft.RaftNode - Starting Raft node: voter
15:35:47.708 [vert.x-eventloop-thread-0] INFO  d.m.quorus.controller.raft.RaftNode [FOLLOWER/0] - No storage configured, running in volatile mode
15:35:47.710 [vert.x-eventloop-thread-0] INFO  d.m.q.c.r.InMemoryTransportSimulator [FOLLOWER/0] - Started in-memory transport for node: voter
15:35:47.713 [vert.x-eventloop-thread-0] INFO  d.m.quorus.controller.raft.RaftNode [FOLLOWER/0] - Raft node voter started successfully (term=0, logSize=1)
15:35:47.753 [vert.x-eventloop-thread-0] DEBUG d.m.quorus.controller.raft.RaftNode [FOLLOWER/0] - Handling vote request: candidateId=candidate-a, requestTerm=1, localTerm=0, localVotedFor=null, candidateLastLogTerm=0, candidateLastLogIndex=0
15:35:47.754 [vert.x-eventloop-thread-0] DEBUG d.m.quorus.controller.raft.RaftNode [FOLLOWER/0] - Higher term observed in vote request: requestTerm=1 > localTerm=0. Stepping down without immediate metadata persistence.
15:35:47.754 [vert.x-eventloop-thread-0] INFO  d.m.quorus.controller.raft.RaftNode [FOLLOWER/1] - Stepped down to FOLLOWER. Term: 1
15:35:47.755 [vert.x-eventloop-thread-0] DEBUG d.m.quorus.controller.raft.RaftNode [FOLLOWER/1] - Vote decision inputs: canGrantVoteForCandidate=true, candidateLogUpToDate=true, canGrant=true, effectiveLocalTerm=1
15:35:47.755 [vert.x-eventloop-thread-0] DEBUG d.m.quorus.controller.raft.RaftNode [FOLLOWER/1] - Persisting granted vote metadata: term=1, candidateId=candidate-a
15:35:47.756 [vert.x-eventloop-thread-0] DEBUG d.m.quorus.controller.raft.RaftNode [FOLLOWER/1] - Persisting raft metadata: term=1, votedForPresent=true, votedFor=candidate-a
15:35:47.759 [vert.x-eventloop-thread-0] INFO  d.m.quorus.controller.raft.RaftNode [FOLLOWER/1] - Vote granted to candidate-a for term 1
15:35:47.777 [vert.x-eventloop-thread-0] INFO  d.m.q.c.r.InMemoryTransportSimulator [FOLLOWER/1] - Stopped in-memory transport for node: voter
15:35:47.780 [vert.x-eventloop-thread-0] INFO  d.m.quorus.controller.raft.RaftNode [FOLLOWER/1] - Raft node stopped: voter
15:35:47.780 [ForkJoinPool-1-worker-1] INFO  d.m.q.c.r.InMemoryTransportSimulator - Healed all network partitions
15:35:47.908 [ForkJoinPool-1-worker-1] INFO  d.m.raftlog.storage.FileRaftStorage - FileRaftStorage initialized: syncEnabled=true, verifyWrites=false, maxPayloadSize=16 MB, minFreeSpace=64 MB
15:35:47.909 [ForkJoinPool-1-worker-1] INFO  d.m.q.c.r.s.RaftLogStorageAdapter - RaftLogStorageAdapter created with delegate: FileRaftStorage
15:35:47.909 [ForkJoinPool-1-worker-1] INFO  d.m.q.c.r.s.RaftLogStorageAdapter - Opening RaftLog storage at: C:\Users\mraysmit\AppData\Local\Temp\junit8878822011123265141
15:35:47.912 [wal-executor] INFO  d.m.raftlog.storage.FileRaftStorage - Opening WAL storage at: C:\Users\mraysmit\AppData\Local\Temp\junit8878822011123265141
15:35:47.914 [wal-executor] INFO  d.m.raftlog.storage.FileRaftStorage - Exclusive lock acquired: C:\Users\mraysmit\AppData\Local\Temp\junit8878822011123265141\raft.lock
15:35:47.918 [wal-executor] INFO  d.m.raftlog.storage.FileRaftStorage - WAL opened successfully: path=C:\Users\mraysmit\AppData\Local\Temp\junit8878822011123265141\raft.log, size=0 bytes
15:35:47.923 [ForkJoinPool-1-worker-1] DEBUG d.m.q.c.state.QuorusStateStore - Initializing default metadata: version=2.0
15:35:47.924 [vert.x-eventloop-thread-0] INFO  d.m.quorus.controller.raft.RaftNode - Starting Raft node: voter
15:35:47.925 [vert.x-eventloop-thread-0] INFO  d.m.quorus.controller.raft.RaftNode [FOLLOWER/0] - Recovering Raft state from storage...
15:35:47.925 [vert.x-eventloop-thread-0] DEBUG d.m.q.c.r.s.RaftLogStorageAdapter [FOLLOWER/0] - Loading metadata
15:35:47.929 [vert.x-eventloop-thread-0] INFO  d.m.quorus.controller.raft.RaftNode [FOLLOWER/0] - Recovered metadata: term=0, votedFor=null
15:35:47.935 [vert.x-eventloop-thread-0] INFO  d.m.quorus.controller.raft.RaftNode [FOLLOWER/0] - No snapshot found, will rebuild from full log replay
15:35:47.936 [vert.x-eventloop-thread-0] INFO  d.m.q.c.r.s.RaftLogStorageAdapter [FOLLOWER/0] - Replaying WAL
15:35:47.937 [wal-executor] INFO  d.m.raftlog.storage.FileRaftStorage - Replaying WAL from: C:\Users\mraysmit\AppData\Local\Temp\junit8878822011123265141\raft.log
15:35:47.938 [wal-executor] INFO  d.m.raftlog.storage.FileRaftStorage - WAL replay complete: 0 entries recovered, 0 appends, 0 truncates, 1 ms
15:35:47.940 [vert.x-eventloop-thread-0] INFO  d.m.quorus.controller.raft.RaftNode [FOLLOWER/0] - Recovered 0 log entries from 0 storage records
15:35:47.941 [vert.x-eventloop-thread-0] INFO  d.m.quorus.controller.raft.RaftNode [FOLLOWER/0] - Rebuilding state machine from 0 entries...
15:35:47.941 [vert.x-eventloop-thread-0] DEBUG d.m.q.c.state.QuorusStateStore [FOLLOWER/0] - Resetting state machine: jobs=0, agents=0, metadata=1
15:35:47.941 [vert.x-eventloop-thread-0] DEBUG d.m.q.c.state.QuorusStateStore [FOLLOWER/0] - Initializing default metadata: version=2.0
15:35:47.942 [vert.x-eventloop-thread-0] INFO  d.m.q.c.state.QuorusStateStore [FOLLOWER/0] - State machine reset completed: version=2.0
15:35:47.942 [vert.x-eventloop-thread-0] INFO  d.m.quorus.controller.raft.RaftNode [FOLLOWER/0] - Multi-node recovery: deferring log application until leader commit advances
15:35:47.942 [vert.x-eventloop-thread-0] INFO  d.m.quorus.controller.raft.RaftNode [FOLLOWER/0] - Recovery complete: term=0, logSize=1, lastApplied=0, snapshotLastIndex=0
15:35:47.942 [vert.x-eventloop-thread-0] INFO  d.m.q.c.r.InMemoryTransportSimulator [FOLLOWER/0] - Started in-memory transport for node: voter
15:35:47.943 [vert.x-eventloop-thread-0] INFO  d.m.quorus.controller.raft.RaftNode [FOLLOWER/0] - Raft node voter started successfully (term=0, logSize=1)
15:35:47.944 [vert.x-eventloop-thread-0] DEBUG d.m.quorus.controller.raft.RaftNode [FOLLOWER/0] - Handling vote request: candidateId=candidate-0, requestTerm=1, localTerm=0, localVotedFor=null, candidateLastLogTerm=0, candidateLastLogIndex=0
15:35:47.944 [vert.x-eventloop-thread-0] DEBUG d.m.quorus.controller.raft.RaftNode [FOLLOWER/0] - Higher term observed in vote request: requestTerm=1 > localTerm=0. Stepping down without immediate metadata persistence.
15:35:47.945 [vert.x-eventloop-thread-0] INFO  d.m.quorus.controller.raft.RaftNode [FOLLOWER/1] - Stepped down to FOLLOWER. Term: 1
15:35:47.945 [vert.x-eventloop-thread-0] DEBUG d.m.quorus.controller.raft.RaftNode [FOLLOWER/1] - Vote decision inputs: canGrantVoteForCandidate=true, candidateLogUpToDate=true, canGrant=true, effectiveLocalTerm=1
15:35:47.945 [vert.x-eventloop-thread-0] DEBUG d.m.quorus.controller.raft.RaftNode [FOLLOWER/1] - Persisting granted vote metadata: term=1, candidateId=candidate-0
15:35:47.945 [vert.x-eventloop-thread-0] DEBUG d.m.quorus.controller.raft.RaftNode [FOLLOWER/1] - Persisting raft metadata: term=1, votedForPresent=true, votedFor=candidate-0
15:35:47.945 [vert.x-eventloop-thread-0] DEBUG d.m.q.c.r.s.RaftLogStorageAdapter [FOLLOWER/1] - Updating metadata: term=1, votedFor=candidate-0
15:35:47.959 [wal-executor] INFO  d.m.raftlog.storage.FileRaftStorage - Metadata updated: term=1, votedFor=candidate-0
15:35:47.960 [vert.x-eventloop-thread-0] INFO  d.m.quorus.controller.raft.RaftNode [FOLLOWER/1] - Vote granted to candidate-0 for term 1
15:35:47.962 [vert.x-eventloop-thread-0] DEBUG d.m.quorus.controller.raft.RaftNode [FOLLOWER/1] - Handling vote request: candidateId=candidate-1, requestTerm=1, localTerm=1, localVotedFor=candidate-0, candidateLastLogTerm=0, candidateLastLogIndex=0
15:35:47.962 [vert.x-eventloop-thread-0] DEBUG d.m.quorus.controller.raft.RaftNode [FOLLOWER/1] - Vote decision inputs: canGrantVoteForCandidate=false, candidateLogUpToDate=true, canGrant=false, effectiveLocalTerm=1
15:35:47.962 [vert.x-eventloop-thread-0] DEBUG d.m.quorus.controller.raft.RaftNode [FOLLOWER/1] - Vote rejected: already voted for candidate-0 in term 1
15:35:47.962 [vert.x-eventloop-thread-0] DEBUG d.m.quorus.controller.raft.RaftNode [FOLLOWER/1] - Handling vote request: candidateId=candidate-2, requestTerm=1, localTerm=1, localVotedFor=candidate-0, candidateLastLogTerm=0, candidateLastLogIndex=0
15:35:47.963 [vert.x-eventloop-thread-0] DEBUG d.m.quorus.controller.raft.RaftNode [FOLLOWER/1] - Vote decision inputs: canGrantVoteForCandidate=false, candidateLogUpToDate=true, canGrant=false, effectiveLocalTerm=1
15:35:47.963 [vert.x-eventloop-thread-0] DEBUG d.m.quorus.controller.raft.RaftNode [FOLLOWER/1] - Vote rejected: already voted for candidate-0 in term 1
15:35:47.963 [vert.x-eventloop-thread-0] DEBUG d.m.quorus.controller.raft.RaftNode [FOLLOWER/1] - Handling vote request: candidateId=candidate-3, requestTerm=1, localTerm=1, localVotedFor=candidate-0, candidateLastLogTerm=0, candidateLastLogIndex=0
15:35:47.963 [vert.x-eventloop-thread-0] DEBUG d.m.quorus.controller.raft.RaftNode [FOLLOWER/1] - Vote decision inputs: canGrantVoteForCandidate=false, candidateLogUpToDate=true, canGrant=false, effectiveLocalTerm=1
15:35:47.963 [vert.x-eventloop-thread-0] DEBUG d.m.quorus.controller.raft.RaftNode [FOLLOWER/1] - Vote rejected: already voted for candidate-0 in term 1
15:35:47.964 [vert.x-eventloop-thread-0] DEBUG d.m.quorus.controller.raft.RaftNode [FOLLOWER/1] - Handling vote request: candidateId=candidate-4, requestTerm=1, localTerm=1, localVotedFor=candidate-0, candidateLastLogTerm=0, candidateLastLogIndex=0
15:35:47.964 [vert.x-eventloop-thread-0] DEBUG d.m.quorus.controller.raft.RaftNode [FOLLOWER/1] - Vote decision inputs: canGrantVoteForCandidate=false, candidateLogUpToDate=true, canGrant=false, effectiveLocalTerm=1
15:35:47.964 [vert.x-eventloop-thread-0] DEBUG d.m.quorus.controller.raft.RaftNode [FOLLOWER/1] - Vote rejected: already voted for candidate-0 in term 1
15:35:47.964 [vert.x-eventloop-thread-0] DEBUG d.m.quorus.controller.raft.RaftNode [FOLLOWER/1] - Handling vote request: candidateId=candidate-5, requestTerm=1, localTerm=1, localVotedFor=candidate-0, candidateLastLogTerm=0, candidateLastLogIndex=0
15:35:47.965 [vert.x-eventloop-thread-0] DEBUG d.m.quorus.controller.raft.RaftNode [FOLLOWER/1] - Vote decision inputs: canGrantVoteForCandidate=false, candidateLogUpToDate=true, canGrant=false, effectiveLocalTerm=1
15:35:47.965 [vert.x-eventloop-thread-0] DEBUG d.m.quorus.controller.raft.RaftNode [FOLLOWER/1] - Vote rejected: already voted for candidate-0 in term 1
15:35:47.965 [vert.x-eventloop-thread-0] DEBUG d.m.quorus.controller.raft.RaftNode [FOLLOWER/1] - Handling vote request: candidateId=candidate-6, requestTerm=1, localTerm=1, localVotedFor=candidate-0, candidateLastLogTerm=0, candidateLastLogIndex=0
15:35:47.965 [vert.x-eventloop-thread-0] DEBUG d.m.quorus.controller.raft.RaftNode [FOLLOWER/1] - Vote decision inputs: canGrantVoteForCandidate=false, candidateLogUpToDate=true, canGrant=false, effectiveLocalTerm=1
15:35:47.966 [vert.x-eventloop-thread-0] DEBUG d.m.quorus.controller.raft.RaftNode [FOLLOWER/1] - Vote rejected: already voted for candidate-0 in term 1
15:35:47.966 [vert.x-eventloop-thread-0] DEBUG d.m.quorus.controller.raft.RaftNode [FOLLOWER/1] - Handling vote request: candidateId=candidate-7, requestTerm=1, localTerm=1, localVotedFor=candidate-0, candidateLastLogTerm=0, candidateLastLogIndex=0
15:35:47.966 [vert.x-eventloop-thread-0] DEBUG d.m.quorus.controller.raft.RaftNode [FOLLOWER/1] - Vote decision inputs: canGrantVoteForCandidate=false, candidateLogUpToDate=true, canGrant=false, effectiveLocalTerm=1
15:35:47.966 [vert.x-eventloop-thread-0] DEBUG d.m.quorus.controller.raft.RaftNode [FOLLOWER/1] - Vote rejected: already voted for candidate-0 in term 1
15:35:47.967 [vert.x-eventloop-thread-0] DEBUG d.m.quorus.controller.raft.RaftNode [FOLLOWER/1] - Handling vote request: candidateId=candidate-8, requestTerm=1, localTerm=1, localVotedFor=candidate-0, candidateLastLogTerm=0, candidateLastLogIndex=0
15:35:47.967 [vert.x-eventloop-thread-0] DEBUG d.m.quorus.controller.raft.RaftNode [FOLLOWER/1] - Vote decision inputs: canGrantVoteForCandidate=false, candidateLogUpToDate=true, canGrant=false, effectiveLocalTerm=1
15:35:47.967 [vert.x-eventloop-thread-0] DEBUG d.m.quorus.controller.raft.RaftNode [FOLLOWER/1] - Vote rejected: already voted for candidate-0 in term 1
15:35:47.967 [vert.x-eventloop-thread-0] DEBUG d.m.quorus.controller.raft.RaftNode [FOLLOWER/1] - Handling vote request: candidateId=candidate-9, requestTerm=1, localTerm=1, localVotedFor=candidate-0, candidateLastLogTerm=0, candidateLastLogIndex=0
15:35:47.967 [vert.x-eventloop-thread-0] DEBUG d.m.quorus.controller.raft.RaftNode [FOLLOWER/1] - Vote decision inputs: canGrantVoteForCandidate=false, candidateLogUpToDate=true, canGrant=false, effectiveLocalTerm=1
15:35:47.967 [vert.x-eventloop-thread-0] DEBUG d.m.quorus.controller.raft.RaftNode [FOLLOWER/1] - Vote rejected: already voted for candidate-0 in term 1
15:35:47.968 [vert.x-eventloop-thread-0] DEBUG d.m.quorus.controller.raft.RaftNode [FOLLOWER/1] - Handling vote request: candidateId=candidate-10, requestTerm=1, localTerm=1, localVotedFor=candidate-0, candidateLastLogTerm=0, candidateLastLogIndex=0
15:35:47.968 [vert.x-eventloop-thread-0] DEBUG d.m.quorus.controller.raft.RaftNode [FOLLOWER/1] - Vote decision inputs: canGrantVoteForCandidate=false, candidateLogUpToDate=true, canGrant=false, effectiveLocalTerm=1
15:35:47.968 [vert.x-eventloop-thread-0] DEBUG d.m.quorus.controller.raft.RaftNode [FOLLOWER/1] - Vote rejected: already voted for candidate-0 in term 1
15:35:47.969 [vert.x-eventloop-thread-0] DEBUG d.m.quorus.controller.raft.RaftNode [FOLLOWER/1] - Handling vote request: candidateId=candidate-11, requestTerm=1, localTerm=1, localVotedFor=candidate-0, candidateLastLogTerm=0, candidateLastLogIndex=0
15:35:47.969 [vert.x-eventloop-thread-0] DEBUG d.m.quorus.controller.raft.RaftNode [FOLLOWER/1] - Vote decision inputs: canGrantVoteForCandidate=false, candidateLogUpToDate=true, canGrant=false, effectiveLocalTerm=1
15:35:47.970 [vert.x-eventloop-thread-0] DEBUG d.m.quorus.controller.raft.RaftNode [FOLLOWER/1] - Vote rejected: already voted for candidate-0 in term 1
15:35:47.970 [vert.x-eventloop-thread-0] DEBUG d.m.quorus.controller.raft.RaftNode [FOLLOWER/1] - Handling vote request: candidateId=candidate-12, requestTerm=1, localTerm=1, localVotedFor=candidate-0, candidateLastLogTerm=0, candidateLastLogIndex=0
15:35:47.970 [vert.x-eventloop-thread-0] DEBUG d.m.quorus.controller.raft.RaftNode [FOLLOWER/1] - Vote decision inputs: canGrantVoteForCandidate=false, candidateLogUpToDate=true, canGrant=false, effectiveLocalTerm=1
15:35:47.971 [vert.x-eventloop-thread-0] DEBUG d.m.quorus.controller.raft.RaftNode [FOLLOWER/1] - Vote rejected: already voted for candidate-0 in term 1
15:35:47.971 [vert.x-eventloop-thread-0] DEBUG d.m.quorus.controller.raft.RaftNode [FOLLOWER/1] - Handling vote request: candidateId=candidate-13, requestTerm=1, localTerm=1, localVotedFor=candidate-0, candidateLastLogTerm=0, candidateLastLogIndex=0
15:35:47.971 [vert.x-eventloop-thread-0] DEBUG d.m.quorus.controller.raft.RaftNode [FOLLOWER/1] - Vote decision inputs: canGrantVoteForCandidate=false, candidateLogUpToDate=true, canGrant=false, effectiveLocalTerm=1
15:35:47.972 [vert.x-eventloop-thread-0] DEBUG d.m.quorus.controller.raft.RaftNode [FOLLOWER/1] - Vote rejected: already voted for candidate-0 in term 1
15:35:47.972 [vert.x-eventloop-thread-0] DEBUG d.m.quorus.controller.raft.RaftNode [FOLLOWER/1] - Handling vote request: candidateId=candidate-14, requestTerm=1, localTerm=1, localVotedFor=candidate-0, candidateLastLogTerm=0, candidateLastLogIndex=0
15:35:47.972 [vert.x-eventloop-thread-0] DEBUG d.m.quorus.controller.raft.RaftNode [FOLLOWER/1] - Vote decision inputs: canGrantVoteForCandidate=false, candidateLogUpToDate=true, canGrant=false, effectiveLocalTerm=1
15:35:47.972 [vert.x-eventloop-thread-0] DEBUG d.m.quorus.controller.raft.RaftNode [FOLLOWER/1] - Vote rejected: already voted for candidate-0 in term 1
15:35:47.973 [vert.x-eventloop-thread-0] DEBUG d.m.quorus.controller.raft.RaftNode [FOLLOWER/1] - Handling vote request: candidateId=candidate-15, requestTerm=1, localTerm=1, localVotedFor=candidate-0, candidateLastLogTerm=0, candidateLastLogIndex=0
15:35:47.973 [vert.x-eventloop-thread-0] DEBUG d.m.quorus.controller.raft.RaftNode [FOLLOWER/1] - Vote decision inputs: canGrantVoteForCandidate=false, candidateLogUpToDate=true, canGrant=false, effectiveLocalTerm=1
15:35:47.973 [vert.x-eventloop-thread-0] DEBUG d.m.quorus.controller.raft.RaftNode [FOLLOWER/1] - Vote rejected: already voted for candidate-0 in term 1
15:35:47.973 [vert.x-eventloop-thread-0] DEBUG d.m.quorus.controller.raft.RaftNode [FOLLOWER/1] - Handling vote request: candidateId=candidate-16, requestTerm=1, localTerm=1, localVotedFor=candidate-0, candidateLastLogTerm=0, candidateLastLogIndex=0
15:35:47.974 [vert.x-eventloop-thread-0] DEBUG d.m.quorus.controller.raft.RaftNode [FOLLOWER/1] - Vote decision inputs: canGrantVoteForCandidate=false, candidateLogUpToDate=true, canGrant=false, effectiveLocalTerm=1
15:35:47.974 [vert.x-eventloop-thread-0] DEBUG d.m.quorus.controller.raft.RaftNode [FOLLOWER/1] - Vote rejected: already voted for candidate-0 in term 1
15:35:47.974 [vert.x-eventloop-thread-0] DEBUG d.m.quorus.controller.raft.RaftNode [FOLLOWER/1] - Handling vote request: candidateId=candidate-17, requestTerm=1, localTerm=1, localVotedFor=candidate-0, candidateLastLogTerm=0, candidateLastLogIndex=0
15:35:47.975 [vert.x-eventloop-thread-0] DEBUG d.m.quorus.controller.raft.RaftNode [FOLLOWER/1] - Vote decision inputs: canGrantVoteForCandidate=false, candidateLogUpToDate=true, canGrant=false, effectiveLocalTerm=1
15:35:47.975 [vert.x-eventloop-thread-0] DEBUG d.m.quorus.controller.raft.RaftNode [FOLLOWER/1] - Vote rejected: already voted for candidate-0 in term 1
15:35:47.975 [vert.x-eventloop-thread-0] DEBUG d.m.quorus.controller.raft.RaftNode [FOLLOWER/1] - Handling vote request: candidateId=candidate-18, requestTerm=1, localTerm=1, localVotedFor=candidate-0, candidateLastLogTerm=0, candidateLastLogIndex=0
15:35:47.975 [vert.x-eventloop-thread-0] DEBUG d.m.quorus.controller.raft.RaftNode [FOLLOWER/1] - Vote decision inputs: canGrantVoteForCandidate=false, candidateLogUpToDate=true, canGrant=false, effectiveLocalTerm=1
15:35:47.975 [vert.x-eventloop-thread-0] DEBUG d.m.quorus.controller.raft.RaftNode [FOLLOWER/1] - Vote rejected: already voted for candidate-0 in term 1
15:35:47.975 [vert.x-eventloop-thread-0] DEBUG d.m.quorus.controller.raft.RaftNode [FOLLOWER/1] - Handling vote request: candidateId=candidate-19, requestTerm=1, localTerm=1, localVotedFor=candidate-0, candidateLastLogTerm=0, candidateLastLogIndex=0
15:35:47.975 [vert.x-eventloop-thread-0] DEBUG d.m.quorus.controller.raft.RaftNode [FOLLOWER/1] - Vote decision inputs: canGrantVoteForCandidate=false, candidateLogUpToDate=true, canGrant=false, effectiveLocalTerm=1
15:35:47.976 [vert.x-eventloop-thread-0] DEBUG d.m.quorus.controller.raft.RaftNode [FOLLOWER/1] - Vote rejected: already voted for candidate-0 in term 1
15:35:47.976 [vert.x-eventloop-thread-0] DEBUG d.m.quorus.controller.raft.RaftNode [FOLLOWER/1] - Handling vote request: candidateId=candidate-20, requestTerm=1, localTerm=1, localVotedFor=candidate-0, candidateLastLogTerm=0, candidateLastLogIndex=0
15:35:47.976 [vert.x-eventloop-thread-0] DEBUG d.m.quorus.controller.raft.RaftNode [FOLLOWER/1] - Vote decision inputs: canGrantVoteForCandidate=false, candidateLogUpToDate=true, canGrant=false, effectiveLocalTerm=1
15:35:47.976 [vert.x-eventloop-thread-0] DEBUG d.m.quorus.controller.raft.RaftNode [FOLLOWER/1] - Vote rejected: already voted for candidate-0 in term 1
15:35:47.976 [vert.x-eventloop-thread-0] DEBUG d.m.quorus.controller.raft.RaftNode [FOLLOWER/1] - Handling vote request: candidateId=candidate-21, requestTerm=1, localTerm=1, localVotedFor=candidate-0, candidateLastLogTerm=0, candidateLastLogIndex=0
15:35:47.977 [vert.x-eventloop-thread-0] DEBUG d.m.quorus.controller.raft.RaftNode [FOLLOWER/1] - Vote decision inputs: canGrantVoteForCandidate=false, candidateLogUpToDate=true, canGrant=false, effectiveLocalTerm=1
15:35:47.977 [vert.x-eventloop-thread-0] DEBUG d.m.quorus.controller.raft.RaftNode [FOLLOWER/1] - Vote rejected: already voted for candidate-0 in term 1
15:35:47.977 [vert.x-eventloop-thread-0] DEBUG d.m.quorus.controller.raft.RaftNode [FOLLOWER/1] - Handling vote request: candidateId=candidate-22, requestTerm=1, localTerm=1, localVotedFor=candidate-0, candidateLastLogTerm=0, candidateLastLogIndex=0
15:35:47.977 [vert.x-eventloop-thread-0] DEBUG d.m.quorus.controller.raft.RaftNode [FOLLOWER/1] - Vote decision inputs: canGrantVoteForCandidate=false, candidateLogUpToDate=true, canGrant=false, effectiveLocalTerm=1
15:35:47.977 [vert.x-eventloop-thread-0] DEBUG d.m.quorus.controller.raft.RaftNode [FOLLOWER/1] - Vote rejected: already voted for candidate-0 in term 1
15:35:47.977 [vert.x-eventloop-thread-0] DEBUG d.m.quorus.controller.raft.RaftNode [FOLLOWER/1] - Handling vote request: candidateId=candidate-23, requestTerm=1, localTerm=1, localVotedFor=candidate-0, candidateLastLogTerm=0, candidateLastLogIndex=0
15:35:47.978 [vert.x-eventloop-thread-0] DEBUG d.m.quorus.controller.raft.RaftNode [FOLLOWER/1] - Vote decision inputs: canGrantVoteForCandidate=false, candidateLogUpToDate=true, canGrant=false, effectiveLocalTerm=1
15:35:47.978 [vert.x-eventloop-thread-0] DEBUG d.m.quorus.controller.raft.RaftNode [FOLLOWER/1] - Vote rejected: already voted for candidate-0 in term 1
15:35:47.978 [vert.x-eventloop-thread-0] DEBUG d.m.quorus.controller.raft.RaftNode [FOLLOWER/1] - Handling vote request: candidateId=candidate-24, requestTerm=1, localTerm=1, localVotedFor=candidate-0, candidateLastLogTerm=0, candidateLastLogIndex=0
15:35:47.978 [vert.x-eventloop-thread-0] DEBUG d.m.quorus.controller.raft.RaftNode [FOLLOWER/1] - Vote decision inputs: canGrantVoteForCandidate=false, candidateLogUpToDate=true, canGrant=false, effectiveLocalTerm=1
15:35:47.978 [vert.x-eventloop-thread-0] DEBUG d.m.quorus.controller.raft.RaftNode [FOLLOWER/1] - Vote rejected: already voted for candidate-0 in term 1
15:35:47.978 [vert.x-eventloop-thread-0] DEBUG d.m.quorus.controller.raft.RaftNode [FOLLOWER/1] - Handling vote request: candidateId=candidate-25, requestTerm=1, localTerm=1, localVotedFor=candidate-0, candidateLastLogTerm=0, candidateLastLogIndex=0
15:35:47.979 [vert.x-eventloop-thread-0] DEBUG d.m.quorus.controller.raft.RaftNode [FOLLOWER/1] - Vote decision inputs: canGrantVoteForCandidate=false, candidateLogUpToDate=true, canGrant=false, effectiveLocalTerm=1
15:35:47.979 [vert.x-eventloop-thread-0] DEBUG d.m.quorus.controller.raft.RaftNode [FOLLOWER/1] - Vote rejected: already voted for candidate-0 in term 1
15:35:47.979 [vert.x-eventloop-thread-0] DEBUG d.m.quorus.controller.raft.RaftNode [FOLLOWER/1] - Handling vote request: candidateId=candidate-26, requestTerm=1, localTerm=1, localVotedFor=candidate-0, candidateLastLogTerm=0, candidateLastLogIndex=0
15:35:47.979 [vert.x-eventloop-thread-0] DEBUG d.m.quorus.controller.raft.RaftNode [FOLLOWER/1] - Vote decision inputs: canGrantVoteForCandidate=false, candidateLogUpToDate=true, canGrant=false, effectiveLocalTerm=1
15:35:47.979 [vert.x-eventloop-thread-0] DEBUG d.m.quorus.controller.raft.RaftNode [FOLLOWER/1] - Vote rejected: already voted for candidate-0 in term 1
15:35:47.980 [vert.x-eventloop-thread-0] DEBUG d.m.quorus.controller.raft.RaftNode [FOLLOWER/1] - Handling vote request: candidateId=candidate-27, requestTerm=1, localTerm=1, localVotedFor=candidate-0, candidateLastLogTerm=0, candidateLastLogIndex=0
15:35:47.980 [vert.x-eventloop-thread-0] DEBUG d.m.quorus.controller.raft.RaftNode [FOLLOWER/1] - Vote decision inputs: canGrantVoteForCandidate=false, candidateLogUpToDate=true, canGrant=false, effectiveLocalTerm=1
15:35:47.980 [vert.x-eventloop-thread-0] DEBUG d.m.quorus.controller.raft.RaftNode [FOLLOWER/1] - Vote rejected: already voted for candidate-0 in term 1
15:35:47.980 [vert.x-eventloop-thread-0] DEBUG d.m.quorus.controller.raft.RaftNode [FOLLOWER/1] - Handling vote request: candidateId=candidate-28, requestTerm=1, localTerm=1, localVotedFor=candidate-0, candidateLastLogTerm=0, candidateLastLogIndex=0
15:35:47.980 [vert.x-eventloop-thread-0] DEBUG d.m.quorus.controller.raft.RaftNode [FOLLOWER/1] - Vote decision inputs: canGrantVoteForCandidate=false, candidateLogUpToDate=true, canGrant=false, effectiveLocalTerm=1
15:35:47.981 [vert.x-eventloop-thread-0] DEBUG d.m.quorus.controller.raft.RaftNode [FOLLOWER/1] - Vote rejected: already voted for candidate-0 in term 1
15:35:47.981 [vert.x-eventloop-thread-0] DEBUG d.m.quorus.controller.raft.RaftNode [FOLLOWER/1] - Handling vote request: candidateId=candidate-29, requestTerm=1, localTerm=1, localVotedFor=candidate-0, candidateLastLogTerm=0, candidateLastLogIndex=0
15:35:47.981 [vert.x-eventloop-thread-0] DEBUG d.m.quorus.controller.raft.RaftNode [FOLLOWER/1] - Vote decision inputs: canGrantVoteForCandidate=false, candidateLogUpToDate=true, canGrant=false, effectiveLocalTerm=1
15:35:47.982 [vert.x-eventloop-thread-0] DEBUG d.m.quorus.controller.raft.RaftNode [FOLLOWER/1] - Vote rejected: already voted for candidate-0 in term 1
15:35:47.982 [vert.x-eventloop-thread-0] DEBUG d.m.quorus.controller.raft.RaftNode [FOLLOWER/1] - Handling vote request: candidateId=candidate-30, requestTerm=1, localTerm=1, localVotedFor=candidate-0, candidateLastLogTerm=0, candidateLastLogIndex=0
15:35:47.982 [vert.x-eventloop-thread-0] DEBUG d.m.quorus.controller.raft.RaftNode [FOLLOWER/1] - Vote decision inputs: canGrantVoteForCandidate=false, candidateLogUpToDate=true, canGrant=false, effectiveLocalTerm=1
15:35:47.982 [vert.x-eventloop-thread-0] DEBUG d.m.quorus.controller.raft.RaftNode [FOLLOWER/1] - Vote rejected: already voted for candidate-0 in term 1
15:35:47.982 [vert.x-eventloop-thread-0] DEBUG d.m.quorus.controller.raft.RaftNode [FOLLOWER/1] - Handling vote request: candidateId=candidate-31, requestTerm=1, localTerm=1, localVotedFor=candidate-0, candidateLastLogTerm=0, candidateLastLogIndex=0
15:35:47.983 [vert.x-eventloop-thread-0] DEBUG d.m.quorus.controller.raft.RaftNode [FOLLOWER/1] - Vote decision inputs: canGrantVoteForCandidate=false, candidateLogUpToDate=true, canGrant=false, effectiveLocalTerm=1
15:35:47.983 [vert.x-eventloop-thread-0] DEBUG d.m.quorus.controller.raft.RaftNode [FOLLOWER/1] - Vote rejected: already voted for candidate-0 in term 1
15:35:47.987 [vert.x-eventloop-thread-0] INFO  d.m.q.c.r.InMemoryTransportSimulator [FOLLOWER/1] - Stopped in-memory transport for node: voter
15:35:47.987 [vert.x-eventloop-thread-0] INFO  d.m.q.c.r.s.RaftLogStorageAdapter [FOLLOWER/1] - Closing RaftLog storage
15:35:47.992 [vert.x-worker-thread-1] INFO  d.m.raftlog.storage.FileRaftStorage - Closing WAL storage at: C:\Users\mraysmit\AppData\Local\Temp\junit8878822011123265141
15:35:47.994 [vert.x-worker-thread-1] INFO  d.m.raftlog.storage.FileRaftStorage - WAL storage closed
15:35:47.994 [vert.x-eventloop-thread-0] INFO  d.m.quorus.controller.raft.RaftNode [FOLLOWER/1] - Raft node stopped: voter
15:35:47.995 [ForkJoinPool-1-worker-1] INFO  d.m.raftlog.storage.FileRaftStorage - FileRaftStorage initialized: syncEnabled=true, verifyWrites=false, maxPayloadSize=16 MB, minFreeSpace=64 MB
15:35:47.995 [ForkJoinPool-1-worker-1] INFO  d.m.q.c.r.s.RaftLogStorageAdapter - RaftLogStorageAdapter created with delegate: FileRaftStorage
15:35:47.996 [ForkJoinPool-1-worker-1] INFO  d.m.q.c.r.s.RaftLogStorageAdapter - Opening RaftLog storage at: C:\Users\mraysmit\AppData\Local\Temp\junit8878822011123265141
15:35:47.997 [wal-executor] INFO  d.m.raftlog.storage.FileRaftStorage - Opening WAL storage at: C:\Users\mraysmit\AppData\Local\Temp\junit8878822011123265141
15:35:47.998 [wal-executor] INFO  d.m.raftlog.storage.FileRaftStorage - Exclusive lock acquired: C:\Users\mraysmit\AppData\Local\Temp\junit8878822011123265141\raft.lock
15:35:48.004 [wal-executor] INFO  d.m.raftlog.storage.FileRaftStorage - WAL opened successfully: path=C:\Users\mraysmit\AppData\Local\Temp\junit8878822011123265141\raft.log, size=0 bytes
15:35:48.005 [ForkJoinPool-1-worker-1] DEBUG d.m.q.c.r.s.RaftLogStorageAdapter - Loading metadata
15:35:48.020 [wal-executor] INFO  d.m.raftlog.storage.FileRaftStorage - Metadata loaded: term=1, votedFor=candidate-0
15:35:48.023 [ForkJoinPool-1-worker-1] INFO  d.m.q.c.r.s.RaftLogStorageAdapter - Closing RaftLog storage
15:35:48.025 [vert.x-worker-thread-2] INFO  d.m.raftlog.storage.FileRaftStorage - Closing WAL storage at: C:\Users\mraysmit\AppData\Local\Temp\junit8878822011123265141
15:35:48.025 [vert.x-worker-thread-2] INFO  d.m.raftlog.storage.FileRaftStorage - WAL storage closed
15:35:48.026 [ForkJoinPool-1-worker-1] INFO  d.m.q.c.r.InMemoryTransportSimulator - Healed all network partitions
[INFO] Tests run: 2, Failures: 0, Errors: 0, Skipped: 0, Time elapsed: 1.685 s -- in dev.mars.quorus.controller.raft.ConcurrentVoteBoundaryTest
[INFO] Running dev.mars.quorus.controller.raft.EnhancedInMemoryTransportTest
15:35:48.145 [ForkJoinPool-1-worker-1] INFO  d.m.q.c.r.InMemoryTransportSimulator - Healed all network partitions
15:35:48.146 [ForkJoinPool-1-worker-1] INFO  d.m.q.c.r.EnhancedInMemoryTransportTest - === Testing Network Partition ===
15:35:48.155 [ForkJoinPool-1-worker-1] DEBUG d.m.q.c.state.QuorusStateStore - Initializing default metadata: version=2.0
15:35:48.156 [ForkJoinPool-1-worker-1] DEBUG d.m.q.c.state.QuorusStateStore - Initializing default metadata: version=2.0
15:35:48.156 [ForkJoinPool-1-worker-1] DEBUG d.m.q.c.state.QuorusStateStore - Initializing default metadata: version=2.0
15:35:48.156 [vert.x-eventloop-thread-0] INFO  d.m.quorus.controller.raft.RaftNode - Starting Raft node: node1
15:35:48.156 [vert.x-eventloop-thread-0] INFO  d.m.quorus.controller.raft.RaftNode [FOLLOWER/0] - No storage configured, running in volatile mode
15:35:48.156 [vert.x-eventloop-thread-0] INFO  d.m.q.c.r.InMemoryTransportSimulator [FOLLOWER/0] - Started in-memory transport for node: node1
15:35:48.157 [vert.x-eventloop-thread-0] INFO  d.m.quorus.controller.raft.RaftNode [FOLLOWER/0] - Raft node node1 started successfully (term=0, logSize=1)
15:35:48.157 [vert.x-eventloop-thread-0] INFO  d.m.quorus.controller.raft.RaftNode [FOLLOWER/0] - Starting Raft node: node2
15:35:48.157 [vert.x-eventloop-thread-0] INFO  d.m.quorus.controller.raft.RaftNode [FOLLOWER/0] - No storage configured, running in volatile mode
15:35:48.157 [vert.x-eventloop-thread-0] INFO  d.m.q.c.r.InMemoryTransportSimulator [FOLLOWER/0] - Started in-memory transport for node: node2
15:35:48.157 [vert.x-eventloop-thread-0] INFO  d.m.quorus.controller.raft.RaftNode [FOLLOWER/0] - Raft node node2 started successfully (term=0, logSize=1)
15:35:48.157 [vert.x-eventloop-thread-0] INFO  d.m.quorus.controller.raft.RaftNode [FOLLOWER/0] - Starting Raft node: node3
15:35:48.157 [vert.x-eventloop-thread-0] INFO  d.m.quorus.controller.raft.RaftNode [FOLLOWER/0] - No storage configured, running in volatile mode
15:35:48.158 [vert.x-eventloop-thread-0] INFO  d.m.q.c.r.InMemoryTransportSimulator [FOLLOWER/0] - Started in-memory transport for node: node3
15:35:48.158 [vert.x-eventloop-thread-0] INFO  d.m.quorus.controller.raft.RaftNode [FOLLOWER/0] - Raft node node3 started successfully (term=0, logSize=1)
WARNING: A terminally deprecated method in sun.misc.Unsafe has been called
WARNING: sun.misc.Unsafe::arrayBaseOffset has been called by com.google.protobuf.UnsafeUtil$MemoryAccessor (file:/C:/Users/mraysmit/.m2/repository/com/google/protobuf/protobuf-java/3.25.5/protobuf-java-3.25.5.jar)
WARNING: Please consider reporting this to the maintainers of class com.google.protobuf.UnsafeUtil$MemoryAccessor
WARNING: sun.misc.Unsafe::arrayBaseOffset will be removed in a future release
15:35:49.173 [vert.x-eventloop-thread-0] INFO  d.m.quorus.controller.raft.RaftNode [FOLLOWER/0] - Starting election for node: node2
15:35:49.173 [vert.x-eventloop-thread-0] DEBUG d.m.quorus.controller.raft.RaftNode [CANDIDATE/1] - Persisting raft metadata: term=1, votedForPresent=true, votedFor=node2
15:35:49.235 [vert.x-eventloop-thread-0] DEBUG d.m.quorus.controller.raft.RaftNode [CANDIDATE/1] - Handling vote request: candidateId=node2, requestTerm=1, localTerm=0, localVotedFor=null, candidateLastLogTerm=0, candidateLastLogIndex=0
15:35:49.236 [vert.x-eventloop-thread-0] DEBUG d.m.quorus.controller.raft.RaftNode [CANDIDATE/1] - Higher term observed in vote request: requestTerm=1 > localTerm=0. Stepping down without immediate metadata persistence.
15:35:49.236 [vert.x-eventloop-thread-0] INFO  d.m.quorus.controller.raft.RaftNode [FOLLOWER/1] - Stepped down to FOLLOWER. Term: 1
15:35:49.236 [vert.x-eventloop-thread-0] DEBUG d.m.quorus.controller.raft.RaftNode [FOLLOWER/1] - Vote decision inputs: canGrantVoteForCandidate=true, candidateLogUpToDate=true, canGrant=true, effectiveLocalTerm=1
15:35:49.236 [vert.x-eventloop-thread-0] DEBUG d.m.quorus.controller.raft.RaftNode [FOLLOWER/1] - Persisting granted vote metadata: term=1, candidateId=node2
15:35:49.237 [vert.x-eventloop-thread-0] DEBUG d.m.quorus.controller.raft.RaftNode [FOLLOWER/1] - Persisting raft metadata: term=1, votedForPresent=true, votedFor=node2
15:35:49.237 [vert.x-eventloop-thread-0] INFO  d.m.quorus.controller.raft.RaftNode [FOLLOWER/1] - Vote granted to node2 for term 1
15:35:49.237 [vert.x-eventloop-thread-0] DEBUG d.m.q.c.r.InMemoryTransportSimulator [FOLLOWER/1] - Vote request from node2 to node1: true
15:35:49.238 [vert.x-eventloop-thread-0] DEBUG d.m.quorus.controller.raft.RaftNode [FOLLOWER/1] - Handling vote request: candidateId=node2, requestTerm=1, localTerm=0, localVotedFor=null, candidateLastLogTerm=0, candidateLastLogIndex=0
15:35:49.240 [vert.x-eventloop-thread-0] DEBUG d.m.quorus.controller.raft.RaftNode [FOLLOWER/1] - Higher term observed in vote request: requestTerm=1 > localTerm=0. Stepping down without immediate metadata persistence.
15:35:49.240 [vert.x-eventloop-thread-0] INFO  d.m.quorus.controller.raft.RaftNode [FOLLOWER/1] - Stepped down to FOLLOWER. Term: 1
15:35:49.240 [vert.x-eventloop-thread-0] DEBUG d.m.quorus.controller.raft.RaftNode [FOLLOWER/1] - Vote decision inputs: canGrantVoteForCandidate=true, candidateLogUpToDate=true, canGrant=true, effectiveLocalTerm=1
15:35:49.240 [vert.x-eventloop-thread-0] DEBUG d.m.quorus.controller.raft.RaftNode [FOLLOWER/1] - Persisting granted vote metadata: term=1, candidateId=node2
15:35:49.241 [vert.x-eventloop-thread-0] DEBUG d.m.quorus.controller.raft.RaftNode [FOLLOWER/1] - Persisting raft metadata: term=1, votedForPresent=true, votedFor=node2
15:35:49.241 [vert.x-eventloop-thread-0] INFO  d.m.quorus.controller.raft.RaftNode [FOLLOWER/1] - Vote granted to node2 for term 1
15:35:49.241 [vert.x-eventloop-thread-0] DEBUG d.m.q.c.r.InMemoryTransportSimulator [FOLLOWER/1] - Vote request from node2 to node3: true
15:35:49.241 [vert.x-eventloop-thread-0] INFO  d.m.quorus.controller.raft.RaftNode [LEADER/1] - Node node2 became LEADER for term 1
15:35:49.251 [vert.x-eventloop-thread-0] INFO  d.m.quorus.controller.raft.RaftNode [LEADER/1] - Command submitted at index 1 term 1
15:35:49.265 [ForkJoinPool-1-worker-1] INFO  d.m.q.c.r.EnhancedInMemoryTransportTest - Initial leader elected
15:35:49.266 [ForkJoinPool-1-worker-1] INFO  d.m.q.c.r.InMemoryTransportSimulator - Created network partition: [node1] | [node3, node2]
15:35:49.266 [ForkJoinPool-1-worker-1] INFO  d.m.q.c.r.EnhancedInMemoryTransportTest - Created network partition: {{node1}} | {{node2, node3}}
15:35:49.320 [pool-8-thread-6] DEBUG d.m.q.c.r.InMemoryTransportSimulator - Network partition prevents communication from node2 to node1
15:35:49.320 [vert.x-eventloop-thread-0] DEBUG d.m.quorus.controller.raft.RaftNode [LEADER/1] - AppendEntries success: logSize=1, commitIndex=0
15:35:49.321 [pool-8-thread-6] WARN  d.m.quorus.controller.raft.RaftNode - Failed to send AppendEntries to node1
15:35:49.324 [vert.x-eventloop-thread-0] DEBUG d.m.q.c.r.InMemoryTransportSimulator [LEADER/1] - Append entries from node2 to node3: true
15:35:49.327 [vert.x-eventloop-thread-0] DEBUG d.m.quorus.controller.raft.RaftNode [LEADER/1] - AppendEntries success: logSize=1, commitIndex=0
15:35:49.327 [vert.x-eventloop-thread-0] DEBUG d.m.q.c.r.InMemoryTransportSimulator [LEADER/1] - Append entries from node2 to node1: true
15:35:49.347 [vert.x-eventloop-thread-0] DEBUG d.m.quorus.controller.raft.RaftNode [LEADER/1] - AppendEntries success: logSize=2, commitIndex=0
15:35:49.348 [vert.x-eventloop-thread-0] DEBUG d.m.q.c.r.InMemoryTransportSimulator [LEADER/1] - Append entries from node2 to node3: true
15:35:49.348 [vert.x-eventloop-thread-0] DEBUG d.m.quorus.controller.raft.RaftNode [LEADER/1] - Committed leader no-op entry for term 1
15:35:49.375 [ForkJoinPool-1-worker-1] INFO  d.m.q.c.r.EnhancedInMemoryTransportTest - node1 state: FOLLOWER (leader: false)
15:35:49.376 [ForkJoinPool-1-worker-1] INFO  d.m.q.c.r.EnhancedInMemoryTransportTest - node2 state: LEADER (leader: true)
15:35:49.376 [ForkJoinPool-1-worker-1] INFO  d.m.q.c.r.EnhancedInMemoryTransportTest - node3 state: FOLLOWER (leader: false)
15:35:49.376 [ForkJoinPool-1-worker-1] INFO  d.m.q.c.r.InMemoryTransportSimulator - Healed all network partitions
15:35:49.376 [ForkJoinPool-1-worker-1] INFO  d.m.q.c.r.EnhancedInMemoryTransportTest - Healed network partition
15:35:49.467 [vert.x-eventloop-thread-0] DEBUG d.m.quorus.controller.raft.RaftNode [LEADER/1] - AppendEntries success: logSize=2, commitIndex=1
15:35:49.467 [vert.x-eventloop-thread-0] DEBUG d.m.q.c.r.InMemoryTransportSimulator [LEADER/1] - Append entries from node2 to node1: true
15:35:49.482 [vert.x-eventloop-thread-0] DEBUG d.m.quorus.controller.raft.RaftNode [LEADER/1] - AppendEntries success: logSize=2, commitIndex=1
15:35:49.483 [vert.x-eventloop-thread-0] DEBUG d.m.q.c.r.InMemoryTransportSimulator [LEADER/1] - Append entries from node2 to node3: true
15:35:49.484 [ForkJoinPool-1-worker-1] INFO  d.m.q.c.r.InMemoryTransportSimulator - Healed all network partitions
15:35:49.485 [vert.x-eventloop-thread-0] INFO  d.m.q.c.r.InMemoryTransportSimulator [LEADER/1] - Stopped in-memory transport for node: node1
15:35:49.485 [vert.x-eventloop-thread-0] INFO  d.m.quorus.controller.raft.RaftNode [LEADER/1] - Raft node stopped: node1
15:35:49.485 [vert.x-eventloop-thread-0] INFO  d.m.q.c.r.InMemoryTransportSimulator [LEADER/1] - Stopped in-memory transport for node: node2
15:35:49.485 [vert.x-eventloop-thread-0] INFO  d.m.quorus.controller.raft.RaftNode [LEADER/1] - Raft node stopped: node2
15:35:49.485 [vert.x-eventloop-thread-0] INFO  d.m.q.c.r.InMemoryTransportSimulator [LEADER/1] - Stopped in-memory transport for node: node3
15:35:49.485 [vert.x-eventloop-thread-0] INFO  d.m.quorus.controller.raft.RaftNode [LEADER/1] - Raft node stopped: node3
15:35:49.599 [ForkJoinPool-1-worker-1] INFO  d.m.q.c.r.InMemoryTransportSimulator - Healed all network partitions
15:35:49.600 [ForkJoinPool-1-worker-1] INFO  d.m.q.c.r.EnhancedInMemoryTransportTest - === Testing Message Reordering ===
15:35:49.601 [ForkJoinPool-1-worker-1] DEBUG d.m.q.c.state.QuorusStateStore - Initializing default metadata: version=2.0
15:35:49.601 [ForkJoinPool-1-worker-1] DEBUG d.m.q.c.state.QuorusStateStore - Initializing default metadata: version=2.0
15:35:49.603 [vert.x-eventloop-thread-0] INFO  d.m.quorus.controller.raft.RaftNode - Starting Raft node: leader
15:35:49.603 [vert.x-eventloop-thread-0] INFO  d.m.quorus.controller.raft.RaftNode [FOLLOWER/0] - No storage configured, running in volatile mode
15:35:49.603 [vert.x-eventloop-thread-0] INFO  d.m.q.c.r.InMemoryTransportSimulator [FOLLOWER/0] - Started in-memory transport for node: leader
15:35:49.603 [vert.x-eventloop-thread-0] INFO  d.m.quorus.controller.raft.RaftNode [FOLLOWER/0] - Raft node leader started successfully (term=0, logSize=1)
15:35:49.603 [vert.x-eventloop-thread-0] INFO  d.m.quorus.controller.raft.RaftNode [FOLLOWER/0] - Starting Raft node: follower
15:35:49.604 [vert.x-eventloop-thread-0] INFO  d.m.quorus.controller.raft.RaftNode [FOLLOWER/0] - No storage configured, running in volatile mode
15:35:49.604 [vert.x-eventloop-thread-0] INFO  d.m.q.c.r.InMemoryTransportSimulator [FOLLOWER/0] - Started in-memory transport for node: follower
15:35:49.604 [vert.x-eventloop-thread-0] INFO  d.m.quorus.controller.raft.RaftNode [FOLLOWER/0] - Raft node follower started successfully (term=0, logSize=1)
15:35:50.817 [vert.x-eventloop-thread-0] INFO  d.m.quorus.controller.raft.RaftNode [FOLLOWER/0] - Starting election for node: follower
15:35:50.817 [vert.x-eventloop-thread-0] DEBUG d.m.quorus.controller.raft.RaftNode [CANDIDATE/1] - Persisting raft metadata: term=1, votedForPresent=true, votedFor=follower
15:35:50.833 [vert.x-eventloop-thread-0] DEBUG d.m.quorus.controller.raft.RaftNode [CANDIDATE/1] - Handling vote request: candidateId=follower, requestTerm=1, localTerm=0, localVotedFor=null, candidateLastLogTerm=0, candidateLastLogIndex=0
15:35:50.834 [vert.x-eventloop-thread-0] DEBUG d.m.quorus.controller.raft.RaftNode [CANDIDATE/1] - Higher term observed in vote request: requestTerm=1 > localTerm=0. Stepping down without immediate metadata persistence.
15:35:50.834 [vert.x-eventloop-thread-0] INFO  d.m.quorus.controller.raft.RaftNode [FOLLOWER/1] - Stepped down to FOLLOWER. Term: 1
15:35:50.834 [vert.x-eventloop-thread-0] DEBUG d.m.quorus.controller.raft.RaftNode [FOLLOWER/1] - Vote decision inputs: canGrantVoteForCandidate=true, candidateLogUpToDate=true, canGrant=true, effectiveLocalTerm=1
15:35:50.834 [vert.x-eventloop-thread-0] DEBUG d.m.quorus.controller.raft.RaftNode [FOLLOWER/1] - Persisting granted vote metadata: term=1, candidateId=follower
15:35:50.834 [vert.x-eventloop-thread-0] DEBUG d.m.quorus.controller.raft.RaftNode [FOLLOWER/1] - Persisting raft metadata: term=1, votedForPresent=true, votedFor=follower
15:35:50.834 [vert.x-eventloop-thread-0] INFO  d.m.quorus.controller.raft.RaftNode [FOLLOWER/1] - Vote granted to follower for term 1
15:35:50.834 [vert.x-eventloop-thread-0] DEBUG d.m.q.c.r.InMemoryTransportSimulator [FOLLOWER/1] - Vote request from follower to leader: true
15:35:50.834 [vert.x-eventloop-thread-0] INFO  d.m.quorus.controller.raft.RaftNode [LEADER/1] - Node follower became LEADER for term 1
15:35:50.835 [vert.x-eventloop-thread-0] INFO  d.m.quorus.controller.raft.RaftNode [LEADER/1] - Command submitted at index 1 term 1
15:35:50.835 [vert.x-eventloop-thread-0] DEBUG d.m.quorus.controller.raft.RaftNode [LEADER/1] - Committed leader no-op entry for term 1
15:35:50.849 [vert.x-eventloop-thread-0] DEBUG d.m.quorus.controller.raft.RaftNode [LEADER/1] - AppendEntries success: logSize=1, commitIndex=0
15:35:50.849 [vert.x-eventloop-thread-0] DEBUG d.m.q.c.r.InMemoryTransportSimulator [LEADER/1] - Append entries from follower to leader: true
15:35:50.851 [pool-14-thread-3] DEBUG d.m.q.c.r.InMemoryTransportSimulator - Reordered AppendEntries from follower to leader (delay: 46ms)
15:35:50.911 [vert.x-eventloop-thread-0] DEBUG d.m.quorus.controller.raft.RaftNode [LEADER/1] - AppendEntries success: logSize=2, commitIndex=0
15:35:50.911 [ForkJoinPool-1-worker-1] INFO  d.m.q.c.r.EnhancedInMemoryTransportTest - Leader count with reordering: 1
15:35:50.912 [ForkJoinPool-1-worker-1] INFO  d.m.q.c.r.InMemoryTransportSimulator - Healed all network partitions
15:35:50.913 [vert.x-eventloop-thread-0] INFO  d.m.q.c.r.InMemoryTransportSimulator [LEADER/1] - Stopped in-memory transport for node: leader
15:35:50.913 [vert.x-eventloop-thread-0] INFO  d.m.quorus.controller.raft.RaftNode [LEADER/1] - Raft node stopped: leader
15:35:50.915 [vert.x-eventloop-thread-0] INFO  d.m.q.c.r.InMemoryTransportSimulator [LEADER/1] - Stopped in-memory transport for node: follower
15:35:50.915 [vert.x-eventloop-thread-0] INFO  d.m.quorus.controller.raft.RaftNode [LEADER/1] - Raft node stopped: follower
15:35:51.018 [ForkJoinPool-1-worker-1] INFO  d.m.q.c.r.InMemoryTransportSimulator - Healed all network partitions
15:35:51.020 [ForkJoinPool-1-worker-1] INFO  d.m.q.c.r.EnhancedInMemoryTransportTest - === Testing Bandwidth Throttling ===
15:35:51.021 [ForkJoinPool-1-worker-1] DEBUG d.m.q.c.state.QuorusStateStore - Initializing default metadata: version=2.0
15:35:51.022 [ForkJoinPool-1-worker-1] DEBUG d.m.q.c.state.QuorusStateStore - Initializing default metadata: version=2.0
15:35:51.024 [vert.x-eventloop-thread-0] INFO  d.m.quorus.controller.raft.RaftNode - Starting Raft node: node1
15:35:51.024 [vert.x-eventloop-thread-0] INFO  d.m.quorus.controller.raft.RaftNode [FOLLOWER/0] - No storage configured, running in volatile mode
15:35:51.025 [vert.x-eventloop-thread-0] INFO  d.m.q.c.r.InMemoryTransportSimulator [FOLLOWER/0] - Started in-memory transport for node: node1
15:35:51.025 [vert.x-eventloop-thread-0] INFO  d.m.quorus.controller.raft.RaftNode [FOLLOWER/0] - Raft node node1 started successfully (term=0, logSize=1)
15:35:51.025 [vert.x-eventloop-thread-0] INFO  d.m.quorus.controller.raft.RaftNode [FOLLOWER/0] - Starting Raft node: node2
15:35:51.025 [vert.x-eventloop-thread-0] INFO  d.m.quorus.controller.raft.RaftNode [FOLLOWER/0] - No storage configured, running in volatile mode
15:35:51.025 [vert.x-eventloop-thread-0] INFO  d.m.q.c.r.InMemoryTransportSimulator [FOLLOWER/0] - Started in-memory transport for node: node2
15:35:51.025 [vert.x-eventloop-thread-0] INFO  d.m.quorus.controller.raft.RaftNode [FOLLOWER/0] - Raft node node2 started successfully (term=0, logSize=1)
15:35:52.578 [vert.x-eventloop-thread-0] INFO  d.m.quorus.controller.raft.RaftNode [FOLLOWER/0] - Starting election for node: node1
15:35:52.578 [vert.x-eventloop-thread-0] DEBUG d.m.quorus.controller.raft.RaftNode [CANDIDATE/1] - Persisting raft metadata: term=1, votedForPresent=true, votedFor=node1
15:35:52.594 [vert.x-eventloop-thread-0] INFO  d.m.quorus.controller.raft.RaftNode [CANDIDATE/1] - Starting election for node: node2
15:35:52.594 [vert.x-eventloop-thread-0] DEBUG d.m.quorus.controller.raft.RaftNode [CANDIDATE/1] - Persisting raft metadata: term=1, votedForPresent=true, votedFor=node2
15:35:52.609 [vert.x-eventloop-thread-0] DEBUG d.m.quorus.controller.raft.RaftNode [CANDIDATE/1] - Handling vote request: candidateId=node2, requestTerm=1, localTerm=1, localVotedFor=node1, candidateLastLogTerm=0, candidateLastLogIndex=0
15:35:52.609 [vert.x-eventloop-thread-0] DEBUG d.m.quorus.controller.raft.RaftNode [CANDIDATE/1] - Vote decision inputs: canGrantVoteForCandidate=false, candidateLogUpToDate=true, canGrant=false, effectiveLocalTerm=1
15:35:52.609 [vert.x-eventloop-thread-0] DEBUG d.m.quorus.controller.raft.RaftNode [CANDIDATE/1] - Vote rejected: already voted for node1 in term 1
15:35:52.609 [vert.x-eventloop-thread-0] DEBUG d.m.q.c.r.InMemoryTransportSimulator [CANDIDATE/1] - Vote request from node2 to node1: false
15:35:52.610 [vert.x-eventloop-thread-0] DEBUG d.m.quorus.controller.raft.RaftNode [CANDIDATE/1] - Handling vote request: candidateId=node1, requestTerm=1, localTerm=1, localVotedFor=node2, candidateLastLogTerm=0, candidateLastLogIndex=0
15:35:52.610 [vert.x-eventloop-thread-0] DEBUG d.m.quorus.controller.raft.RaftNode [CANDIDATE/1] - Vote decision inputs: canGrantVoteForCandidate=false, candidateLogUpToDate=true, canGrant=false, effectiveLocalTerm=1
15:35:52.610 [vert.x-eventloop-thread-0] DEBUG d.m.quorus.controller.raft.RaftNode [CANDIDATE/1] - Vote rejected: already voted for node2 in term 1
15:35:52.610 [vert.x-eventloop-thread-0] DEBUG d.m.q.c.r.InMemoryTransportSimulator [CANDIDATE/1] - Vote request from node1 to node2: false
15:35:54.234 [vert.x-eventloop-thread-0] INFO  d.m.quorus.controller.raft.RaftNode [CANDIDATE/1] - Starting election for node: node1
15:35:54.234 [vert.x-eventloop-thread-0] DEBUG d.m.quorus.controller.raft.RaftNode [CANDIDATE/2] - Persisting raft metadata: term=2, votedForPresent=true, votedFor=node1
15:35:54.249 [vert.x-eventloop-thread-0] DEBUG d.m.quorus.controller.raft.RaftNode [CANDIDATE/2] - Handling vote request: candidateId=node1, requestTerm=2, localTerm=1, localVotedFor=node2, candidateLastLogTerm=0, candidateLastLogIndex=0
15:35:54.250 [vert.x-eventloop-thread-0] DEBUG d.m.quorus.controller.raft.RaftNode [CANDIDATE/2] - Higher term observed in vote request: requestTerm=2 > localTerm=1. Stepping down without immediate metadata persistence.
15:35:54.250 [vert.x-eventloop-thread-0] INFO  d.m.quorus.controller.raft.RaftNode [FOLLOWER/2] - Stepped down to FOLLOWER. Term: 2
15:35:54.250 [vert.x-eventloop-thread-0] DEBUG d.m.quorus.controller.raft.RaftNode [FOLLOWER/2] - Vote decision inputs: canGrantVoteForCandidate=true, candidateLogUpToDate=true, canGrant=true, effectiveLocalTerm=2
15:35:54.250 [vert.x-eventloop-thread-0] DEBUG d.m.quorus.controller.raft.RaftNode [FOLLOWER/2] - Persisting granted vote metadata: term=2, candidateId=node1
15:35:54.250 [vert.x-eventloop-thread-0] DEBUG d.m.quorus.controller.raft.RaftNode [FOLLOWER/2] - Persisting raft metadata: term=2, votedForPresent=true, votedFor=node1
15:35:54.250 [vert.x-eventloop-thread-0] INFO  d.m.quorus.controller.raft.RaftNode [FOLLOWER/2] - Vote granted to node1 for term 2
15:35:54.250 [vert.x-eventloop-thread-0] DEBUG d.m.q.c.r.InMemoryTransportSimulator [FOLLOWER/2] - Vote request from node1 to node2: true
15:35:54.251 [vert.x-eventloop-thread-0] INFO  d.m.quorus.controller.raft.RaftNode [LEADER/2] - Node node1 became LEADER for term 2
15:35:54.251 [vert.x-eventloop-thread-0] INFO  d.m.quorus.controller.raft.RaftNode [LEADER/2] - Command submitted at index 1 term 2
15:35:54.251 [vert.x-eventloop-thread-0] DEBUG d.m.quorus.controller.raft.RaftNode [LEADER/2] - Committed leader no-op entry for term 2
15:35:54.264 [vert.x-eventloop-thread-0] DEBUG d.m.quorus.controller.raft.RaftNode [LEADER/2] - AppendEntries success: logSize=1, commitIndex=0
15:35:54.265 [vert.x-eventloop-thread-0] DEBUG d.m.q.c.r.InMemoryTransportSimulator [LEADER/2] - Append entries from node1 to node2: true
15:35:54.265 [vert.x-eventloop-thread-0] DEBUG d.m.quorus.controller.raft.RaftNode [LEADER/2] - AppendEntries success: logSize=2, commitIndex=0
15:35:54.265 [vert.x-eventloop-thread-0] DEBUG d.m.q.c.r.InMemoryTransportSimulator [LEADER/2] - Append entries from node1 to node2: true
15:35:54.344 [ForkJoinPool-1-worker-1] INFO  d.m.q.c.r.EnhancedInMemoryTransportTest - Time to elect leader with throttling: 3321ms
15:35:54.345 [ForkJoinPool-1-worker-1] INFO  d.m.q.c.r.InMemoryTransportSimulator - Healed all network partitions
15:35:54.346 [vert.x-eventloop-thread-0] INFO  d.m.q.c.r.InMemoryTransportSimulator [LEADER/2] - Stopped in-memory transport for node: node1
15:35:54.346 [vert.x-eventloop-thread-0] INFO  d.m.quorus.controller.raft.RaftNode [LEADER/2] - Raft node stopped: node1
15:35:54.346 [vert.x-eventloop-thread-0] INFO  d.m.q.c.r.InMemoryTransportSimulator [LEADER/2] - Stopped in-memory transport for node: node2
15:35:54.346 [vert.x-eventloop-thread-0] INFO  d.m.quorus.controller.raft.RaftNode [LEADER/2] - Raft node stopped: node2
15:35:54.431 [ForkJoinPool-1-worker-1] INFO  d.m.q.c.r.InMemoryTransportSimulator - Healed all network partitions
15:35:54.431 [ForkJoinPool-1-worker-1] INFO  d.m.q.c.r.EnhancedInMemoryTransportTest - === Testing Crash Failure Mode ===
15:35:54.432 [ForkJoinPool-1-worker-1] DEBUG d.m.q.c.state.QuorusStateStore - Initializing default metadata: version=2.0
15:35:54.432 [ForkJoinPool-1-worker-1] DEBUG d.m.q.c.state.QuorusStateStore - Initializing default metadata: version=2.0
15:35:54.433 [ForkJoinPool-1-worker-1] DEBUG d.m.q.c.state.QuorusStateStore - Initializing default metadata: version=2.0
15:35:54.434 [vert.x-eventloop-thread-0] INFO  d.m.quorus.controller.raft.RaftNode - Starting Raft node: node1
15:35:54.434 [vert.x-eventloop-thread-0] INFO  d.m.quorus.controller.raft.RaftNode [FOLLOWER/0] - No storage configured, running in volatile mode
15:35:54.434 [vert.x-eventloop-thread-0] INFO  d.m.q.c.r.InMemoryTransportSimulator [FOLLOWER/0] - Started in-memory transport for node: node1
15:35:54.434 [vert.x-eventloop-thread-0] INFO  d.m.quorus.controller.raft.RaftNode [FOLLOWER/0] - Raft node node1 started successfully (term=0, logSize=1)
15:35:54.434 [vert.x-eventloop-thread-0] INFO  d.m.quorus.controller.raft.RaftNode [FOLLOWER/0] - Starting Raft node: node2
15:35:54.434 [vert.x-eventloop-thread-0] INFO  d.m.quorus.controller.raft.RaftNode [FOLLOWER/0] - No storage configured, running in volatile mode
15:35:54.434 [vert.x-eventloop-thread-0] INFO  d.m.q.c.r.InMemoryTransportSimulator [FOLLOWER/0] - Started in-memory transport for node: node2
15:35:54.434 [vert.x-eventloop-thread-0] INFO  d.m.quorus.controller.raft.RaftNode [FOLLOWER/0] - Raft node node2 started successfully (term=0, logSize=1)
15:35:54.434 [vert.x-eventloop-thread-0] INFO  d.m.quorus.controller.raft.RaftNode [FOLLOWER/0] - Starting Raft node: node3
15:35:54.434 [vert.x-eventloop-thread-0] INFO  d.m.quorus.controller.raft.RaftNode [FOLLOWER/0] - No storage configured, running in volatile mode
15:35:54.434 [vert.x-eventloop-thread-0] INFO  d.m.q.c.r.InMemoryTransportSimulator [FOLLOWER/0] - Started in-memory transport for node: node3
15:35:54.434 [vert.x-eventloop-thread-0] INFO  d.m.quorus.controller.raft.RaftNode [FOLLOWER/0] - Raft node node3 started successfully (term=0, logSize=1)
15:35:55.331 [vert.x-eventloop-thread-0] INFO  d.m.quorus.controller.raft.RaftNode [FOLLOWER/0] - Starting election for node: node1
15:35:55.331 [vert.x-eventloop-thread-0] DEBUG d.m.quorus.controller.raft.RaftNode [CANDIDATE/1] - Persisting raft metadata: term=1, votedForPresent=true, votedFor=node1
15:35:55.347 [vert.x-eventloop-thread-0] DEBUG d.m.quorus.controller.raft.RaftNode [CANDIDATE/1] - Handling vote request: candidateId=node1, requestTerm=1, localTerm=0, localVotedFor=null, candidateLastLogTerm=0, candidateLastLogIndex=0
15:35:55.347 [vert.x-eventloop-thread-0] DEBUG d.m.quorus.controller.raft.RaftNode [CANDIDATE/1] - Higher term observed in vote request: requestTerm=1 > localTerm=0. Stepping down without immediate metadata persistence.
15:35:55.348 [vert.x-eventloop-thread-0] INFO  d.m.quorus.controller.raft.RaftNode [FOLLOWER/1] - Stepped down to FOLLOWER. Term: 1
15:35:55.348 [vert.x-eventloop-thread-0] DEBUG d.m.quorus.controller.raft.RaftNode [FOLLOWER/1] - Vote decision inputs: canGrantVoteForCandidate=true, candidateLogUpToDate=true, canGrant=true, effectiveLocalTerm=1
15:35:55.348 [vert.x-eventloop-thread-0] DEBUG d.m.quorus.controller.raft.RaftNode [FOLLOWER/1] - Persisting granted vote metadata: term=1, candidateId=node1
15:35:55.348 [vert.x-eventloop-thread-0] DEBUG d.m.quorus.controller.raft.RaftNode [FOLLOWER/1] - Persisting raft metadata: term=1, votedForPresent=true, votedFor=node1
15:35:55.348 [vert.x-eventloop-thread-0] INFO  d.m.quorus.controller.raft.RaftNode [FOLLOWER/1] - Vote granted to node1 for term 1
15:35:55.348 [vert.x-eventloop-thread-0] DEBUG d.m.q.c.r.InMemoryTransportSimulator [FOLLOWER/1] - Vote request from node1 to node2: true
15:35:55.348 [vert.x-eventloop-thread-0] DEBUG d.m.quorus.controller.raft.RaftNode [FOLLOWER/1] - Handling vote request: candidateId=node1, requestTerm=1, localTerm=0, localVotedFor=null, candidateLastLogTerm=0, candidateLastLogIndex=0
15:35:55.348 [vert.x-eventloop-thread-0] DEBUG d.m.quorus.controller.raft.RaftNode [FOLLOWER/1] - Higher term observed in vote request: requestTerm=1 > localTerm=0. Stepping down without immediate metadata persistence.
15:35:55.348 [vert.x-eventloop-thread-0] INFO  d.m.quorus.controller.raft.RaftNode [FOLLOWER/1] - Stepped down to FOLLOWER. Term: 1
15:35:55.348 [vert.x-eventloop-thread-0] DEBUG d.m.quorus.controller.raft.RaftNode [FOLLOWER/1] - Vote decision inputs: canGrantVoteForCandidate=true, candidateLogUpToDate=true, canGrant=true, effectiveLocalTerm=1
15:35:55.348 [vert.x-eventloop-thread-0] DEBUG d.m.quorus.controller.raft.RaftNode [FOLLOWER/1] - Persisting granted vote metadata: term=1, candidateId=node1
15:35:55.348 [vert.x-eventloop-thread-0] DEBUG d.m.quorus.controller.raft.RaftNode [FOLLOWER/1] - Persisting raft metadata: term=1, votedForPresent=true, votedFor=node1
15:35:55.349 [vert.x-eventloop-thread-0] INFO  d.m.quorus.controller.raft.RaftNode [FOLLOWER/1] - Vote granted to node1 for term 1
15:35:55.349 [vert.x-eventloop-thread-0] DEBUG d.m.q.c.r.InMemoryTransportSimulator [FOLLOWER/1] - Vote request from node1 to node3: true
15:35:55.349 [vert.x-eventloop-thread-0] INFO  d.m.quorus.controller.raft.RaftNode [LEADER/1] - Node node1 became LEADER for term 1
15:35:55.350 [vert.x-eventloop-thread-0] INFO  d.m.quorus.controller.raft.RaftNode [LEADER/1] - Command submitted at index 1 term 1
15:35:55.364 [vert.x-eventloop-thread-0] DEBUG d.m.quorus.controller.raft.RaftNode [LEADER/1] - AppendEntries success: logSize=1, commitIndex=0
15:35:55.364 [vert.x-eventloop-thread-0] DEBUG d.m.q.c.r.InMemoryTransportSimulator [LEADER/1] - Append entries from node1 to node3: true
15:35:55.379 [vert.x-eventloop-thread-0] DEBUG d.m.quorus.controller.raft.RaftNode [LEADER/1] - AppendEntries success: logSize=2, commitIndex=0
15:35:55.379 [vert.x-eventloop-thread-0] DEBUG d.m.q.c.r.InMemoryTransportSimulator [LEADER/1] - Append entries from node1 to node3: true
15:35:55.379 [vert.x-eventloop-thread-0] DEBUG d.m.quorus.controller.raft.RaftNode [LEADER/1] - AppendEntries success: logSize=1, commitIndex=0
15:35:55.379 [vert.x-eventloop-thread-0] DEBUG d.m.q.c.r.InMemoryTransportSimulator [LEADER/1] - Append entries from node1 to node2: true
15:35:55.379 [vert.x-eventloop-thread-0] DEBUG d.m.quorus.controller.raft.RaftNode [LEADER/1] - Committed leader no-op entry for term 1
15:35:55.380 [vert.x-eventloop-thread-0] DEBUG d.m.quorus.controller.raft.RaftNode [LEADER/1] - AppendEntries success: logSize=2, commitIndex=0
15:35:55.380 [vert.x-eventloop-thread-0] DEBUG d.m.q.c.r.InMemoryTransportSimulator [LEADER/1] - Append entries from node1 to node2: true
15:35:55.410 [ForkJoinPool-1-worker-1] INFO  d.m.q.c.r.EnhancedInMemoryTransportTest - Crashed node1
15:35:55.503 [pool-20-thread-7] WARN  d.m.quorus.controller.raft.RaftNode - Failed to send AppendEntries to node2
15:35:55.504 [pool-20-thread-8] WARN  d.m.quorus.controller.raft.RaftNode - Failed to send AppendEntries to node3
15:35:55.659 [pool-20-thread-10] WARN  d.m.quorus.controller.raft.RaftNode - Failed to send AppendEntries to node3
15:35:55.659 [pool-20-thread-9] WARN  d.m.quorus.controller.raft.RaftNode - Failed to send AppendEntries to node2
15:35:55.814 [pool-20-thread-1] WARN  d.m.quorus.controller.raft.RaftNode - Failed to send AppendEntries to node2
15:35:55.814 [pool-20-thread-2] WARN  d.m.quorus.controller.raft.RaftNode - Failed to send AppendEntries to node3
15:35:55.955 [pool-20-thread-4] WARN  d.m.quorus.controller.raft.RaftNode - Failed to send AppendEntries to node2
15:35:55.955 [pool-20-thread-6] WARN  d.m.quorus.controller.raft.RaftNode - Failed to send AppendEntries to node3
15:35:56.110 [pool-20-thread-3] WARN  d.m.quorus.controller.raft.RaftNode - Failed to send AppendEntries to node2
15:35:56.110 [pool-20-thread-5] WARN  d.m.quorus.controller.raft.RaftNode - Failed to send AppendEntries to node3
15:35:56.219 [vert.x-eventloop-thread-0] INFO  d.m.quorus.controller.raft.RaftNode [LEADER/1] - Starting election for node: node3
15:35:56.219 [vert.x-eventloop-thread-0] DEBUG d.m.quorus.controller.raft.RaftNode [CANDIDATE/2] - Persisting raft metadata: term=2, votedForPresent=true, votedFor=node3
15:35:56.234 [vert.x-eventloop-thread-0] DEBUG d.m.quorus.controller.raft.RaftNode [CANDIDATE/2] - Handling vote request: candidateId=node3, requestTerm=2, localTerm=1, localVotedFor=node1, candidateLastLogTerm=1, candidateLastLogIndex=1
15:35:56.234 [vert.x-eventloop-thread-0] DEBUG d.m.quorus.controller.raft.RaftNode [CANDIDATE/2] - Higher term observed in vote request: requestTerm=2 > localTerm=1. Stepping down without immediate metadata persistence.
15:35:56.234 [vert.x-eventloop-thread-0] INFO  d.m.quorus.controller.raft.RaftNode [FOLLOWER/2] - Stepped down to FOLLOWER. Term: 2
15:35:56.234 [vert.x-eventloop-thread-0] DEBUG d.m.quorus.controller.raft.RaftNode [FOLLOWER/2] - Vote decision inputs: canGrantVoteForCandidate=true, candidateLogUpToDate=true, canGrant=true, effectiveLocalTerm=2
15:35:56.234 [vert.x-eventloop-thread-0] DEBUG d.m.quorus.controller.raft.RaftNode [FOLLOWER/2] - Persisting granted vote metadata: term=2, candidateId=node3
15:35:56.235 [vert.x-eventloop-thread-0] DEBUG d.m.quorus.controller.raft.RaftNode [FOLLOWER/2] - Persisting raft metadata: term=2, votedForPresent=true, votedFor=node3
15:35:56.235 [vert.x-eventloop-thread-0] INFO  d.m.quorus.controller.raft.RaftNode [FOLLOWER/2] - Vote granted to node3 for term 2
15:35:56.235 [vert.x-eventloop-thread-0] DEBUG d.m.q.c.r.InMemoryTransportSimulator [FOLLOWER/2] - Vote request from node3 to node2: true
15:35:56.236 [vert.x-eventloop-thread-0] DEBUG d.m.quorus.controller.raft.RaftNode [FOLLOWER/2] - Handling vote request: candidateId=node3, requestTerm=2, localTerm=1, localVotedFor=node1, candidateLastLogTerm=1, candidateLastLogIndex=1
15:35:56.236 [vert.x-eventloop-thread-0] DEBUG d.m.quorus.controller.raft.RaftNode [FOLLOWER/2] - Higher term observed in vote request: requestTerm=2 > localTerm=1. Stepping down without immediate metadata persistence.
15:35:56.236 [vert.x-eventloop-thread-0] INFO  d.m.quorus.controller.raft.RaftNode [FOLLOWER/2] - Stepped down to FOLLOWER. Term: 2
15:35:56.236 [vert.x-eventloop-thread-0] DEBUG d.m.quorus.controller.raft.RaftNode [FOLLOWER/2] - Vote decision inputs: canGrantVoteForCandidate=true, candidateLogUpToDate=true, canGrant=true, effectiveLocalTerm=2
15:35:56.236 [vert.x-eventloop-thread-0] DEBUG d.m.quorus.controller.raft.RaftNode [FOLLOWER/2] - Persisting granted vote metadata: term=2, candidateId=node3
15:35:56.237 [vert.x-eventloop-thread-0] DEBUG d.m.quorus.controller.raft.RaftNode [FOLLOWER/2] - Persisting raft metadata: term=2, votedForPresent=true, votedFor=node3
15:35:56.237 [vert.x-eventloop-thread-0] INFO  d.m.quorus.controller.raft.RaftNode [FOLLOWER/2] - Vote granted to node3 for term 2
15:35:56.237 [vert.x-eventloop-thread-0] DEBUG d.m.q.c.r.InMemoryTransportSimulator [FOLLOWER/2] - Vote request from node3 to node1: true
15:35:56.237 [vert.x-eventloop-thread-0] INFO  d.m.quorus.controller.raft.RaftNode [LEADER/2] - Node node3 became LEADER for term 2
15:35:56.238 [vert.x-eventloop-thread-0] INFO  d.m.quorus.controller.raft.RaftNode [LEADER/2] - Command submitted at index 2 term 2
15:35:56.249 [vert.x-eventloop-thread-0] DEBUG d.m.quorus.controller.raft.RaftNode [LEADER/2] - AppendEntries success: logSize=3, commitIndex=1
15:35:56.249 [vert.x-eventloop-thread-0] DEBUG d.m.q.c.r.InMemoryTransportSimulator [LEADER/2] - Append entries from node3 to node1: true
15:35:56.249 [vert.x-eventloop-thread-0] DEBUG d.m.quorus.controller.raft.RaftNode [LEADER/2] - AppendEntries success: logSize=2, commitIndex=0
15:35:56.249 [vert.x-eventloop-thread-0] DEBUG d.m.q.c.r.InMemoryTransportSimulator [LEADER/2] - Append entries from node3 to node2: true
15:35:56.249 [vert.x-eventloop-thread-0] DEBUG d.m.quorus.controller.raft.RaftNode [LEADER/2] - Committed leader no-op entry for term 2
15:35:56.264 [vert.x-eventloop-thread-0] DEBUG d.m.quorus.controller.raft.RaftNode [LEADER/2] - AppendEntries success: logSize=3, commitIndex=1
15:35:56.264 [vert.x-eventloop-thread-0] DEBUG d.m.q.c.r.InMemoryTransportSimulator [LEADER/2] - Append entries from node3 to node1: true
15:35:56.264 [vert.x-eventloop-thread-0] DEBUG d.m.quorus.controller.raft.RaftNode [LEADER/2] - AppendEntries success: logSize=3, commitIndex=0
15:35:56.264 [vert.x-eventloop-thread-0] DEBUG d.m.q.c.r.InMemoryTransportSimulator [LEADER/2] - Append entries from node3 to node2: true
15:35:56.280 [ForkJoinPool-1-worker-1] INFO  d.m.q.c.r.EnhancedInMemoryTransportTest - After crash - node2 leader: false, node3 leader: true
15:35:56.281 [ForkJoinPool-1-worker-1] INFO  d.m.q.c.r.EnhancedInMemoryTransportTest - Recovered node1 from crash
15:35:56.393 [ForkJoinPool-1-worker-1] INFO  d.m.q.c.r.InMemoryTransportSimulator - Healed all network partitions
15:35:56.394 [vert.x-eventloop-thread-0] INFO  d.m.q.c.r.InMemoryTransportSimulator [LEADER/2] - Stopped in-memory transport for node: node1
15:35:56.394 [vert.x-eventloop-thread-0] INFO  d.m.quorus.controller.raft.RaftNode [LEADER/2] - Raft node stopped: node1
15:35:56.394 [vert.x-eventloop-thread-0] INFO  d.m.q.c.r.InMemoryTransportSimulator [LEADER/2] - Stopped in-memory transport for node: node2
15:35:56.394 [vert.x-eventloop-thread-0] INFO  d.m.quorus.controller.raft.RaftNode [LEADER/2] - Raft node stopped: node2
15:35:56.394 [vert.x-eventloop-thread-0] INFO  d.m.q.c.r.InMemoryTransportSimulator [LEADER/2] - Stopped in-memory transport for node: node3
15:35:56.394 [vert.x-eventloop-thread-0] INFO  d.m.quorus.controller.raft.RaftNode [LEADER/2] - Raft node stopped: node3
15:35:56.407 [pool-24-thread-8] WARN  d.m.quorus.controller.raft.RaftNode - Failed to send AppendEntries to node1
15:35:56.407 [pool-24-thread-7] WARN  d.m.quorus.controller.raft.RaftNode - Failed to send AppendEntries to node2
15:35:56.483 [ForkJoinPool-1-worker-1] INFO  d.m.q.c.r.InMemoryTransportSimulator - Healed all network partitions
15:35:56.483 [ForkJoinPool-1-worker-1] INFO  d.m.q.c.r.EnhancedInMemoryTransportTest - === Testing Byzantine Failure Mode ===
15:35:56.484 [ForkJoinPool-1-worker-1] DEBUG d.m.q.c.state.QuorusStateStore - Initializing default metadata: version=2.0
15:35:56.484 [ForkJoinPool-1-worker-1] DEBUG d.m.q.c.state.QuorusStateStore - Initializing default metadata: version=2.0
15:35:56.485 [ForkJoinPool-1-worker-1] DEBUG d.m.q.c.state.QuorusStateStore - Initializing default metadata: version=2.0
15:35:56.486 [vert.x-eventloop-thread-0] INFO  d.m.quorus.controller.raft.RaftNode - Starting Raft node: node1
15:35:56.486 [vert.x-eventloop-thread-0] INFO  d.m.quorus.controller.raft.RaftNode [FOLLOWER/0] - No storage configured, running in volatile mode
15:35:56.486 [vert.x-eventloop-thread-0] INFO  d.m.q.c.r.InMemoryTransportSimulator [FOLLOWER/0] - Started in-memory transport for node: node1
15:35:56.486 [vert.x-eventloop-thread-0] INFO  d.m.quorus.controller.raft.RaftNode [FOLLOWER/0] - Raft node node1 started successfully (term=0, logSize=1)
15:35:56.486 [vert.x-eventloop-thread-0] INFO  d.m.quorus.controller.raft.RaftNode [FOLLOWER/0] - Starting Raft node: node2
15:35:56.486 [vert.x-eventloop-thread-0] INFO  d.m.quorus.controller.raft.RaftNode [FOLLOWER/0] - No storage configured, running in volatile mode
15:35:56.486 [vert.x-eventloop-thread-0] INFO  d.m.q.c.r.InMemoryTransportSimulator [FOLLOWER/0] - Started in-memory transport for node: node2
15:35:56.486 [vert.x-eventloop-thread-0] INFO  d.m.quorus.controller.raft.RaftNode [FOLLOWER/0] - Raft node node2 started successfully (term=0, logSize=1)
15:35:56.486 [vert.x-eventloop-thread-0] INFO  d.m.quorus.controller.raft.RaftNode [FOLLOWER/0] - Starting Raft node: node3
15:35:56.487 [vert.x-eventloop-thread-0] INFO  d.m.quorus.controller.raft.RaftNode [FOLLOWER/0] - No storage configured, running in volatile mode
15:35:56.487 [vert.x-eventloop-thread-0] INFO  d.m.q.c.r.InMemoryTransportSimulator [FOLLOWER/0] - Started in-memory transport for node: node3
15:35:56.487 [vert.x-eventloop-thread-0] INFO  d.m.quorus.controller.raft.RaftNode [FOLLOWER/0] - Raft node node3 started successfully (term=0, logSize=1)
15:35:56.595 [ForkJoinPool-1-worker-1] INFO  d.m.q.c.r.EnhancedInMemoryTransportTest - Leader count with Byzantine node: 0
15:35:56.596 [ForkJoinPool-1-worker-1] INFO  d.m.q.c.r.InMemoryTransportSimulator - Healed all network partitions
15:35:56.597 [vert.x-eventloop-thread-0] INFO  d.m.q.c.r.InMemoryTransportSimulator [FOLLOWER/0] - Stopped in-memory transport for node: node1
15:35:56.597 [vert.x-eventloop-thread-0] INFO  d.m.quorus.controller.raft.RaftNode [FOLLOWER/0] - Raft node stopped: node1
15:35:56.597 [vert.x-eventloop-thread-0] INFO  d.m.q.c.r.InMemoryTransportSimulator [FOLLOWER/0] - Stopped in-memory transport for node: node2
15:35:56.597 [vert.x-eventloop-thread-0] INFO  d.m.quorus.controller.raft.RaftNode [FOLLOWER/0] - Raft node stopped: node2
15:35:56.598 [vert.x-eventloop-thread-0] INFO  d.m.q.c.r.InMemoryTransportSimulator [FOLLOWER/0] - Stopped in-memory transport for node: node3
15:35:56.598 [vert.x-eventloop-thread-0] INFO  d.m.quorus.controller.raft.RaftNode [FOLLOWER/0] - Raft node stopped: node3
15:35:56.668 [ForkJoinPool-1-worker-1] INFO  d.m.q.c.r.InMemoryTransportSimulator - Healed all network partitions
15:35:56.669 [ForkJoinPool-1-worker-1] INFO  d.m.q.c.r.EnhancedInMemoryTransportTest - === Testing SLOW Failure Mode ===
15:35:56.669 [ForkJoinPool-1-worker-1] DEBUG d.m.q.c.state.QuorusStateStore - Initializing default metadata: version=2.0
15:35:56.670 [ForkJoinPool-1-worker-1] DEBUG d.m.q.c.state.QuorusStateStore - Initializing default metadata: version=2.0
15:35:56.670 [vert.x-eventloop-thread-0] INFO  d.m.quorus.controller.raft.RaftNode - Starting Raft node: node1
15:35:56.671 [vert.x-eventloop-thread-0] INFO  d.m.quorus.controller.raft.RaftNode [FOLLOWER/0] - No storage configured, running in volatile mode
15:35:56.671 [vert.x-eventloop-thread-0] INFO  d.m.q.c.r.InMemoryTransportSimulator [FOLLOWER/0] - Started in-memory transport for node: node1
15:35:56.671 [vert.x-eventloop-thread-0] INFO  d.m.quorus.controller.raft.RaftNode [FOLLOWER/0] - Raft node node1 started successfully (term=0, logSize=1)
15:35:56.671 [vert.x-eventloop-thread-0] INFO  d.m.quorus.controller.raft.RaftNode [FOLLOWER/0] - Starting Raft node: node2
15:35:56.671 [vert.x-eventloop-thread-0] INFO  d.m.quorus.controller.raft.RaftNode [FOLLOWER/0] - No storage configured, running in volatile mode
15:35:56.671 [vert.x-eventloop-thread-0] INFO  d.m.q.c.r.InMemoryTransportSimulator [FOLLOWER/0] - Started in-memory transport for node: node2
15:35:56.671 [vert.x-eventloop-thread-0] INFO  d.m.quorus.controller.raft.RaftNode [FOLLOWER/0] - Raft node node2 started successfully (term=0, logSize=1)
15:35:57.697 [vert.x-eventloop-thread-0] INFO  d.m.quorus.controller.raft.RaftNode [FOLLOWER/0] - Starting election for node: node2
15:35:57.698 [vert.x-eventloop-thread-0] DEBUG d.m.quorus.controller.raft.RaftNode [CANDIDATE/1] - Persisting raft metadata: term=1, votedForPresent=true, votedFor=node2
15:35:57.712 [vert.x-eventloop-thread-0] DEBUG d.m.quorus.controller.raft.RaftNode [CANDIDATE/1] - Handling vote request: candidateId=node2, requestTerm=1, localTerm=0, localVotedFor=null, candidateLastLogTerm=0, candidateLastLogIndex=0
15:35:57.712 [vert.x-eventloop-thread-0] DEBUG d.m.quorus.controller.raft.RaftNode [CANDIDATE/1] - Higher term observed in vote request: requestTerm=1 > localTerm=0. Stepping down without immediate metadata persistence.
15:35:57.712 [vert.x-eventloop-thread-0] INFO  d.m.quorus.controller.raft.RaftNode [FOLLOWER/1] - Stepped down to FOLLOWER. Term: 1
15:35:57.713 [vert.x-eventloop-thread-0] DEBUG d.m.quorus.controller.raft.RaftNode [FOLLOWER/1] - Vote decision inputs: canGrantVoteForCandidate=true, candidateLogUpToDate=true, canGrant=true, effectiveLocalTerm=1
15:35:57.713 [vert.x-eventloop-thread-0] DEBUG d.m.quorus.controller.raft.RaftNode [FOLLOWER/1] - Persisting granted vote metadata: term=1, candidateId=node2
15:35:57.713 [vert.x-eventloop-thread-0] DEBUG d.m.quorus.controller.raft.RaftNode [FOLLOWER/1] - Persisting raft metadata: term=1, votedForPresent=true, votedFor=node2
15:35:57.713 [vert.x-eventloop-thread-0] INFO  d.m.quorus.controller.raft.RaftNode [FOLLOWER/1] - Vote granted to node2 for term 1
15:35:57.713 [vert.x-eventloop-thread-0] DEBUG d.m.q.c.r.InMemoryTransportSimulator [FOLLOWER/1] - Vote request from node2 to node1: true
15:35:57.714 [vert.x-eventloop-thread-0] INFO  d.m.quorus.controller.raft.RaftNode [LEADER/1] - Node node2 became LEADER for term 1
15:35:57.714 [vert.x-eventloop-thread-0] INFO  d.m.quorus.controller.raft.RaftNode [LEADER/1] - Command submitted at index 1 term 1
15:35:57.715 [vert.x-eventloop-thread-0] DEBUG d.m.quorus.controller.raft.RaftNode [LEADER/1] - Committed leader no-op entry for term 1
15:35:57.728 [vert.x-eventloop-thread-0] DEBUG d.m.quorus.controller.raft.RaftNode [LEADER/1] - AppendEntries success: logSize=1, commitIndex=0
15:35:57.728 [vert.x-eventloop-thread-0] DEBUG d.m.q.c.r.InMemoryTransportSimulator [LEADER/1] - Append entries from node2 to node1: true
15:35:57.743 [vert.x-eventloop-thread-0] DEBUG d.m.quorus.controller.raft.RaftNode [LEADER/1] - AppendEntries success: logSize=2, commitIndex=0
15:35:57.743 [vert.x-eventloop-thread-0] DEBUG d.m.q.c.r.InMemoryTransportSimulator [LEADER/1] - Append entries from node2 to node1: true
15:35:57.899 [ForkJoinPool-1-worker-1] INFO  d.m.q.c.r.EnhancedInMemoryTransportTest - Time with SLOW mode: 1229ms
15:35:57.900 [ForkJoinPool-1-worker-1] INFO  d.m.q.c.r.InMemoryTransportSimulator - Healed all network partitions
15:35:57.901 [vert.x-eventloop-thread-0] INFO  d.m.q.c.r.InMemoryTransportSimulator [LEADER/1] - Stopped in-memory transport for node: node1
15:35:57.901 [vert.x-eventloop-thread-0] INFO  d.m.quorus.controller.raft.RaftNode [LEADER/1] - Raft node stopped: node1
15:35:57.901 [vert.x-eventloop-thread-0] INFO  d.m.q.c.r.InMemoryTransportSimulator [LEADER/1] - Stopped in-memory transport for node: node2
15:35:57.901 [vert.x-eventloop-thread-0] INFO  d.m.quorus.controller.raft.RaftNode [LEADER/1] - Raft node stopped: node2
15:35:58.001 [ForkJoinPool-1-worker-1] INFO  d.m.q.c.r.InMemoryTransportSimulator - Healed all network partitions
15:35:58.002 [ForkJoinPool-1-worker-1] INFO  d.m.q.c.r.EnhancedInMemoryTransportTest - === Testing FLAKY Failure Mode ===
15:35:58.003 [ForkJoinPool-1-worker-1] DEBUG d.m.q.c.state.QuorusStateStore - Initializing default metadata: version=2.0
15:35:58.003 [ForkJoinPool-1-worker-1] DEBUG d.m.q.c.state.QuorusStateStore - Initializing default metadata: version=2.0
15:35:58.004 [ForkJoinPool-1-worker-1] DEBUG d.m.q.c.state.QuorusStateStore - Initializing default metadata: version=2.0
15:35:58.005 [vert.x-eventloop-thread-0] INFO  d.m.quorus.controller.raft.RaftNode - Starting Raft node: node1
15:35:58.005 [vert.x-eventloop-thread-0] INFO  d.m.quorus.controller.raft.RaftNode [FOLLOWER/0] - No storage configured, running in volatile mode
15:35:58.005 [vert.x-eventloop-thread-0] INFO  d.m.q.c.r.InMemoryTransportSimulator [FOLLOWER/0] - Started in-memory transport for node: node1
15:35:58.005 [vert.x-eventloop-thread-0] INFO  d.m.quorus.controller.raft.RaftNode [FOLLOWER/0] - Raft node node1 started successfully (term=0, logSize=1)
15:35:58.005 [vert.x-eventloop-thread-0] INFO  d.m.quorus.controller.raft.RaftNode [FOLLOWER/0] - Starting Raft node: node2
15:35:58.005 [vert.x-eventloop-thread-0] INFO  d.m.quorus.controller.raft.RaftNode [FOLLOWER/0] - No storage configured, running in volatile mode
15:35:58.006 [vert.x-eventloop-thread-0] INFO  d.m.q.c.r.InMemoryTransportSimulator [FOLLOWER/0] - Started in-memory transport for node: node2
15:35:58.006 [vert.x-eventloop-thread-0] INFO  d.m.quorus.controller.raft.RaftNode [FOLLOWER/0] - Raft node node2 started successfully (term=0, logSize=1)
15:35:58.006 [vert.x-eventloop-thread-0] INFO  d.m.quorus.controller.raft.RaftNode [FOLLOWER/0] - Starting Raft node: node3
15:35:58.006 [vert.x-eventloop-thread-0] INFO  d.m.quorus.controller.raft.RaftNode [FOLLOWER/0] - No storage configured, running in volatile mode
15:35:58.006 [vert.x-eventloop-thread-0] INFO  d.m.q.c.r.InMemoryTransportSimulator [FOLLOWER/0] - Started in-memory transport for node: node3
15:35:58.006 [vert.x-eventloop-thread-0] INFO  d.m.quorus.controller.raft.RaftNode [FOLLOWER/0] - Raft node node3 started successfully (term=0, logSize=1)
15:35:59.121 [vert.x-eventloop-thread-0] INFO  d.m.quorus.controller.raft.RaftNode [FOLLOWER/0] - Starting election for node: node2
15:35:59.121 [vert.x-eventloop-thread-0] DEBUG d.m.quorus.controller.raft.RaftNode [CANDIDATE/1] - Persisting raft metadata: term=1, votedForPresent=true, votedFor=node2
15:35:59.136 [vert.x-eventloop-thread-0] DEBUG d.m.quorus.controller.raft.RaftNode [CANDIDATE/1] - Handling vote request: candidateId=node2, requestTerm=1, localTerm=0, localVotedFor=null, candidateLastLogTerm=0, candidateLastLogIndex=0
15:35:59.137 [vert.x-eventloop-thread-0] DEBUG d.m.quorus.controller.raft.RaftNode [CANDIDATE/1] - Higher term observed in vote request: requestTerm=1 > localTerm=0. Stepping down without immediate metadata persistence.
15:35:59.137 [vert.x-eventloop-thread-0] INFO  d.m.quorus.controller.raft.RaftNode [FOLLOWER/1] - Stepped down to FOLLOWER. Term: 1
15:35:59.137 [vert.x-eventloop-thread-0] DEBUG d.m.quorus.controller.raft.RaftNode [FOLLOWER/1] - Vote decision inputs: canGrantVoteForCandidate=true, candidateLogUpToDate=true, canGrant=true, effectiveLocalTerm=1
15:35:59.137 [vert.x-eventloop-thread-0] DEBUG d.m.quorus.controller.raft.RaftNode [FOLLOWER/1] - Persisting granted vote metadata: term=1, candidateId=node2
15:35:59.137 [vert.x-eventloop-thread-0] DEBUG d.m.quorus.controller.raft.RaftNode [FOLLOWER/1] - Persisting raft metadata: term=1, votedForPresent=true, votedFor=node2
15:35:59.137 [vert.x-eventloop-thread-0] INFO  d.m.quorus.controller.raft.RaftNode [FOLLOWER/1] - Vote granted to node2 for term 1
15:35:59.137 [vert.x-eventloop-thread-0] DEBUG d.m.q.c.r.InMemoryTransportSimulator [FOLLOWER/1] - Vote request from node2 to node1: true
15:35:59.137 [vert.x-eventloop-thread-0] DEBUG d.m.quorus.controller.raft.RaftNode [FOLLOWER/1] - Handling vote request: candidateId=node2, requestTerm=1, localTerm=0, localVotedFor=null, candidateLastLogTerm=0, candidateLastLogIndex=0
15:35:59.137 [vert.x-eventloop-thread-0] DEBUG d.m.quorus.controller.raft.RaftNode [FOLLOWER/1] - Higher term observed in vote request: requestTerm=1 > localTerm=0. Stepping down without immediate metadata persistence.
15:35:59.137 [vert.x-eventloop-thread-0] INFO  d.m.quorus.controller.raft.RaftNode [FOLLOWER/1] - Stepped down to FOLLOWER. Term: 1
15:35:59.137 [vert.x-eventloop-thread-0] DEBUG d.m.quorus.controller.raft.RaftNode [FOLLOWER/1] - Vote decision inputs: canGrantVoteForCandidate=true, candidateLogUpToDate=true, canGrant=true, effectiveLocalTerm=1
15:35:59.137 [vert.x-eventloop-thread-0] DEBUG d.m.quorus.controller.raft.RaftNode [FOLLOWER/1] - Persisting granted vote metadata: term=1, candidateId=node2
15:35:59.137 [vert.x-eventloop-thread-0] DEBUG d.m.quorus.controller.raft.RaftNode [FOLLOWER/1] - Persisting raft metadata: term=1, votedForPresent=true, votedFor=node2
15:35:59.137 [vert.x-eventloop-thread-0] INFO  d.m.quorus.controller.raft.RaftNode [FOLLOWER/1] - Vote granted to node2 for term 1
15:35:59.138 [vert.x-eventloop-thread-0] DEBUG d.m.q.c.r.InMemoryTransportSimulator [FOLLOWER/1] - Vote request from node2 to node3: true
15:35:59.138 [vert.x-eventloop-thread-0] INFO  d.m.quorus.controller.raft.RaftNode [LEADER/1] - Node node2 became LEADER for term 1
15:35:59.138 [vert.x-eventloop-thread-0] INFO  d.m.quorus.controller.raft.RaftNode [LEADER/1] - Command submitted at index 1 term 1
15:35:59.152 [vert.x-eventloop-thread-0] DEBUG d.m.quorus.controller.raft.RaftNode [LEADER/1] - AppendEntries success: logSize=1, commitIndex=0
15:35:59.152 [vert.x-eventloop-thread-0] DEBUG d.m.q.c.r.InMemoryTransportSimulator [LEADER/1] - Append entries from node2 to node3: true
15:35:59.152 [vert.x-eventloop-thread-0] DEBUG d.m.quorus.controller.raft.RaftNode [LEADER/1] - AppendEntries success: logSize=1, commitIndex=0
15:35:59.153 [vert.x-eventloop-thread-0] DEBUG d.m.q.c.r.InMemoryTransportSimulator [LEADER/1] - Append entries from node2 to node1: true
15:35:59.153 [vert.x-eventloop-thread-0] DEBUG d.m.quorus.controller.raft.RaftNode [LEADER/1] - AppendEntries success: logSize=2, commitIndex=0
15:35:59.153 [vert.x-eventloop-thread-0] DEBUG d.m.q.c.r.InMemoryTransportSimulator [LEADER/1] - Append entries from node2 to node1: true
15:35:59.153 [vert.x-eventloop-thread-0] DEBUG d.m.quorus.controller.raft.RaftNode [LEADER/1] - Committed leader no-op entry for term 1
15:35:59.183 [vert.x-eventloop-thread-0] DEBUG d.m.quorus.controller.raft.RaftNode [LEADER/1] - AppendEntries success: logSize=2, commitIndex=0
15:35:59.184 [vert.x-eventloop-thread-0] DEBUG d.m.q.c.r.InMemoryTransportSimulator [LEADER/1] - Append entries from node2 to node3: true
15:35:59.200 [ForkJoinPool-1-worker-1] INFO  d.m.q.c.r.EnhancedInMemoryTransportTest - Leader count with FLAKY node: 1
15:35:59.201 [ForkJoinPool-1-worker-1] INFO  d.m.q.c.r.InMemoryTransportSimulator - Healed all network partitions
15:35:59.201 [vert.x-eventloop-thread-0] INFO  d.m.q.c.r.InMemoryTransportSimulator [LEADER/1] - Stopped in-memory transport for node: node1
15:35:59.201 [vert.x-eventloop-thread-0] INFO  d.m.quorus.controller.raft.RaftNode [LEADER/1] - Raft node stopped: node1
15:35:59.201 [vert.x-eventloop-thread-0] INFO  d.m.q.c.r.InMemoryTransportSimulator [LEADER/1] - Stopped in-memory transport for node: node2
15:35:59.201 [vert.x-eventloop-thread-0] INFO  d.m.quorus.controller.raft.RaftNode [LEADER/1] - Raft node stopped: node2
15:35:59.201 [vert.x-eventloop-thread-0] INFO  d.m.q.c.r.InMemoryTransportSimulator [LEADER/1] - Stopped in-memory transport for node: node3
15:35:59.201 [vert.x-eventloop-thread-0] INFO  d.m.quorus.controller.raft.RaftNode [LEADER/1] - Raft node stopped: node3
15:35:59.292 [ForkJoinPool-1-worker-1] INFO  d.m.q.c.r.InMemoryTransportSimulator - Healed all network partitions
15:35:59.293 [ForkJoinPool-1-worker-1] INFO  d.m.q.c.r.EnhancedInMemoryTransportTest - === Testing Combined Chaos Scenarios ===
15:35:59.294 [ForkJoinPool-1-worker-1] DEBUG d.m.q.c.state.QuorusStateStore - Initializing default metadata: version=2.0
15:35:59.294 [ForkJoinPool-1-worker-1] DEBUG d.m.q.c.state.QuorusStateStore - Initializing default metadata: version=2.0
15:35:59.294 [ForkJoinPool-1-worker-1] DEBUG d.m.q.c.state.QuorusStateStore - Initializing default metadata: version=2.0
15:35:59.296 [vert.x-eventloop-thread-0] INFO  d.m.quorus.controller.raft.RaftNode - Starting Raft node: node1
15:35:59.296 [vert.x-eventloop-thread-0] INFO  d.m.quorus.controller.raft.RaftNode [FOLLOWER/0] - No storage configured, running in volatile mode
15:35:59.296 [vert.x-eventloop-thread-0] INFO  d.m.q.c.r.InMemoryTransportSimulator [FOLLOWER/0] - Started in-memory transport for node: node1
15:35:59.297 [vert.x-eventloop-thread-0] INFO  d.m.quorus.controller.raft.RaftNode [FOLLOWER/0] - Raft node node1 started successfully (term=0, logSize=1)
15:35:59.297 [vert.x-eventloop-thread-0] INFO  d.m.quorus.controller.raft.RaftNode [FOLLOWER/0] - Starting Raft node: node2
15:35:59.297 [vert.x-eventloop-thread-0] INFO  d.m.quorus.controller.raft.RaftNode [FOLLOWER/0] - No storage configured, running in volatile mode
15:35:59.297 [vert.x-eventloop-thread-0] INFO  d.m.q.c.r.InMemoryTransportSimulator [FOLLOWER/0] - Started in-memory transport for node: node2
15:35:59.297 [vert.x-eventloop-thread-0] INFO  d.m.quorus.controller.raft.RaftNode [FOLLOWER/0] - Raft node node2 started successfully (term=0, logSize=1)
15:35:59.297 [vert.x-eventloop-thread-0] INFO  d.m.quorus.controller.raft.RaftNode [FOLLOWER/0] - Starting Raft node: node3
15:35:59.297 [vert.x-eventloop-thread-0] INFO  d.m.quorus.controller.raft.RaftNode [FOLLOWER/0] - No storage configured, running in volatile mode
15:35:59.297 [vert.x-eventloop-thread-0] INFO  d.m.q.c.r.InMemoryTransportSimulator [FOLLOWER/0] - Started in-memory transport for node: node3
15:35:59.297 [vert.x-eventloop-thread-0] INFO  d.m.quorus.controller.raft.RaftNode [FOLLOWER/0] - Raft node node3 started successfully (term=0, logSize=1)
15:35:59.509 [ForkJoinPool-1-worker-1] INFO  d.m.q.c.r.EnhancedInMemoryTransportTest - Leader count with combined chaos: 0
15:35:59.509 [ForkJoinPool-1-worker-1] INFO  d.m.q.c.r.InMemoryTransportSimulator - Healed all network partitions
15:35:59.510 [vert.x-eventloop-thread-0] INFO  d.m.q.c.r.InMemoryTransportSimulator [FOLLOWER/0] - Stopped in-memory transport for node: node1
15:35:59.510 [vert.x-eventloop-thread-0] INFO  d.m.quorus.controller.raft.RaftNode [FOLLOWER/0] - Raft node stopped: node1
15:35:59.510 [vert.x-eventloop-thread-0] INFO  d.m.q.c.r.InMemoryTransportSimulator [FOLLOWER/0] - Stopped in-memory transport for node: node2
15:35:59.510 [vert.x-eventloop-thread-0] INFO  d.m.quorus.controller.raft.RaftNode [FOLLOWER/0] - Raft node stopped: node2
15:35:59.510 [vert.x-eventloop-thread-0] INFO  d.m.q.c.r.InMemoryTransportSimulator [FOLLOWER/0] - Stopped in-memory transport for node: node3
15:35:59.511 [vert.x-eventloop-thread-0] INFO  d.m.quorus.controller.raft.RaftNode [FOLLOWER/0] - Raft node stopped: node3
[INFO] Tests run: 8, Failures: 0, Errors: 0, Skipped: 0, Time elapsed: 11.48 s -- in dev.mars.quorus.controller.raft.EnhancedInMemoryTransportTest
[INFO] Running dev.mars.quorus.controller.raft.FollowerRestartConsistencyTest
15:35:59.593 [ForkJoinPool-1-worker-1] INFO  d.m.raftlog.storage.FileRaftStorage - FileRaftStorage initialized: syncEnabled=true, verifyWrites=false, maxPayloadSize=16 MB, minFreeSpace=64 MB
15:35:59.594 [ForkJoinPool-1-worker-1] INFO  d.m.q.c.r.s.RaftLogStorageAdapter - RaftLogStorageAdapter created with delegate: FileRaftStorage
15:35:59.594 [ForkJoinPool-1-worker-1] INFO  d.m.q.c.r.s.RaftLogStorageAdapter - Opening RaftLog storage at: C:\Users\mraysmit\AppData\Local\Temp\junit503421054582317381\install-queue
15:35:59.594 [wal-executor] INFO  d.m.raftlog.storage.FileRaftStorage - Opening WAL storage at: C:\Users\mraysmit\AppData\Local\Temp\junit503421054582317381\install-queue
15:35:59.597 [wal-executor] INFO  d.m.raftlog.storage.FileRaftStorage - Exclusive lock acquired: C:\Users\mraysmit\AppData\Local\Temp\junit503421054582317381\install-queue\raft.lock
15:35:59.598 [wal-executor] INFO  d.m.raftlog.storage.FileRaftStorage - WAL opened successfully: path=C:\Users\mraysmit\AppData\Local\Temp\junit503421054582317381\install-queue\raft.log, size=0 bytes
15:35:59.604 [ForkJoinPool-1-worker-1] DEBUG d.m.q.c.state.QuorusStateStore - Initializing default metadata: version=2.0
15:35:59.605 [vert.x-eventloop-thread-0] INFO  d.m.quorus.controller.raft.RaftNode - Starting Raft node: follower
15:35:59.605 [vert.x-eventloop-thread-0] INFO  d.m.quorus.controller.raft.RaftNode [FOLLOWER/0] - Recovering Raft state from storage...
15:35:59.605 [vert.x-eventloop-thread-0] DEBUG d.m.q.c.r.s.RaftLogStorageAdapter [FOLLOWER/0] - Loading metadata
15:35:59.606 [vert.x-eventloop-thread-0] INFO  d.m.quorus.controller.raft.RaftNode [FOLLOWER/0] - Recovered metadata: term=0, votedFor=null
15:35:59.607 [vert.x-eventloop-thread-0] INFO  d.m.quorus.controller.raft.RaftNode [FOLLOWER/0] - No snapshot found, will rebuild from full log replay
15:35:59.607 [vert.x-eventloop-thread-0] INFO  d.m.q.c.r.s.RaftLogStorageAdapter [FOLLOWER/0] - Replaying WAL
15:35:59.607 [wal-executor] INFO  d.m.raftlog.storage.FileRaftStorage - Replaying WAL from: C:\Users\mraysmit\AppData\Local\Temp\junit503421054582317381\install-queue\raft.log
15:35:59.608 [wal-executor] INFO  d.m.raftlog.storage.FileRaftStorage - WAL replay complete: 0 entries recovered, 0 appends, 0 truncates, 1 ms
15:35:59.608 [vert.x-eventloop-thread-0] INFO  d.m.quorus.controller.raft.RaftNode [FOLLOWER/0] - Recovered 0 log entries from 0 storage records
15:35:59.608 [vert.x-eventloop-thread-0] INFO  d.m.quorus.controller.raft.RaftNode [FOLLOWER/0] - Rebuilding state machine from 0 entries...
15:35:59.608 [vert.x-eventloop-thread-0] DEBUG d.m.q.c.state.QuorusStateStore [FOLLOWER/0] - Resetting state machine: jobs=0, agents=0, metadata=1
15:35:59.608 [vert.x-eventloop-thread-0] DEBUG d.m.q.c.state.QuorusStateStore [FOLLOWER/0] - Initializing default metadata: version=2.0
15:35:59.608 [vert.x-eventloop-thread-0] INFO  d.m.q.c.state.QuorusStateStore [FOLLOWER/0] - State machine reset completed: version=2.0
15:35:59.608 [vert.x-eventloop-thread-0] INFO  d.m.quorus.controller.raft.RaftNode [FOLLOWER/0] - Multi-node recovery: deferring log application until leader commit advances
15:35:59.608 [vert.x-eventloop-thread-0] INFO  d.m.quorus.controller.raft.RaftNode [FOLLOWER/0] - Recovery complete: term=0, logSize=1, lastApplied=0, snapshotLastIndex=0
15:35:59.608 [vert.x-eventloop-thread-0] INFO  d.m.q.c.r.InMemoryTransportSimulator [FOLLOWER/0] - Started in-memory transport for node: follower
15:35:59.608 [vert.x-eventloop-thread-0] INFO  d.m.quorus.controller.raft.RaftNode [FOLLOWER/0] - Raft node follower started successfully (term=0, logSize=1)
15:35:59.609 [ForkJoinPool-1-worker-1] DEBUG d.m.q.c.state.QuorusStateStore - Initializing default metadata: version=2.0
15:35:59.614 [ForkJoinPool-1-worker-1] DEBUG d.m.q.c.state.QuorusStateStore - Taking state machine snapshot: jobs=0, agents=0, metadata=1, assignments=0, queue=0
15:35:59.790 [ForkJoinPool-1-worker-1] INFO  d.m.q.c.state.QuorusStateStore - Created snapshot: size=250bytes, jobs=0, agents=0, assignments=0, queue=0, routes=0, lastAppliedIndex=0
15:35:59.792 [vert.x-eventloop-thread-0] INFO  d.m.quorus.controller.raft.RaftNode [FOLLOWER/1] - Stepped down to FOLLOWER. Term: 1
15:35:59.792 [vert.x-eventloop-thread-0] DEBUG d.m.quorus.controller.raft.RaftNode [FOLLOWER/1] - Persisting raft metadata: term=1, votedForPresent=false, votedFor=<none>
15:35:59.793 [vert.x-eventloop-thread-0] DEBUG d.m.q.c.r.s.RaftLogStorageAdapter [FOLLOWER/1] - Updating metadata: term=1, votedFor=(none)
15:35:59.798 [wal-executor] INFO  d.m.raftlog.storage.FileRaftStorage - Metadata updated: term=1, votedFor=(none)
15:35:59.799 [vert.x-eventloop-thread-0] DEBUG d.m.quorus.controller.raft.RaftNode [FOLLOWER/1] - InstallSnapshot from leader: chunk 1/1, lastIncludedIndex=10
15:35:59.801 [vert.x-eventloop-thread-0] INFO  d.m.quorus.controller.raft.RaftNode [FOLLOWER/1] - InstallSnapshot complete: assembling 250 bytes at index=10, term=1
15:35:59.825 [vert.x-eventloop-thread-0] INFO  d.m.q.c.r.s.RaftLogStorageAdapter [FOLLOWER/1] - Saving snapshot: lastIncludedIndex=10, lastIncludedTerm=1, size=250bytes
15:35:59.838 [vert.x-eventloop-thread-0] DEBUG d.m.q.c.r.s.RaftLogStorageAdapter [FOLLOWER/1] - Truncating log suffix from index 11
15:35:59.840 [wal-executor] INFO  d.m.raftlog.storage.FileRaftStorage - Truncate record written: fromIndex=11
15:35:59.840 [vert.x-eventloop-thread-0] INFO  d.m.q.c.r.s.RaftLogStorageAdapter [FOLLOWER/1] - Compacting log prefix up to index 10
15:35:59.858 [wal-executor] INFO  d.m.raftlog.storage.FileRaftStorage - Replaying WAL from: C:\Users\mraysmit\AppData\Local\Temp\junit503421054582317381\install-queue\raft.log
15:35:59.870 [wal-executor] INFO  d.m.raftlog.storage.FileRaftStorage - WAL replay complete: 0 entries recovered, 0 appends, 1 truncates, 12 ms
15:35:59.876 [wal-executor] INFO  d.m.raftlog.storage.FileRaftStorage - Compacted WAL through index 10: 0 entries retained
15:35:59.877 [vert.x-eventloop-thread-0] DEBUG d.m.q.c.state.QuorusStateStore [FOLLOWER/1] - Restoring state machine snapshot: snapshotSize=250bytes
15:36:00.147 [vert.x-eventloop-thread-0] INFO  d.m.q.c.state.QuorusStateStore [FOLLOWER/1] - Restored snapshot: jobs=0, agents=0, metadata=1, assignments=0, queue=0, routes=0, lastAppliedIndex=0
15:36:00.147 [vert.x-eventloop-thread-0] INFO  d.m.quorus.controller.raft.RaftNode [FOLLOWER/1] - Snapshot installed: snapshotLastIndex=10, snapshotLastTerm=1, commitIndex=10
15:36:00.159 [vert.x-eventloop-thread-0] DEBUG d.m.q.c.r.s.RaftLogStorageAdapter [FOLLOWER/1] - Appending 1 entries (indices 11-11)
15:36:00.160 [wal-executor] INFO  d.m.raftlog.storage.FileRaftStorage - Appended 1 entries to WAL: indices [11-11], terms [1-1], 62 bytes
15:36:00.166 [vert.x-eventloop-thread-0] DEBUG d.m.quorus.controller.raft.RaftNode [FOLLOWER/1] - AppendEntries success: logSize=2, commitIndex=10
15:36:00.166 [vert.x-eventloop-thread-0] INFO  d.m.q.c.r.InMemoryTransportSimulator [FOLLOWER/1] - Stopped in-memory transport for node: follower
15:36:00.167 [vert.x-eventloop-thread-0] INFO  d.m.q.c.r.s.RaftLogStorageAdapter [FOLLOWER/1] - Closing RaftLog storage
15:36:00.167 [vert.x-worker-thread-3] INFO  d.m.raftlog.storage.FileRaftStorage - Closing WAL storage at: C:\Users\mraysmit\AppData\Local\Temp\junit503421054582317381\install-queue
15:36:00.167 [vert.x-worker-thread-3] INFO  d.m.raftlog.storage.FileRaftStorage - WAL storage closed
15:36:00.168 [vert.x-eventloop-thread-0] INFO  d.m.quorus.controller.raft.RaftNode [FOLLOWER/1] - Raft node stopped: follower
15:36:00.168 [ForkJoinPool-1-worker-1] INFO  d.m.q.c.r.InMemoryTransportSimulator - Healed all network partitions
15:36:00.236 [ForkJoinPool-1-worker-1] DEBUG d.m.q.c.state.QuorusStateStore - Initializing default metadata: version=2.0
15:36:00.237 [ForkJoinPool-1-worker-1] INFO  d.m.raftlog.storage.FileRaftStorage - FileRaftStorage initialized: syncEnabled=true, verifyWrites=false, maxPayloadSize=16 MB, minFreeSpace=64 MB
15:36:00.237 [ForkJoinPool-1-worker-1] INFO  d.m.q.c.r.s.RaftLogStorageAdapter - RaftLogStorageAdapter created with delegate: FileRaftStorage
15:36:00.237 [ForkJoinPool-1-worker-1] INFO  d.m.q.c.r.s.RaftLogStorageAdapter - Opening RaftLog storage at: C:\Users\mraysmit\AppData\Local\Temp\junit7036298403247054357\leader-raft
15:36:00.238 [wal-executor] INFO  d.m.raftlog.storage.FileRaftStorage - Opening WAL storage at: C:\Users\mraysmit\AppData\Local\Temp\junit7036298403247054357\leader-raft
15:36:00.239 [wal-executor] INFO  d.m.raftlog.storage.FileRaftStorage - Exclusive lock acquired: C:\Users\mraysmit\AppData\Local\Temp\junit7036298403247054357\leader-raft\raft.lock
15:36:00.241 [wal-executor] INFO  d.m.raftlog.storage.FileRaftStorage - WAL opened successfully: path=C:\Users\mraysmit\AppData\Local\Temp\junit7036298403247054357\leader-raft\raft.log, size=0 bytes
15:36:00.242 [vert.x-eventloop-thread-0] INFO  d.m.quorus.controller.raft.RaftNode - Starting Raft node: leader
15:36:00.242 [vert.x-eventloop-thread-0] INFO  d.m.quorus.controller.raft.RaftNode [FOLLOWER/0] - Recovering Raft state from storage...
15:36:00.242 [vert.x-eventloop-thread-0] DEBUG d.m.q.c.r.s.RaftLogStorageAdapter [FOLLOWER/0] - Loading metadata
15:36:00.242 [vert.x-eventloop-thread-0] INFO  d.m.quorus.controller.raft.RaftNode [FOLLOWER/0] - Recovered metadata: term=0, votedFor=null
15:36:00.243 [vert.x-eventloop-thread-0] INFO  d.m.quorus.controller.raft.RaftNode [FOLLOWER/0] - No snapshot found, will rebuild from full log replay
15:36:00.243 [vert.x-eventloop-thread-0] INFO  d.m.q.c.r.s.RaftLogStorageAdapter [FOLLOWER/0] - Replaying WAL
15:36:00.243 [wal-executor] INFO  d.m.raftlog.storage.FileRaftStorage - Replaying WAL from: C:\Users\mraysmit\AppData\Local\Temp\junit7036298403247054357\leader-raft\raft.log
15:36:00.243 [wal-executor] INFO  d.m.raftlog.storage.FileRaftStorage - WAL replay complete: 0 entries recovered, 0 appends, 0 truncates, 0 ms
15:36:00.243 [vert.x-eventloop-thread-0] INFO  d.m.quorus.controller.raft.RaftNode [FOLLOWER/0] - Recovered 0 log entries from 0 storage records
15:36:00.243 [vert.x-eventloop-thread-0] INFO  d.m.quorus.controller.raft.RaftNode [FOLLOWER/0] - Rebuilding state machine from 0 entries...
15:36:00.244 [vert.x-eventloop-thread-0] DEBUG d.m.q.c.state.QuorusStateStore [FOLLOWER/0] - Resetting state machine: jobs=0, agents=0, metadata=1
15:36:00.244 [vert.x-eventloop-thread-0] DEBUG d.m.q.c.state.QuorusStateStore [FOLLOWER/0] - Initializing default metadata: version=2.0
15:36:00.244 [vert.x-eventloop-thread-0] INFO  d.m.q.c.state.QuorusStateStore [FOLLOWER/0] - State machine reset completed: version=2.0
15:36:00.244 [vert.x-eventloop-thread-0] INFO  d.m.quorus.controller.raft.RaftNode [FOLLOWER/0] - Single-node recovery: restoring committed log up to index 0
15:36:00.244 [vert.x-eventloop-thread-0] INFO  d.m.quorus.controller.raft.RaftNode [FOLLOWER/0] - Recovery complete: term=0, logSize=1, lastApplied=0, snapshotLastIndex=0
15:36:00.244 [vert.x-eventloop-thread-0] INFO  d.m.q.c.r.InMemoryTransportSimulator [FOLLOWER/0] - Started in-memory transport for node: leader
15:36:00.244 [vert.x-eventloop-thread-0] INFO  d.m.quorus.controller.raft.RaftNode [FOLLOWER/0] - Raft node leader started successfully (term=0, logSize=1)
15:36:00.620 [vert.x-eventloop-thread-0] INFO  d.m.quorus.controller.raft.RaftNode [FOLLOWER/0] - Starting election for node: leader
15:36:00.620 [vert.x-eventloop-thread-0] DEBUG d.m.quorus.controller.raft.RaftNode [CANDIDATE/1] - Persisting raft metadata: term=1, votedForPresent=true, votedFor=leader
15:36:00.620 [vert.x-eventloop-thread-0] DEBUG d.m.q.c.r.s.RaftLogStorageAdapter [CANDIDATE/1] - Updating metadata: term=1, votedFor=leader
15:36:00.626 [wal-executor] INFO  d.m.raftlog.storage.FileRaftStorage - Metadata updated: term=1, votedFor=leader
15:36:00.626 [vert.x-eventloop-thread-0] INFO  d.m.quorus.controller.raft.RaftNode [LEADER/1] - Node leader became LEADER for term 1
15:36:00.627 [vert.x-eventloop-thread-0] INFO  d.m.quorus.controller.raft.RaftNode [LEADER/1] - Snapshot scheduler started: threshold=10000, checkInterval=60000ms
15:36:00.627 [vert.x-eventloop-thread-0] DEBUG d.m.q.c.r.s.RaftLogStorageAdapter [LEADER/1] - Appending 1 entries (indices 1-1)
15:36:00.628 [wal-executor] INFO  d.m.raftlog.storage.FileRaftStorage - Appended 1 entries to WAL: indices [1-1], terms [1-1], 34 bytes
15:36:00.632 [vert.x-eventloop-thread-0] INFO  d.m.quorus.controller.raft.RaftNode [LEADER/1] - Command submitted at index 1 term 1
15:36:00.632 [vert.x-eventloop-thread-0] DEBUG d.m.quorus.controller.raft.RaftNode [LEADER/1] - Committed leader no-op entry for term 1
15:36:00.633 [vert.x-eventloop-thread-0] DEBUG d.m.q.c.r.s.RaftLogStorageAdapter [LEADER/1] - Appending 1 entries (indices 2-2)
15:36:00.633 [wal-executor] INFO  d.m.raftlog.storage.FileRaftStorage - Appended 1 entries to WAL: indices [2-2], terms [1-1], 48 bytes
15:36:00.637 [vert.x-eventloop-thread-0] INFO  d.m.quorus.controller.raft.RaftNode [LEADER/1] - Command submitted at index 2 term 1
15:36:00.637 [vert.x-eventloop-thread-0] DEBUG d.m.q.c.state.QuorusStateStore [LEADER/1] - Applying command: type=Set
15:36:00.640 [vert.x-eventloop-thread-0] DEBUG d.m.q.c.state.QuorusStateStore [LEADER/1] - Processing system metadata command: key=first, type=Set
15:36:00.641 [vert.x-eventloop-thread-0] INFO  d.m.q.c.state.QuorusStateStore [LEADER/1] - Set system metadata: key=first, valuePresent=true, replaced=false
15:36:00.641 [vert.x-eventloop-thread-0] DEBUG d.m.q.c.state.QuorusStateStore [LEADER/1] - Command applied successfully: type=Set, result=Success
15:36:00.641 [vert.x-eventloop-thread-0] DEBUG d.m.q.c.r.s.RaftLogStorageAdapter [LEADER/1] - Appending 1 entries (indices 3-3)
15:36:00.642 [wal-executor] INFO  d.m.raftlog.storage.FileRaftStorage - Appended 1 entries to WAL: indices [3-3], terms [1-1], 49 bytes
15:36:00.646 [vert.x-eventloop-thread-0] INFO  d.m.quorus.controller.raft.RaftNode [LEADER/1] - Command submitted at index 3 term 1
15:36:00.646 [vert.x-eventloop-thread-0] DEBUG d.m.q.c.state.QuorusStateStore [LEADER/1] - Applying command: type=Set
15:36:00.646 [vert.x-eventloop-thread-0] DEBUG d.m.q.c.state.QuorusStateStore [LEADER/1] - Processing system metadata command: key=second, type=Set
15:36:00.646 [vert.x-eventloop-thread-0] INFO  d.m.q.c.state.QuorusStateStore [LEADER/1] - Set system metadata: key=second, valuePresent=true, replaced=false
15:36:00.646 [vert.x-eventloop-thread-0] DEBUG d.m.q.c.state.QuorusStateStore [LEADER/1] - Command applied successfully: type=Set, result=Success
15:36:00.646 [vert.x-eventloop-thread-0] INFO  d.m.q.c.r.InMemoryTransportSimulator [LEADER/1] - Stopped in-memory transport for node: leader
15:36:00.647 [vert.x-eventloop-thread-0] INFO  d.m.q.c.r.s.RaftLogStorageAdapter [LEADER/1] - Closing RaftLog storage
15:36:00.647 [vert.x-worker-thread-1] INFO  d.m.raftlog.storage.FileRaftStorage - Closing WAL storage at: C:\Users\mraysmit\AppData\Local\Temp\junit7036298403247054357\leader-raft
15:36:00.647 [vert.x-worker-thread-1] INFO  d.m.raftlog.storage.FileRaftStorage - WAL storage closed
15:36:00.647 [vert.x-eventloop-thread-0] INFO  d.m.quorus.controller.raft.RaftNode [LEADER/1] - Raft node stopped: leader
15:36:00.649 [ForkJoinPool-1-worker-1] INFO  d.m.raftlog.storage.FileRaftStorage - FileRaftStorage initialized: syncEnabled=true, verifyWrites=false, maxPayloadSize=16 MB, minFreeSpace=64 MB
15:36:00.649 [ForkJoinPool-1-worker-1] INFO  d.m.q.c.r.s.RaftLogStorageAdapter - RaftLogStorageAdapter created with delegate: FileRaftStorage
15:36:00.649 [ForkJoinPool-1-worker-1] INFO  d.m.q.c.r.s.RaftLogStorageAdapter - Opening RaftLog storage at: C:\Users\mraysmit\AppData\Local\Temp\junit7036298403247054357\leader-raft
15:36:00.649 [wal-executor] INFO  d.m.raftlog.storage.FileRaftStorage - Opening WAL storage at: C:\Users\mraysmit\AppData\Local\Temp\junit7036298403247054357\leader-raft
15:36:00.650 [wal-executor] INFO  d.m.raftlog.storage.FileRaftStorage - Exclusive lock acquired: C:\Users\mraysmit\AppData\Local\Temp\junit7036298403247054357\leader-raft\raft.lock
15:36:00.658 [wal-executor] INFO  d.m.raftlog.storage.FileRaftStorage - WAL opened successfully: path=C:\Users\mraysmit\AppData\Local\Temp\junit7036298403247054357\leader-raft\raft.log, size=131 bytes
15:36:00.659 [ForkJoinPool-1-worker-1] INFO  d.m.q.c.r.s.RaftLogStorageAdapter - Replaying WAL
15:36:00.660 [wal-executor] INFO  d.m.raftlog.storage.FileRaftStorage - Replaying WAL from: C:\Users\mraysmit\AppData\Local\Temp\junit7036298403247054357\leader-raft\raft.log
15:36:00.660 [wal-executor] INFO  d.m.raftlog.storage.FileRaftStorage - WAL replay complete: 3 entries recovered, 3 appends, 0 truncates, 0 ms
15:36:00.661 [ForkJoinPool-1-worker-1] INFO  d.m.q.c.r.s.RaftLogStorageAdapter - Closing RaftLog storage
15:36:00.661 [vert.x-worker-thread-2] INFO  d.m.raftlog.storage.FileRaftStorage - Closing WAL storage at: C:\Users\mraysmit\AppData\Local\Temp\junit7036298403247054357\leader-raft
15:36:00.661 [vert.x-worker-thread-2] INFO  d.m.raftlog.storage.FileRaftStorage - WAL storage closed
15:36:00.662 [ForkJoinPool-1-worker-1] INFO  d.m.q.c.r.InMemoryTransportSimulator - Healed all network partitions
15:36:00.735 [ForkJoinPool-1-worker-1] INFO  d.m.raftlog.storage.FileRaftStorage - FileRaftStorage initialized: syncEnabled=true, verifyWrites=false, maxPayloadSize=16 MB, minFreeSpace=64 MB
15:36:00.735 [ForkJoinPool-1-worker-1] INFO  d.m.q.c.r.s.RaftLogStorageAdapter - RaftLogStorageAdapter created with delegate: FileRaftStorage
15:36:00.735 [ForkJoinPool-1-worker-1] INFO  d.m.q.c.r.s.RaftLogStorageAdapter - Opening RaftLog storage at: C:\Users\mraysmit\AppData\Local\Temp\junit16860820069708539344\install-suffix
15:36:00.736 [wal-executor] INFO  d.m.raftlog.storage.FileRaftStorage - Opening WAL storage at: C:\Users\mraysmit\AppData\Local\Temp\junit16860820069708539344\install-suffix
15:36:00.736 [wal-executor] INFO  d.m.raftlog.storage.FileRaftStorage - Exclusive lock acquired: C:\Users\mraysmit\AppData\Local\Temp\junit16860820069708539344\install-suffix\raft.lock
15:36:00.739 [wal-executor] INFO  d.m.raftlog.storage.FileRaftStorage - WAL opened successfully: path=C:\Users\mraysmit\AppData\Local\Temp\junit16860820069708539344\install-suffix\raft.log, size=0 bytes
15:36:00.740 [ForkJoinPool-1-worker-1] DEBUG d.m.q.c.state.QuorusStateStore - Initializing default metadata: version=2.0
15:36:00.740 [vert.x-eventloop-thread-0] INFO  d.m.quorus.controller.raft.RaftNode - Starting Raft node: follower
15:36:00.740 [vert.x-eventloop-thread-0] INFO  d.m.quorus.controller.raft.RaftNode [FOLLOWER/0] - Recovering Raft state from storage...
15:36:00.740 [vert.x-eventloop-thread-0] DEBUG d.m.q.c.r.s.RaftLogStorageAdapter [FOLLOWER/0] - Loading metadata
15:36:00.740 [vert.x-eventloop-thread-0] INFO  d.m.quorus.controller.raft.RaftNode [FOLLOWER/0] - Recovered metadata: term=0, votedFor=null
15:36:00.741 [vert.x-eventloop-thread-0] INFO  d.m.quorus.controller.raft.RaftNode [FOLLOWER/0] - No snapshot found, will rebuild from full log replay
15:36:00.741 [vert.x-eventloop-thread-0] INFO  d.m.q.c.r.s.RaftLogStorageAdapter [FOLLOWER/0] - Replaying WAL
15:36:00.741 [wal-executor] INFO  d.m.raftlog.storage.FileRaftStorage - Replaying WAL from: C:\Users\mraysmit\AppData\Local\Temp\junit16860820069708539344\install-suffix\raft.log
15:36:00.742 [wal-executor] INFO  d.m.raftlog.storage.FileRaftStorage - WAL replay complete: 0 entries recovered, 0 appends, 0 truncates, 1 ms
15:36:00.742 [vert.x-eventloop-thread-0] INFO  d.m.quorus.controller.raft.RaftNode [FOLLOWER/0] - Recovered 0 log entries from 0 storage records
15:36:00.742 [vert.x-eventloop-thread-0] INFO  d.m.quorus.controller.raft.RaftNode [FOLLOWER/0] - Rebuilding state machine from 0 entries...
15:36:00.742 [vert.x-eventloop-thread-0] DEBUG d.m.q.c.state.QuorusStateStore [FOLLOWER/0] - Resetting state machine: jobs=0, agents=0, metadata=1
15:36:00.742 [vert.x-eventloop-thread-0] DEBUG d.m.q.c.state.QuorusStateStore [FOLLOWER/0] - Initializing default metadata: version=2.0
15:36:00.742 [vert.x-eventloop-thread-0] INFO  d.m.q.c.state.QuorusStateStore [FOLLOWER/0] - State machine reset completed: version=2.0
15:36:00.742 [vert.x-eventloop-thread-0] INFO  d.m.quorus.controller.raft.RaftNode [FOLLOWER/0] - Multi-node recovery: deferring log application until leader commit advances
15:36:00.742 [vert.x-eventloop-thread-0] INFO  d.m.quorus.controller.raft.RaftNode [FOLLOWER/0] - Recovery complete: term=0, logSize=1, lastApplied=0, snapshotLastIndex=0
15:36:00.742 [vert.x-eventloop-thread-0] INFO  d.m.q.c.r.InMemoryTransportSimulator [FOLLOWER/0] - Started in-memory transport for node: follower
15:36:00.742 [vert.x-eventloop-thread-0] INFO  d.m.quorus.controller.raft.RaftNode [FOLLOWER/0] - Raft node follower started successfully (term=0, logSize=1)
15:36:00.743 [vert.x-eventloop-thread-0] INFO  d.m.quorus.controller.raft.RaftNode [FOLLOWER/1] - Stepped down to FOLLOWER. Term: 1
15:36:00.743 [vert.x-eventloop-thread-0] DEBUG d.m.quorus.controller.raft.RaftNode [FOLLOWER/1] - Persisting raft metadata: term=1, votedForPresent=false, votedFor=<none>
15:36:00.743 [vert.x-eventloop-thread-0] DEBUG d.m.q.c.r.s.RaftLogStorageAdapter [FOLLOWER/1] - Updating metadata: term=1, votedFor=(none)
15:36:00.749 [wal-executor] INFO  d.m.raftlog.storage.FileRaftStorage - Metadata updated: term=1, votedFor=(none)
15:36:00.750 [vert.x-eventloop-thread-0] DEBUG d.m.q.c.r.s.RaftLogStorageAdapter [FOLLOWER/1] - Appending 3 entries (indices 1-3)
15:36:00.750 [wal-executor] INFO  d.m.raftlog.storage.FileRaftStorage - Appended 3 entries to WAL: indices [1-3], terms [1-1], 152 bytes
15:36:00.754 [vert.x-eventloop-thread-0] DEBUG d.m.quorus.controller.raft.RaftNode [FOLLOWER/1] - AppendEntries success: logSize=4, commitIndex=0
15:36:00.755 [ForkJoinPool-1-worker-1] DEBUG d.m.q.c.state.QuorusStateStore - Initializing default metadata: version=2.0
15:36:00.755 [ForkJoinPool-1-worker-1] DEBUG d.m.q.c.state.QuorusStateStore - Taking state machine snapshot: jobs=0, agents=0, metadata=1, assignments=0, queue=0
15:36:00.764 [ForkJoinPool-1-worker-1] INFO  d.m.q.c.state.QuorusStateStore - Created snapshot: size=250bytes, jobs=0, agents=0, assignments=0, queue=0, routes=0, lastAppliedIndex=0
15:36:00.765 [vert.x-eventloop-thread-0] INFO  d.m.quorus.controller.raft.RaftNode [FOLLOWER/2] - Stepped down to FOLLOWER. Term: 2
15:36:00.765 [vert.x-eventloop-thread-0] DEBUG d.m.quorus.controller.raft.RaftNode [FOLLOWER/2] - Persisting raft metadata: term=2, votedForPresent=false, votedFor=<none>
15:36:00.765 [vert.x-eventloop-thread-0] DEBUG d.m.q.c.r.s.RaftLogStorageAdapter [FOLLOWER/2] - Updating metadata: term=2, votedFor=(none)
15:36:00.770 [wal-executor] INFO  d.m.raftlog.storage.FileRaftStorage - Metadata updated: term=2, votedFor=(none)
15:36:00.770 [vert.x-eventloop-thread-0] DEBUG d.m.quorus.controller.raft.RaftNode [FOLLOWER/2] - InstallSnapshot from leader: chunk 1/1, lastIncludedIndex=2
15:36:00.770 [vert.x-eventloop-thread-0] INFO  d.m.quorus.controller.raft.RaftNode [FOLLOWER/2] - InstallSnapshot complete: assembling 250 bytes at index=2, term=1
15:36:00.770 [vert.x-eventloop-thread-0] INFO  d.m.q.c.r.s.RaftLogStorageAdapter [FOLLOWER/2] - Saving snapshot: lastIncludedIndex=2, lastIncludedTerm=1, size=250bytes
15:36:00.776 [vert.x-eventloop-thread-0] INFO  d.m.q.c.r.s.RaftLogStorageAdapter [FOLLOWER/2] - Compacting log prefix up to index 2
15:36:00.794 [wal-executor] INFO  d.m.raftlog.storage.FileRaftStorage - Replaying WAL from: C:\Users\mraysmit\AppData\Local\Temp\junit16860820069708539344\install-suffix\raft.log
15:36:00.804 [wal-executor] INFO  d.m.raftlog.storage.FileRaftStorage - WAL replay complete: 3 entries recovered, 3 appends, 0 truncates, 10 ms
15:36:00.820 [wal-executor] INFO  d.m.raftlog.storage.FileRaftStorage - Compacted WAL through index 2: 1 entries retained
15:36:00.820 [vert.x-eventloop-thread-0] DEBUG d.m.q.c.state.QuorusStateStore [FOLLOWER/2] - Restoring state machine snapshot: snapshotSize=250bytes
15:36:00.861 [vert.x-eventloop-thread-0] INFO  d.m.q.c.state.QuorusStateStore [FOLLOWER/2] - Restored snapshot: jobs=0, agents=0, metadata=1, assignments=0, queue=0, routes=0, lastAppliedIndex=0
15:36:00.862 [vert.x-eventloop-thread-0] INFO  d.m.quorus.controller.raft.RaftNode [FOLLOWER/2] - Snapshot installed: snapshotLastIndex=2, snapshotLastTerm=1, commitIndex=2
15:36:00.863 [vert.x-eventloop-thread-0] INFO  d.m.q.c.r.InMemoryTransportSimulator [FOLLOWER/2] - Stopped in-memory transport for node: follower
15:36:00.863 [vert.x-eventloop-thread-0] INFO  d.m.q.c.r.s.RaftLogStorageAdapter [FOLLOWER/2] - Closing RaftLog storage
15:36:00.864 [vert.x-worker-thread-3] INFO  d.m.raftlog.storage.FileRaftStorage - Closing WAL storage at: C:\Users\mraysmit\AppData\Local\Temp\junit16860820069708539344\install-suffix
15:36:00.865 [vert.x-worker-thread-3] INFO  d.m.raftlog.storage.FileRaftStorage - WAL storage closed
15:36:00.865 [vert.x-eventloop-thread-0] INFO  d.m.quorus.controller.raft.RaftNode [FOLLOWER/2] - Raft node stopped: follower
15:36:00.866 [ForkJoinPool-1-worker-1] INFO  d.m.raftlog.storage.FileRaftStorage - FileRaftStorage initialized: syncEnabled=true, verifyWrites=false, maxPayloadSize=16 MB, minFreeSpace=64 MB
15:36:00.866 [ForkJoinPool-1-worker-1] INFO  d.m.q.c.r.s.RaftLogStorageAdapter - RaftLogStorageAdapter created with delegate: FileRaftStorage
15:36:00.866 [ForkJoinPool-1-worker-1] INFO  d.m.q.c.r.s.RaftLogStorageAdapter - Opening RaftLog storage at: C:\Users\mraysmit\AppData\Local\Temp\junit16860820069708539344\install-suffix
15:36:00.867 [wal-executor] INFO  d.m.raftlog.storage.FileRaftStorage - Opening WAL storage at: C:\Users\mraysmit\AppData\Local\Temp\junit16860820069708539344\install-suffix
15:36:00.867 [wal-executor] INFO  d.m.raftlog.storage.FileRaftStorage - Exclusive lock acquired: C:\Users\mraysmit\AppData\Local\Temp\junit16860820069708539344\install-suffix\raft.lock
15:36:00.868 [wal-executor] INFO  d.m.raftlog.storage.FileRaftStorage - WAL opened successfully: path=C:\Users\mraysmit\AppData\Local\Temp\junit16860820069708539344\install-suffix\raft.log, size=52 bytes
15:36:00.869 [ForkJoinPool-1-worker-1] DEBUG d.m.q.c.state.QuorusStateStore - Initializing default metadata: version=2.0
15:36:00.869 [vert.x-eventloop-thread-0] INFO  d.m.quorus.controller.raft.RaftNode [FOLLOWER/2] - Starting Raft node: follower
15:36:00.870 [vert.x-eventloop-thread-0] INFO  d.m.quorus.controller.raft.RaftNode [FOLLOWER/0] - Recovering Raft state from storage...
15:36:00.870 [vert.x-eventloop-thread-0] DEBUG d.m.q.c.r.s.RaftLogStorageAdapter [FOLLOWER/0] - Loading metadata
15:36:00.878 [wal-executor] INFO  d.m.raftlog.storage.FileRaftStorage - Metadata loaded: term=2, votedFor=(none)
15:36:00.878 [vert.x-eventloop-thread-0] INFO  d.m.quorus.controller.raft.RaftNode [FOLLOWER/0] - Recovered metadata: term=2, votedFor=null
15:36:00.888 [vert.x-eventloop-thread-0] INFO  d.m.quorus.controller.raft.RaftNode [FOLLOWER/0] - Restoring from snapshot: lastIncludedIndex=2, lastIncludedTerm=1
15:36:00.889 [vert.x-eventloop-thread-0] DEBUG d.m.q.c.state.QuorusStateStore [FOLLOWER/0] - Restoring state machine snapshot: snapshotSize=250bytes
15:36:00.924 [vert.x-eventloop-thread-0] INFO  d.m.q.c.state.QuorusStateStore [FOLLOWER/0] - Restored snapshot: jobs=0, agents=0, metadata=1, assignments=0, queue=0, routes=0, lastAppliedIndex=0
15:36:00.924 [vert.x-eventloop-thread-0] INFO  d.m.q.c.r.s.RaftLogStorageAdapter [FOLLOWER/0] - Replaying WAL
15:36:00.925 [wal-executor] INFO  d.m.raftlog.storage.FileRaftStorage - Replaying WAL from: C:\Users\mraysmit\AppData\Local\Temp\junit16860820069708539344\install-suffix\raft.log
15:36:00.925 [wal-executor] INFO  d.m.raftlog.storage.FileRaftStorage - WAL replay complete: 1 entries recovered, 1 appends, 0 truncates, 0 ms
15:36:00.926 [vert.x-eventloop-thread-0] INFO  d.m.quorus.controller.raft.RaftNode [FOLLOWER/0] - Replayed 1 post-snapshot entries (skipped 0 compacted or duplicate records)
15:36:00.927 [vert.x-eventloop-thread-0] INFO  d.m.quorus.controller.raft.RaftNode [FOLLOWER/0] - Snapshot recovery loaded 1 post-snapshot entries; awaiting leader commit to apply
15:36:00.927 [vert.x-eventloop-thread-0] INFO  d.m.quorus.controller.raft.RaftNode [FOLLOWER/0] - Recovery complete: term=2, logSize=2, lastApplied=2, snapshotLastIndex=2
15:36:00.927 [vert.x-eventloop-thread-0] INFO  d.m.q.c.r.InMemoryTransportSimulator [FOLLOWER/0] - Started in-memory transport for node: follower
15:36:00.927 [vert.x-eventloop-thread-0] INFO  d.m.quorus.controller.raft.RaftNode [FOLLOWER/0] - Raft node follower started successfully (term=2, logSize=2)
15:36:00.927 [vert.x-eventloop-thread-0] INFO  d.m.q.c.r.InMemoryTransportSimulator [FOLLOWER/0] - Stopped in-memory transport for node: follower
15:36:00.927 [vert.x-eventloop-thread-0] INFO  d.m.q.c.r.s.RaftLogStorageAdapter [FOLLOWER/0] - Closing RaftLog storage
15:36:00.928 [vert.x-worker-thread-5] INFO  d.m.raftlog.storage.FileRaftStorage - Closing WAL storage at: C:\Users\mraysmit\AppData\Local\Temp\junit16860820069708539344\install-suffix
15:36:00.928 [vert.x-worker-thread-5] INFO  d.m.raftlog.storage.FileRaftStorage - WAL storage closed
15:36:00.929 [vert.x-eventloop-thread-0] INFO  d.m.quorus.controller.raft.RaftNode [FOLLOWER/0] - Raft node stopped: follower
15:36:00.930 [ForkJoinPool-1-worker-1] INFO  d.m.q.c.r.InMemoryTransportSimulator - Healed all network partitions
15:36:00.996 [ForkJoinPool-1-worker-1] DEBUG d.m.q.c.state.QuorusStateStore - Initializing default metadata: version=2.0
15:36:00.998 [vert.x-eventloop-thread-0] INFO  d.m.quorus.controller.raft.RaftNode - Starting Raft node: follower
15:36:00.998 [vert.x-eventloop-thread-0] INFO  d.m.quorus.controller.raft.RaftNode [FOLLOWER/0] - No storage configured, running in volatile mode
15:36:00.998 [vert.x-eventloop-thread-0] INFO  d.m.q.c.r.InMemoryTransportSimulator [FOLLOWER/0] - Started in-memory transport for node: follower
15:36:00.998 [vert.x-eventloop-thread-0] INFO  d.m.quorus.controller.raft.RaftNode [FOLLOWER/0] - Raft node follower started successfully (term=0, logSize=1)
15:36:00.999 [vert.x-eventloop-thread-0] INFO  d.m.quorus.controller.raft.RaftNode [FOLLOWER/1] - Stepped down to FOLLOWER. Term: 1
15:36:00.999 [vert.x-eventloop-thread-0] DEBUG d.m.quorus.controller.raft.RaftNode [FOLLOWER/1] - Persisting raft metadata: term=1, votedForPresent=false, votedFor=<none>
15:36:00.999 [vert.x-eventloop-thread-0] DEBUG d.m.quorus.controller.raft.RaftNode [FOLLOWER/1] - AppendEntries success: logSize=2, commitIndex=0
15:36:01.114 [vert.x-eventloop-thread-0] DEBUG d.m.quorus.controller.raft.RaftNode [FOLLOWER/1] - Handling vote request: candidateId=third, requestTerm=2, localTerm=1, localVotedFor=null, candidateLastLogTerm=0, candidateLastLogIndex=0
15:36:01.114 [vert.x-eventloop-thread-0] DEBUG d.m.quorus.controller.raft.RaftNode [FOLLOWER/1] - Higher term observed in vote request: requestTerm=2 > localTerm=1. Stepping down without immediate metadata persistence.
15:36:01.114 [vert.x-eventloop-thread-0] INFO  d.m.quorus.controller.raft.RaftNode [FOLLOWER/2] - Stepped down to FOLLOWER. Term: 2
15:36:01.114 [vert.x-eventloop-thread-0] DEBUG d.m.quorus.controller.raft.RaftNode [FOLLOWER/2] - Vote decision inputs: canGrantVoteForCandidate=true, candidateLogUpToDate=false, canGrant=false, effectiveLocalTerm=2
15:36:01.115 [vert.x-eventloop-thread-0] DEBUG d.m.quorus.controller.raft.RaftNode [FOLLOWER/2] - Vote rejected: candidate log is not up-to-date (candidateTerm=0, candidateIndex=0, localTerm=1, localIndex=1)
15:36:01.115 [vert.x-eventloop-thread-0] DEBUG d.m.quorus.controller.raft.RaftNode [FOLLOWER/2] - Persisting higher observed term 2 with empty vote before rejecting vote request from candidate third
15:36:01.115 [vert.x-eventloop-thread-0] DEBUG d.m.quorus.controller.raft.RaftNode [FOLLOWER/2] - Persisting raft metadata: term=2, votedForPresent=false, votedFor=<none>
15:36:01.204 [vert.x-eventloop-thread-0] DEBUG d.m.quorus.controller.raft.RaftNode [FOLLOWER/2] - Handling vote request: candidateId=third, requestTerm=3, localTerm=2, localVotedFor=null, candidateLastLogTerm=0, candidateLastLogIndex=0
15:36:01.204 [vert.x-eventloop-thread-0] DEBUG d.m.quorus.controller.raft.RaftNode [FOLLOWER/2] - Higher term observed in vote request: requestTerm=3 > localTerm=2. Stepping down without immediate metadata persistence.
15:36:01.204 [vert.x-eventloop-thread-0] INFO  d.m.quorus.controller.raft.RaftNode [FOLLOWER/3] - Stepped down to FOLLOWER. Term: 3
15:36:01.204 [vert.x-eventloop-thread-0] DEBUG d.m.quorus.controller.raft.RaftNode [FOLLOWER/3] - Vote decision inputs: canGrantVoteForCandidate=true, candidateLogUpToDate=false, canGrant=false, effectiveLocalTerm=3
15:36:01.204 [vert.x-eventloop-thread-0] DEBUG d.m.quorus.controller.raft.RaftNode [FOLLOWER/3] - Vote rejected: candidate log is not up-to-date (candidateTerm=0, candidateIndex=0, localTerm=1, localIndex=1)
15:36:01.204 [vert.x-eventloop-thread-0] DEBUG d.m.quorus.controller.raft.RaftNode [FOLLOWER/3] - Persisting higher observed term 3 with empty vote before rejecting vote request from candidate third
15:36:01.204 [vert.x-eventloop-thread-0] DEBUG d.m.quorus.controller.raft.RaftNode [FOLLOWER/3] - Persisting raft metadata: term=3, votedForPresent=false, votedFor=<none>
15:36:01.312 [vert.x-eventloop-thread-0] DEBUG d.m.quorus.controller.raft.RaftNode [FOLLOWER/3] - Handling vote request: candidateId=third, requestTerm=4, localTerm=3, localVotedFor=null, candidateLastLogTerm=0, candidateLastLogIndex=0
15:36:01.312 [vert.x-eventloop-thread-0] DEBUG d.m.quorus.controller.raft.RaftNode [FOLLOWER/3] - Higher term observed in vote request: requestTerm=4 > localTerm=3. Stepping down without immediate metadata persistence.
15:36:01.312 [vert.x-eventloop-thread-0] INFO  d.m.quorus.controller.raft.RaftNode [FOLLOWER/4] - Stepped down to FOLLOWER. Term: 4
15:36:01.313 [vert.x-eventloop-thread-0] DEBUG d.m.quorus.controller.raft.RaftNode [FOLLOWER/4] - Vote decision inputs: canGrantVoteForCandidate=true, candidateLogUpToDate=false, canGrant=false, effectiveLocalTerm=4
15:36:01.313 [vert.x-eventloop-thread-0] DEBUG d.m.quorus.controller.raft.RaftNode [FOLLOWER/4] - Vote rejected: candidate log is not up-to-date (candidateTerm=0, candidateIndex=0, localTerm=1, localIndex=1)
15:36:01.313 [vert.x-eventloop-thread-0] DEBUG d.m.quorus.controller.raft.RaftNode [FOLLOWER/4] - Persisting higher observed term 4 with empty vote before rejecting vote request from candidate third
15:36:01.313 [vert.x-eventloop-thread-0] DEBUG d.m.quorus.controller.raft.RaftNode [FOLLOWER/4] - Persisting raft metadata: term=4, votedForPresent=false, votedFor=<none>
15:36:01.404 [vert.x-eventloop-thread-0] DEBUG d.m.quorus.controller.raft.RaftNode [FOLLOWER/4] - Handling vote request: candidateId=third, requestTerm=5, localTerm=4, localVotedFor=null, candidateLastLogTerm=0, candidateLastLogIndex=0
15:36:01.405 [vert.x-eventloop-thread-0] DEBUG d.m.quorus.controller.raft.RaftNode [FOLLOWER/4] - Higher term observed in vote request: requestTerm=5 > localTerm=4. Stepping down without immediate metadata persistence.
15:36:01.405 [vert.x-eventloop-thread-0] INFO  d.m.quorus.controller.raft.RaftNode [FOLLOWER/5] - Stepped down to FOLLOWER. Term: 5
15:36:01.405 [vert.x-eventloop-thread-0] DEBUG d.m.quorus.controller.raft.RaftNode [FOLLOWER/5] - Vote decision inputs: canGrantVoteForCandidate=true, candidateLogUpToDate=false, canGrant=false, effectiveLocalTerm=5
15:36:01.405 [vert.x-eventloop-thread-0] DEBUG d.m.quorus.controller.raft.RaftNode [FOLLOWER/5] - Vote rejected: candidate log is not up-to-date (candidateTerm=0, candidateIndex=0, localTerm=1, localIndex=1)
15:36:01.405 [vert.x-eventloop-thread-0] DEBUG d.m.quorus.controller.raft.RaftNode [FOLLOWER/5] - Persisting higher observed term 5 with empty vote before rejecting vote request from candidate third
15:36:01.405 [vert.x-eventloop-thread-0] DEBUG d.m.quorus.controller.raft.RaftNode [FOLLOWER/5] - Persisting raft metadata: term=5, votedForPresent=false, votedFor=<none>
15:36:01.512 [vert.x-eventloop-thread-0] DEBUG d.m.quorus.controller.raft.RaftNode [FOLLOWER/5] - Handling vote request: candidateId=third, requestTerm=6, localTerm=5, localVotedFor=null, candidateLastLogTerm=0, candidateLastLogIndex=0
15:36:01.513 [vert.x-eventloop-thread-0] DEBUG d.m.quorus.controller.raft.RaftNode [FOLLOWER/5] - Higher term observed in vote request: requestTerm=6 > localTerm=5. Stepping down without immediate metadata persistence.
15:36:01.513 [vert.x-eventloop-thread-0] INFO  d.m.quorus.controller.raft.RaftNode [FOLLOWER/6] - Stepped down to FOLLOWER. Term: 6
15:36:01.513 [vert.x-eventloop-thread-0] DEBUG d.m.quorus.controller.raft.RaftNode [FOLLOWER/6] - Vote decision inputs: canGrantVoteForCandidate=true, candidateLogUpToDate=false, canGrant=false, effectiveLocalTerm=6
15:36:01.513 [vert.x-eventloop-thread-0] DEBUG d.m.quorus.controller.raft.RaftNode [FOLLOWER/6] - Vote rejected: candidate log is not up-to-date (candidateTerm=0, candidateIndex=0, localTerm=1, localIndex=1)
15:36:01.513 [vert.x-eventloop-thread-0] DEBUG d.m.quorus.controller.raft.RaftNode [FOLLOWER/6] - Persisting higher observed term 6 with empty vote before rejecting vote request from candidate third
15:36:01.513 [vert.x-eventloop-thread-0] DEBUG d.m.quorus.controller.raft.RaftNode [FOLLOWER/6] - Persisting raft metadata: term=6, votedForPresent=false, votedFor=<none>
15:36:01.543 [vert.x-eventloop-thread-0] INFO  d.m.quorus.controller.raft.RaftNode [FOLLOWER/6] - Starting election for node: follower
15:36:01.543 [vert.x-eventloop-thread-0] DEBUG d.m.quorus.controller.raft.RaftNode [CANDIDATE/7] - Persisting raft metadata: term=7, votedForPresent=true, votedFor=follower
15:36:01.544 [pool-56-thread-1] WARN  d.m.quorus.controller.raft.RaftNode - Failed to retrieve vote from leader
15:36:01.544 [pool-56-thread-2] WARN  d.m.quorus.controller.raft.RaftNode - Failed to retrieve vote from third
15:36:01.545 [vert.x-eventloop-thread-0] INFO  d.m.q.c.r.InMemoryTransportSimulator [CANDIDATE/7] - Stopped in-memory transport for node: follower
15:36:01.545 [vert.x-eventloop-thread-0] INFO  d.m.quorus.controller.raft.RaftNode [CANDIDATE/7] - Raft node stopped: follower
15:36:01.545 [ForkJoinPool-1-worker-1] INFO  d.m.q.c.r.InMemoryTransportSimulator - Healed all network partitions
15:36:01.614 [ForkJoinPool-1-worker-1] INFO  d.m.raftlog.storage.FileRaftStorage - FileRaftStorage initialized: syncEnabled=true, verifyWrites=false, maxPayloadSize=16 MB, minFreeSpace=64 MB
15:36:01.615 [ForkJoinPool-1-worker-1] INFO  d.m.q.c.r.s.RaftLogStorageAdapter - RaftLogStorageAdapter created with delegate: FileRaftStorage
15:36:01.615 [ForkJoinPool-1-worker-1] INFO  d.m.q.c.r.s.RaftLogStorageAdapter - Opening RaftLog storage at: C:\Users\mraysmit\AppData\Local\Temp\junit13091808084000344316\snapshot-queue
15:36:01.615 [wal-executor] INFO  d.m.raftlog.storage.FileRaftStorage - Opening WAL storage at: C:\Users\mraysmit\AppData\Local\Temp\junit13091808084000344316\snapshot-queue
15:36:01.617 [wal-executor] INFO  d.m.raftlog.storage.FileRaftStorage - Exclusive lock acquired: C:\Users\mraysmit\AppData\Local\Temp\junit13091808084000344316\snapshot-queue\raft.lock
15:36:01.619 [wal-executor] INFO  d.m.raftlog.storage.FileRaftStorage - WAL opened successfully: path=C:\Users\mraysmit\AppData\Local\Temp\junit13091808084000344316\snapshot-queue\raft.log, size=0 bytes
15:36:01.620 [ForkJoinPool-1-worker-1] DEBUG d.m.q.c.state.QuorusStateStore - Initializing default metadata: version=2.0
15:36:01.620 [vert.x-eventloop-thread-0] INFO  d.m.quorus.controller.raft.RaftNode - Starting Raft node: snapshot-queue
15:36:01.621 [vert.x-eventloop-thread-0] INFO  d.m.quorus.controller.raft.RaftNode [FOLLOWER/0] - Recovering Raft state from storage...
15:36:01.621 [vert.x-eventloop-thread-0] DEBUG d.m.q.c.r.s.RaftLogStorageAdapter [FOLLOWER/0] - Loading metadata
15:36:01.621 [vert.x-eventloop-thread-0] INFO  d.m.quorus.controller.raft.RaftNode [FOLLOWER/0] - Recovered metadata: term=0, votedFor=null
15:36:01.622 [vert.x-eventloop-thread-0] INFO  d.m.quorus.controller.raft.RaftNode [FOLLOWER/0] - No snapshot found, will rebuild from full log replay
15:36:01.622 [vert.x-eventloop-thread-0] INFO  d.m.q.c.r.s.RaftLogStorageAdapter [FOLLOWER/0] - Replaying WAL
15:36:01.623 [wal-executor] INFO  d.m.raftlog.storage.FileRaftStorage - Replaying WAL from: C:\Users\mraysmit\AppData\Local\Temp\junit13091808084000344316\snapshot-queue\raft.log
15:36:01.623 [wal-executor] INFO  d.m.raftlog.storage.FileRaftStorage - WAL replay complete: 0 entries recovered, 0 appends, 0 truncates, 0 ms
15:36:01.623 [vert.x-eventloop-thread-0] INFO  d.m.quorus.controller.raft.RaftNode [FOLLOWER/0] - Recovered 0 log entries from 0 storage records
15:36:01.623 [vert.x-eventloop-thread-0] INFO  d.m.quorus.controller.raft.RaftNode [FOLLOWER/0] - Rebuilding state machine from 0 entries...
15:36:01.623 [vert.x-eventloop-thread-0] DEBUG d.m.q.c.state.QuorusStateStore [FOLLOWER/0] - Resetting state machine: jobs=0, agents=0, metadata=1
15:36:01.623 [vert.x-eventloop-thread-0] DEBUG d.m.q.c.state.QuorusStateStore [FOLLOWER/0] - Initializing default metadata: version=2.0
15:36:01.623 [vert.x-eventloop-thread-0] INFO  d.m.q.c.state.QuorusStateStore [FOLLOWER/0] - State machine reset completed: version=2.0
15:36:01.623 [vert.x-eventloop-thread-0] INFO  d.m.quorus.controller.raft.RaftNode [FOLLOWER/0] - Single-node recovery: restoring committed log up to index 0
15:36:01.623 [vert.x-eventloop-thread-0] INFO  d.m.quorus.controller.raft.RaftNode [FOLLOWER/0] - Recovery complete: term=0, logSize=1, lastApplied=0, snapshotLastIndex=0
15:36:01.623 [vert.x-eventloop-thread-0] INFO  d.m.q.c.r.InMemoryTransportSimulator [FOLLOWER/0] - Started in-memory transport for node: snapshot-queue
15:36:01.623 [vert.x-eventloop-thread-0] INFO  d.m.quorus.controller.raft.RaftNode [FOLLOWER/0] - Raft node snapshot-queue started successfully (term=0, logSize=1)
15:36:01.897 [vert.x-eventloop-thread-0] INFO  d.m.quorus.controller.raft.RaftNode [FOLLOWER/0] - Starting election for node: snapshot-queue
15:36:01.898 [vert.x-eventloop-thread-0] DEBUG d.m.quorus.controller.raft.RaftNode [CANDIDATE/1] - Persisting raft metadata: term=1, votedForPresent=true, votedFor=snapshot-queue
15:36:01.898 [vert.x-eventloop-thread-0] DEBUG d.m.q.c.r.s.RaftLogStorageAdapter [CANDIDATE/1] - Updating metadata: term=1, votedFor=snapshot-queue
15:36:01.913 [wal-executor] INFO  d.m.raftlog.storage.FileRaftStorage - Metadata updated: term=1, votedFor=snapshot-queue
15:36:01.914 [vert.x-eventloop-thread-0] INFO  d.m.quorus.controller.raft.RaftNode [LEADER/1] - Node snapshot-queue became LEADER for term 1
15:36:01.914 [vert.x-eventloop-thread-0] INFO  d.m.quorus.controller.raft.RaftNode [LEADER/1] - Snapshot scheduler started: threshold=10000, checkInterval=60000ms
15:36:01.914 [vert.x-eventloop-thread-0] DEBUG d.m.q.c.r.s.RaftLogStorageAdapter [LEADER/1] - Appending 1 entries (indices 1-1)
15:36:01.915 [wal-executor] INFO  d.m.raftlog.storage.FileRaftStorage - Appended 1 entries to WAL: indices [1-1], terms [1-1], 34 bytes
15:36:01.918 [vert.x-eventloop-thread-0] INFO  d.m.quorus.controller.raft.RaftNode [LEADER/1] - Command submitted at index 1 term 1
15:36:01.918 [vert.x-eventloop-thread-0] DEBUG d.m.quorus.controller.raft.RaftNode [LEADER/1] - Committed leader no-op entry for term 1
15:36:01.928 [ForkJoinPool-1-worker-1] DEBUG d.m.q.c.r.s.RaftLogStorageAdapter - Appending 1 entries (indices 2-2)
15:36:01.928 [wal-executor] INFO  d.m.raftlog.storage.FileRaftStorage - Appended 1 entries to WAL: indices [2-2], terms [1-1], 56 bytes
15:36:01.932 [vert.x-eventloop-thread-0] INFO  d.m.quorus.controller.raft.RaftNode [LEADER/1] - Command submitted at index 2 term 1
15:36:01.932 [vert.x-eventloop-thread-0] DEBUG d.m.q.c.state.QuorusStateStore [LEADER/1] - Applying command: type=Set
15:36:01.932 [vert.x-eventloop-thread-0] DEBUG d.m.q.c.state.QuorusStateStore [LEADER/1] - Processing system metadata command: key=payment, type=Set
15:36:01.932 [vert.x-eventloop-thread-0] INFO  d.m.q.c.state.QuorusStateStore [LEADER/1] - Set system metadata: key=payment, valuePresent=true, replaced=false
15:36:01.932 [vert.x-eventloop-thread-0] DEBUG d.m.q.c.state.QuorusStateStore [LEADER/1] - Command applied successfully: type=Set, result=Success
15:36:01.933 [vert.x-eventloop-thread-0] DEBUG d.m.q.c.state.QuorusStateStore [LEADER/1] - Taking state machine snapshot: jobs=0, agents=0, metadata=2, assignments=0, queue=0
15:36:01.938 [vert.x-eventloop-thread-0] INFO  d.m.q.c.state.QuorusStateStore [LEADER/1] - Created snapshot: size=270bytes, jobs=0, agents=0, assignments=0, queue=0, routes=0, lastAppliedIndex=0
15:36:01.938 [vert.x-eventloop-thread-0] INFO  d.m.quorus.controller.raft.RaftNode [LEADER/1] - Snapshot taken at index=2, term=1, size=270bytes, compacting 2 entries
15:36:01.940 [vert.x-eventloop-thread-0] INFO  d.m.q.c.r.s.RaftLogStorageAdapter [LEADER/1] - Saving snapshot: lastIncludedIndex=2, lastIncludedTerm=1, size=270bytes
15:36:01.947 [vert.x-eventloop-thread-0] INFO  d.m.q.c.r.s.RaftLogStorageAdapter [LEADER/1] - Compacting log prefix up to index 2
15:36:01.960 [wal-executor] INFO  d.m.raftlog.storage.FileRaftStorage - Replaying WAL from: C:\Users\mraysmit\AppData\Local\Temp\junit13091808084000344316\snapshot-queue\raft.log
15:36:01.968 [wal-executor] INFO  d.m.raftlog.storage.FileRaftStorage - WAL replay complete: 2 entries recovered, 2 appends, 0 truncates, 7 ms
15:36:01.972 [wal-executor] INFO  d.m.raftlog.storage.FileRaftStorage - Compacted WAL through index 2: 0 entries retained
15:36:01.972 [vert.x-eventloop-thread-0] INFO  d.m.quorus.controller.raft.RaftNode [LEADER/1] - Snapshot complete: snapshotIndex=2, logSize=1, duration=39ms
15:36:01.977 [ForkJoinPool-1-worker-1] DEBUG d.m.q.c.state.QuorusStateStore - Initializing default metadata: version=2.0
15:36:01.978 [ForkJoinPool-1-worker-1] DEBUG d.m.q.c.state.QuorusStateStore - Restoring state machine snapshot: snapshotSize=270bytes
15:36:02.004 [ForkJoinPool-1-worker-1] INFO  d.m.q.c.state.QuorusStateStore - Restored snapshot: jobs=0, agents=0, metadata=2, assignments=0, queue=0, routes=0, lastAppliedIndex=0
15:36:02.004 [vert.x-eventloop-thread-0] INFO  d.m.q.c.r.InMemoryTransportSimulator [LEADER/1] - Stopped in-memory transport for node: snapshot-queue
15:36:02.005 [vert.x-eventloop-thread-0] INFO  d.m.q.c.r.s.RaftLogStorageAdapter [LEADER/1] - Closing RaftLog storage
15:36:02.005 [vert.x-worker-thread-4] INFO  d.m.raftlog.storage.FileRaftStorage - Closing WAL storage at: C:\Users\mraysmit\AppData\Local\Temp\junit13091808084000344316\snapshot-queue
15:36:02.005 [vert.x-worker-thread-4] INFO  d.m.raftlog.storage.FileRaftStorage - WAL storage closed
15:36:02.005 [vert.x-eventloop-thread-0] INFO  d.m.quorus.controller.raft.RaftNode [LEADER/1] - Raft node stopped: snapshot-queue
15:36:02.007 [ForkJoinPool-1-worker-1] INFO  d.m.q.c.r.InMemoryTransportSimulator - Healed all network partitions
15:36:02.078 [ForkJoinPool-1-worker-1] INFO  d.m.raftlog.storage.FileRaftStorage - FileRaftStorage initialized: syncEnabled=true, verifyWrites=false, maxPayloadSize=16 MB, minFreeSpace=64 MB
15:36:02.079 [ForkJoinPool-1-worker-1] INFO  d.m.q.c.r.s.RaftLogStorageAdapter - RaftLogStorageAdapter created with delegate: FileRaftStorage
15:36:02.079 [ForkJoinPool-1-worker-1] INFO  d.m.q.c.r.s.RaftLogStorageAdapter - Opening RaftLog storage at: C:\Users\mraysmit\AppData\Local\Temp\junit8162340094130514464\interrupted-install
15:36:02.079 [wal-executor] INFO  d.m.raftlog.storage.FileRaftStorage - Opening WAL storage at: C:\Users\mraysmit\AppData\Local\Temp\junit8162340094130514464\interrupted-install
15:36:02.081 [wal-executor] INFO  d.m.raftlog.storage.FileRaftStorage - Exclusive lock acquired: C:\Users\mraysmit\AppData\Local\Temp\junit8162340094130514464\interrupted-install\raft.lock
15:36:02.083 [wal-executor] INFO  d.m.raftlog.storage.FileRaftStorage - WAL opened successfully: path=C:\Users\mraysmit\AppData\Local\Temp\junit8162340094130514464\interrupted-install\raft.log, size=0 bytes
15:36:02.085 [ForkJoinPool-1-worker-1] DEBUG d.m.q.c.state.QuorusStateStore - Initializing default metadata: version=2.0
15:36:02.086 [vert.x-eventloop-thread-0] INFO  d.m.quorus.controller.raft.RaftNode - Starting Raft node: follower
15:36:02.086 [vert.x-eventloop-thread-0] INFO  d.m.quorus.controller.raft.RaftNode [FOLLOWER/0] - Recovering Raft state from storage...
15:36:02.086 [vert.x-eventloop-thread-0] DEBUG d.m.q.c.r.s.RaftLogStorageAdapter [FOLLOWER/0] - Loading metadata
15:36:02.086 [vert.x-eventloop-thread-0] INFO  d.m.quorus.controller.raft.RaftNode [FOLLOWER/0] - Recovered metadata: term=0, votedFor=null
15:36:02.087 [vert.x-eventloop-thread-0] INFO  d.m.quorus.controller.raft.RaftNode [FOLLOWER/0] - No snapshot found, will rebuild from full log replay
15:36:02.087 [vert.x-eventloop-thread-0] INFO  d.m.q.c.r.s.RaftLogStorageAdapter [FOLLOWER/0] - Replaying WAL
15:36:02.087 [wal-executor] INFO  d.m.raftlog.storage.FileRaftStorage - Replaying WAL from: C:\Users\mraysmit\AppData\Local\Temp\junit8162340094130514464\interrupted-install\raft.log
15:36:02.088 [wal-executor] INFO  d.m.raftlog.storage.FileRaftStorage - WAL replay complete: 0 entries recovered, 0 appends, 0 truncates, 1 ms
15:36:02.088 [vert.x-eventloop-thread-0] INFO  d.m.quorus.controller.raft.RaftNode [FOLLOWER/0] - Recovered 0 log entries from 0 storage records
15:36:02.088 [vert.x-eventloop-thread-0] INFO  d.m.quorus.controller.raft.RaftNode [FOLLOWER/0] - Rebuilding state machine from 0 entries...
15:36:02.088 [vert.x-eventloop-thread-0] DEBUG d.m.q.c.state.QuorusStateStore [FOLLOWER/0] - Resetting state machine: jobs=0, agents=0, metadata=1
15:36:02.088 [vert.x-eventloop-thread-0] DEBUG d.m.q.c.state.QuorusStateStore [FOLLOWER/0] - Initializing default metadata: version=2.0
15:36:02.088 [vert.x-eventloop-thread-0] INFO  d.m.q.c.state.QuorusStateStore [FOLLOWER/0] - State machine reset completed: version=2.0
15:36:02.088 [vert.x-eventloop-thread-0] INFO  d.m.quorus.controller.raft.RaftNode [FOLLOWER/0] - Multi-node recovery: deferring log application until leader commit advances
15:36:02.088 [vert.x-eventloop-thread-0] INFO  d.m.quorus.controller.raft.RaftNode [FOLLOWER/0] - Recovery complete: term=0, logSize=1, lastApplied=0, snapshotLastIndex=0
15:36:02.088 [vert.x-eventloop-thread-0] INFO  d.m.q.c.r.InMemoryTransportSimulator [FOLLOWER/0] - Started in-memory transport for node: follower
15:36:02.088 [vert.x-eventloop-thread-0] INFO  d.m.quorus.controller.raft.RaftNode [FOLLOWER/0] - Raft node follower started successfully (term=0, logSize=1)
15:36:02.089 [vert.x-eventloop-thread-0] INFO  d.m.quorus.controller.raft.RaftNode [FOLLOWER/1] - Stepped down to FOLLOWER. Term: 1
15:36:02.089 [vert.x-eventloop-thread-0] DEBUG d.m.quorus.controller.raft.RaftNode [FOLLOWER/1] - Persisting raft metadata: term=1, votedForPresent=false, votedFor=<none>
15:36:02.089 [vert.x-eventloop-thread-0] DEBUG d.m.q.c.r.s.RaftLogStorageAdapter [FOLLOWER/1] - Updating metadata: term=1, votedFor=(none)
15:36:02.094 [wal-executor] INFO  d.m.raftlog.storage.FileRaftStorage - Metadata updated: term=1, votedFor=(none)
15:36:02.095 [vert.x-eventloop-thread-0] DEBUG d.m.q.c.r.s.RaftLogStorageAdapter [FOLLOWER/1] - Appending 3 entries (indices 1-3)
15:36:02.096 [wal-executor] INFO  d.m.raftlog.storage.FileRaftStorage - Appended 3 entries to WAL: indices [1-3], terms [1-1], 152 bytes
15:36:02.100 [vert.x-eventloop-thread-0] DEBUG d.m.quorus.controller.raft.RaftNode [FOLLOWER/1] - AppendEntries success: logSize=4, commitIndex=0
15:36:02.100 [ForkJoinPool-1-worker-1] DEBUG d.m.q.c.state.QuorusStateStore - Initializing default metadata: version=2.0
15:36:02.100 [ForkJoinPool-1-worker-1] DEBUG d.m.q.c.state.QuorusStateStore - Taking state machine snapshot: jobs=0, agents=0, metadata=1, assignments=0, queue=0
15:36:02.108 [ForkJoinPool-1-worker-1] INFO  d.m.q.c.state.QuorusStateStore - Created snapshot: size=250bytes, jobs=0, agents=0, assignments=0, queue=0, routes=0, lastAppliedIndex=0
15:36:02.109 [vert.x-eventloop-thread-0] INFO  d.m.quorus.controller.raft.RaftNode [FOLLOWER/2] - Stepped down to FOLLOWER. Term: 2
15:36:02.109 [vert.x-eventloop-thread-0] DEBUG d.m.quorus.controller.raft.RaftNode [FOLLOWER/2] - Persisting raft metadata: term=2, votedForPresent=false, votedFor=<none>
15:36:02.109 [vert.x-eventloop-thread-0] DEBUG d.m.q.c.r.s.RaftLogStorageAdapter [FOLLOWER/2] - Updating metadata: term=2, votedFor=(none)
15:36:02.115 [wal-executor] INFO  d.m.raftlog.storage.FileRaftStorage - Metadata updated: term=2, votedFor=(none)
15:36:02.115 [vert.x-eventloop-thread-0] DEBUG d.m.quorus.controller.raft.RaftNode [FOLLOWER/2] - InstallSnapshot from leader: chunk 1/1, lastIncludedIndex=2
15:36:02.115 [vert.x-eventloop-thread-0] INFO  d.m.quorus.controller.raft.RaftNode [FOLLOWER/2] - InstallSnapshot complete: assembling 250 bytes at index=2, term=2
15:36:02.116 [vert.x-eventloop-thread-0] INFO  d.m.q.c.r.s.RaftLogStorageAdapter [FOLLOWER/2] - Saving snapshot: lastIncludedIndex=2, lastIncludedTerm=2, size=250bytes
15:36:02.124 [vert.x-eventloop-thread-0] ERROR d.m.quorus.controller.raft.RaftNode [FOLLOWER/2] - Failed to persist installed snapshot: Injected interruption after snapshot publication
15:36:02.124 [vert.x-eventloop-thread-0] DEBUG d.m.quorus.controller.raft.RaftNode [FOLLOWER/2] - Failed to persist installed snapshot
io.vertx.core.impl.NoStackTraceThrowable: Injected interruption after snapshot publication
15:36:02.138 [ForkJoinPool-1-worker-1] INFO  d.m.q.c.r.s.RaftLogStorageAdapter - Replaying WAL
15:36:02.138 [wal-executor] INFO  d.m.raftlog.storage.FileRaftStorage - Replaying WAL from: C:\Users\mraysmit\AppData\Local\Temp\junit8162340094130514464\interrupted-install\raft.log
15:36:02.140 [wal-executor] INFO  d.m.raftlog.storage.FileRaftStorage - WAL replay complete: 3 entries recovered, 3 appends, 0 truncates, 2 ms
15:36:02.141 [vert.x-eventloop-thread-0] INFO  d.m.q.c.r.InMemoryTransportSimulator [FOLLOWER/2] - Stopped in-memory transport for node: follower
15:36:02.141 [vert.x-eventloop-thread-0] INFO  d.m.q.c.r.s.RaftLogStorageAdapter [FOLLOWER/2] - Closing RaftLog storage
15:36:02.141 [vert.x-worker-thread-3] INFO  d.m.raftlog.storage.FileRaftStorage - Closing WAL storage at: C:\Users\mraysmit\AppData\Local\Temp\junit8162340094130514464\interrupted-install
15:36:02.142 [vert.x-worker-thread-3] INFO  d.m.raftlog.storage.FileRaftStorage - WAL storage closed
15:36:02.142 [vert.x-eventloop-thread-0] INFO  d.m.quorus.controller.raft.RaftNode [FOLLOWER/2] - Raft node stopped: follower
15:36:02.142 [ForkJoinPool-1-worker-1] INFO  d.m.raftlog.storage.FileRaftStorage - FileRaftStorage initialized: syncEnabled=true, verifyWrites=false, maxPayloadSize=16 MB, minFreeSpace=64 MB
15:36:02.143 [ForkJoinPool-1-worker-1] INFO  d.m.q.c.r.s.RaftLogStorageAdapter - RaftLogStorageAdapter created with delegate: FileRaftStorage
15:36:02.143 [ForkJoinPool-1-worker-1] INFO  d.m.q.c.r.s.RaftLogStorageAdapter - Opening RaftLog storage at: C:\Users\mraysmit\AppData\Local\Temp\junit8162340094130514464\interrupted-install
15:36:02.143 [wal-executor] INFO  d.m.raftlog.storage.FileRaftStorage - Opening WAL storage at: C:\Users\mraysmit\AppData\Local\Temp\junit8162340094130514464\interrupted-install
15:36:02.144 [wal-executor] INFO  d.m.raftlog.storage.FileRaftStorage - Exclusive lock acquired: C:\Users\mraysmit\AppData\Local\Temp\junit8162340094130514464\interrupted-install\raft.lock
15:36:02.147 [wal-executor] INFO  d.m.raftlog.storage.FileRaftStorage - WAL opened successfully: path=C:\Users\mraysmit\AppData\Local\Temp\junit8162340094130514464\interrupted-install\raft.log, size=152 bytes
15:36:02.148 [ForkJoinPool-1-worker-1] DEBUG d.m.q.c.state.QuorusStateStore - Initializing default metadata: version=2.0
15:36:02.148 [vert.x-eventloop-thread-0] INFO  d.m.quorus.controller.raft.RaftNode [FOLLOWER/2] - Starting Raft node: follower
15:36:02.148 [vert.x-eventloop-thread-0] INFO  d.m.quorus.controller.raft.RaftNode [FOLLOWER/0] - Recovering Raft state from storage...
15:36:02.148 [vert.x-eventloop-thread-0] DEBUG d.m.q.c.r.s.RaftLogStorageAdapter [FOLLOWER/0] - Loading metadata
15:36:02.150 [wal-executor] INFO  d.m.raftlog.storage.FileRaftStorage - Metadata loaded: term=2, votedFor=(none)
15:36:02.150 [vert.x-eventloop-thread-0] INFO  d.m.quorus.controller.raft.RaftNode [FOLLOWER/0] - Recovered metadata: term=2, votedFor=null
15:36:02.151 [vert.x-eventloop-thread-0] INFO  d.m.quorus.controller.raft.RaftNode [FOLLOWER/0] - Restoring from snapshot: lastIncludedIndex=2, lastIncludedTerm=2
15:36:02.152 [vert.x-eventloop-thread-0] DEBUG d.m.q.c.state.QuorusStateStore [FOLLOWER/0] - Restoring state machine snapshot: snapshotSize=250bytes
15:36:02.175 [vert.x-eventloop-thread-0] INFO  d.m.q.c.state.QuorusStateStore [FOLLOWER/0] - Restored snapshot: jobs=0, agents=0, metadata=1, assignments=0, queue=0, routes=0, lastAppliedIndex=0
15:36:02.175 [vert.x-eventloop-thread-0] INFO  d.m.q.c.r.s.RaftLogStorageAdapter [FOLLOWER/0] - Replaying WAL
15:36:02.175 [wal-executor] INFO  d.m.raftlog.storage.FileRaftStorage - Replaying WAL from: C:\Users\mraysmit\AppData\Local\Temp\junit8162340094130514464\interrupted-install\raft.log
15:36:02.177 [wal-executor] INFO  d.m.raftlog.storage.FileRaftStorage - WAL replay complete: 3 entries recovered, 3 appends, 0 truncates, 1 ms
15:36:02.177 [vert.x-eventloop-thread-0] WARN  d.m.quorus.controller.raft.RaftNode [FOLLOWER/0] - Discarding conflicting WAL suffix after interrupted snapshot installation at index 2
15:36:02.177 [vert.x-eventloop-thread-0] DEBUG d.m.q.c.r.s.RaftLogStorageAdapter [FOLLOWER/0] - Truncating log suffix from index 3
15:36:02.177 [wal-executor] INFO  d.m.raftlog.storage.FileRaftStorage - Truncate record written: fromIndex=3
15:36:02.177 [vert.x-eventloop-thread-0] INFO  d.m.q.c.r.s.RaftLogStorageAdapter [FOLLOWER/0] - Compacting log prefix up to index 2
15:36:02.185 [wal-executor] INFO  d.m.raftlog.storage.FileRaftStorage - Replaying WAL from: C:\Users\mraysmit\AppData\Local\Temp\junit8162340094130514464\interrupted-install\raft.log
15:36:02.192 [wal-executor] INFO  d.m.raftlog.storage.FileRaftStorage - WAL replay complete: 2 entries recovered, 3 appends, 1 truncates, 7 ms
15:36:02.199 [wal-executor] INFO  d.m.raftlog.storage.FileRaftStorage - Compacted WAL through index 2: 0 entries retained
15:36:02.200 [vert.x-eventloop-thread-0] INFO  d.m.quorus.controller.raft.RaftNode [FOLLOWER/0] - Replayed 0 post-snapshot entries (skipped 0 compacted or duplicate records)
15:36:02.200 [vert.x-eventloop-thread-0] INFO  d.m.quorus.controller.raft.RaftNode [FOLLOWER/0] - Snapshot recovery loaded 0 post-snapshot entries; awaiting leader commit to apply
15:36:02.200 [vert.x-eventloop-thread-0] INFO  d.m.quorus.controller.raft.RaftNode [FOLLOWER/0] - Recovery complete: term=2, logSize=1, lastApplied=2, snapshotLastIndex=2
15:36:02.200 [vert.x-eventloop-thread-0] INFO  d.m.q.c.r.InMemoryTransportSimulator [FOLLOWER/0] - Started in-memory transport for node: follower
15:36:02.200 [vert.x-eventloop-thread-0] INFO  d.m.quorus.controller.raft.RaftNode [FOLLOWER/0] - Raft node follower started successfully (term=2, logSize=1)
15:36:02.201 [vert.x-eventloop-thread-0] DEBUG d.m.q.c.r.s.RaftLogStorageAdapter [FOLLOWER/0] - Appending 1 entries (indices 3-3)
15:36:02.201 [wal-executor] INFO  d.m.raftlog.storage.FileRaftStorage - Appended 1 entries to WAL: indices [3-3], terms [2-2], 67 bytes
15:36:02.205 [vert.x-eventloop-thread-0] DEBUG d.m.quorus.controller.raft.RaftNode [FOLLOWER/0] - AppendEntries success: logSize=2, commitIndex=2
15:36:02.206 [vert.x-eventloop-thread-0] INFO  d.m.q.c.r.InMemoryTransportSimulator [FOLLOWER/0] - Stopped in-memory transport for node: follower
15:36:02.206 [vert.x-eventloop-thread-0] INFO  d.m.q.c.r.s.RaftLogStorageAdapter [FOLLOWER/0] - Closing RaftLog storage
15:36:02.206 [vert.x-worker-thread-6] INFO  d.m.raftlog.storage.FileRaftStorage - Closing WAL storage at: C:\Users\mraysmit\AppData\Local\Temp\junit8162340094130514464\interrupted-install
15:36:02.206 [vert.x-worker-thread-6] INFO  d.m.raftlog.storage.FileRaftStorage - WAL storage closed
15:36:02.207 [vert.x-eventloop-thread-0] INFO  d.m.quorus.controller.raft.RaftNode [FOLLOWER/0] - Raft node stopped: follower
15:36:02.208 [ForkJoinPool-1-worker-1] INFO  d.m.raftlog.storage.FileRaftStorage - FileRaftStorage initialized: syncEnabled=true, verifyWrites=false, maxPayloadSize=16 MB, minFreeSpace=64 MB
15:36:02.208 [ForkJoinPool-1-worker-1] INFO  d.m.q.c.r.s.RaftLogStorageAdapter - RaftLogStorageAdapter created with delegate: FileRaftStorage
15:36:02.208 [ForkJoinPool-1-worker-1] INFO  d.m.q.c.r.s.RaftLogStorageAdapter - Opening RaftLog storage at: C:\Users\mraysmit\AppData\Local\Temp\junit8162340094130514464\interrupted-install
15:36:02.208 [wal-executor] INFO  d.m.raftlog.storage.FileRaftStorage - Opening WAL storage at: C:\Users\mraysmit\AppData\Local\Temp\junit8162340094130514464\interrupted-install
15:36:02.208 [wal-executor] INFO  d.m.raftlog.storage.FileRaftStorage - Exclusive lock acquired: C:\Users\mraysmit\AppData\Local\Temp\junit8162340094130514464\interrupted-install\raft.lock
15:36:02.219 [wal-executor] INFO  d.m.raftlog.storage.FileRaftStorage - WAL opened successfully: path=C:\Users\mraysmit\AppData\Local\Temp\junit8162340094130514464\interrupted-install\raft.log, size=67 bytes
15:36:02.220 [ForkJoinPool-1-worker-1] DEBUG d.m.q.c.state.QuorusStateStore - Initializing default metadata: version=2.0
15:36:02.221 [vert.x-eventloop-thread-0] INFO  d.m.quorus.controller.raft.RaftNode [FOLLOWER/0] - Starting Raft node: follower
15:36:02.221 [vert.x-eventloop-thread-0] INFO  d.m.quorus.controller.raft.RaftNode [FOLLOWER/0] - Recovering Raft state from storage...
15:36:02.221 [vert.x-eventloop-thread-0] DEBUG d.m.q.c.r.s.RaftLogStorageAdapter [FOLLOWER/0] - Loading metadata
15:36:02.222 [wal-executor] INFO  d.m.raftlog.storage.FileRaftStorage - Metadata loaded: term=2, votedFor=(none)
15:36:02.222 [vert.x-eventloop-thread-0] INFO  d.m.quorus.controller.raft.RaftNode [FOLLOWER/0] - Recovered metadata: term=2, votedFor=null
15:36:02.224 [vert.x-eventloop-thread-0] INFO  d.m.quorus.controller.raft.RaftNode [FOLLOWER/0] - Restoring from snapshot: lastIncludedIndex=2, lastIncludedTerm=2
15:36:02.224 [vert.x-eventloop-thread-0] DEBUG d.m.q.c.state.QuorusStateStore [FOLLOWER/0] - Restoring state machine snapshot: snapshotSize=250bytes
15:36:02.256 [vert.x-eventloop-thread-0] INFO  d.m.q.c.state.QuorusStateStore [FOLLOWER/0] - Restored snapshot: jobs=0, agents=0, metadata=1, assignments=0, queue=0, routes=0, lastAppliedIndex=0
15:36:02.256 [vert.x-eventloop-thread-0] INFO  d.m.q.c.r.s.RaftLogStorageAdapter [FOLLOWER/0] - Replaying WAL
15:36:02.257 [wal-executor] INFO  d.m.raftlog.storage.FileRaftStorage - Replaying WAL from: C:\Users\mraysmit\AppData\Local\Temp\junit8162340094130514464\interrupted-install\raft.log
15:36:02.257 [wal-executor] INFO  d.m.raftlog.storage.FileRaftStorage - WAL replay complete: 1 entries recovered, 1 appends, 0 truncates, 0 ms
15:36:02.257 [vert.x-eventloop-thread-0] INFO  d.m.quorus.controller.raft.RaftNode [FOLLOWER/0] - Replayed 1 post-snapshot entries (skipped 0 compacted or duplicate records)
15:36:02.258 [vert.x-eventloop-thread-0] INFO  d.m.quorus.controller.raft.RaftNode [FOLLOWER/0] - Snapshot recovery loaded 1 post-snapshot entries; awaiting leader commit to apply
15:36:02.258 [vert.x-eventloop-thread-0] INFO  d.m.quorus.controller.raft.RaftNode [FOLLOWER/0] - Recovery complete: term=2, logSize=2, lastApplied=2, snapshotLastIndex=2
15:36:02.258 [vert.x-eventloop-thread-0] INFO  d.m.q.c.r.InMemoryTransportSimulator [FOLLOWER/0] - Started in-memory transport for node: follower
15:36:02.258 [vert.x-eventloop-thread-0] INFO  d.m.quorus.controller.raft.RaftNode [FOLLOWER/0] - Raft node follower started successfully (term=2, logSize=2)
15:36:02.258 [vert.x-eventloop-thread-0] INFO  d.m.q.c.r.InMemoryTransportSimulator [FOLLOWER/0] - Stopped in-memory transport for node: follower
15:36:02.258 [vert.x-eventloop-thread-0] INFO  d.m.q.c.r.s.RaftLogStorageAdapter [FOLLOWER/0] - Closing RaftLog storage
15:36:02.259 [vert.x-worker-thread-8] INFO  d.m.raftlog.storage.FileRaftStorage - Closing WAL storage at: C:\Users\mraysmit\AppData\Local\Temp\junit8162340094130514464\interrupted-install
15:36:02.259 [vert.x-worker-thread-8] INFO  d.m.raftlog.storage.FileRaftStorage - WAL storage closed
15:36:02.259 [vert.x-eventloop-thread-0] INFO  d.m.quorus.controller.raft.RaftNode [FOLLOWER/0] - Raft node stopped: follower
15:36:02.259 [ForkJoinPool-1-worker-1] INFO  d.m.q.c.r.InMemoryTransportSimulator - Healed all network partitions
15:36:02.328 [ForkJoinPool-1-worker-1] INFO  d.m.raftlog.storage.FileRaftStorage - FileRaftStorage initialized: syncEnabled=true, verifyWrites=false, maxPayloadSize=16 MB, minFreeSpace=64 MB
15:36:02.328 [ForkJoinPool-1-worker-1] INFO  d.m.q.c.r.s.RaftLogStorageAdapter - RaftLogStorageAdapter created with delegate: FileRaftStorage
15:36:02.328 [ForkJoinPool-1-worker-1] INFO  d.m.q.c.r.s.RaftLogStorageAdapter - Opening RaftLog storage at: C:\Users\mraysmit\AppData\Local\Temp\junit10411293682000877143\follower-raft
15:36:02.329 [wal-executor] INFO  d.m.raftlog.storage.FileRaftStorage - Opening WAL storage at: C:\Users\mraysmit\AppData\Local\Temp\junit10411293682000877143\follower-raft
15:36:02.330 [wal-executor] INFO  d.m.raftlog.storage.FileRaftStorage - Exclusive lock acquired: C:\Users\mraysmit\AppData\Local\Temp\junit10411293682000877143\follower-raft\raft.lock
15:36:02.332 [wal-executor] INFO  d.m.raftlog.storage.FileRaftStorage - WAL opened successfully: path=C:\Users\mraysmit\AppData\Local\Temp\junit10411293682000877143\follower-raft\raft.log, size=0 bytes
15:36:02.333 [ForkJoinPool-1-worker-1] DEBUG d.m.q.c.state.QuorusStateStore - Initializing default metadata: version=2.0
15:36:02.333 [vert.x-eventloop-thread-0] INFO  d.m.quorus.controller.raft.RaftNode - Starting Raft node: follower
15:36:02.334 [vert.x-eventloop-thread-0] INFO  d.m.quorus.controller.raft.RaftNode [FOLLOWER/0] - Recovering Raft state from storage...
15:36:02.334 [vert.x-eventloop-thread-0] DEBUG d.m.q.c.r.s.RaftLogStorageAdapter [FOLLOWER/0] - Loading metadata
15:36:02.334 [vert.x-eventloop-thread-0] INFO  d.m.quorus.controller.raft.RaftNode [FOLLOWER/0] - Recovered metadata: term=0, votedFor=null
15:36:02.335 [vert.x-eventloop-thread-0] INFO  d.m.quorus.controller.raft.RaftNode [FOLLOWER/0] - No snapshot found, will rebuild from full log replay
15:36:02.335 [vert.x-eventloop-thread-0] INFO  d.m.q.c.r.s.RaftLogStorageAdapter [FOLLOWER/0] - Replaying WAL
15:36:02.335 [wal-executor] INFO  d.m.raftlog.storage.FileRaftStorage - Replaying WAL from: C:\Users\mraysmit\AppData\Local\Temp\junit10411293682000877143\follower-raft\raft.log
15:36:02.335 [wal-executor] INFO  d.m.raftlog.storage.FileRaftStorage - WAL replay complete: 0 entries recovered, 0 appends, 0 truncates, 0 ms
15:36:02.335 [vert.x-eventloop-thread-0] INFO  d.m.quorus.controller.raft.RaftNode [FOLLOWER/0] - Recovered 0 log entries from 0 storage records
15:36:02.336 [vert.x-eventloop-thread-0] INFO  d.m.quorus.controller.raft.RaftNode [FOLLOWER/0] - Rebuilding state machine from 0 entries...
15:36:02.336 [vert.x-eventloop-thread-0] DEBUG d.m.q.c.state.QuorusStateStore [FOLLOWER/0] - Resetting state machine: jobs=0, agents=0, metadata=1
15:36:02.336 [vert.x-eventloop-thread-0] DEBUG d.m.q.c.state.QuorusStateStore [FOLLOWER/0] - Initializing default metadata: version=2.0
15:36:02.336 [vert.x-eventloop-thread-0] INFO  d.m.q.c.state.QuorusStateStore [FOLLOWER/0] - State machine reset completed: version=2.0
15:36:02.336 [vert.x-eventloop-thread-0] INFO  d.m.quorus.controller.raft.RaftNode [FOLLOWER/0] - Multi-node recovery: deferring log application until leader commit advances
15:36:02.336 [vert.x-eventloop-thread-0] INFO  d.m.quorus.controller.raft.RaftNode [FOLLOWER/0] - Recovery complete: term=0, logSize=1, lastApplied=0, snapshotLastIndex=0
15:36:02.336 [vert.x-eventloop-thread-0] INFO  d.m.q.c.r.InMemoryTransportSimulator [FOLLOWER/0] - Started in-memory transport for node: follower
15:36:02.336 [vert.x-eventloop-thread-0] INFO  d.m.quorus.controller.raft.RaftNode [FOLLOWER/0] - Raft node follower started successfully (term=0, logSize=1)
15:36:02.336 [vert.x-eventloop-thread-0] INFO  d.m.quorus.controller.raft.RaftNode [FOLLOWER/1] - Stepped down to FOLLOWER. Term: 1
15:36:02.336 [vert.x-eventloop-thread-0] DEBUG d.m.quorus.controller.raft.RaftNode [FOLLOWER/1] - Persisting raft metadata: term=1, votedForPresent=false, votedFor=<none>
15:36:02.336 [vert.x-eventloop-thread-0] DEBUG d.m.q.c.r.s.RaftLogStorageAdapter [FOLLOWER/1] - Updating metadata: term=1, votedFor=(none)
15:36:02.342 [wal-executor] INFO  d.m.raftlog.storage.FileRaftStorage - Metadata updated: term=1, votedFor=(none)
15:36:02.342 [vert.x-eventloop-thread-0] DEBUG d.m.q.c.r.s.RaftLogStorageAdapter [FOLLOWER/1] - Appending 1 entries (indices 1-1)
15:36:02.342 [wal-executor] INFO  d.m.raftlog.storage.FileRaftStorage - Appended 1 entries to WAL: indices [1-1], terms [1-1], 52 bytes
15:36:02.346 [vert.x-eventloop-thread-0] DEBUG d.m.quorus.controller.raft.RaftNode [FOLLOWER/1] - AppendEntries success: logSize=2, commitIndex=0
15:36:02.347 [vert.x-eventloop-thread-0] DEBUG d.m.q.c.r.s.RaftLogStorageAdapter [FOLLOWER/1] - Appending 1 entries (indices 2-2)
15:36:02.348 [wal-executor] INFO  d.m.raftlog.storage.FileRaftStorage - Appended 1 entries to WAL: indices [2-2], terms [1-1], 53 bytes
15:36:02.351 [vert.x-eventloop-thread-0] DEBUG d.m.quorus.controller.raft.RaftNode [FOLLOWER/1] - AppendEntries success: logSize=3, commitIndex=0
15:36:02.352 [vert.x-eventloop-thread-0] INFO  d.m.q.c.r.InMemoryTransportSimulator [FOLLOWER/1] - Stopped in-memory transport for node: follower
15:36:02.352 [vert.x-eventloop-thread-0] INFO  d.m.q.c.r.s.RaftLogStorageAdapter [FOLLOWER/1] - Closing RaftLog storage
15:36:02.352 [vert.x-worker-thread-1] INFO  d.m.raftlog.storage.FileRaftStorage - Closing WAL storage at: C:\Users\mraysmit\AppData\Local\Temp\junit10411293682000877143\follower-raft
15:36:02.352 [vert.x-worker-thread-1] INFO  d.m.raftlog.storage.FileRaftStorage - WAL storage closed
15:36:02.352 [vert.x-eventloop-thread-0] INFO  d.m.quorus.controller.raft.RaftNode [FOLLOWER/1] - Raft node stopped: follower
15:36:02.353 [ForkJoinPool-1-worker-1] INFO  d.m.q.c.r.InMemoryTransportSimulator - Healed all network partitions
15:36:02.353 [ForkJoinPool-1-worker-1] INFO  d.m.raftlog.storage.FileRaftStorage - FileRaftStorage initialized: syncEnabled=true, verifyWrites=false, maxPayloadSize=16 MB, minFreeSpace=64 MB
15:36:02.353 [ForkJoinPool-1-worker-1] INFO  d.m.q.c.r.s.RaftLogStorageAdapter - RaftLogStorageAdapter created with delegate: FileRaftStorage
15:36:02.353 [ForkJoinPool-1-worker-1] INFO  d.m.q.c.r.s.RaftLogStorageAdapter - Opening RaftLog storage at: C:\Users\mraysmit\AppData\Local\Temp\junit10411293682000877143\follower-raft
15:36:02.354 [wal-executor] INFO  d.m.raftlog.storage.FileRaftStorage - Opening WAL storage at: C:\Users\mraysmit\AppData\Local\Temp\junit10411293682000877143\follower-raft
15:36:02.355 [wal-executor] INFO  d.m.raftlog.storage.FileRaftStorage - Exclusive lock acquired: C:\Users\mraysmit\AppData\Local\Temp\junit10411293682000877143\follower-raft\raft.lock
15:36:02.361 [wal-executor] INFO  d.m.raftlog.storage.FileRaftStorage - WAL opened successfully: path=C:\Users\mraysmit\AppData\Local\Temp\junit10411293682000877143\follower-raft\raft.log, size=105 bytes
15:36:02.362 [ForkJoinPool-1-worker-1] INFO  d.m.q.c.r.s.RaftLogStorageAdapter - Replaying WAL
15:36:02.362 [wal-executor] INFO  d.m.raftlog.storage.FileRaftStorage - Replaying WAL from: C:\Users\mraysmit\AppData\Local\Temp\junit10411293682000877143\follower-raft\raft.log
15:36:02.363 [wal-executor] INFO  d.m.raftlog.storage.FileRaftStorage - WAL replay complete: 2 entries recovered, 2 appends, 0 truncates, 1 ms
15:36:02.363 [ForkJoinPool-1-worker-1] INFO  d.m.q.c.r.s.RaftLogStorageAdapter - Closing RaftLog storage
15:36:02.364 [vert.x-worker-thread-2] INFO  d.m.raftlog.storage.FileRaftStorage - Closing WAL storage at: C:\Users\mraysmit\AppData\Local\Temp\junit10411293682000877143\follower-raft
15:36:02.364 [vert.x-worker-thread-2] INFO  d.m.raftlog.storage.FileRaftStorage - WAL storage closed
15:36:02.365 [ForkJoinPool-1-worker-1] INFO  d.m.raftlog.storage.FileRaftStorage - FileRaftStorage initialized: syncEnabled=true, verifyWrites=false, maxPayloadSize=16 MB, minFreeSpace=64 MB
15:36:02.365 [ForkJoinPool-1-worker-1] INFO  d.m.q.c.r.s.RaftLogStorageAdapter - RaftLogStorageAdapter created with delegate: FileRaftStorage
15:36:02.365 [ForkJoinPool-1-worker-1] INFO  d.m.q.c.r.s.RaftLogStorageAdapter - Opening RaftLog storage at: C:\Users\mraysmit\AppData\Local\Temp\junit10411293682000877143\follower-raft
15:36:02.365 [wal-executor] INFO  d.m.raftlog.storage.FileRaftStorage - Opening WAL storage at: C:\Users\mraysmit\AppData\Local\Temp\junit10411293682000877143\follower-raft
15:36:02.366 [wal-executor] INFO  d.m.raftlog.storage.FileRaftStorage - Exclusive lock acquired: C:\Users\mraysmit\AppData\Local\Temp\junit10411293682000877143\follower-raft\raft.lock
15:36:02.367 [wal-executor] INFO  d.m.raftlog.storage.FileRaftStorage - WAL opened successfully: path=C:\Users\mraysmit\AppData\Local\Temp\junit10411293682000877143\follower-raft\raft.log, size=105 bytes
15:36:02.368 [ForkJoinPool-1-worker-1] DEBUG d.m.q.c.state.QuorusStateStore - Initializing default metadata: version=2.0
15:36:02.369 [vert.x-eventloop-thread-0] INFO  d.m.quorus.controller.raft.RaftNode [FOLLOWER/1] - Starting Raft node: follower
15:36:02.369 [vert.x-eventloop-thread-0] INFO  d.m.quorus.controller.raft.RaftNode [FOLLOWER/0] - Recovering Raft state from storage...
15:36:02.369 [vert.x-eventloop-thread-0] DEBUG d.m.q.c.r.s.RaftLogStorageAdapter [FOLLOWER/0] - Loading metadata
15:36:02.375 [wal-executor] INFO  d.m.raftlog.storage.FileRaftStorage - Metadata loaded: term=1, votedFor=(none)
15:36:02.375 [vert.x-eventloop-thread-0] INFO  d.m.quorus.controller.raft.RaftNode [FOLLOWER/0] - Recovered metadata: term=1, votedFor=null
15:36:02.376 [vert.x-eventloop-thread-0] INFO  d.m.quorus.controller.raft.RaftNode [FOLLOWER/0] - No snapshot found, will rebuild from full log replay
15:36:02.376 [vert.x-eventloop-thread-0] INFO  d.m.q.c.r.s.RaftLogStorageAdapter [FOLLOWER/0] - Replaying WAL
15:36:02.376 [wal-executor] INFO  d.m.raftlog.storage.FileRaftStorage - Replaying WAL from: C:\Users\mraysmit\AppData\Local\Temp\junit10411293682000877143\follower-raft\raft.log
15:36:02.376 [wal-executor] INFO  d.m.raftlog.storage.FileRaftStorage - WAL replay complete: 2 entries recovered, 2 appends, 0 truncates, 0 ms
15:36:02.377 [vert.x-eventloop-thread-0] INFO  d.m.quorus.controller.raft.RaftNode [FOLLOWER/0] - Recovered 2 log entries from 2 storage records
15:36:02.377 [vert.x-eventloop-thread-0] INFO  d.m.quorus.controller.raft.RaftNode [FOLLOWER/0] - Rebuilding state machine from 2 entries...
15:36:02.377 [vert.x-eventloop-thread-0] DEBUG d.m.q.c.state.QuorusStateStore [FOLLOWER/0] - Resetting state machine: jobs=0, agents=0, metadata=1
15:36:02.377 [vert.x-eventloop-thread-0] DEBUG d.m.q.c.state.QuorusStateStore [FOLLOWER/0] - Initializing default metadata: version=2.0
15:36:02.377 [vert.x-eventloop-thread-0] INFO  d.m.q.c.state.QuorusStateStore [FOLLOWER/0] - State machine reset completed: version=2.0
15:36:02.377 [vert.x-eventloop-thread-0] INFO  d.m.quorus.controller.raft.RaftNode [FOLLOWER/0] - Multi-node recovery: deferring log application until leader commit advances
15:36:02.377 [vert.x-eventloop-thread-0] INFO  d.m.quorus.controller.raft.RaftNode [FOLLOWER/0] - Recovery complete: term=1, logSize=3, lastApplied=0, snapshotLastIndex=0
15:36:02.377 [vert.x-eventloop-thread-0] INFO  d.m.q.c.r.InMemoryTransportSimulator [FOLLOWER/0] - Started in-memory transport for node: follower
15:36:02.377 [vert.x-eventloop-thread-0] INFO  d.m.quorus.controller.raft.RaftNode [FOLLOWER/0] - Raft node follower started successfully (term=1, logSize=3)
15:36:02.377 [vert.x-eventloop-thread-0] INFO  d.m.q.c.r.InMemoryTransportSimulator [FOLLOWER/0] - Stopped in-memory transport for node: follower
15:36:02.377 [vert.x-eventloop-thread-0] INFO  d.m.q.c.r.s.RaftLogStorageAdapter [FOLLOWER/0] - Closing RaftLog storage
15:36:02.378 [vert.x-worker-thread-4] INFO  d.m.raftlog.storage.FileRaftStorage - Closing WAL storage at: C:\Users\mraysmit\AppData\Local\Temp\junit10411293682000877143\follower-raft
15:36:02.378 [vert.x-worker-thread-4] INFO  d.m.raftlog.storage.FileRaftStorage - WAL storage closed
15:36:02.378 [vert.x-eventloop-thread-0] INFO  d.m.quorus.controller.raft.RaftNode [FOLLOWER/0] - Raft node stopped: follower
15:36:02.378 [ForkJoinPool-1-worker-1] INFO  d.m.q.c.r.InMemoryTransportSimulator - Healed all network partitions
15:36:02.450 [ForkJoinPool-1-worker-1] INFO  d.m.raftlog.storage.FileRaftStorage - FileRaftStorage initialized: syncEnabled=true, verifyWrites=false, maxPayloadSize=16 MB, minFreeSpace=64 MB
15:36:02.451 [ForkJoinPool-1-worker-1] INFO  d.m.q.c.r.s.RaftLogStorageAdapter - RaftLogStorageAdapter created with delegate: FileRaftStorage
15:36:02.451 [ForkJoinPool-1-worker-1] INFO  d.m.q.c.r.s.RaftLogStorageAdapter - Opening RaftLog storage at: C:\Users\mraysmit\AppData\Local\Temp\junit13235097311048812313\journal
15:36:02.451 [wal-executor] INFO  d.m.raftlog.storage.FileRaftStorage - Opening WAL storage at: C:\Users\mraysmit\AppData\Local\Temp\junit13235097311048812313\journal
15:36:02.452 [wal-executor] INFO  d.m.raftlog.storage.FileRaftStorage - Exclusive lock acquired: C:\Users\mraysmit\AppData\Local\Temp\junit13235097311048812313\journal\raft.lock
15:36:02.454 [wal-executor] INFO  d.m.raftlog.storage.FileRaftStorage - WAL opened successfully: path=C:\Users\mraysmit\AppData\Local\Temp\junit13235097311048812313\journal\raft.log, size=0 bytes
15:36:02.455 [ForkJoinPool-1-worker-1] DEBUG d.m.q.c.r.s.RaftLogStorageAdapter - Appending 1 entries (indices 1-1)
15:36:02.455 [wal-executor] INFO  d.m.raftlog.storage.FileRaftStorage - Appended 1 entries to WAL: indices [1-1], terms [1-1], 53 bytes
15:36:02.456 [ForkJoinPool-1-worker-1] DEBUG d.m.q.c.r.s.RaftLogStorageAdapter - Appending 1 entries (indices 2-2)
15:36:02.456 [wal-executor] INFO  d.m.raftlog.storage.FileRaftStorage - Appended 1 entries to WAL: indices [2-2], terms [1-1], 53 bytes
15:36:02.456 [ForkJoinPool-1-worker-1] DEBUG d.m.q.c.r.s.RaftLogStorageAdapter - Appending 1 entries (indices 1-1)
15:36:02.456 [wal-executor] INFO  d.m.raftlog.storage.FileRaftStorage - Appended 1 entries to WAL: indices [1-1], terms [1-1], 53 bytes
15:36:02.457 [ForkJoinPool-1-worker-1] DEBUG d.m.q.c.r.s.RaftLogStorageAdapter - Appending 1 entries (indices 2-2)
15:36:02.457 [wal-executor] INFO  d.m.raftlog.storage.FileRaftStorage - Appended 1 entries to WAL: indices [2-2], terms [2-2], 53 bytes
15:36:02.460 [ForkJoinPool-1-worker-1] INFO  d.m.q.c.r.s.RaftLogStorageAdapter - Closing RaftLog storage
15:36:02.461 [vert.x-worker-thread-0] INFO  d.m.raftlog.storage.FileRaftStorage - Closing WAL storage at: C:\Users\mraysmit\AppData\Local\Temp\junit13235097311048812313\journal
15:36:02.461 [vert.x-worker-thread-0] INFO  d.m.raftlog.storage.FileRaftStorage - WAL storage closed
15:36:02.462 [ForkJoinPool-1-worker-1] INFO  d.m.raftlog.storage.FileRaftStorage - FileRaftStorage initialized: syncEnabled=true, verifyWrites=false, maxPayloadSize=16 MB, minFreeSpace=64 MB
15:36:02.462 [ForkJoinPool-1-worker-1] INFO  d.m.q.c.r.s.RaftLogStorageAdapter - RaftLogStorageAdapter created with delegate: FileRaftStorage
15:36:02.462 [ForkJoinPool-1-worker-1] INFO  d.m.q.c.r.s.RaftLogStorageAdapter - Opening RaftLog storage at: C:\Users\mraysmit\AppData\Local\Temp\junit13235097311048812313\journal
15:36:02.462 [wal-executor] INFO  d.m.raftlog.storage.FileRaftStorage - Opening WAL storage at: C:\Users\mraysmit\AppData\Local\Temp\junit13235097311048812313\journal
15:36:02.463 [wal-executor] INFO  d.m.raftlog.storage.FileRaftStorage - Exclusive lock acquired: C:\Users\mraysmit\AppData\Local\Temp\junit13235097311048812313\journal\raft.lock
15:36:02.472 [wal-executor] INFO  d.m.raftlog.storage.FileRaftStorage - WAL opened successfully: path=C:\Users\mraysmit\AppData\Local\Temp\junit13235097311048812313\journal\raft.log, size=212 bytes
15:36:02.473 [ForkJoinPool-1-worker-1] DEBUG d.m.q.c.state.QuorusStateStore - Initializing default metadata: version=2.0
15:36:02.473 [vert.x-eventloop-thread-0] INFO  d.m.quorus.controller.raft.RaftNode - Starting Raft node: follower
15:36:02.474 [vert.x-eventloop-thread-0] INFO  d.m.quorus.controller.raft.RaftNode [FOLLOWER/0] - Recovering Raft state from storage...
15:36:02.474 [vert.x-eventloop-thread-0] DEBUG d.m.q.c.r.s.RaftLogStorageAdapter [FOLLOWER/0] - Loading metadata
15:36:02.474 [vert.x-eventloop-thread-0] INFO  d.m.quorus.controller.raft.RaftNode [FOLLOWER/0] - Recovered metadata: term=0, votedFor=null
15:36:02.475 [vert.x-eventloop-thread-0] INFO  d.m.quorus.controller.raft.RaftNode [FOLLOWER/0] - No snapshot found, will rebuild from full log replay
15:36:02.475 [vert.x-eventloop-thread-0] INFO  d.m.q.c.r.s.RaftLogStorageAdapter [FOLLOWER/0] - Replaying WAL
15:36:02.475 [wal-executor] INFO  d.m.raftlog.storage.FileRaftStorage - Replaying WAL from: C:\Users\mraysmit\AppData\Local\Temp\junit13235097311048812313\journal\raft.log
15:36:02.476 [wal-executor] INFO  d.m.raftlog.storage.FileRaftStorage - WAL replay complete: 4 entries recovered, 4 appends, 0 truncates, 1 ms
15:36:02.476 [vert.x-eventloop-thread-0] WARN  d.m.quorus.controller.raft.RaftNode [FOLLOWER/0] - Ignoring duplicate storage record for index 1 (term 1)
15:36:02.476 [vert.x-eventloop-thread-0] WARN  d.m.quorus.controller.raft.RaftNode [FOLLOWER/0] - Storage record for index 2 (term 2) supersedes 1 recovered entries from term 1
15:36:02.476 [vert.x-eventloop-thread-0] INFO  d.m.quorus.controller.raft.RaftNode [FOLLOWER/0] - Recovered 2 log entries from 4 storage records
15:36:02.476 [vert.x-eventloop-thread-0] INFO  d.m.quorus.controller.raft.RaftNode [FOLLOWER/0] - Rebuilding state machine from 2 entries...
15:36:02.476 [vert.x-eventloop-thread-0] DEBUG d.m.q.c.state.QuorusStateStore [FOLLOWER/0] - Resetting state machine: jobs=0, agents=0, metadata=1
15:36:02.476 [vert.x-eventloop-thread-0] DEBUG d.m.q.c.state.QuorusStateStore [FOLLOWER/0] - Initializing default metadata: version=2.0
15:36:02.476 [vert.x-eventloop-thread-0] INFO  d.m.q.c.state.QuorusStateStore [FOLLOWER/0] - State machine reset completed: version=2.0
15:36:02.476 [vert.x-eventloop-thread-0] INFO  d.m.quorus.controller.raft.RaftNode [FOLLOWER/0] - Multi-node recovery: deferring log application until leader commit advances
15:36:02.477 [vert.x-eventloop-thread-0] INFO  d.m.quorus.controller.raft.RaftNode [FOLLOWER/0] - Recovery complete: term=0, logSize=3, lastApplied=0, snapshotLastIndex=0
15:36:02.477 [vert.x-eventloop-thread-0] INFO  d.m.q.c.r.InMemoryTransportSimulator [FOLLOWER/0] - Started in-memory transport for node: follower
15:36:02.477 [vert.x-eventloop-thread-0] INFO  d.m.quorus.controller.raft.RaftNode [FOLLOWER/0] - Raft node follower started successfully (term=0, logSize=3)
15:36:02.477 [vert.x-eventloop-thread-0] DEBUG d.m.quorus.controller.raft.RaftNode [FOLLOWER/0] - Handling vote request: candidateId=third, requestTerm=5, localTerm=0, localVotedFor=null, candidateLastLogTerm=1, candidateLastLogIndex=2
15:36:02.477 [vert.x-eventloop-thread-0] DEBUG d.m.quorus.controller.raft.RaftNode [FOLLOWER/0] - Higher term observed in vote request: requestTerm=5 > localTerm=0. Stepping down without immediate metadata persistence.
15:36:02.477 [vert.x-eventloop-thread-0] INFO  d.m.quorus.controller.raft.RaftNode [FOLLOWER/5] - Stepped down to FOLLOWER. Term: 5
15:36:02.477 [vert.x-eventloop-thread-0] DEBUG d.m.quorus.controller.raft.RaftNode [FOLLOWER/5] - Vote decision inputs: canGrantVoteForCandidate=true, candidateLogUpToDate=false, canGrant=false, effectiveLocalTerm=5
15:36:02.477 [vert.x-eventloop-thread-0] DEBUG d.m.quorus.controller.raft.RaftNode [FOLLOWER/5] - Vote rejected: candidate log is not up-to-date (candidateTerm=1, candidateIndex=2, localTerm=2, localIndex=2)
15:36:02.477 [vert.x-eventloop-thread-0] DEBUG d.m.quorus.controller.raft.RaftNode [FOLLOWER/5] - Persisting higher observed term 5 with empty vote before rejecting vote request from candidate third
15:36:02.477 [vert.x-eventloop-thread-0] DEBUG d.m.quorus.controller.raft.RaftNode [FOLLOWER/5] - Persisting raft metadata: term=5, votedForPresent=false, votedFor=<none>
15:36:02.477 [vert.x-eventloop-thread-0] DEBUG d.m.q.c.r.s.RaftLogStorageAdapter [FOLLOWER/5] - Updating metadata: term=5, votedFor=(none)
15:36:02.482 [wal-executor] INFO  d.m.raftlog.storage.FileRaftStorage - Metadata updated: term=5, votedFor=(none)
15:36:02.482 [vert.x-eventloop-thread-0] DEBUG d.m.quorus.controller.raft.RaftNode [FOLLOWER/5] - Handling vote request: candidateId=third, requestTerm=6, localTerm=5, localVotedFor=null, candidateLastLogTerm=2, candidateLastLogIndex=2
15:36:02.482 [vert.x-eventloop-thread-0] DEBUG d.m.quorus.controller.raft.RaftNode [FOLLOWER/5] - Higher term observed in vote request: requestTerm=6 > localTerm=5. Stepping down without immediate metadata persistence.
15:36:02.482 [vert.x-eventloop-thread-0] INFO  d.m.quorus.controller.raft.RaftNode [FOLLOWER/6] - Stepped down to FOLLOWER. Term: 6
15:36:02.482 [vert.x-eventloop-thread-0] DEBUG d.m.quorus.controller.raft.RaftNode [FOLLOWER/6] - Vote decision inputs: canGrantVoteForCandidate=true, candidateLogUpToDate=true, canGrant=true, effectiveLocalTerm=6
15:36:02.482 [vert.x-eventloop-thread-0] DEBUG d.m.quorus.controller.raft.RaftNode [FOLLOWER/6] - Persisting granted vote metadata: term=6, candidateId=third
15:36:02.482 [vert.x-eventloop-thread-0] DEBUG d.m.quorus.controller.raft.RaftNode [FOLLOWER/6] - Persisting raft metadata: term=6, votedForPresent=true, votedFor=third
15:36:02.483 [vert.x-eventloop-thread-0] DEBUG d.m.q.c.r.s.RaftLogStorageAdapter [FOLLOWER/6] - Updating metadata: term=6, votedFor=third
15:36:02.488 [wal-executor] INFO  d.m.raftlog.storage.FileRaftStorage - Metadata updated: term=6, votedFor=third
15:36:02.488 [vert.x-eventloop-thread-0] INFO  d.m.quorus.controller.raft.RaftNode [FOLLOWER/6] - Vote granted to third for term 6
15:36:02.489 [vert.x-eventloop-thread-0] INFO  d.m.q.c.r.InMemoryTransportSimulator [FOLLOWER/6] - Stopped in-memory transport for node: follower
15:36:02.489 [vert.x-eventloop-thread-0] INFO  d.m.q.c.r.s.RaftLogStorageAdapter [FOLLOWER/6] - Closing RaftLog storage
15:36:02.489 [vert.x-worker-thread-2] INFO  d.m.raftlog.storage.FileRaftStorage - Closing WAL storage at: C:\Users\mraysmit\AppData\Local\Temp\junit13235097311048812313\journal
15:36:02.489 [vert.x-worker-thread-2] INFO  d.m.raftlog.storage.FileRaftStorage - WAL storage closed
15:36:02.489 [vert.x-eventloop-thread-0] INFO  d.m.quorus.controller.raft.RaftNode [FOLLOWER/6] - Raft node stopped: follower
15:36:02.490 [ForkJoinPool-1-worker-1] INFO  d.m.q.c.r.InMemoryTransportSimulator - Healed all network partitions
15:36:02.557 [ForkJoinPool-1-worker-1] INFO  d.m.raftlog.storage.FileRaftStorage - FileRaftStorage initialized: syncEnabled=true, verifyWrites=false, maxPayloadSize=16 MB, minFreeSpace=64 MB
15:36:02.557 [ForkJoinPool-1-worker-1] INFO  d.m.q.c.r.s.RaftLogStorageAdapter - RaftLogStorageAdapter created with delegate: FileRaftStorage
15:36:02.557 [ForkJoinPool-1-worker-1] INFO  d.m.q.c.r.s.RaftLogStorageAdapter - Opening RaftLog storage at: C:\Users\mraysmit\AppData\Local\Temp\junit14699665195387295287\install-suffix
15:36:02.557 [wal-executor] INFO  d.m.raftlog.storage.FileRaftStorage - Opening WAL storage at: C:\Users\mraysmit\AppData\Local\Temp\junit14699665195387295287\install-suffix
15:36:02.558 [wal-executor] INFO  d.m.raftlog.storage.FileRaftStorage - Exclusive lock acquired: C:\Users\mraysmit\AppData\Local\Temp\junit14699665195387295287\install-suffix\raft.lock
15:36:02.560 [wal-executor] INFO  d.m.raftlog.storage.FileRaftStorage - WAL opened successfully: path=C:\Users\mraysmit\AppData\Local\Temp\junit14699665195387295287\install-suffix\raft.log, size=0 bytes
15:36:02.561 [ForkJoinPool-1-worker-1] DEBUG d.m.q.c.state.QuorusStateStore - Initializing default metadata: version=2.0
15:36:02.561 [vert.x-eventloop-thread-0] INFO  d.m.quorus.controller.raft.RaftNode - Starting Raft node: follower
15:36:02.561 [vert.x-eventloop-thread-0] INFO  d.m.quorus.controller.raft.RaftNode [FOLLOWER/0] - Recovering Raft state from storage...
15:36:02.561 [vert.x-eventloop-thread-0] DEBUG d.m.q.c.r.s.RaftLogStorageAdapter [FOLLOWER/0] - Loading metadata
15:36:02.562 [vert.x-eventloop-thread-0] INFO  d.m.quorus.controller.raft.RaftNode [FOLLOWER/0] - Recovered metadata: term=0, votedFor=null
15:36:02.563 [vert.x-eventloop-thread-0] INFO  d.m.quorus.controller.raft.RaftNode [FOLLOWER/0] - No snapshot found, will rebuild from full log replay
15:36:02.563 [vert.x-eventloop-thread-0] INFO  d.m.q.c.r.s.RaftLogStorageAdapter [FOLLOWER/0] - Replaying WAL
15:36:02.563 [wal-executor] INFO  d.m.raftlog.storage.FileRaftStorage - Replaying WAL from: C:\Users\mraysmit\AppData\Local\Temp\junit14699665195387295287\install-suffix\raft.log
15:36:02.563 [wal-executor] INFO  d.m.raftlog.storage.FileRaftStorage - WAL replay complete: 0 entries recovered, 0 appends, 0 truncates, 0 ms
15:36:02.563 [vert.x-eventloop-thread-0] INFO  d.m.quorus.controller.raft.RaftNode [FOLLOWER/0] - Recovered 0 log entries from 0 storage records
15:36:02.564 [vert.x-eventloop-thread-0] INFO  d.m.quorus.controller.raft.RaftNode [FOLLOWER/0] - Rebuilding state machine from 0 entries...
15:36:02.564 [vert.x-eventloop-thread-0] DEBUG d.m.q.c.state.QuorusStateStore [FOLLOWER/0] - Resetting state machine: jobs=0, agents=0, metadata=1
15:36:02.564 [vert.x-eventloop-thread-0] DEBUG d.m.q.c.state.QuorusStateStore [FOLLOWER/0] - Initializing default metadata: version=2.0
15:36:02.564 [vert.x-eventloop-thread-0] INFO  d.m.q.c.state.QuorusStateStore [FOLLOWER/0] - State machine reset completed: version=2.0
15:36:02.564 [vert.x-eventloop-thread-0] INFO  d.m.quorus.controller.raft.RaftNode [FOLLOWER/0] - Multi-node recovery: deferring log application until leader commit advances
15:36:02.564 [vert.x-eventloop-thread-0] INFO  d.m.quorus.controller.raft.RaftNode [FOLLOWER/0] - Recovery complete: term=0, logSize=1, lastApplied=0, snapshotLastIndex=0
15:36:02.564 [vert.x-eventloop-thread-0] INFO  d.m.q.c.r.InMemoryTransportSimulator [FOLLOWER/0] - Started in-memory transport for node: follower
15:36:02.564 [vert.x-eventloop-thread-0] INFO  d.m.quorus.controller.raft.RaftNode [FOLLOWER/0] - Raft node follower started successfully (term=0, logSize=1)
15:36:02.564 [vert.x-eventloop-thread-0] INFO  d.m.quorus.controller.raft.RaftNode [FOLLOWER/1] - Stepped down to FOLLOWER. Term: 1
15:36:02.564 [vert.x-eventloop-thread-0] DEBUG d.m.quorus.controller.raft.RaftNode [FOLLOWER/1] - Persisting raft metadata: term=1, votedForPresent=false, votedFor=<none>
15:36:02.564 [vert.x-eventloop-thread-0] DEBUG d.m.q.c.r.s.RaftLogStorageAdapter [FOLLOWER/1] - Updating metadata: term=1, votedFor=(none)
15:36:02.568 [wal-executor] INFO  d.m.raftlog.storage.FileRaftStorage - Metadata updated: term=1, votedFor=(none)
15:36:02.570 [vert.x-eventloop-thread-0] DEBUG d.m.q.c.r.s.RaftLogStorageAdapter [FOLLOWER/1] - Appending 3 entries (indices 1-3)
15:36:02.571 [wal-executor] INFO  d.m.raftlog.storage.FileRaftStorage - Appended 3 entries to WAL: indices [1-3], terms [1-1], 152 bytes
15:36:02.574 [vert.x-eventloop-thread-0] DEBUG d.m.quorus.controller.raft.RaftNode [FOLLOWER/1] - AppendEntries success: logSize=4, commitIndex=0
15:36:02.574 [ForkJoinPool-1-worker-1] DEBUG d.m.q.c.state.QuorusStateStore - Initializing default metadata: version=2.0
15:36:02.574 [ForkJoinPool-1-worker-1] DEBUG d.m.q.c.state.QuorusStateStore - Taking state machine snapshot: jobs=0, agents=0, metadata=1, assignments=0, queue=0
15:36:02.579 [ForkJoinPool-1-worker-1] INFO  d.m.q.c.state.QuorusStateStore - Created snapshot: size=250bytes, jobs=0, agents=0, assignments=0, queue=0, routes=0, lastAppliedIndex=0
15:36:02.579 [vert.x-eventloop-thread-0] INFO  d.m.quorus.controller.raft.RaftNode [FOLLOWER/2] - Stepped down to FOLLOWER. Term: 2
15:36:02.579 [vert.x-eventloop-thread-0] DEBUG d.m.quorus.controller.raft.RaftNode [FOLLOWER/2] - Persisting raft metadata: term=2, votedForPresent=false, votedFor=<none>
15:36:02.579 [vert.x-eventloop-thread-0] DEBUG d.m.q.c.r.s.RaftLogStorageAdapter [FOLLOWER/2] - Updating metadata: term=2, votedFor=(none)
15:36:02.585 [wal-executor] INFO  d.m.raftlog.storage.FileRaftStorage - Metadata updated: term=2, votedFor=(none)
15:36:02.585 [vert.x-eventloop-thread-0] DEBUG d.m.quorus.controller.raft.RaftNode [FOLLOWER/2] - InstallSnapshot from leader: chunk 1/1, lastIncludedIndex=2
15:36:02.586 [vert.x-eventloop-thread-0] INFO  d.m.quorus.controller.raft.RaftNode [FOLLOWER/2] - InstallSnapshot complete: assembling 250 bytes at index=2, term=2
15:36:02.586 [vert.x-eventloop-thread-0] INFO  d.m.q.c.r.s.RaftLogStorageAdapter [FOLLOWER/2] - Saving snapshot: lastIncludedIndex=2, lastIncludedTerm=2, size=250bytes
15:36:02.591 [vert.x-eventloop-thread-0] DEBUG d.m.q.c.r.s.RaftLogStorageAdapter [FOLLOWER/2] - Truncating log suffix from index 3
15:36:02.592 [wal-executor] INFO  d.m.raftlog.storage.FileRaftStorage - Truncate record written: fromIndex=3
15:36:02.592 [vert.x-eventloop-thread-0] INFO  d.m.q.c.r.s.RaftLogStorageAdapter [FOLLOWER/2] - Compacting log prefix up to index 2
15:36:02.603 [wal-executor] INFO  d.m.raftlog.storage.FileRaftStorage - Replaying WAL from: C:\Users\mraysmit\AppData\Local\Temp\junit14699665195387295287\install-suffix\raft.log
15:36:02.605 [wal-executor] INFO  d.m.raftlog.storage.FileRaftStorage - WAL replay complete: 2 entries recovered, 3 appends, 1 truncates, 1 ms
15:36:02.610 [wal-executor] INFO  d.m.raftlog.storage.FileRaftStorage - Compacted WAL through index 2: 0 entries retained
15:36:02.610 [vert.x-eventloop-thread-0] DEBUG d.m.q.c.state.QuorusStateStore [FOLLOWER/2] - Restoring state machine snapshot: snapshotSize=250bytes
15:36:02.632 [vert.x-eventloop-thread-0] INFO  d.m.q.c.state.QuorusStateStore [FOLLOWER/2] - Restored snapshot: jobs=0, agents=0, metadata=1, assignments=0, queue=0, routes=0, lastAppliedIndex=0
15:36:02.632 [vert.x-eventloop-thread-0] INFO  d.m.quorus.controller.raft.RaftNode [FOLLOWER/2] - Snapshot installed: snapshotLastIndex=2, snapshotLastTerm=2, commitIndex=2
15:36:02.633 [vert.x-eventloop-thread-0] INFO  d.m.q.c.r.InMemoryTransportSimulator [FOLLOWER/2] - Stopped in-memory transport for node: follower
15:36:02.633 [vert.x-eventloop-thread-0] INFO  d.m.q.c.r.s.RaftLogStorageAdapter [FOLLOWER/2] - Closing RaftLog storage
15:36:02.633 [vert.x-worker-thread-3] INFO  d.m.raftlog.storage.FileRaftStorage - Closing WAL storage at: C:\Users\mraysmit\AppData\Local\Temp\junit14699665195387295287\install-suffix
15:36:02.634 [vert.x-worker-thread-3] INFO  d.m.raftlog.storage.FileRaftStorage - WAL storage closed
15:36:02.634 [vert.x-eventloop-thread-0] INFO  d.m.quorus.controller.raft.RaftNode [FOLLOWER/2] - Raft node stopped: follower
15:36:02.634 [ForkJoinPool-1-worker-1] INFO  d.m.raftlog.storage.FileRaftStorage - FileRaftStorage initialized: syncEnabled=true, verifyWrites=false, maxPayloadSize=16 MB, minFreeSpace=64 MB
15:36:02.634 [ForkJoinPool-1-worker-1] INFO  d.m.q.c.r.s.RaftLogStorageAdapter - RaftLogStorageAdapter created with delegate: FileRaftStorage
15:36:02.635 [ForkJoinPool-1-worker-1] INFO  d.m.q.c.r.s.RaftLogStorageAdapter - Opening RaftLog storage at: C:\Users\mraysmit\AppData\Local\Temp\junit14699665195387295287\install-suffix
15:36:02.635 [wal-executor] INFO  d.m.raftlog.storage.FileRaftStorage - Opening WAL storage at: C:\Users\mraysmit\AppData\Local\Temp\junit14699665195387295287\install-suffix
15:36:02.636 [wal-executor] INFO  d.m.raftlog.storage.FileRaftStorage - Exclusive lock acquired: C:\Users\mraysmit\AppData\Local\Temp\junit14699665195387295287\install-suffix\raft.lock
15:36:02.637 [wal-executor] INFO  d.m.raftlog.storage.FileRaftStorage - WAL opened successfully: path=C:\Users\mraysmit\AppData\Local\Temp\junit14699665195387295287\install-suffix\raft.log, size=0 bytes
15:36:02.638 [ForkJoinPool-1-worker-1] DEBUG d.m.q.c.state.QuorusStateStore - Initializing default metadata: version=2.0
15:36:02.638 [vert.x-eventloop-thread-0] INFO  d.m.quorus.controller.raft.RaftNode [FOLLOWER/2] - Starting Raft node: follower
15:36:02.639 [vert.x-eventloop-thread-0] INFO  d.m.quorus.controller.raft.RaftNode [FOLLOWER/0] - Recovering Raft state from storage...
15:36:02.639 [vert.x-eventloop-thread-0] DEBUG d.m.q.c.r.s.RaftLogStorageAdapter [FOLLOWER/0] - Loading metadata
15:36:02.641 [wal-executor] INFO  d.m.raftlog.storage.FileRaftStorage - Metadata loaded: term=2, votedFor=(none)
15:36:02.641 [vert.x-eventloop-thread-0] INFO  d.m.quorus.controller.raft.RaftNode [FOLLOWER/0] - Recovered metadata: term=2, votedFor=null
15:36:02.643 [vert.x-eventloop-thread-0] INFO  d.m.quorus.controller.raft.RaftNode [FOLLOWER/0] - Restoring from snapshot: lastIncludedIndex=2, lastIncludedTerm=2
15:36:02.643 [vert.x-eventloop-thread-0] DEBUG d.m.q.c.state.QuorusStateStore [FOLLOWER/0] - Restoring state machine snapshot: snapshotSize=250bytes
15:36:02.661 [vert.x-eventloop-thread-0] INFO  d.m.q.c.state.QuorusStateStore [FOLLOWER/0] - Restored snapshot: jobs=0, agents=0, metadata=1, assignments=0, queue=0, routes=0, lastAppliedIndex=0
15:36:02.661 [vert.x-eventloop-thread-0] INFO  d.m.q.c.r.s.RaftLogStorageAdapter [FOLLOWER/0] - Replaying WAL
15:36:02.661 [wal-executor] INFO  d.m.raftlog.storage.FileRaftStorage - Replaying WAL from: C:\Users\mraysmit\AppData\Local\Temp\junit14699665195387295287\install-suffix\raft.log
15:36:02.661 [wal-executor] INFO  d.m.raftlog.storage.FileRaftStorage - WAL replay complete: 0 entries recovered, 0 appends, 0 truncates, 0 ms
15:36:02.662 [vert.x-eventloop-thread-0] INFO  d.m.quorus.controller.raft.RaftNode [FOLLOWER/0] - Replayed 0 post-snapshot entries (skipped 0 compacted or duplicate records)
15:36:02.662 [vert.x-eventloop-thread-0] INFO  d.m.quorus.controller.raft.RaftNode [FOLLOWER/0] - Snapshot recovery loaded 0 post-snapshot entries; awaiting leader commit to apply
15:36:02.662 [vert.x-eventloop-thread-0] INFO  d.m.quorus.controller.raft.RaftNode [FOLLOWER/0] - Recovery complete: term=2, logSize=1, lastApplied=2, snapshotLastIndex=2
15:36:02.662 [vert.x-eventloop-thread-0] INFO  d.m.q.c.r.InMemoryTransportSimulator [FOLLOWER/0] - Started in-memory transport for node: follower
15:36:02.662 [vert.x-eventloop-thread-0] INFO  d.m.quorus.controller.raft.RaftNode [FOLLOWER/0] - Raft node follower started successfully (term=2, logSize=1)
15:36:02.662 [vert.x-eventloop-thread-0] INFO  d.m.q.c.r.InMemoryTransportSimulator [FOLLOWER/0] - Stopped in-memory transport for node: follower
15:36:02.662 [vert.x-eventloop-thread-0] INFO  d.m.q.c.r.s.RaftLogStorageAdapter [FOLLOWER/0] - Closing RaftLog storage
15:36:02.663 [vert.x-worker-thread-5] INFO  d.m.raftlog.storage.FileRaftStorage - Closing WAL storage at: C:\Users\mraysmit\AppData\Local\Temp\junit14699665195387295287\install-suffix
15:36:02.663 [vert.x-worker-thread-5] INFO  d.m.raftlog.storage.FileRaftStorage - WAL storage closed
15:36:02.663 [vert.x-eventloop-thread-0] INFO  d.m.quorus.controller.raft.RaftNode [FOLLOWER/0] - Raft node stopped: follower
15:36:02.664 [ForkJoinPool-1-worker-1] INFO  d.m.q.c.r.InMemoryTransportSimulator - Healed all network partitions
[INFO] Tests run: 9, Failures: 0, Errors: 0, Skipped: 0, Time elapsed: 3.140 s -- in dev.mars.quorus.controller.raft.FollowerRestartConsistencyTest
[INFO] 
[INFO] Results:
[INFO] 
[INFO] Tests run: 19, Failures: 0, Errors: 0, Skipped: 0
[INFO] 
[INFO] 
[INFO] --- jacoco:0.8.15:report (report) @ quorus-controller ---
[INFO] Loading execution data file C:\Users\mraysmit\dev\idea-projects\quorus\quorus-controller\target\jacoco.exec
[INFO] Analyzed bundle 'Quorus Distributed Controller' with 157 classes
[WARNING] Classes in bundle 'Quorus Distributed Controller' do not match with execution data. For report generation the same class files must be used as at runtime.
[WARNING] Execution data for class dev/mars/quorus/controller/service/JobAssignmentService does not match.
[WARNING] Execution data for class dev/mars/quorus/controller/raft/GrpcRaftServer does not match.
[WARNING] Execution data for class dev/mars/quorus/controller/http/handlers/AgentRegistrationHandler does not match.
[WARNING] Execution data for class dev/mars/quorus/controller/http/handlers/ClusterHandler does not match.
[WARNING] Execution data for class dev/mars/quorus/controller/QuorusControllerVerticle does not match.
[WARNING] Execution data for class dev/mars/quorus/controller/http/handlers/TransferHandler does not match.
[WARNING] Execution data for class dev/mars/quorus/controller/raft/GrpcRaftTransport$1 does not match.
[WARNING] Execution data for class dev/mars/quorus/controller/http/LeaderGuardHandler does not match.
[WARNING] Execution data for class dev/mars/quorus/controller/raft/GrpcRaftServer$RaftServiceImpl does not match.
[WARNING] Execution data for class dev/mars/quorus/controller/http/handlers/HealthHandler does not match.
[WARNING] Execution data for class dev/mars/quorus/controller/http/handlers/ServiceConnectionHandler does not match.
[WARNING] Execution data for class dev/mars/quorus/controller/http/handlers/HeartbeatHandler does not match.
[WARNING] Execution data for class dev/mars/quorus/controller/http/handlers/RouteHandler does not match.
[WARNING] Execution data for class dev/mars/quorus/controller/http/handlers/StatusHandler does not match.
[WARNING] Execution data for class dev/mars/quorus/controller/http/handlers/JobStatusHandler does not match.
[WARNING] Execution data for class dev/mars/quorus/controller/raft/GrpcRaftTransport does not match.
[WARNING] Execution data for class dev/mars/quorus/controller/http/handlers/ReadinessHandler does not match.
[WARNING] Execution data for class dev/mars/quorus/controller/http/handlers/JobAssignmentHandler does not match.
[WARNING] Execution data for class dev/mars/quorus/controller/http/HttpApiServer does not match.
[WARNING] Execution data for class dev/mars/quorus/controller/http/handlers/InfoHandler does not match.
[INFO] ------------------------------------------------------------------------
[INFO] Reactor Summary for Quorus File Transfer System 1.0-SNAPSHOT:
[INFO] 
[INFO] Quorus File Transfer System ........................ SUCCESS [  0.335 s]
[INFO] Quorus Core ........................................ SUCCESS [  2.212 s]
[INFO] Quorus Workflow Engine ............................. SUCCESS [  0.420 s]
[INFO] Quorus Tenant Management ........................... SUCCESS [  0.301 s]
[INFO] Quorus Distributed Controller ...................... SUCCESS [ 21.677 s]
[INFO] ------------------------------------------------------------------------
[INFO] BUILD SUCCESS
[INFO] ------------------------------------------------------------------------
[INFO] Total time:  25.246 s
[INFO] Finished at: 2026-09-05T15:36:03+08:00
[INFO] ------------------------------------------------------------------------
