WARNING: A terminally deprecated method in sun.misc.Unsafe has been called
WARNING: sun.misc.Unsafe::staticFieldBase has been called by com.google.inject.internal.aop.HiddenClassDefiner (file:/C:/Users/mraysmit/scoop/apps/maven/current/lib/guice-5.1.0-classes.jar)
WARNING: Please consider reporting this to the maintainers of class com.google.inject.internal.aop.HiddenClassDefiner
WARNING: sun.misc.Unsafe::staticFieldBase will be removed in a future release
WARNING: Final field _cipher in class org.sonatype.plexus.components.sec.dispatcher.DefaultSecDispatcher has been mutated reflectively by class org.eclipse.sisu.bean.BeanPropertyField in unnamed module @794cb805 (file:/C:/Users/mraysmit/scoop/apps/maven/current/lib/org.eclipse.sisu.inject-0.9.0.M4.jar)
WARNING: Use --enable-final-field-mutation=ALL-UNNAMED to avoid a warning
WARNING: Mutating final fields will be blocked in a future release unless final field mutation is enabled
[INFO] Scanning for projects...
[INFO] ------------------------------------------------------------------------
[INFO] Reactor Build Order:
[INFO] 
[INFO] Quorus Core                                                        [jar]
[INFO] Quorus Workflow Engine                                             [jar]
[INFO] Quorus Agent                                                       [jar]
[INFO] Quorus Integration Examples                                        [jar]
[INFO] 
[INFO] ------------------------< dev.mars:quorus-core >------------------------
[INFO] Building Quorus Core 1.0-SNAPSHOT                                  [1/4]
[INFO]   from pom.xml
[INFO] --------------------------------[ jar ]---------------------------------
[INFO] 
[INFO] --- jacoco:0.8.15:prepare-agent (prepare-agent) @ quorus-core ---
[INFO] Skipping JaCoCo execution because property jacoco.skip is set.
[INFO] argLine set to empty
[INFO] 
[INFO] --- resources:3.3.1:resources (default-resources) @ quorus-core ---
[INFO] Copying 1 resource from src\main\resources to target\classes
[INFO] 
[INFO] --- compiler:3.13.0:compile (default-compile) @ quorus-core ---
[INFO] Nothing to compile - all classes are up to date.
[INFO] 
[INFO] --- resources:3.3.1:testResources (default-testResources) @ quorus-core ---
[INFO] Copying 16 resources from src\test\resources to target\test-classes
[INFO] 
[INFO] --- compiler:3.13.0:testCompile (default-testCompile) @ quorus-core ---
[INFO] Nothing to compile - all classes are up to date.
[INFO] 
[INFO] --- surefire:3.2.2:test (default-test) @ quorus-core ---
[INFO] Using auto detected provider org.apache.maven.surefire.junitplatform.JUnitPlatformProvider
[INFO] 
[INFO] -------------------------------------------------------
[INFO]  T E S T S
[INFO] -------------------------------------------------------
[INFO] Running dev.mars.quorus.agent.AgentCapabilitiesTest
[INFO] Tests run: 25, Failures: 0, Errors: 0, Skipped: 0, Time elapsed: 0.302 s -- in dev.mars.quorus.agent.AgentCapabilitiesTest
[INFO] Running dev.mars.quorus.agent.AgentInfoTest
[INFO] Tests run: 9, Failures: 0, Errors: 0, Skipped: 0, Time elapsed: 0.088 s -- in dev.mars.quorus.agent.AgentInfoTest
[INFO] Running dev.mars.quorus.agent.AgentNetworkInfoTest
[INFO] Tests run: 17, Failures: 0, Errors: 0, Skipped: 0, Time elapsed: 0.032 s -- in dev.mars.quorus.agent.AgentNetworkInfoTest
[INFO] Running dev.mars.quorus.agent.AgentStatusTest
[INFO] Tests run: 16, Failures: 0, Errors: 0, Skipped: 0, Time elapsed: 0.009 s -- in dev.mars.quorus.agent.AgentStatusTest
[INFO] Running dev.mars.quorus.agent.AgentStatusTransitionTest
[INFO] Tests run: 147, Failures: 0, Errors: 0, Skipped: 0, Time elapsed: 0.124 s -- in dev.mars.quorus.agent.AgentStatusTransitionTest
[INFO] Running dev.mars.quorus.agent.AgentSystemInfoTest
[INFO] Tests run: 17, Failures: 0, Errors: 0, Skipped: 0, Time elapsed: 0.010 s -- in dev.mars.quorus.agent.AgentSystemInfoTest
[INFO] Running dev.mars.quorus.integration.BasicTransferIntegrationTest
10:38:35.221 [main] DEBUG d.m.quorus.protocol.ProtocolFactory - Initializing ProtocolFactory
10:38:35.226 [main] DEBUG d.m.quorus.protocol.ProtocolFactory - Registering default transfer protocols
10:38:35.227 [main] DEBUG d.m.quorus.protocol.ProtocolFactory - Creating HttpTransferProtocol instance
10:38:35.232 [main] INFO  d.m.q.protocol.HttpTransferProtocol - HttpTransferProtocol initialized: connectTimeout=30 SECONDS, socketTimeout=60 SECONDS, maxFileSize=10737418240 bytes
10:38:35.233 [main] INFO  d.m.quorus.protocol.ProtocolFactory - Registered protocol: http
10:38:35.233 [main] DEBUG d.m.quorus.protocol.ProtocolFactory - Protocol details: name=http, class=HttpTransferProtocol, supportsResume=false, supportsPause=true
10:38:35.234 [main] INFO  d.m.quorus.protocol.ProtocolFactory - Registered protocol alias: https -> http
10:38:35.234 [main] DEBUG d.m.quorus.protocol.ProtocolFactory - Creating SmbTransferProtocol instance
10:38:35.234 [main] INFO  d.m.quorus.protocol.ProtocolFactory - Registered protocol: smb
10:38:35.234 [main] DEBUG d.m.quorus.protocol.ProtocolFactory - Protocol details: name=smb, class=SmbTransferProtocol, supportsResume=false, supportsPause=false
10:38:35.235 [main] INFO  d.m.quorus.protocol.ProtocolFactory - Registered protocol alias: cifs -> smb
10:38:35.235 [main] DEBUG d.m.quorus.protocol.ProtocolFactory - Creating FtpTransferProtocol instance
10:38:35.235 [main] INFO  d.m.quorus.protocol.ProtocolFactory - Registered protocol: ftp
10:38:35.235 [main] DEBUG d.m.quorus.protocol.ProtocolFactory - Protocol details: name=ftp, class=FtpTransferProtocol, supportsResume=false, supportsPause=false
10:38:35.235 [main] INFO  d.m.quorus.protocol.ProtocolFactory - Registered protocol alias: ftps -> ftp
10:38:35.235 [main] DEBUG d.m.quorus.protocol.ProtocolFactory - Creating SftpTransferProtocol instance
10:38:35.236 [main] INFO  d.m.quorus.protocol.ProtocolFactory - Registered protocol: sftp
10:38:35.236 [main] DEBUG d.m.quorus.protocol.ProtocolFactory - Protocol details: name=sftp, class=SftpTransferProtocol, supportsResume=false, supportsPause=false
10:38:35.236 [main] DEBUG d.m.quorus.protocol.ProtocolFactory - Creating NfsTransferProtocol instance
10:38:35.237 [main] DEBUG d.m.q.protocol.NfsTransferProtocol - NfsTransferProtocol initialized with mountRoot=C:\nfs
10:38:35.237 [main] INFO  d.m.quorus.protocol.ProtocolFactory - Registered protocol: nfs
10:38:35.237 [main] DEBUG d.m.quorus.protocol.ProtocolFactory - Protocol details: name=nfs, class=NfsTransferProtocol, supportsResume=false, supportsPause=false
10:38:35.237 [main] INFO  d.m.quorus.protocol.ProtocolFactory - Registered default transfer protocols: count=8, schemes=ftps, ftp, http, smb, sftp, nfs, https, cifs
10:38:35.246 [main] INFO  d.m.q.t.o.TransferTelemetryMetrics - TransferTelemetryMetrics initialized
10:38:35.247 [main] INFO  d.m.q.transfer.SimpleTransferEngine - SimpleTransferEngine initialized: maxConcurrent=5, maxRetries=2, retryDelay=500ms
10:38:35.281 [main] INFO  d.m.q.i.LocalHttpTestServer - Local HTTP test server started on port 53933
10:38:35.303 [concurrent-transfers-1] DEBUG d.m.quorus.protocol.ProtocolFactory - isProtocolSupported: protocol=http, supported=true
10:38:35.303 [concurrent-transfers-2] DEBUG d.m.quorus.protocol.ProtocolFactory - isProtocolSupported: protocol=http, supported=true
10:38:35.303 [concurrent-transfers-0] DEBUG d.m.quorus.protocol.ProtocolFactory - isProtocolSupported: protocol=http, supported=true
10:38:35.303 [concurrent-transfers-1] DEBUG d.m.quorus.protocol.ProtocolFactory - Protocol found: name=http, implementation=HttpTransferProtocol
10:38:35.303 [concurrent-transfers-2] DEBUG d.m.quorus.protocol.ProtocolFactory - Protocol found: name=http, implementation=HttpTransferProtocol
10:38:35.303 [concurrent-transfers-0] DEBUG d.m.quorus.protocol.ProtocolFactory - Protocol found: name=http, implementation=HttpTransferProtocol
10:38:35.307 [concurrent-transfers-0] INFO  d.m.q.transfer.SimpleTransferEngine - Transfer started: f3c0f0eb-c4b6-4867-85df-45b671171d75
10:38:35.307 [concurrent-transfers-1] INFO  d.m.q.transfer.SimpleTransferEngine - Transfer started: 760e33fe-6db2-4449-be46-cd001d887518
10:38:35.307 [concurrent-transfers-2] INFO  d.m.q.transfer.SimpleTransferEngine - Transfer started: 421c61a6-3db0-4e28-82f5-d77d654b9876
10:38:35.309 [concurrent-transfers-0] DEBUG d.m.q.transfer.SimpleTransferEngine - Executing DOWNLOAD (Remote -> Local) transfer f3c0f0eb-c4b6-4867-85df-45b671171d75: protocol=http, source=http://localhost:53933/bytes/512, destination=file:///C:/Users/mraysmit/AppData/Local/Temp/junit18136615407456655738/concurrent-0.bin
10:38:35.309 [concurrent-transfers-0] DEBUG d.m.quorus.protocol.ProtocolFactory - Protocol found: name=http, implementation=HttpTransferProtocol
10:38:35.309 [concurrent-transfers-2] DEBUG d.m.q.transfer.SimpleTransferEngine - Executing DOWNLOAD (Remote -> Local) transfer 421c61a6-3db0-4e28-82f5-d77d654b9876: protocol=http, source=http://localhost:53933/bytes/512, destination=file:///C:/Users/mraysmit/AppData/Local/Temp/junit18136615407456655738/concurrent-2.bin
10:38:35.309 [concurrent-transfers-1] DEBUG d.m.q.transfer.SimpleTransferEngine - Executing DOWNLOAD (Remote -> Local) transfer 760e33fe-6db2-4449-be46-cd001d887518: protocol=http, source=http://localhost:53933/bytes/512, destination=file:///C:/Users/mraysmit/AppData/Local/Temp/junit18136615407456655738/concurrent-1.bin
10:38:35.310 [concurrent-transfers-2] DEBUG d.m.quorus.protocol.ProtocolFactory - Protocol found: name=http, implementation=HttpTransferProtocol
10:38:35.310 [concurrent-transfers-1] DEBUG d.m.quorus.protocol.ProtocolFactory - Protocol found: name=http, implementation=HttpTransferProtocol
10:38:35.310 [concurrent-transfers-0] INFO  d.m.q.protocol.HttpTransferProtocol - Starting HTTP download from http://localhost:53933/bytes/512
10:38:35.310 [concurrent-transfers-2] INFO  d.m.q.protocol.HttpTransferProtocol - Starting HTTP download from http://localhost:53933/bytes/512
10:38:35.310 [concurrent-transfers-1] INFO  d.m.q.protocol.HttpTransferProtocol - Starting HTTP download from http://localhost:53933/bytes/512
10:38:35.526 [concurrent-transfers-0] INFO  d.m.q.protocol.HttpTransferProtocol - HTTP download completed: jobId=f3c0f0eb-c4b6-4867-85df-45b671171d75, bytesTransferred=512, checksum=e2dc612ef8602bbda44ff1ee9c4b5acb41658cd8cc80f6edd7f34b2422740371
10:38:35.526 [concurrent-transfers-1] INFO  d.m.q.protocol.HttpTransferProtocol - HTTP download completed: jobId=760e33fe-6db2-4449-be46-cd001d887518, bytesTransferred=512, checksum=a6886ccd2f0a862355151707a868fa590c33d02e1279c5c09929201f892aff53
10:38:35.526 [concurrent-transfers-2] INFO  d.m.q.protocol.HttpTransferProtocol - HTTP download completed: jobId=421c61a6-3db0-4e28-82f5-d77d654b9876, bytesTransferred=512, checksum=89f0c0befeb33093ba068de62408dafc36ea9d521b22ee25474d582f6abf3d0a
10:38:35.528 [concurrent-transfers-1] INFO  d.m.q.transfer.SimpleTransferEngine - DOWNLOAD (Remote -> Local) transfer completed: 760e33fe-6db2-4449-be46-cd001d887518 (512 bytes in 216 ms)
10:38:35.528 [concurrent-transfers-2] INFO  d.m.q.transfer.SimpleTransferEngine - DOWNLOAD (Remote -> Local) transfer completed: 421c61a6-3db0-4e28-82f5-d77d654b9876 (512 bytes in 216 ms)
10:38:35.528 [concurrent-transfers-0] INFO  d.m.q.transfer.SimpleTransferEngine - DOWNLOAD (Remote -> Local) transfer completed: f3c0f0eb-c4b6-4867-85df-45b671171d75 (512 bytes in 217 ms)
10:38:35.530 [main] INFO  d.m.q.transfer.SimpleTransferEngine - Shutting down transfer engine; cancelling 0 running transfer(s)
10:38:35.530 [main] INFO  d.m.q.transfer.SimpleTransferEngine - Transfer engine shutdown completed
10:38:35.531 [main] INFO  d.m.q.i.LocalHttpTestServer - Local HTTP test server stopped
10:38:35.536 [main] DEBUG d.m.quorus.protocol.ProtocolFactory - Initializing ProtocolFactory
10:38:35.537 [main] DEBUG d.m.quorus.protocol.ProtocolFactory - Registering default transfer protocols
10:38:35.537 [main] DEBUG d.m.quorus.protocol.ProtocolFactory - Creating HttpTransferProtocol instance
10:38:35.537 [main] INFO  d.m.q.protocol.HttpTransferProtocol - HttpTransferProtocol initialized: connectTimeout=30 SECONDS, socketTimeout=60 SECONDS, maxFileSize=10737418240 bytes
10:38:35.537 [main] INFO  d.m.quorus.protocol.ProtocolFactory - Registered protocol: http
10:38:35.537 [main] DEBUG d.m.quorus.protocol.ProtocolFactory - Protocol details: name=http, class=HttpTransferProtocol, supportsResume=false, supportsPause=true
10:38:35.537 [main] INFO  d.m.quorus.protocol.ProtocolFactory - Registered protocol alias: https -> http
10:38:35.537 [main] DEBUG d.m.quorus.protocol.ProtocolFactory - Creating SmbTransferProtocol instance
10:38:35.537 [main] INFO  d.m.quorus.protocol.ProtocolFactory - Registered protocol: smb
10:38:35.537 [main] DEBUG d.m.quorus.protocol.ProtocolFactory - Protocol details: name=smb, class=SmbTransferProtocol, supportsResume=false, supportsPause=false
10:38:35.538 [main] INFO  d.m.quorus.protocol.ProtocolFactory - Registered protocol alias: cifs -> smb
10:38:35.538 [main] DEBUG d.m.quorus.protocol.ProtocolFactory - Creating FtpTransferProtocol instance
10:38:35.538 [main] INFO  d.m.quorus.protocol.ProtocolFactory - Registered protocol: ftp
10:38:35.538 [main] DEBUG d.m.quorus.protocol.ProtocolFactory - Protocol details: name=ftp, class=FtpTransferProtocol, supportsResume=false, supportsPause=false
10:38:35.538 [main] INFO  d.m.quorus.protocol.ProtocolFactory - Registered protocol alias: ftps -> ftp
10:38:35.538 [main] DEBUG d.m.quorus.protocol.ProtocolFactory - Creating SftpTransferProtocol instance
10:38:35.538 [main] INFO  d.m.quorus.protocol.ProtocolFactory - Registered protocol: sftp
10:38:35.539 [main] DEBUG d.m.quorus.protocol.ProtocolFactory - Protocol details: name=sftp, class=SftpTransferProtocol, supportsResume=false, supportsPause=false
10:38:35.539 [main] DEBUG d.m.quorus.protocol.ProtocolFactory - Creating NfsTransferProtocol instance
10:38:35.539 [main] DEBUG d.m.q.protocol.NfsTransferProtocol - NfsTransferProtocol initialized with mountRoot=C:\nfs
10:38:35.539 [main] INFO  d.m.quorus.protocol.ProtocolFactory - Registered protocol: nfs
10:38:35.539 [main] DEBUG d.m.quorus.protocol.ProtocolFactory - Protocol details: name=nfs, class=NfsTransferProtocol, supportsResume=false, supportsPause=false
10:38:35.539 [main] INFO  d.m.quorus.protocol.ProtocolFactory - Registered default transfer protocols: count=8, schemes=ftps, ftp, http, smb, sftp, nfs, https, cifs
10:38:35.539 [main] INFO  d.m.q.transfer.SimpleTransferEngine - SimpleTransferEngine initialized: maxConcurrent=5, maxRetries=2, retryDelay=500ms
10:38:35.541 [main] INFO  d.m.q.i.LocalHttpTestServer - Local HTTP test server started on port 53937
10:38:35.542 [junit-timeout-thread-2] DEBUG d.m.quorus.protocol.ProtocolFactory - isProtocolSupported: protocol=http, supported=true
10:38:35.542 [junit-timeout-thread-2] DEBUG d.m.quorus.protocol.ProtocolFactory - Protocol found: name=http, implementation=HttpTransferProtocol
10:38:35.542 [junit-timeout-thread-2] INFO  d.m.q.transfer.SimpleTransferEngine - Transfer started: 8d9adf00-0631-4005-85e1-7e0d1ccc06db
10:38:35.543 [junit-timeout-thread-2] DEBUG d.m.q.transfer.SimpleTransferEngine - Executing DOWNLOAD (Remote -> Local) transfer 8d9adf00-0631-4005-85e1-7e0d1ccc06db: protocol=http, source=http://localhost:53937/bytes/1024, destination=file:///C:/Users/mraysmit/AppData/Local/Temp/junit13726874653979860078/test-file.bin
10:38:35.543 [junit-timeout-thread-2] DEBUG d.m.quorus.protocol.ProtocolFactory - Protocol found: name=http, implementation=HttpTransferProtocol
10:38:35.543 [junit-timeout-thread-2] INFO  d.m.q.protocol.HttpTransferProtocol - Starting HTTP download from http://localhost:53937/bytes/1024
10:38:35.548 [junit-timeout-thread-2] INFO  d.m.q.protocol.HttpTransferProtocol - HTTP download completed: jobId=8d9adf00-0631-4005-85e1-7e0d1ccc06db, bytesTransferred=1024, checksum=ae336464d1a85efc08ed59c5768641166f9b0e9b1f8f8c4aa11ca91375bcd465
10:38:35.549 [junit-timeout-thread-2] INFO  d.m.q.transfer.SimpleTransferEngine - DOWNLOAD (Remote -> Local) transfer completed: 8d9adf00-0631-4005-85e1-7e0d1ccc06db (1024 bytes in 5 ms)
10:38:35.550 [main] INFO  d.m.q.transfer.SimpleTransferEngine - Shutting down transfer engine; cancelling 0 running transfer(s)
10:38:35.550 [main] INFO  d.m.q.transfer.SimpleTransferEngine - Transfer engine shutdown completed
10:38:35.551 [main] INFO  d.m.q.i.LocalHttpTestServer - Local HTTP test server stopped
10:38:35.552 [main] DEBUG d.m.quorus.protocol.ProtocolFactory - Initializing ProtocolFactory
10:38:35.552 [main] DEBUG d.m.quorus.protocol.ProtocolFactory - Registering default transfer protocols
10:38:35.552 [main] DEBUG d.m.quorus.protocol.ProtocolFactory - Creating HttpTransferProtocol instance
10:38:35.552 [main] INFO  d.m.q.protocol.HttpTransferProtocol - HttpTransferProtocol initialized: connectTimeout=30 SECONDS, socketTimeout=60 SECONDS, maxFileSize=10737418240 bytes
10:38:35.553 [main] INFO  d.m.quorus.protocol.ProtocolFactory - Registered protocol: http
10:38:35.553 [main] DEBUG d.m.quorus.protocol.ProtocolFactory - Protocol details: name=http, class=HttpTransferProtocol, supportsResume=false, supportsPause=true
10:38:35.553 [main] INFO  d.m.quorus.protocol.ProtocolFactory - Registered protocol alias: https -> http
10:38:35.553 [main] DEBUG d.m.quorus.protocol.ProtocolFactory - Creating SmbTransferProtocol instance
10:38:35.553 [main] INFO  d.m.quorus.protocol.ProtocolFactory - Registered protocol: smb
10:38:35.553 [main] DEBUG d.m.quorus.protocol.ProtocolFactory - Protocol details: name=smb, class=SmbTransferProtocol, supportsResume=false, supportsPause=false
10:38:35.553 [main] INFO  d.m.quorus.protocol.ProtocolFactory - Registered protocol alias: cifs -> smb
10:38:35.553 [main] DEBUG d.m.quorus.protocol.ProtocolFactory - Creating FtpTransferProtocol instance
10:38:35.553 [main] INFO  d.m.quorus.protocol.ProtocolFactory - Registered protocol: ftp
10:38:35.553 [main] DEBUG d.m.quorus.protocol.ProtocolFactory - Protocol details: name=ftp, class=FtpTransferProtocol, supportsResume=false, supportsPause=false
10:38:35.553 [main] INFO  d.m.quorus.protocol.ProtocolFactory - Registered protocol alias: ftps -> ftp
10:38:35.553 [main] DEBUG d.m.quorus.protocol.ProtocolFactory - Creating SftpTransferProtocol instance
10:38:35.553 [main] INFO  d.m.quorus.protocol.ProtocolFactory - Registered protocol: sftp
10:38:35.553 [main] DEBUG d.m.quorus.protocol.ProtocolFactory - Protocol details: name=sftp, class=SftpTransferProtocol, supportsResume=false, supportsPause=false
10:38:35.553 [main] DEBUG d.m.quorus.protocol.ProtocolFactory - Creating NfsTransferProtocol instance
10:38:35.554 [main] DEBUG d.m.q.protocol.NfsTransferProtocol - NfsTransferProtocol initialized with mountRoot=C:\nfs
10:38:35.554 [main] INFO  d.m.quorus.protocol.ProtocolFactory - Registered protocol: nfs
10:38:35.554 [main] DEBUG d.m.quorus.protocol.ProtocolFactory - Protocol details: name=nfs, class=NfsTransferProtocol, supportsResume=false, supportsPause=false
10:38:35.554 [main] INFO  d.m.quorus.protocol.ProtocolFactory - Registered default transfer protocols: count=8, schemes=ftps, ftp, http, smb, sftp, nfs, https, cifs
10:38:35.554 [main] INFO  d.m.q.transfer.SimpleTransferEngine - SimpleTransferEngine initialized: maxConcurrent=5, maxRetries=2, retryDelay=500ms
10:38:35.557 [main] INFO  d.m.q.i.LocalHttpTestServer - Local HTTP test server started on port 53939
10:38:35.558 [junit-timeout-thread-3] DEBUG d.m.quorus.protocol.ProtocolFactory - isProtocolSupported: protocol=http, supported=true
10:38:35.558 [junit-timeout-thread-3] DEBUG d.m.quorus.protocol.ProtocolFactory - Protocol found: name=http, implementation=HttpTransferProtocol
10:38:35.558 [junit-timeout-thread-3] INFO  d.m.q.transfer.SimpleTransferEngine - Transfer started: 1adb57fc-58d6-454c-ad05-446dfd2f7519
10:38:35.558 [junit-timeout-thread-3] DEBUG d.m.q.transfer.SimpleTransferEngine - Executing DOWNLOAD (Remote -> Local) transfer 1adb57fc-58d6-454c-ad05-446dfd2f7519: protocol=http, source=http://localhost:53939/bytes/100, destination=file:///C:/Users/mraysmit/AppData/Local/Temp/junit4584899623377028029/small-file.bin
10:38:35.558 [junit-timeout-thread-3] DEBUG d.m.quorus.protocol.ProtocolFactory - Protocol found: name=http, implementation=HttpTransferProtocol
10:38:35.558 [junit-timeout-thread-3] INFO  d.m.q.protocol.HttpTransferProtocol - Starting HTTP download from http://localhost:53939/bytes/100
10:38:35.563 [junit-timeout-thread-3] INFO  d.m.q.protocol.HttpTransferProtocol - HTTP download completed: jobId=1adb57fc-58d6-454c-ad05-446dfd2f7519, bytesTransferred=100, checksum=4fe1c34898e35f7a5da0b1f945677641a748b73aa3730486489d2dcceda4647f
10:38:35.563 [junit-timeout-thread-3] INFO  d.m.q.transfer.SimpleTransferEngine - DOWNLOAD (Remote -> Local) transfer completed: 1adb57fc-58d6-454c-ad05-446dfd2f7519 (100 bytes in 5 ms)
10:38:35.564 [main] INFO  d.m.q.transfer.SimpleTransferEngine - Shutting down transfer engine; cancelling 0 running transfer(s)
10:38:35.564 [main] INFO  d.m.q.transfer.SimpleTransferEngine - Transfer engine shutdown completed
10:38:35.564 [main] INFO  d.m.q.i.LocalHttpTestServer - Local HTTP test server stopped
10:38:35.567 [main] DEBUG d.m.quorus.protocol.ProtocolFactory - Initializing ProtocolFactory
10:38:35.567 [main] DEBUG d.m.quorus.protocol.ProtocolFactory - Registering default transfer protocols
10:38:35.567 [main] DEBUG d.m.quorus.protocol.ProtocolFactory - Creating HttpTransferProtocol instance
10:38:35.567 [main] INFO  d.m.q.protocol.HttpTransferProtocol - HttpTransferProtocol initialized: connectTimeout=30 SECONDS, socketTimeout=60 SECONDS, maxFileSize=10737418240 bytes
10:38:35.568 [main] INFO  d.m.quorus.protocol.ProtocolFactory - Registered protocol: http
10:38:35.568 [main] DEBUG d.m.quorus.protocol.ProtocolFactory - Protocol details: name=http, class=HttpTransferProtocol, supportsResume=false, supportsPause=true
10:38:35.568 [main] INFO  d.m.quorus.protocol.ProtocolFactory - Registered protocol alias: https -> http
10:38:35.568 [main] DEBUG d.m.quorus.protocol.ProtocolFactory - Creating SmbTransferProtocol instance
10:38:35.568 [main] INFO  d.m.quorus.protocol.ProtocolFactory - Registered protocol: smb
10:38:35.568 [main] DEBUG d.m.quorus.protocol.ProtocolFactory - Protocol details: name=smb, class=SmbTransferProtocol, supportsResume=false, supportsPause=false
10:38:35.568 [main] INFO  d.m.quorus.protocol.ProtocolFactory - Registered protocol alias: cifs -> smb
10:38:35.568 [main] DEBUG d.m.quorus.protocol.ProtocolFactory - Creating FtpTransferProtocol instance
10:38:35.568 [main] INFO  d.m.quorus.protocol.ProtocolFactory - Registered protocol: ftp
10:38:35.568 [main] DEBUG d.m.quorus.protocol.ProtocolFactory - Protocol details: name=ftp, class=FtpTransferProtocol, supportsResume=false, supportsPause=false
10:38:35.568 [main] INFO  d.m.quorus.protocol.ProtocolFactory - Registered protocol alias: ftps -> ftp
10:38:35.568 [main] DEBUG d.m.quorus.protocol.ProtocolFactory - Creating SftpTransferProtocol instance
10:38:35.568 [main] INFO  d.m.quorus.protocol.ProtocolFactory - Registered protocol: sftp
10:38:35.568 [main] DEBUG d.m.quorus.protocol.ProtocolFactory - Protocol details: name=sftp, class=SftpTransferProtocol, supportsResume=false, supportsPause=false
10:38:35.568 [main] DEBUG d.m.quorus.protocol.ProtocolFactory - Creating NfsTransferProtocol instance
10:38:35.569 [main] DEBUG d.m.q.protocol.NfsTransferProtocol - NfsTransferProtocol initialized with mountRoot=C:\nfs
10:38:35.569 [main] INFO  d.m.quorus.protocol.ProtocolFactory - Registered protocol: nfs
10:38:35.569 [main] DEBUG d.m.quorus.protocol.ProtocolFactory - Protocol details: name=nfs, class=NfsTransferProtocol, supportsResume=false, supportsPause=false
10:38:35.569 [main] INFO  d.m.quorus.protocol.ProtocolFactory - Registered default transfer protocols: count=8, schemes=ftps, ftp, http, smb, sftp, nfs, https, cifs
10:38:35.569 [main] INFO  d.m.q.transfer.SimpleTransferEngine - SimpleTransferEngine initialized: maxConcurrent=5, maxRetries=2, retryDelay=500ms
10:38:35.573 [main] INFO  d.m.q.i.LocalHttpTestServer - Local HTTP test server started on port 53941
10:38:35.574 [junit-timeout-thread-4] DEBUG d.m.quorus.protocol.ProtocolFactory - isProtocolSupported: protocol=http, supported=true
10:38:35.574 [junit-timeout-thread-4] DEBUG d.m.quorus.protocol.ProtocolFactory - Protocol found: name=http, implementation=HttpTransferProtocol
10:38:35.574 [junit-timeout-thread-4] INFO  d.m.q.transfer.SimpleTransferEngine - Transfer started: 1250c293-d51d-46b5-a3fb-100aef426bd1
10:38:35.574 [junit-timeout-thread-4] DEBUG d.m.q.transfer.SimpleTransferEngine - Executing DOWNLOAD (Remote -> Local) transfer 1250c293-d51d-46b5-a3fb-100aef426bd1: protocol=http, source=http://localhost:53941/bytes/10240, destination=file:///C:/Users/mraysmit/AppData/Local/Temp/junit1737997750239914349/larger-file.bin
10:38:35.574 [junit-timeout-thread-4] DEBUG d.m.quorus.protocol.ProtocolFactory - Protocol found: name=http, implementation=HttpTransferProtocol
10:38:35.574 [junit-timeout-thread-4] INFO  d.m.q.protocol.HttpTransferProtocol - Starting HTTP download from http://localhost:53941/bytes/10240
10:38:35.579 [junit-timeout-thread-4] INFO  d.m.q.protocol.HttpTransferProtocol - HTTP download completed: jobId=1250c293-d51d-46b5-a3fb-100aef426bd1, bytesTransferred=10240, checksum=d50a3a6c11ef530dadf350842e1402bc5674cd5f35b33baa50c6d952221a762f
10:38:35.580 [junit-timeout-thread-4] INFO  d.m.q.transfer.SimpleTransferEngine - DOWNLOAD (Remote -> Local) transfer completed: 1250c293-d51d-46b5-a3fb-100aef426bd1 (10240 bytes in 5 ms)
10:38:35.580 [main] INFO  d.m.q.transfer.SimpleTransferEngine - Shutting down transfer engine; cancelling 0 running transfer(s)
10:38:35.581 [main] INFO  d.m.q.transfer.SimpleTransferEngine - Transfer engine shutdown completed
10:38:35.581 [main] INFO  d.m.q.i.LocalHttpTestServer - Local HTTP test server stopped
10:38:35.583 [main] DEBUG d.m.quorus.protocol.ProtocolFactory - Initializing ProtocolFactory
10:38:35.583 [main] DEBUG d.m.quorus.protocol.ProtocolFactory - Registering default transfer protocols
10:38:35.583 [main] DEBUG d.m.quorus.protocol.ProtocolFactory - Creating HttpTransferProtocol instance
10:38:35.583 [main] INFO  d.m.q.protocol.HttpTransferProtocol - HttpTransferProtocol initialized: connectTimeout=30 SECONDS, socketTimeout=60 SECONDS, maxFileSize=10737418240 bytes
10:38:35.584 [main] INFO  d.m.quorus.protocol.ProtocolFactory - Registered protocol: http
10:38:35.584 [main] DEBUG d.m.quorus.protocol.ProtocolFactory - Protocol details: name=http, class=HttpTransferProtocol, supportsResume=false, supportsPause=true
10:38:35.584 [main] INFO  d.m.quorus.protocol.ProtocolFactory - Registered protocol alias: https -> http
10:38:35.584 [main] DEBUG d.m.quorus.protocol.ProtocolFactory - Creating SmbTransferProtocol instance
10:38:35.584 [main] INFO  d.m.quorus.protocol.ProtocolFactory - Registered protocol: smb
10:38:35.584 [main] DEBUG d.m.quorus.protocol.ProtocolFactory - Protocol details: name=smb, class=SmbTransferProtocol, supportsResume=false, supportsPause=false
10:38:35.584 [main] INFO  d.m.quorus.protocol.ProtocolFactory - Registered protocol alias: cifs -> smb
10:38:35.584 [main] DEBUG d.m.quorus.protocol.ProtocolFactory - Creating FtpTransferProtocol instance
10:38:35.584 [main] INFO  d.m.quorus.protocol.ProtocolFactory - Registered protocol: ftp
10:38:35.584 [main] DEBUG d.m.quorus.protocol.ProtocolFactory - Protocol details: name=ftp, class=FtpTransferProtocol, supportsResume=false, supportsPause=false
10:38:35.584 [main] INFO  d.m.quorus.protocol.ProtocolFactory - Registered protocol alias: ftps -> ftp
10:38:35.584 [main] DEBUG d.m.quorus.protocol.ProtocolFactory - Creating SftpTransferProtocol instance
10:38:35.584 [main] INFO  d.m.quorus.protocol.ProtocolFactory - Registered protocol: sftp
10:38:35.585 [main] DEBUG d.m.quorus.protocol.ProtocolFactory - Protocol details: name=sftp, class=SftpTransferProtocol, supportsResume=false, supportsPause=false
10:38:35.585 [main] DEBUG d.m.quorus.protocol.ProtocolFactory - Creating NfsTransferProtocol instance
10:38:35.585 [main] DEBUG d.m.q.protocol.NfsTransferProtocol - NfsTransferProtocol initialized with mountRoot=C:\nfs
10:38:35.585 [main] INFO  d.m.quorus.protocol.ProtocolFactory - Registered protocol: nfs
10:38:35.585 [main] DEBUG d.m.quorus.protocol.ProtocolFactory - Protocol details: name=nfs, class=NfsTransferProtocol, supportsResume=false, supportsPause=false
10:38:35.585 [main] INFO  d.m.quorus.protocol.ProtocolFactory - Registered default transfer protocols: count=8, schemes=ftps, ftp, http, smb, sftp, nfs, https, cifs
10:38:35.585 [main] INFO  d.m.q.transfer.SimpleTransferEngine - SimpleTransferEngine initialized: maxConcurrent=5, maxRetries=2, retryDelay=500ms
10:38:35.587 [main] INFO  d.m.q.i.LocalHttpTestServer - Local HTTP test server started on port 53943
10:38:35.588 [junit-timeout-thread-5] DEBUG d.m.quorus.protocol.ProtocolFactory - isProtocolSupported: protocol=http, supported=true
10:38:35.588 [junit-timeout-thread-5] DEBUG d.m.quorus.protocol.ProtocolFactory - Protocol found: name=http, implementation=HttpTransferProtocol
10:38:35.588 [junit-timeout-thread-5] INFO  d.m.q.transfer.SimpleTransferEngine - Transfer started: 7f8bbd4b-72b8-4281-815e-0d083fbc2971
10:38:35.588 [junit-timeout-thread-5] DEBUG d.m.q.transfer.SimpleTransferEngine - Executing DOWNLOAD (Remote -> Local) transfer 7f8bbd4b-72b8-4281-815e-0d083fbc2971: protocol=http, source=http://localhost:53943/status/404, destination=file:///C:/Users/mraysmit/AppData/Local/Temp/junit11298241059889394664/invalid-file.bin
10:38:35.588 [junit-timeout-thread-5] DEBUG d.m.quorus.protocol.ProtocolFactory - Protocol found: name=http, implementation=HttpTransferProtocol
10:38:35.588 [junit-timeout-thread-5] INFO  d.m.q.protocol.HttpTransferProtocol - Starting HTTP download from http://localhost:53943/status/404
10:38:35.593 [junit-timeout-thread-5] ERROR d.m.q.protocol.HttpTransferProtocol - [QUORUS-1203] HTTP request failed: statusCode=404, reason=Not Found
10:38:35.595 [junit-timeout-thread-5] WARN  d.m.q.transfer.SimpleTransferEngine - Transfer attempt 1 of 3 failed for job 7f8bbd4b-72b8-4281-815e-0d083fbc2971: Transfer 7f8bbd4b-72b8-4281-815e-0d083fbc2971 failed: HTTP 404: Not Found
10:38:35.596 [junit-timeout-thread-5] DEBUG d.m.q.transfer.SimpleTransferEngine - Retrying after 500 ms
10:38:36.096 [junit-timeout-thread-5] DEBUG d.m.quorus.protocol.ProtocolFactory - Protocol found: name=http, implementation=HttpTransferProtocol
10:38:36.096 [junit-timeout-thread-5] INFO  d.m.q.protocol.HttpTransferProtocol - Starting HTTP download from http://localhost:53943/status/404
10:38:36.101 [junit-timeout-thread-5] ERROR d.m.q.protocol.HttpTransferProtocol - [QUORUS-1203] HTTP request failed: statusCode=404, reason=Not Found
10:38:36.102 [junit-timeout-thread-5] WARN  d.m.q.transfer.SimpleTransferEngine - Transfer attempt 2 of 3 failed for job 7f8bbd4b-72b8-4281-815e-0d083fbc2971: Transfer 7f8bbd4b-72b8-4281-815e-0d083fbc2971 failed: HTTP 404: Not Found
10:38:36.102 [junit-timeout-thread-5] DEBUG d.m.q.transfer.SimpleTransferEngine - Retrying after 1000 ms
10:38:37.105 [junit-timeout-thread-5] DEBUG d.m.quorus.protocol.ProtocolFactory - Protocol found: name=http, implementation=HttpTransferProtocol
10:38:37.105 [junit-timeout-thread-5] INFO  d.m.q.protocol.HttpTransferProtocol - Starting HTTP download from http://localhost:53943/status/404
10:38:37.110 [junit-timeout-thread-5] ERROR d.m.q.protocol.HttpTransferProtocol - [QUORUS-1203] HTTP request failed: statusCode=404, reason=Not Found
10:38:37.112 [junit-timeout-thread-5] ERROR d.m.q.transfer.SimpleTransferEngine - DOWNLOAD (Remote -> Local) transfer failed permanently: 7f8bbd4b-72b8-4281-815e-0d083fbc2971 - Transfer 7f8bbd4b-72b8-4281-815e-0d083fbc2971 failed: HTTP 404: Not Found
10:38:37.112 [junit-timeout-thread-5] DEBUG d.m.q.transfer.SimpleTransferEngine - Failure detail for transfer 7f8bbd4b-72b8-4281-815e-0d083fbc2971
dev.mars.quorus.core.exceptions.TransferException: Transfer 7f8bbd4b-72b8-4281-815e-0d083fbc2971 failed: HTTP 404: Not Found
	at dev.mars.quorus.protocol.HttpTransferProtocol.requireStatus(HttpTransferProtocol.java:484)
10:38:37.114 [main] INFO  d.m.q.transfer.SimpleTransferEngine - Shutting down transfer engine; cancelling 0 running transfer(s)
10:38:37.114 [main] INFO  d.m.q.transfer.SimpleTransferEngine - Transfer engine shutdown completed
10:38:37.114 [main] INFO  d.m.q.i.LocalHttpTestServer - Local HTTP test server stopped
10:38:37.116 [main] DEBUG d.m.quorus.protocol.ProtocolFactory - Initializing ProtocolFactory
10:38:37.116 [main] DEBUG d.m.quorus.protocol.ProtocolFactory - Registering default transfer protocols
10:38:37.116 [main] DEBUG d.m.quorus.protocol.ProtocolFactory - Creating HttpTransferProtocol instance
10:38:37.118 [main] INFO  d.m.q.protocol.HttpTransferProtocol - HttpTransferProtocol initialized: connectTimeout=30 SECONDS, socketTimeout=60 SECONDS, maxFileSize=10737418240 bytes
10:38:37.118 [main] INFO  d.m.quorus.protocol.ProtocolFactory - Registered protocol: http
10:38:37.118 [main] DEBUG d.m.quorus.protocol.ProtocolFactory - Protocol details: name=http, class=HttpTransferProtocol, supportsResume=false, supportsPause=true
10:38:37.118 [main] INFO  d.m.quorus.protocol.ProtocolFactory - Registered protocol alias: https -> http
10:38:37.118 [main] DEBUG d.m.quorus.protocol.ProtocolFactory - Creating SmbTransferProtocol instance
10:38:37.118 [main] INFO  d.m.quorus.protocol.ProtocolFactory - Registered protocol: smb
10:38:37.118 [main] DEBUG d.m.quorus.protocol.ProtocolFactory - Protocol details: name=smb, class=SmbTransferProtocol, supportsResume=false, supportsPause=false
10:38:37.118 [main] INFO  d.m.quorus.protocol.ProtocolFactory - Registered protocol alias: cifs -> smb
10:38:37.118 [main] DEBUG d.m.quorus.protocol.ProtocolFactory - Creating FtpTransferProtocol instance
10:38:37.118 [main] INFO  d.m.quorus.protocol.ProtocolFactory - Registered protocol: ftp
10:38:37.118 [main] DEBUG d.m.quorus.protocol.ProtocolFactory - Protocol details: name=ftp, class=FtpTransferProtocol, supportsResume=false, supportsPause=false
10:38:37.118 [main] INFO  d.m.quorus.protocol.ProtocolFactory - Registered protocol alias: ftps -> ftp
10:38:37.118 [main] DEBUG d.m.quorus.protocol.ProtocolFactory - Creating SftpTransferProtocol instance
10:38:37.118 [main] INFO  d.m.quorus.protocol.ProtocolFactory - Registered protocol: sftp
10:38:37.118 [main] DEBUG d.m.quorus.protocol.ProtocolFactory - Protocol details: name=sftp, class=SftpTransferProtocol, supportsResume=false, supportsPause=false
10:38:37.118 [main] DEBUG d.m.quorus.protocol.ProtocolFactory - Creating NfsTransferProtocol instance
10:38:37.118 [main] DEBUG d.m.q.protocol.NfsTransferProtocol - NfsTransferProtocol initialized with mountRoot=C:\nfs
10:38:37.118 [main] INFO  d.m.quorus.protocol.ProtocolFactory - Registered protocol: nfs
10:38:37.118 [main] DEBUG d.m.quorus.protocol.ProtocolFactory - Protocol details: name=nfs, class=NfsTransferProtocol, supportsResume=false, supportsPause=false
10:38:37.118 [main] INFO  d.m.quorus.protocol.ProtocolFactory - Registered default transfer protocols: count=8, schemes=ftps, ftp, http, smb, sftp, nfs, https, cifs
10:38:37.118 [main] INFO  d.m.q.transfer.SimpleTransferEngine - SimpleTransferEngine initialized: maxConcurrent=5, maxRetries=2, retryDelay=500ms
10:38:37.119 [main] INFO  d.m.q.i.LocalHttpTestServer - Local HTTP test server started on port 53948
10:38:37.120 [junit-timeout-thread-6] INFO  d.m.q.transfer.SimpleTransferEngine - Shutting down transfer engine; cancelling 0 running transfer(s)
10:38:37.121 [junit-timeout-thread-6] INFO  d.m.q.transfer.SimpleTransferEngine - Transfer engine shutdown completed
10:38:37.121 [main] INFO  d.m.q.transfer.SimpleTransferEngine - Transfer engine shutdown completed
10:38:37.121 [main] INFO  d.m.q.i.LocalHttpTestServer - Local HTTP test server stopped
10:38:37.123 [main] DEBUG d.m.quorus.protocol.ProtocolFactory - Initializing ProtocolFactory
10:38:37.123 [main] DEBUG d.m.quorus.protocol.ProtocolFactory - Registering default transfer protocols
10:38:37.123 [main] DEBUG d.m.quorus.protocol.ProtocolFactory - Creating HttpTransferProtocol instance
10:38:37.123 [main] INFO  d.m.q.protocol.HttpTransferProtocol - HttpTransferProtocol initialized: connectTimeout=30 SECONDS, socketTimeout=60 SECONDS, maxFileSize=10737418240 bytes
10:38:37.123 [main] INFO  d.m.quorus.protocol.ProtocolFactory - Registered protocol: http
10:38:37.123 [main] DEBUG d.m.quorus.protocol.ProtocolFactory - Protocol details: name=http, class=HttpTransferProtocol, supportsResume=false, supportsPause=true
10:38:37.123 [main] INFO  d.m.quorus.protocol.ProtocolFactory - Registered protocol alias: https -> http
10:38:37.123 [main] DEBUG d.m.quorus.protocol.ProtocolFactory - Creating SmbTransferProtocol instance
10:38:37.123 [main] INFO  d.m.quorus.protocol.ProtocolFactory - Registered protocol: smb
10:38:37.123 [main] DEBUG d.m.quorus.protocol.ProtocolFactory - Protocol details: name=smb, class=SmbTransferProtocol, supportsResume=false, supportsPause=false
10:38:37.123 [main] INFO  d.m.quorus.protocol.ProtocolFactory - Registered protocol alias: cifs -> smb
10:38:37.123 [main] DEBUG d.m.quorus.protocol.ProtocolFactory - Creating FtpTransferProtocol instance
10:38:37.123 [main] INFO  d.m.quorus.protocol.ProtocolFactory - Registered protocol: ftp
10:38:37.123 [main] DEBUG d.m.quorus.protocol.ProtocolFactory - Protocol details: name=ftp, class=FtpTransferProtocol, supportsResume=false, supportsPause=false
10:38:37.123 [main] INFO  d.m.quorus.protocol.ProtocolFactory - Registered protocol alias: ftps -> ftp
10:38:37.123 [main] DEBUG d.m.quorus.protocol.ProtocolFactory - Creating SftpTransferProtocol instance
10:38:37.123 [main] INFO  d.m.quorus.protocol.ProtocolFactory - Registered protocol: sftp
10:38:37.123 [main] DEBUG d.m.quorus.protocol.ProtocolFactory - Protocol details: name=sftp, class=SftpTransferProtocol, supportsResume=false, supportsPause=false
10:38:37.123 [main] DEBUG d.m.quorus.protocol.ProtocolFactory - Creating NfsTransferProtocol instance
10:38:37.123 [main] DEBUG d.m.q.protocol.NfsTransferProtocol - NfsTransferProtocol initialized with mountRoot=C:\nfs
10:38:37.123 [main] INFO  d.m.quorus.protocol.ProtocolFactory - Registered protocol: nfs
10:38:37.123 [main] DEBUG d.m.quorus.protocol.ProtocolFactory - Protocol details: name=nfs, class=NfsTransferProtocol, supportsResume=false, supportsPause=false
10:38:37.124 [main] INFO  d.m.quorus.protocol.ProtocolFactory - Registered default transfer protocols: count=8, schemes=ftps, ftp, http, smb, sftp, nfs, https, cifs
10:38:37.124 [main] INFO  d.m.q.transfer.SimpleTransferEngine - SimpleTransferEngine initialized: maxConcurrent=5, maxRetries=2, retryDelay=500ms
10:38:37.125 [main] INFO  d.m.q.i.LocalHttpTestServer - Local HTTP test server started on port 53949
10:38:37.126 [junit-timeout-thread-7] DEBUG d.m.quorus.protocol.ProtocolFactory - isProtocolSupported: protocol=http, supported=true
10:38:37.126 [junit-timeout-thread-7] DEBUG d.m.quorus.protocol.ProtocolFactory - Protocol found: name=http, implementation=HttpTransferProtocol
10:38:37.126 [junit-timeout-thread-7] INFO  d.m.q.transfer.SimpleTransferEngine - Transfer started: 8505cbf5-d9a2-45f4-b24b-10a7a0503737
10:38:37.126 [junit-timeout-thread-7] DEBUG d.m.q.transfer.SimpleTransferEngine - Executing DOWNLOAD (Remote -> Local) transfer 8505cbf5-d9a2-45f4-b24b-10a7a0503737: protocol=http, source=http://localhost:53949/bytes/1048576, destination=file:///C:/Users/mraysmit/AppData/Local/Temp/junit4291286177657052663/progress-test.bin
10:38:37.126 [junit-timeout-thread-7] DEBUG d.m.quorus.protocol.ProtocolFactory - Protocol found: name=http, implementation=HttpTransferProtocol
10:38:37.126 [junit-timeout-thread-7] INFO  d.m.q.protocol.HttpTransferProtocol - Starting HTTP download from http://localhost:53949/bytes/1048576
10:38:37.170 [junit-timeout-thread-7] INFO  d.m.q.protocol.HttpTransferProtocol - HTTP download completed: jobId=8505cbf5-d9a2-45f4-b24b-10a7a0503737, bytesTransferred=1048576, checksum=787fbea19be4d8a3f064274a03fc96ab7ddf7a70dc018dad0e7d7ba6175902ec
10:38:37.171 [junit-timeout-thread-7] INFO  d.m.q.transfer.SimpleTransferEngine - DOWNLOAD (Remote -> Local) transfer completed: 8505cbf5-d9a2-45f4-b24b-10a7a0503737 (1048576 bytes in 44 ms)
10:38:37.171 [main] INFO  d.m.q.transfer.SimpleTransferEngine - Shutting down transfer engine; cancelling 0 running transfer(s)
10:38:37.171 [main] INFO  d.m.q.transfer.SimpleTransferEngine - Transfer engine shutdown completed
10:38:37.172 [main] INFO  d.m.q.i.LocalHttpTestServer - Local HTTP test server stopped
[INFO] Tests run: 7, Failures: 0, Errors: 0, Skipped: 0, Time elapsed: 2.152 s -- in dev.mars.quorus.integration.BasicTransferIntegrationTest
[INFO] Running dev.mars.quorus.protocol.ProtocolFactoryBidirectionalTest
[INFO] Running dev.mars.quorus.protocol.ProtocolFactoryBidirectionalTest$EdgeCasesAndErrorHandlingTests
10:38:37.421 [main] DEBUG d.m.quorus.protocol.ProtocolFactory - Initializing ProtocolFactory
10:38:37.421 [main] DEBUG d.m.quorus.protocol.ProtocolFactory - Registering default transfer protocols
10:38:37.421 [main] DEBUG d.m.quorus.protocol.ProtocolFactory - Creating HttpTransferProtocol instance
10:38:37.421 [main] INFO  d.m.q.protocol.HttpTransferProtocol - HttpTransferProtocol initialized: connectTimeout=30 SECONDS, socketTimeout=60 SECONDS, maxFileSize=10737418240 bytes
10:38:37.421 [main] INFO  d.m.quorus.protocol.ProtocolFactory - Registered protocol: http
10:38:37.421 [main] DEBUG d.m.quorus.protocol.ProtocolFactory - Protocol details: name=http, class=HttpTransferProtocol, supportsResume=false, supportsPause=true
10:38:37.421 [main] INFO  d.m.quorus.protocol.ProtocolFactory - Registered protocol alias: https -> http
10:38:37.421 [main] DEBUG d.m.quorus.protocol.ProtocolFactory - Creating SmbTransferProtocol instance
10:38:37.421 [main] INFO  d.m.quorus.protocol.ProtocolFactory - Registered protocol: smb
10:38:37.421 [main] DEBUG d.m.quorus.protocol.ProtocolFactory - Protocol details: name=smb, class=SmbTransferProtocol, supportsResume=false, supportsPause=false
10:38:37.421 [main] INFO  d.m.quorus.protocol.ProtocolFactory - Registered protocol alias: cifs -> smb
10:38:37.421 [main] DEBUG d.m.quorus.protocol.ProtocolFactory - Creating FtpTransferProtocol instance
10:38:37.421 [main] INFO  d.m.quorus.protocol.ProtocolFactory - Registered protocol: ftp
10:38:37.421 [main] DEBUG d.m.quorus.protocol.ProtocolFactory - Protocol details: name=ftp, class=FtpTransferProtocol, supportsResume=false, supportsPause=false
10:38:37.421 [main] INFO  d.m.quorus.protocol.ProtocolFactory - Registered protocol alias: ftps -> ftp
10:38:37.423 [main] DEBUG d.m.quorus.protocol.ProtocolFactory - Creating SftpTransferProtocol instance
10:38:37.423 [main] INFO  d.m.quorus.protocol.ProtocolFactory - Registered protocol: sftp
10:38:37.423 [main] DEBUG d.m.quorus.protocol.ProtocolFactory - Protocol details: name=sftp, class=SftpTransferProtocol, supportsResume=false, supportsPause=false
10:38:37.423 [main] DEBUG d.m.quorus.protocol.ProtocolFactory - Creating NfsTransferProtocol instance
10:38:37.423 [main] DEBUG d.m.q.protocol.NfsTransferProtocol - NfsTransferProtocol initialized with mountRoot=C:\nfs
10:38:37.423 [main] INFO  d.m.quorus.protocol.ProtocolFactory - Registered protocol: nfs
10:38:37.423 [main] DEBUG d.m.quorus.protocol.ProtocolFactory - Protocol details: name=nfs, class=NfsTransferProtocol, supportsResume=false, supportsPause=false
10:38:37.423 [main] INFO  d.m.quorus.protocol.ProtocolFactory - Registered default transfer protocols: count=8, schemes=ftps, ftp, http, smb, sftp, nfs, https, cifs
10:38:37.423 [main] DEBUG d.m.quorus.protocol.ProtocolFactory - getProtocol(TransferRequest): called with null request
10:38:37.474 [main] DEBUG d.m.quorus.protocol.ProtocolFactory - Initializing ProtocolFactory
10:38:37.474 [main] DEBUG d.m.quorus.protocol.ProtocolFactory - Registering default transfer protocols
10:38:37.474 [main] DEBUG d.m.quorus.protocol.ProtocolFactory - Creating HttpTransferProtocol instance
10:38:37.474 [main] INFO  d.m.q.protocol.HttpTransferProtocol - HttpTransferProtocol initialized: connectTimeout=30 SECONDS, socketTimeout=60 SECONDS, maxFileSize=10737418240 bytes
10:38:37.474 [main] INFO  d.m.quorus.protocol.ProtocolFactory - Registered protocol: http
10:38:37.474 [main] DEBUG d.m.quorus.protocol.ProtocolFactory - Protocol details: name=http, class=HttpTransferProtocol, supportsResume=false, supportsPause=true
10:38:37.474 [main] INFO  d.m.quorus.protocol.ProtocolFactory - Registered protocol alias: https -> http
10:38:37.474 [main] DEBUG d.m.quorus.protocol.ProtocolFactory - Creating SmbTransferProtocol instance
10:38:37.474 [main] INFO  d.m.quorus.protocol.ProtocolFactory - Registered protocol: smb
10:38:37.474 [main] DEBUG d.m.quorus.protocol.ProtocolFactory - Protocol details: name=smb, class=SmbTransferProtocol, supportsResume=false, supportsPause=false
10:38:37.474 [main] INFO  d.m.quorus.protocol.ProtocolFactory - Registered protocol alias: cifs -> smb
10:38:37.474 [main] DEBUG d.m.quorus.protocol.ProtocolFactory - Creating FtpTransferProtocol instance
10:38:37.474 [main] INFO  d.m.quorus.protocol.ProtocolFactory - Registered protocol: ftp
10:38:37.474 [main] DEBUG d.m.quorus.protocol.ProtocolFactory - Protocol details: name=ftp, class=FtpTransferProtocol, supportsResume=false, supportsPause=false
10:38:37.474 [main] INFO  d.m.quorus.protocol.ProtocolFactory - Registered protocol alias: ftps -> ftp
10:38:37.474 [main] DEBUG d.m.quorus.protocol.ProtocolFactory - Creating SftpTransferProtocol instance
10:38:37.474 [main] INFO  d.m.quorus.protocol.ProtocolFactory - Registered protocol: sftp
10:38:37.474 [main] DEBUG d.m.quorus.protocol.ProtocolFactory - Protocol details: name=sftp, class=SftpTransferProtocol, supportsResume=false, supportsPause=false
10:38:37.474 [main] DEBUG d.m.quorus.protocol.ProtocolFactory - Creating NfsTransferProtocol instance
10:38:37.474 [main] DEBUG d.m.q.protocol.NfsTransferProtocol - NfsTransferProtocol initialized with mountRoot=C:\nfs
10:38:37.474 [main] INFO  d.m.quorus.protocol.ProtocolFactory - Registered protocol: nfs
10:38:37.474 [main] DEBUG d.m.quorus.protocol.ProtocolFactory - Protocol details: name=nfs, class=NfsTransferProtocol, supportsResume=false, supportsPause=false
10:38:37.474 [main] INFO  d.m.quorus.protocol.ProtocolFactory - Registered default transfer protocols: count=8, schemes=ftps, ftp, http, smb, sftp, nfs, https, cifs
10:38:37.476 [main] DEBUG d.m.quorus.protocol.ProtocolFactory - getProtocol(TransferRequest): DOWNLOAD - using source scheme: SFTP
10:38:37.476 [main] DEBUG d.m.quorus.protocol.ProtocolFactory - Protocol found: name=SFTP, implementation=SftpTransferProtocol
10:38:37.476 [main] DEBUG d.m.q.protocol.SftpTransferProtocol - canHandle: checking request=case-test
10:38:37.476 [main] DEBUG d.m.q.protocol.SftpTransferProtocol - canHandle: sourceScheme=SFTP
10:38:37.476 [main] DEBUG d.m.q.protocol.SftpTransferProtocol - canHandle: returning true - SFTP download detected
10:38:37.476 [main] DEBUG d.m.quorus.protocol.ProtocolFactory - getProtocol(TransferRequest): found protocol sftp for DOWNLOAD (Remote -> Local) transfer
[INFO] Tests run: 2, Failures: 0, Errors: 0, Skipped: 0, Time elapsed: 0.302 s -- in dev.mars.quorus.protocol.ProtocolFactoryBidirectionalTest$EdgeCasesAndErrorHandlingTests
[INFO] Running dev.mars.quorus.protocol.ProtocolFactoryBidirectionalTest$UploadProtocolSelectionTests
10:38:37.515 [main] DEBUG d.m.quorus.protocol.ProtocolFactory - Initializing ProtocolFactory
10:38:37.515 [main] DEBUG d.m.quorus.protocol.ProtocolFactory - Registering default transfer protocols
10:38:37.515 [main] DEBUG d.m.quorus.protocol.ProtocolFactory - Creating HttpTransferProtocol instance
10:38:37.515 [main] INFO  d.m.q.protocol.HttpTransferProtocol - HttpTransferProtocol initialized: connectTimeout=30 SECONDS, socketTimeout=60 SECONDS, maxFileSize=10737418240 bytes
10:38:37.516 [main] INFO  d.m.quorus.protocol.ProtocolFactory - Registered protocol: http
10:38:37.516 [main] DEBUG d.m.quorus.protocol.ProtocolFactory - Protocol details: name=http, class=HttpTransferProtocol, supportsResume=false, supportsPause=true
10:38:37.516 [main] INFO  d.m.quorus.protocol.ProtocolFactory - Registered protocol alias: https -> http
10:38:37.516 [main] DEBUG d.m.quorus.protocol.ProtocolFactory - Creating SmbTransferProtocol instance
10:38:37.516 [main] INFO  d.m.quorus.protocol.ProtocolFactory - Registered protocol: smb
10:38:37.516 [main] DEBUG d.m.quorus.protocol.ProtocolFactory - Protocol details: name=smb, class=SmbTransferProtocol, supportsResume=false, supportsPause=false
10:38:37.516 [main] INFO  d.m.quorus.protocol.ProtocolFactory - Registered protocol alias: cifs -> smb
10:38:37.516 [main] DEBUG d.m.quorus.protocol.ProtocolFactory - Creating FtpTransferProtocol instance
10:38:37.516 [main] INFO  d.m.quorus.protocol.ProtocolFactory - Registered protocol: ftp
10:38:37.516 [main] DEBUG d.m.quorus.protocol.ProtocolFactory - Protocol details: name=ftp, class=FtpTransferProtocol, supportsResume=false, supportsPause=false
10:38:37.516 [main] INFO  d.m.quorus.protocol.ProtocolFactory - Registered protocol alias: ftps -> ftp
10:38:37.516 [main] DEBUG d.m.quorus.protocol.ProtocolFactory - Creating SftpTransferProtocol instance
10:38:37.516 [main] INFO  d.m.quorus.protocol.ProtocolFactory - Registered protocol: sftp
10:38:37.516 [main] DEBUG d.m.quorus.protocol.ProtocolFactory - Protocol details: name=sftp, class=SftpTransferProtocol, supportsResume=false, supportsPause=false
10:38:37.516 [main] DEBUG d.m.quorus.protocol.ProtocolFactory - Creating NfsTransferProtocol instance
10:38:37.516 [main] DEBUG d.m.q.protocol.NfsTransferProtocol - NfsTransferProtocol initialized with mountRoot=C:\nfs
10:38:37.516 [main] INFO  d.m.quorus.protocol.ProtocolFactory - Registered protocol: nfs
10:38:37.516 [main] DEBUG d.m.quorus.protocol.ProtocolFactory - Protocol details: name=nfs, class=NfsTransferProtocol, supportsResume=false, supportsPause=false
10:38:37.516 [main] INFO  d.m.quorus.protocol.ProtocolFactory - Registered default transfer protocols: count=8, schemes=ftps, ftp, http, smb, sftp, nfs, https, cifs
10:38:37.516 [main] DEBUG d.m.quorus.protocol.ProtocolFactory - getProtocol(TransferRequest): UPLOAD - using destination scheme: http
10:38:37.516 [main] DEBUG d.m.quorus.protocol.ProtocolFactory - Protocol found: name=http, implementation=HttpTransferProtocol
10:38:37.516 [main] DEBUG d.m.quorus.protocol.ProtocolFactory - getProtocol(TransferRequest): found protocol http for UPLOAD (Local -> Remote) transfer
10:38:37.557 [main] DEBUG d.m.quorus.protocol.ProtocolFactory - Initializing ProtocolFactory
10:38:37.558 [main] DEBUG d.m.quorus.protocol.ProtocolFactory - Registering default transfer protocols
10:38:37.558 [main] DEBUG d.m.quorus.protocol.ProtocolFactory - Creating HttpTransferProtocol instance
10:38:37.558 [main] INFO  d.m.q.protocol.HttpTransferProtocol - HttpTransferProtocol initialized: connectTimeout=30 SECONDS, socketTimeout=60 SECONDS, maxFileSize=10737418240 bytes
10:38:37.558 [main] INFO  d.m.quorus.protocol.ProtocolFactory - Registered protocol: http
10:38:37.558 [main] DEBUG d.m.quorus.protocol.ProtocolFactory - Protocol details: name=http, class=HttpTransferProtocol, supportsResume=false, supportsPause=true
10:38:37.558 [main] INFO  d.m.quorus.protocol.ProtocolFactory - Registered protocol alias: https -> http
10:38:37.558 [main] DEBUG d.m.quorus.protocol.ProtocolFactory - Creating SmbTransferProtocol instance
10:38:37.558 [main] INFO  d.m.quorus.protocol.ProtocolFactory - Registered protocol: smb
10:38:37.558 [main] DEBUG d.m.quorus.protocol.ProtocolFactory - Protocol details: name=smb, class=SmbTransferProtocol, supportsResume=false, supportsPause=false
10:38:37.558 [main] INFO  d.m.quorus.protocol.ProtocolFactory - Registered protocol alias: cifs -> smb
10:38:37.558 [main] DEBUG d.m.quorus.protocol.ProtocolFactory - Creating FtpTransferProtocol instance
10:38:37.558 [main] INFO  d.m.quorus.protocol.ProtocolFactory - Registered protocol: ftp
10:38:37.559 [main] DEBUG d.m.quorus.protocol.ProtocolFactory - Protocol details: name=ftp, class=FtpTransferProtocol, supportsResume=false, supportsPause=false
10:38:37.559 [main] INFO  d.m.quorus.protocol.ProtocolFactory - Registered protocol alias: ftps -> ftp
10:38:37.559 [main] DEBUG d.m.quorus.protocol.ProtocolFactory - Creating SftpTransferProtocol instance
10:38:37.559 [main] INFO  d.m.quorus.protocol.ProtocolFactory - Registered protocol: sftp
10:38:37.559 [main] DEBUG d.m.quorus.protocol.ProtocolFactory - Protocol details: name=sftp, class=SftpTransferProtocol, supportsResume=false, supportsPause=false
10:38:37.559 [main] DEBUG d.m.quorus.protocol.ProtocolFactory - Creating NfsTransferProtocol instance
10:38:37.559 [main] DEBUG d.m.q.protocol.NfsTransferProtocol - NfsTransferProtocol initialized with mountRoot=C:\nfs
10:38:37.559 [main] INFO  d.m.quorus.protocol.ProtocolFactory - Registered protocol: nfs
10:38:37.559 [main] DEBUG d.m.quorus.protocol.ProtocolFactory - Protocol details: name=nfs, class=NfsTransferProtocol, supportsResume=false, supportsPause=false
10:38:37.559 [main] INFO  d.m.quorus.protocol.ProtocolFactory - Registered default transfer protocols: count=8, schemes=ftps, ftp, http, smb, sftp, nfs, https, cifs
10:38:37.559 [main] DEBUG d.m.quorus.protocol.ProtocolFactory - getProtocol(TransferRequest): UPLOAD - using destination scheme: sftp
10:38:37.559 [main] DEBUG d.m.quorus.protocol.ProtocolFactory - Protocol found: name=sftp, implementation=SftpTransferProtocol
10:38:37.559 [main] DEBUG d.m.q.protocol.SftpTransferProtocol - canHandle: checking request=sftp-upload-test
10:38:37.559 [main] DEBUG d.m.q.protocol.SftpTransferProtocol - canHandle: sourceScheme=file
10:38:37.559 [main] DEBUG d.m.q.protocol.SftpTransferProtocol - canHandle: destScheme=sftp
10:38:37.559 [main] DEBUG d.m.q.protocol.SftpTransferProtocol - canHandle: returning true - SFTP upload detected
10:38:37.559 [main] DEBUG d.m.quorus.protocol.ProtocolFactory - getProtocol(TransferRequest): found protocol sftp for UPLOAD (Local -> Remote) transfer
10:38:37.594 [main] DEBUG d.m.quorus.protocol.ProtocolFactory - Initializing ProtocolFactory
10:38:37.594 [main] DEBUG d.m.quorus.protocol.ProtocolFactory - Registering default transfer protocols
10:38:37.594 [main] DEBUG d.m.quorus.protocol.ProtocolFactory - Creating HttpTransferProtocol instance
10:38:37.594 [main] INFO  d.m.q.protocol.HttpTransferProtocol - HttpTransferProtocol initialized: connectTimeout=30 SECONDS, socketTimeout=60 SECONDS, maxFileSize=10737418240 bytes
10:38:37.594 [main] INFO  d.m.quorus.protocol.ProtocolFactory - Registered protocol: http
10:38:37.594 [main] DEBUG d.m.quorus.protocol.ProtocolFactory - Protocol details: name=http, class=HttpTransferProtocol, supportsResume=false, supportsPause=true
10:38:37.594 [main] INFO  d.m.quorus.protocol.ProtocolFactory - Registered protocol alias: https -> http
10:38:37.595 [main] DEBUG d.m.quorus.protocol.ProtocolFactory - Creating SmbTransferProtocol instance
10:38:37.595 [main] INFO  d.m.quorus.protocol.ProtocolFactory - Registered protocol: smb
10:38:37.595 [main] DEBUG d.m.quorus.protocol.ProtocolFactory - Protocol details: name=smb, class=SmbTransferProtocol, supportsResume=false, supportsPause=false
10:38:37.595 [main] INFO  d.m.quorus.protocol.ProtocolFactory - Registered protocol alias: cifs -> smb
10:38:37.595 [main] DEBUG d.m.quorus.protocol.ProtocolFactory - Creating FtpTransferProtocol instance
10:38:37.595 [main] INFO  d.m.quorus.protocol.ProtocolFactory - Registered protocol: ftp
10:38:37.595 [main] DEBUG d.m.quorus.protocol.ProtocolFactory - Protocol details: name=ftp, class=FtpTransferProtocol, supportsResume=false, supportsPause=false
10:38:37.595 [main] INFO  d.m.quorus.protocol.ProtocolFactory - Registered protocol alias: ftps -> ftp
10:38:37.595 [main] DEBUG d.m.quorus.protocol.ProtocolFactory - Creating SftpTransferProtocol instance
10:38:37.595 [main] INFO  d.m.quorus.protocol.ProtocolFactory - Registered protocol: sftp
10:38:37.595 [main] DEBUG d.m.quorus.protocol.ProtocolFactory - Protocol details: name=sftp, class=SftpTransferProtocol, supportsResume=false, supportsPause=false
10:38:37.595 [main] DEBUG d.m.quorus.protocol.ProtocolFactory - Creating NfsTransferProtocol instance
10:38:37.595 [main] DEBUG d.m.q.protocol.NfsTransferProtocol - NfsTransferProtocol initialized with mountRoot=C:\nfs
10:38:37.595 [main] INFO  d.m.quorus.protocol.ProtocolFactory - Registered protocol: nfs
10:38:37.595 [main] DEBUG d.m.quorus.protocol.ProtocolFactory - Protocol details: name=nfs, class=NfsTransferProtocol, supportsResume=false, supportsPause=false
10:38:37.595 [main] INFO  d.m.quorus.protocol.ProtocolFactory - Registered default transfer protocols: count=8, schemes=ftps, ftp, http, smb, sftp, nfs, https, cifs
10:38:37.596 [main] DEBUG d.m.quorus.protocol.ProtocolFactory - getProtocol(TransferRequest): UPLOAD - using destination scheme: ftp
10:38:37.596 [main] DEBUG d.m.quorus.protocol.ProtocolFactory - Protocol found: name=ftp, implementation=FtpTransferProtocol
10:38:37.596 [main] DEBUG d.m.q.protocol.FtpTransferProtocol - canHandle: FTP/FTPS upload check, destScheme=ftp, canHandle=true
10:38:37.596 [main] DEBUG d.m.quorus.protocol.ProtocolFactory - getProtocol(TransferRequest): found protocol ftp for UPLOAD (Local -> Remote) transfer
10:38:37.634 [main] DEBUG d.m.quorus.protocol.ProtocolFactory - Initializing ProtocolFactory
10:38:37.634 [main] DEBUG d.m.quorus.protocol.ProtocolFactory - Registering default transfer protocols
10:38:37.634 [main] DEBUG d.m.quorus.protocol.ProtocolFactory - Creating HttpTransferProtocol instance
10:38:37.634 [main] INFO  d.m.q.protocol.HttpTransferProtocol - HttpTransferProtocol initialized: connectTimeout=30 SECONDS, socketTimeout=60 SECONDS, maxFileSize=10737418240 bytes
10:38:37.634 [main] INFO  d.m.quorus.protocol.ProtocolFactory - Registered protocol: http
10:38:37.634 [main] DEBUG d.m.quorus.protocol.ProtocolFactory - Protocol details: name=http, class=HttpTransferProtocol, supportsResume=false, supportsPause=true
10:38:37.634 [main] INFO  d.m.quorus.protocol.ProtocolFactory - Registered protocol alias: https -> http
10:38:37.634 [main] DEBUG d.m.quorus.protocol.ProtocolFactory - Creating SmbTransferProtocol instance
10:38:37.634 [main] INFO  d.m.quorus.protocol.ProtocolFactory - Registered protocol: smb
10:38:37.634 [main] DEBUG d.m.quorus.protocol.ProtocolFactory - Protocol details: name=smb, class=SmbTransferProtocol, supportsResume=false, supportsPause=false
10:38:37.634 [main] INFO  d.m.quorus.protocol.ProtocolFactory - Registered protocol alias: cifs -> smb
10:38:37.634 [main] DEBUG d.m.quorus.protocol.ProtocolFactory - Creating FtpTransferProtocol instance
10:38:37.634 [main] INFO  d.m.quorus.protocol.ProtocolFactory - Registered protocol: ftp
10:38:37.635 [main] DEBUG d.m.quorus.protocol.ProtocolFactory - Protocol details: name=ftp, class=FtpTransferProtocol, supportsResume=false, supportsPause=false
10:38:37.635 [main] INFO  d.m.quorus.protocol.ProtocolFactory - Registered protocol alias: ftps -> ftp
10:38:37.635 [main] DEBUG d.m.quorus.protocol.ProtocolFactory - Creating SftpTransferProtocol instance
10:38:37.635 [main] INFO  d.m.quorus.protocol.ProtocolFactory - Registered protocol: sftp
10:38:37.635 [main] DEBUG d.m.quorus.protocol.ProtocolFactory - Protocol details: name=sftp, class=SftpTransferProtocol, supportsResume=false, supportsPause=false
10:38:37.635 [main] DEBUG d.m.quorus.protocol.ProtocolFactory - Creating NfsTransferProtocol instance
10:38:37.635 [main] DEBUG d.m.q.protocol.NfsTransferProtocol - NfsTransferProtocol initialized with mountRoot=C:\nfs
10:38:37.635 [main] INFO  d.m.quorus.protocol.ProtocolFactory - Registered protocol: nfs
10:38:37.635 [main] DEBUG d.m.quorus.protocol.ProtocolFactory - Protocol details: name=nfs, class=NfsTransferProtocol, supportsResume=false, supportsPause=false
10:38:37.635 [main] INFO  d.m.quorus.protocol.ProtocolFactory - Registered default transfer protocols: count=8, schemes=ftps, ftp, http, smb, sftp, nfs, https, cifs
10:38:37.635 [main] DEBUG d.m.quorus.protocol.ProtocolFactory - getProtocol(TransferRequest): UPLOAD - using destination scheme: smb
10:38:37.635 [main] DEBUG d.m.quorus.protocol.ProtocolFactory - Protocol found: name=smb, implementation=SmbTransferProtocol
10:38:37.635 [main] DEBUG d.m.q.protocol.SmbTransferProtocol - canHandle: checking request=smb-upload-test
10:38:37.635 [main] DEBUG d.m.q.protocol.SmbTransferProtocol - canHandle: direction=UPLOAD (Local -> Remote)
10:38:37.635 [main] DEBUG d.m.q.protocol.SmbTransferProtocol - canHandle: UPLOAD - destScheme=smb
10:38:37.635 [main] DEBUG d.m.q.protocol.SmbTransferProtocol - canHandle: returning true for SMB upload
10:38:37.635 [main] DEBUG d.m.quorus.protocol.ProtocolFactory - getProtocol(TransferRequest): found protocol smb for UPLOAD (Local -> Remote) transfer
[INFO] Tests run: 4, Failures: 0, Errors: 0, Skipped: 0, Time elapsed: 0.159 s -- in dev.mars.quorus.protocol.ProtocolFactoryBidirectionalTest$UploadProtocolSelectionTests
[INFO] Running dev.mars.quorus.protocol.ProtocolFactoryBidirectionalTest$DownloadProtocolSelectionTests
10:38:37.680 [main] DEBUG d.m.quorus.protocol.ProtocolFactory - Initializing ProtocolFactory
10:38:37.680 [main] DEBUG d.m.quorus.protocol.ProtocolFactory - Registering default transfer protocols
10:38:37.680 [main] DEBUG d.m.quorus.protocol.ProtocolFactory - Creating HttpTransferProtocol instance
10:38:37.680 [main] INFO  d.m.q.protocol.HttpTransferProtocol - HttpTransferProtocol initialized: connectTimeout=30 SECONDS, socketTimeout=60 SECONDS, maxFileSize=10737418240 bytes
10:38:37.680 [main] INFO  d.m.quorus.protocol.ProtocolFactory - Registered protocol: http
10:38:37.680 [main] DEBUG d.m.quorus.protocol.ProtocolFactory - Protocol details: name=http, class=HttpTransferProtocol, supportsResume=false, supportsPause=true
10:38:37.680 [main] INFO  d.m.quorus.protocol.ProtocolFactory - Registered protocol alias: https -> http
10:38:37.680 [main] DEBUG d.m.quorus.protocol.ProtocolFactory - Creating SmbTransferProtocol instance
10:38:37.680 [main] INFO  d.m.quorus.protocol.ProtocolFactory - Registered protocol: smb
10:38:37.681 [main] DEBUG d.m.quorus.protocol.ProtocolFactory - Protocol details: name=smb, class=SmbTransferProtocol, supportsResume=false, supportsPause=false
10:38:37.681 [main] INFO  d.m.quorus.protocol.ProtocolFactory - Registered protocol alias: cifs -> smb
10:38:37.681 [main] DEBUG d.m.quorus.protocol.ProtocolFactory - Creating FtpTransferProtocol instance
10:38:37.681 [main] INFO  d.m.quorus.protocol.ProtocolFactory - Registered protocol: ftp
10:38:37.681 [main] DEBUG d.m.quorus.protocol.ProtocolFactory - Protocol details: name=ftp, class=FtpTransferProtocol, supportsResume=false, supportsPause=false
10:38:37.681 [main] INFO  d.m.quorus.protocol.ProtocolFactory - Registered protocol alias: ftps -> ftp
10:38:37.681 [main] DEBUG d.m.quorus.protocol.ProtocolFactory - Creating SftpTransferProtocol instance
10:38:37.681 [main] INFO  d.m.quorus.protocol.ProtocolFactory - Registered protocol: sftp
10:38:37.681 [main] DEBUG d.m.quorus.protocol.ProtocolFactory - Protocol details: name=sftp, class=SftpTransferProtocol, supportsResume=false, supportsPause=false
10:38:37.681 [main] DEBUG d.m.quorus.protocol.ProtocolFactory - Creating NfsTransferProtocol instance
10:38:37.681 [main] DEBUG d.m.q.protocol.NfsTransferProtocol - NfsTransferProtocol initialized with mountRoot=C:\nfs
10:38:37.681 [main] INFO  d.m.quorus.protocol.ProtocolFactory - Registered protocol: nfs
10:38:37.681 [main] DEBUG d.m.quorus.protocol.ProtocolFactory - Protocol details: name=nfs, class=NfsTransferProtocol, supportsResume=false, supportsPause=false
10:38:37.681 [main] INFO  d.m.quorus.protocol.ProtocolFactory - Registered default transfer protocols: count=8, schemes=ftps, ftp, http, smb, sftp, nfs, https, cifs
10:38:37.682 [main] DEBUG d.m.quorus.protocol.ProtocolFactory - getProtocol(TransferRequest): DOWNLOAD - using source scheme: http
10:38:37.682 [main] DEBUG d.m.quorus.protocol.ProtocolFactory - Protocol found: name=http, implementation=HttpTransferProtocol
10:38:37.682 [main] DEBUG d.m.quorus.protocol.ProtocolFactory - getProtocol(TransferRequest): found protocol http for DOWNLOAD (Remote -> Local) transfer
10:38:37.743 [main] DEBUG d.m.quorus.protocol.ProtocolFactory - Initializing ProtocolFactory
10:38:37.744 [main] DEBUG d.m.quorus.protocol.ProtocolFactory - Registering default transfer protocols
10:38:37.744 [main] DEBUG d.m.quorus.protocol.ProtocolFactory - Creating HttpTransferProtocol instance
10:38:37.744 [main] INFO  d.m.q.protocol.HttpTransferProtocol - HttpTransferProtocol initialized: connectTimeout=30 SECONDS, socketTimeout=60 SECONDS, maxFileSize=10737418240 bytes
10:38:37.744 [main] INFO  d.m.quorus.protocol.ProtocolFactory - Registered protocol: http
10:38:37.744 [main] DEBUG d.m.quorus.protocol.ProtocolFactory - Protocol details: name=http, class=HttpTransferProtocol, supportsResume=false, supportsPause=true
10:38:37.744 [main] INFO  d.m.quorus.protocol.ProtocolFactory - Registered protocol alias: https -> http
10:38:37.744 [main] DEBUG d.m.quorus.protocol.ProtocolFactory - Creating SmbTransferProtocol instance
10:38:37.744 [main] INFO  d.m.quorus.protocol.ProtocolFactory - Registered protocol: smb
10:38:37.744 [main] DEBUG d.m.quorus.protocol.ProtocolFactory - Protocol details: name=smb, class=SmbTransferProtocol, supportsResume=false, supportsPause=false
10:38:37.744 [main] INFO  d.m.quorus.protocol.ProtocolFactory - Registered protocol alias: cifs -> smb
10:38:37.745 [main] DEBUG d.m.quorus.protocol.ProtocolFactory - Creating FtpTransferProtocol instance
10:38:37.745 [main] INFO  d.m.quorus.protocol.ProtocolFactory - Registered protocol: ftp
10:38:37.745 [main] DEBUG d.m.quorus.protocol.ProtocolFactory - Protocol details: name=ftp, class=FtpTransferProtocol, supportsResume=false, supportsPause=false
10:38:37.745 [main] INFO  d.m.quorus.protocol.ProtocolFactory - Registered protocol alias: ftps -> ftp
10:38:37.745 [main] DEBUG d.m.quorus.protocol.ProtocolFactory - Creating SftpTransferProtocol instance
10:38:37.745 [main] INFO  d.m.quorus.protocol.ProtocolFactory - Registered protocol: sftp
10:38:37.746 [main] DEBUG d.m.quorus.protocol.ProtocolFactory - Protocol details: name=sftp, class=SftpTransferProtocol, supportsResume=false, supportsPause=false
10:38:37.746 [main] DEBUG d.m.quorus.protocol.ProtocolFactory - Creating NfsTransferProtocol instance
10:38:37.746 [main] DEBUG d.m.q.protocol.NfsTransferProtocol - NfsTransferProtocol initialized with mountRoot=C:\nfs
10:38:37.746 [main] INFO  d.m.quorus.protocol.ProtocolFactory - Registered protocol: nfs
10:38:37.746 [main] DEBUG d.m.quorus.protocol.ProtocolFactory - Protocol details: name=nfs, class=NfsTransferProtocol, supportsResume=false, supportsPause=false
10:38:37.746 [main] INFO  d.m.quorus.protocol.ProtocolFactory - Registered default transfer protocols: count=8, schemes=ftps, ftp, http, smb, sftp, nfs, https, cifs
10:38:37.746 [main] DEBUG d.m.quorus.protocol.ProtocolFactory - getProtocol(TransferRequest): DOWNLOAD - using source scheme: ftp
10:38:37.746 [main] DEBUG d.m.quorus.protocol.ProtocolFactory - Protocol found: name=ftp, implementation=FtpTransferProtocol
10:38:37.746 [main] DEBUG d.m.q.protocol.FtpTransferProtocol - canHandle: FTP/FTPS download detected, sourceScheme=ftp
10:38:37.746 [main] DEBUG d.m.quorus.protocol.ProtocolFactory - getProtocol(TransferRequest): found protocol ftp for DOWNLOAD (Remote -> Local) transfer
10:38:37.779 [main] DEBUG d.m.quorus.protocol.ProtocolFactory - Initializing ProtocolFactory
10:38:37.779 [main] DEBUG d.m.quorus.protocol.ProtocolFactory - Registering default transfer protocols
10:38:37.779 [main] DEBUG d.m.quorus.protocol.ProtocolFactory - Creating HttpTransferProtocol instance
10:38:37.779 [main] INFO  d.m.q.protocol.HttpTransferProtocol - HttpTransferProtocol initialized: connectTimeout=30 SECONDS, socketTimeout=60 SECONDS, maxFileSize=10737418240 bytes
10:38:37.779 [main] INFO  d.m.quorus.protocol.ProtocolFactory - Registered protocol: http
10:38:37.779 [main] DEBUG d.m.quorus.protocol.ProtocolFactory - Protocol details: name=http, class=HttpTransferProtocol, supportsResume=false, supportsPause=true
10:38:37.779 [main] INFO  d.m.quorus.protocol.ProtocolFactory - Registered protocol alias: https -> http
10:38:37.779 [main] DEBUG d.m.quorus.protocol.ProtocolFactory - Creating SmbTransferProtocol instance
10:38:37.779 [main] INFO  d.m.quorus.protocol.ProtocolFactory - Registered protocol: smb
10:38:37.780 [main] DEBUG d.m.quorus.protocol.ProtocolFactory - Protocol details: name=smb, class=SmbTransferProtocol, supportsResume=false, supportsPause=false
10:38:37.780 [main] INFO  d.m.quorus.protocol.ProtocolFactory - Registered protocol alias: cifs -> smb
10:38:37.780 [main] DEBUG d.m.quorus.protocol.ProtocolFactory - Creating FtpTransferProtocol instance
10:38:37.780 [main] INFO  d.m.quorus.protocol.ProtocolFactory - Registered protocol: ftp
10:38:37.780 [main] DEBUG d.m.quorus.protocol.ProtocolFactory - Protocol details: name=ftp, class=FtpTransferProtocol, supportsResume=false, supportsPause=false
10:38:37.780 [main] INFO  d.m.quorus.protocol.ProtocolFactory - Registered protocol alias: ftps -> ftp
10:38:37.780 [main] DEBUG d.m.quorus.protocol.ProtocolFactory - Creating SftpTransferProtocol instance
10:38:37.780 [main] INFO  d.m.quorus.protocol.ProtocolFactory - Registered protocol: sftp
10:38:37.780 [main] DEBUG d.m.quorus.protocol.ProtocolFactory - Protocol details: name=sftp, class=SftpTransferProtocol, supportsResume=false, supportsPause=false
10:38:37.780 [main] DEBUG d.m.quorus.protocol.ProtocolFactory - Creating NfsTransferProtocol instance
10:38:37.780 [main] DEBUG d.m.q.protocol.NfsTransferProtocol - NfsTransferProtocol initialized with mountRoot=C:\nfs
10:38:37.780 [main] INFO  d.m.quorus.protocol.ProtocolFactory - Registered protocol: nfs
10:38:37.780 [main] DEBUG d.m.quorus.protocol.ProtocolFactory - Protocol details: name=nfs, class=NfsTransferProtocol, supportsResume=false, supportsPause=false
10:38:37.780 [main] INFO  d.m.quorus.protocol.ProtocolFactory - Registered default transfer protocols: count=8, schemes=ftps, ftp, http, smb, sftp, nfs, https, cifs
10:38:37.781 [main] DEBUG d.m.quorus.protocol.ProtocolFactory - getProtocol(TransferRequest): DOWNLOAD - using source scheme: https
10:38:37.781 [main] DEBUG d.m.quorus.protocol.ProtocolFactory - Protocol found: name=https, implementation=HttpTransferProtocol
10:38:37.781 [main] DEBUG d.m.quorus.protocol.ProtocolFactory - getProtocol(TransferRequest): found protocol http for DOWNLOAD (Remote -> Local) transfer
10:38:37.819 [main] DEBUG d.m.quorus.protocol.ProtocolFactory - Initializing ProtocolFactory
10:38:37.819 [main] DEBUG d.m.quorus.protocol.ProtocolFactory - Registering default transfer protocols
10:38:37.819 [main] DEBUG d.m.quorus.protocol.ProtocolFactory - Creating HttpTransferProtocol instance
10:38:37.819 [main] INFO  d.m.q.protocol.HttpTransferProtocol - HttpTransferProtocol initialized: connectTimeout=30 SECONDS, socketTimeout=60 SECONDS, maxFileSize=10737418240 bytes
10:38:37.820 [main] INFO  d.m.quorus.protocol.ProtocolFactory - Registered protocol: http
10:38:37.820 [main] DEBUG d.m.quorus.protocol.ProtocolFactory - Protocol details: name=http, class=HttpTransferProtocol, supportsResume=false, supportsPause=true
10:38:37.820 [main] INFO  d.m.quorus.protocol.ProtocolFactory - Registered protocol alias: https -> http
10:38:37.820 [main] DEBUG d.m.quorus.protocol.ProtocolFactory - Creating SmbTransferProtocol instance
10:38:37.820 [main] INFO  d.m.quorus.protocol.ProtocolFactory - Registered protocol: smb
10:38:37.820 [main] DEBUG d.m.quorus.protocol.ProtocolFactory - Protocol details: name=smb, class=SmbTransferProtocol, supportsResume=false, supportsPause=false
10:38:37.820 [main] INFO  d.m.quorus.protocol.ProtocolFactory - Registered protocol alias: cifs -> smb
10:38:37.820 [main] DEBUG d.m.quorus.protocol.ProtocolFactory - Creating FtpTransferProtocol instance
10:38:37.820 [main] INFO  d.m.quorus.protocol.ProtocolFactory - Registered protocol: ftp
10:38:37.820 [main] DEBUG d.m.quorus.protocol.ProtocolFactory - Protocol details: name=ftp, class=FtpTransferProtocol, supportsResume=false, supportsPause=false
10:38:37.820 [main] INFO  d.m.quorus.protocol.ProtocolFactory - Registered protocol alias: ftps -> ftp
10:38:37.820 [main] DEBUG d.m.quorus.protocol.ProtocolFactory - Creating SftpTransferProtocol instance
10:38:37.820 [main] INFO  d.m.quorus.protocol.ProtocolFactory - Registered protocol: sftp
10:38:37.820 [main] DEBUG d.m.quorus.protocol.ProtocolFactory - Protocol details: name=sftp, class=SftpTransferProtocol, supportsResume=false, supportsPause=false
10:38:37.820 [main] DEBUG d.m.quorus.protocol.ProtocolFactory - Creating NfsTransferProtocol instance
10:38:37.820 [main] DEBUG d.m.q.protocol.NfsTransferProtocol - NfsTransferProtocol initialized with mountRoot=C:\nfs
10:38:37.820 [main] INFO  d.m.quorus.protocol.ProtocolFactory - Registered protocol: nfs
10:38:37.820 [main] DEBUG d.m.quorus.protocol.ProtocolFactory - Protocol details: name=nfs, class=NfsTransferProtocol, supportsResume=false, supportsPause=false
10:38:37.821 [main] INFO  d.m.quorus.protocol.ProtocolFactory - Registered default transfer protocols: count=8, schemes=ftps, ftp, http, smb, sftp, nfs, https, cifs
10:38:37.821 [main] DEBUG d.m.quorus.protocol.ProtocolFactory - getProtocol(TransferRequest): DOWNLOAD - using source scheme: sftp
10:38:37.821 [main] DEBUG d.m.quorus.protocol.ProtocolFactory - Protocol found: name=sftp, implementation=SftpTransferProtocol
10:38:37.821 [main] DEBUG d.m.q.protocol.SftpTransferProtocol - canHandle: checking request=sftp-download-test
10:38:37.821 [main] DEBUG d.m.q.protocol.SftpTransferProtocol - canHandle: sourceScheme=sftp
10:38:37.821 [main] DEBUG d.m.q.protocol.SftpTransferProtocol - canHandle: returning true - SFTP download detected
10:38:37.821 [main] DEBUG d.m.quorus.protocol.ProtocolFactory - getProtocol(TransferRequest): found protocol sftp for DOWNLOAD (Remote -> Local) transfer
10:38:37.871 [main] DEBUG d.m.quorus.protocol.ProtocolFactory - Initializing ProtocolFactory
10:38:37.872 [main] DEBUG d.m.quorus.protocol.ProtocolFactory - Registering default transfer protocols
10:38:37.872 [main] DEBUG d.m.quorus.protocol.ProtocolFactory - Creating HttpTransferProtocol instance
10:38:37.872 [main] INFO  d.m.q.protocol.HttpTransferProtocol - HttpTransferProtocol initialized: connectTimeout=30 SECONDS, socketTimeout=60 SECONDS, maxFileSize=10737418240 bytes
10:38:37.872 [main] INFO  d.m.quorus.protocol.ProtocolFactory - Registered protocol: http
10:38:37.872 [main] DEBUG d.m.quorus.protocol.ProtocolFactory - Protocol details: name=http, class=HttpTransferProtocol, supportsResume=false, supportsPause=true
10:38:37.872 [main] INFO  d.m.quorus.protocol.ProtocolFactory - Registered protocol alias: https -> http
10:38:37.872 [main] DEBUG d.m.quorus.protocol.ProtocolFactory - Creating SmbTransferProtocol instance
10:38:37.872 [main] INFO  d.m.quorus.protocol.ProtocolFactory - Registered protocol: smb
10:38:37.872 [main] DEBUG d.m.quorus.protocol.ProtocolFactory - Protocol details: name=smb, class=SmbTransferProtocol, supportsResume=false, supportsPause=false
10:38:37.872 [main] INFO  d.m.quorus.protocol.ProtocolFactory - Registered protocol alias: cifs -> smb
10:38:37.872 [main] DEBUG d.m.quorus.protocol.ProtocolFactory - Creating FtpTransferProtocol instance
10:38:37.872 [main] INFO  d.m.quorus.protocol.ProtocolFactory - Registered protocol: ftp
10:38:37.872 [main] DEBUG d.m.quorus.protocol.ProtocolFactory - Protocol details: name=ftp, class=FtpTransferProtocol, supportsResume=false, supportsPause=false
10:38:37.872 [main] INFO  d.m.quorus.protocol.ProtocolFactory - Registered protocol alias: ftps -> ftp
10:38:37.872 [main] DEBUG d.m.quorus.protocol.ProtocolFactory - Creating SftpTransferProtocol instance
10:38:37.872 [main] INFO  d.m.quorus.protocol.ProtocolFactory - Registered protocol: sftp
10:38:37.872 [main] DEBUG d.m.quorus.protocol.ProtocolFactory - Protocol details: name=sftp, class=SftpTransferProtocol, supportsResume=false, supportsPause=false
10:38:37.872 [main] DEBUG d.m.quorus.protocol.ProtocolFactory - Creating NfsTransferProtocol instance
10:38:37.872 [main] DEBUG d.m.q.protocol.NfsTransferProtocol - NfsTransferProtocol initialized with mountRoot=C:\nfs
10:38:37.872 [main] INFO  d.m.quorus.protocol.ProtocolFactory - Registered protocol: nfs
10:38:37.872 [main] DEBUG d.m.quorus.protocol.ProtocolFactory - Protocol details: name=nfs, class=NfsTransferProtocol, supportsResume=false, supportsPause=false
10:38:37.872 [main] INFO  d.m.quorus.protocol.ProtocolFactory - Registered default transfer protocols: count=8, schemes=ftps, ftp, http, smb, sftp, nfs, https, cifs
10:38:37.873 [main] DEBUG d.m.quorus.protocol.ProtocolFactory - getProtocol(TransferRequest): DOWNLOAD - using source scheme: smb
10:38:37.873 [main] DEBUG d.m.quorus.protocol.ProtocolFactory - Protocol found: name=smb, implementation=SmbTransferProtocol
10:38:37.873 [main] DEBUG d.m.q.protocol.SmbTransferProtocol - canHandle: checking request=smb-download-test
10:38:37.873 [main] DEBUG d.m.q.protocol.SmbTransferProtocol - canHandle: direction=DOWNLOAD (Remote -> Local)
10:38:37.873 [main] DEBUG d.m.q.protocol.SmbTransferProtocol - canHandle: DOWNLOAD - sourceScheme=smb
10:38:37.873 [main] DEBUG d.m.q.protocol.SmbTransferProtocol - canHandle: returning true for SMB download
10:38:37.873 [main] DEBUG d.m.quorus.protocol.ProtocolFactory - getProtocol(TransferRequest): found protocol smb for DOWNLOAD (Remote -> Local) transfer
[INFO] Tests run: 5, Failures: 0, Errors: 0, Skipped: 0, Time elapsed: 0.236 s -- in dev.mars.quorus.protocol.ProtocolFactoryBidirectionalTest$DownloadProtocolSelectionTests
[INFO] Tests run: 0, Failures: 0, Errors: 0, Skipped: 0, Time elapsed: 0.700 s -- in dev.mars.quorus.protocol.ProtocolFactoryBidirectionalTest
[INFO] Running dev.mars.quorus.protocol.ProtocolFactoryTest
10:38:37.919 [main] DEBUG d.m.quorus.protocol.ProtocolFactory - Initializing ProtocolFactory
10:38:37.919 [main] DEBUG d.m.quorus.protocol.ProtocolFactory - Registering default transfer protocols
10:38:37.919 [main] DEBUG d.m.quorus.protocol.ProtocolFactory - Creating HttpTransferProtocol instance
10:38:37.919 [main] INFO  d.m.q.protocol.HttpTransferProtocol - HttpTransferProtocol initialized: connectTimeout=30 SECONDS, socketTimeout=60 SECONDS, maxFileSize=10737418240 bytes
10:38:37.919 [main] INFO  d.m.quorus.protocol.ProtocolFactory - Registered protocol: http
10:38:37.919 [main] DEBUG d.m.quorus.protocol.ProtocolFactory - Protocol details: name=http, class=HttpTransferProtocol, supportsResume=false, supportsPause=true
10:38:37.919 [main] INFO  d.m.quorus.protocol.ProtocolFactory - Registered protocol alias: https -> http
10:38:37.919 [main] DEBUG d.m.quorus.protocol.ProtocolFactory - Creating SmbTransferProtocol instance
10:38:37.919 [main] INFO  d.m.quorus.protocol.ProtocolFactory - Registered protocol: smb
10:38:37.919 [main] DEBUG d.m.quorus.protocol.ProtocolFactory - Protocol details: name=smb, class=SmbTransferProtocol, supportsResume=false, supportsPause=false
10:38:37.919 [main] INFO  d.m.quorus.protocol.ProtocolFactory - Registered protocol alias: cifs -> smb
10:38:37.919 [main] DEBUG d.m.quorus.protocol.ProtocolFactory - Creating FtpTransferProtocol instance
10:38:37.921 [main] INFO  d.m.quorus.protocol.ProtocolFactory - Registered protocol: ftp
10:38:37.921 [main] DEBUG d.m.quorus.protocol.ProtocolFactory - Protocol details: name=ftp, class=FtpTransferProtocol, supportsResume=false, supportsPause=false
10:38:37.921 [main] INFO  d.m.quorus.protocol.ProtocolFactory - Registered protocol alias: ftps -> ftp
10:38:37.921 [main] DEBUG d.m.quorus.protocol.ProtocolFactory - Creating SftpTransferProtocol instance
10:38:37.921 [main] INFO  d.m.quorus.protocol.ProtocolFactory - Registered protocol: sftp
10:38:37.921 [main] DEBUG d.m.quorus.protocol.ProtocolFactory - Protocol details: name=sftp, class=SftpTransferProtocol, supportsResume=false, supportsPause=false
10:38:37.921 [main] DEBUG d.m.quorus.protocol.ProtocolFactory - Creating NfsTransferProtocol instance
10:38:37.921 [main] DEBUG d.m.q.protocol.NfsTransferProtocol - NfsTransferProtocol initialized with mountRoot=C:\nfs
10:38:37.921 [main] INFO  d.m.quorus.protocol.ProtocolFactory - Registered protocol: nfs
10:38:37.921 [main] DEBUG d.m.quorus.protocol.ProtocolFactory - Protocol details: name=nfs, class=NfsTransferProtocol, supportsResume=false, supportsPause=false
10:38:37.921 [main] INFO  d.m.quorus.protocol.ProtocolFactory - Registered default transfer protocols: count=8, schemes=ftps, ftp, http, smb, sftp, nfs, https, cifs
10:38:37.921 [main] DEBUG d.m.quorus.protocol.ProtocolFactory - Protocol found: name=http, implementation=HttpTransferProtocol
10:38:37.921 [main] DEBUG d.m.quorus.protocol.ProtocolFactory - Protocol found: name=http, implementation=HttpTransferProtocol
10:38:37.975 [main] DEBUG d.m.quorus.protocol.ProtocolFactory - Initializing ProtocolFactory
10:38:37.975 [main] DEBUG d.m.quorus.protocol.ProtocolFactory - Registering default transfer protocols
10:38:37.975 [main] DEBUG d.m.quorus.protocol.ProtocolFactory - Creating HttpTransferProtocol instance
10:38:37.975 [main] INFO  d.m.q.protocol.HttpTransferProtocol - HttpTransferProtocol initialized: connectTimeout=30 SECONDS, socketTimeout=60 SECONDS, maxFileSize=10737418240 bytes
10:38:37.975 [main] INFO  d.m.quorus.protocol.ProtocolFactory - Registered protocol: http
10:38:37.975 [main] DEBUG d.m.quorus.protocol.ProtocolFactory - Protocol details: name=http, class=HttpTransferProtocol, supportsResume=false, supportsPause=true
10:38:37.975 [main] INFO  d.m.quorus.protocol.ProtocolFactory - Registered protocol alias: https -> http
10:38:37.975 [main] DEBUG d.m.quorus.protocol.ProtocolFactory - Creating SmbTransferProtocol instance
10:38:37.975 [main] INFO  d.m.quorus.protocol.ProtocolFactory - Registered protocol: smb
10:38:37.975 [main] DEBUG d.m.quorus.protocol.ProtocolFactory - Protocol details: name=smb, class=SmbTransferProtocol, supportsResume=false, supportsPause=false
10:38:37.975 [main] INFO  d.m.quorus.protocol.ProtocolFactory - Registered protocol alias: cifs -> smb
10:38:37.975 [main] DEBUG d.m.quorus.protocol.ProtocolFactory - Creating FtpTransferProtocol instance
10:38:37.975 [main] INFO  d.m.quorus.protocol.ProtocolFactory - Registered protocol: ftp
10:38:37.975 [main] DEBUG d.m.quorus.protocol.ProtocolFactory - Protocol details: name=ftp, class=FtpTransferProtocol, supportsResume=false, supportsPause=false
10:38:37.975 [main] INFO  d.m.quorus.protocol.ProtocolFactory - Registered protocol alias: ftps -> ftp
10:38:37.975 [main] DEBUG d.m.quorus.protocol.ProtocolFactory - Creating SftpTransferProtocol instance
10:38:37.975 [main] INFO  d.m.quorus.protocol.ProtocolFactory - Registered protocol: sftp
10:38:37.975 [main] DEBUG d.m.quorus.protocol.ProtocolFactory - Protocol details: name=sftp, class=SftpTransferProtocol, supportsResume=false, supportsPause=false
10:38:37.975 [main] DEBUG d.m.quorus.protocol.ProtocolFactory - Creating NfsTransferProtocol instance
10:38:37.975 [main] DEBUG d.m.q.protocol.NfsTransferProtocol - NfsTransferProtocol initialized with mountRoot=C:\nfs
10:38:37.975 [main] INFO  d.m.quorus.protocol.ProtocolFactory - Registered protocol: nfs
10:38:37.975 [main] DEBUG d.m.quorus.protocol.ProtocolFactory - Protocol details: name=nfs, class=NfsTransferProtocol, supportsResume=false, supportsPause=false
10:38:37.975 [main] INFO  d.m.quorus.protocol.ProtocolFactory - Registered default transfer protocols: count=8, schemes=ftps, ftp, http, smb, sftp, nfs, https, cifs
10:38:37.975 [main] DEBUG d.m.quorus.protocol.ProtocolFactory - Protocol found: name=https, implementation=HttpTransferProtocol
10:38:38.020 [main] DEBUG d.m.quorus.protocol.ProtocolFactory - Initializing ProtocolFactory
10:38:38.020 [main] DEBUG d.m.quorus.protocol.ProtocolFactory - Registering default transfer protocols
10:38:38.020 [main] DEBUG d.m.quorus.protocol.ProtocolFactory - Creating HttpTransferProtocol instance
10:38:38.020 [main] INFO  d.m.q.protocol.HttpTransferProtocol - HttpTransferProtocol initialized: connectTimeout=30 SECONDS, socketTimeout=60 SECONDS, maxFileSize=10737418240 bytes
10:38:38.020 [main] INFO  d.m.quorus.protocol.ProtocolFactory - Registered protocol: http
10:38:38.020 [main] DEBUG d.m.quorus.protocol.ProtocolFactory - Protocol details: name=http, class=HttpTransferProtocol, supportsResume=false, supportsPause=true
10:38:38.020 [main] INFO  d.m.quorus.protocol.ProtocolFactory - Registered protocol alias: https -> http
10:38:38.020 [main] DEBUG d.m.quorus.protocol.ProtocolFactory - Creating SmbTransferProtocol instance
10:38:38.020 [main] INFO  d.m.quorus.protocol.ProtocolFactory - Registered protocol: smb
10:38:38.020 [main] DEBUG d.m.quorus.protocol.ProtocolFactory - Protocol details: name=smb, class=SmbTransferProtocol, supportsResume=false, supportsPause=false
10:38:38.020 [main] INFO  d.m.quorus.protocol.ProtocolFactory - Registered protocol alias: cifs -> smb
10:38:38.020 [main] DEBUG d.m.quorus.protocol.ProtocolFactory - Creating FtpTransferProtocol instance
10:38:38.020 [main] INFO  d.m.quorus.protocol.ProtocolFactory - Registered protocol: ftp
10:38:38.020 [main] DEBUG d.m.quorus.protocol.ProtocolFactory - Protocol details: name=ftp, class=FtpTransferProtocol, supportsResume=false, supportsPause=false
10:38:38.020 [main] INFO  d.m.quorus.protocol.ProtocolFactory - Registered protocol alias: ftps -> ftp
10:38:38.021 [main] DEBUG d.m.quorus.protocol.ProtocolFactory - Creating SftpTransferProtocol instance
10:38:38.021 [main] INFO  d.m.quorus.protocol.ProtocolFactory - Registered protocol: sftp
10:38:38.021 [main] DEBUG d.m.quorus.protocol.ProtocolFactory - Protocol details: name=sftp, class=SftpTransferProtocol, supportsResume=false, supportsPause=false
10:38:38.021 [main] DEBUG d.m.quorus.protocol.ProtocolFactory - Creating NfsTransferProtocol instance
10:38:38.021 [main] DEBUG d.m.q.protocol.NfsTransferProtocol - NfsTransferProtocol initialized with mountRoot=C:\nfs
10:38:38.021 [main] INFO  d.m.quorus.protocol.ProtocolFactory - Registered protocol: nfs
10:38:38.021 [main] DEBUG d.m.quorus.protocol.ProtocolFactory - Protocol details: name=nfs, class=NfsTransferProtocol, supportsResume=false, supportsPause=false
10:38:38.021 [main] INFO  d.m.quorus.protocol.ProtocolFactory - Registered default transfer protocols: count=8, schemes=ftps, ftp, http, smb, sftp, nfs, https, cifs
10:38:38.021 [main] DEBUG d.m.quorus.protocol.ProtocolFactory - Protocol not found: name=unsupported
10:38:38.067 [main] DEBUG d.m.quorus.protocol.ProtocolFactory - Initializing ProtocolFactory
10:38:38.068 [main] DEBUG d.m.quorus.protocol.ProtocolFactory - Registering default transfer protocols
10:38:38.068 [main] DEBUG d.m.quorus.protocol.ProtocolFactory - Creating HttpTransferProtocol instance
10:38:38.068 [main] INFO  d.m.q.protocol.HttpTransferProtocol - HttpTransferProtocol initialized: connectTimeout=30 SECONDS, socketTimeout=60 SECONDS, maxFileSize=10737418240 bytes
10:38:38.068 [main] INFO  d.m.quorus.protocol.ProtocolFactory - Registered protocol: http
10:38:38.068 [main] DEBUG d.m.quorus.protocol.ProtocolFactory - Protocol details: name=http, class=HttpTransferProtocol, supportsResume=false, supportsPause=true
10:38:38.068 [main] INFO  d.m.quorus.protocol.ProtocolFactory - Registered protocol alias: https -> http
10:38:38.068 [main] DEBUG d.m.quorus.protocol.ProtocolFactory - Creating SmbTransferProtocol instance
10:38:38.068 [main] INFO  d.m.quorus.protocol.ProtocolFactory - Registered protocol: smb
10:38:38.068 [main] DEBUG d.m.quorus.protocol.ProtocolFactory - Protocol details: name=smb, class=SmbTransferProtocol, supportsResume=false, supportsPause=false
10:38:38.068 [main] INFO  d.m.quorus.protocol.ProtocolFactory - Registered protocol alias: cifs -> smb
10:38:38.068 [main] DEBUG d.m.quorus.protocol.ProtocolFactory - Creating FtpTransferProtocol instance
10:38:38.068 [main] INFO  d.m.quorus.protocol.ProtocolFactory - Registered protocol: ftp
10:38:38.068 [main] DEBUG d.m.quorus.protocol.ProtocolFactory - Protocol details: name=ftp, class=FtpTransferProtocol, supportsResume=false, supportsPause=false
10:38:38.068 [main] INFO  d.m.quorus.protocol.ProtocolFactory - Registered protocol alias: ftps -> ftp
10:38:38.068 [main] DEBUG d.m.quorus.protocol.ProtocolFactory - Creating SftpTransferProtocol instance
10:38:38.068 [main] INFO  d.m.quorus.protocol.ProtocolFactory - Registered protocol: sftp
10:38:38.068 [main] DEBUG d.m.quorus.protocol.ProtocolFactory - Protocol details: name=sftp, class=SftpTransferProtocol, supportsResume=false, supportsPause=false
10:38:38.068 [main] DEBUG d.m.quorus.protocol.ProtocolFactory - Creating NfsTransferProtocol instance
10:38:38.068 [main] DEBUG d.m.q.protocol.NfsTransferProtocol - NfsTransferProtocol initialized with mountRoot=C:\nfs
10:38:38.068 [main] INFO  d.m.quorus.protocol.ProtocolFactory - Registered protocol: nfs
10:38:38.068 [main] DEBUG d.m.quorus.protocol.ProtocolFactory - Protocol details: name=nfs, class=NfsTransferProtocol, supportsResume=false, supportsPause=false
10:38:38.068 [main] INFO  d.m.quorus.protocol.ProtocolFactory - Registered default transfer protocols: count=8, schemes=ftps, ftp, http, smb, sftp, nfs, https, cifs
10:38:38.069 [main] DEBUG d.m.quorus.protocol.ProtocolFactory - Protocol found: name=http, implementation=HttpTransferProtocol
10:38:38.069 [main] DEBUG d.m.quorus.protocol.ProtocolFactory - Protocol found: name=smb, implementation=SmbTransferProtocol
10:38:38.069 [main] DEBUG d.m.quorus.protocol.ProtocolFactory - Protocol found: name=ftp, implementation=FtpTransferProtocol
10:38:38.069 [main] DEBUG d.m.quorus.protocol.ProtocolFactory - Protocol found: name=sftp, implementation=SftpTransferProtocol
10:38:38.100 [main] DEBUG d.m.quorus.protocol.ProtocolFactory - Initializing ProtocolFactory
10:38:38.101 [main] DEBUG d.m.quorus.protocol.ProtocolFactory - Registering default transfer protocols
10:38:38.101 [main] DEBUG d.m.quorus.protocol.ProtocolFactory - Creating HttpTransferProtocol instance
10:38:38.101 [main] INFO  d.m.q.protocol.HttpTransferProtocol - HttpTransferProtocol initialized: connectTimeout=30 SECONDS, socketTimeout=60 SECONDS, maxFileSize=10737418240 bytes
10:38:38.101 [main] INFO  d.m.quorus.protocol.ProtocolFactory - Registered protocol: http
10:38:38.101 [main] DEBUG d.m.quorus.protocol.ProtocolFactory - Protocol details: name=http, class=HttpTransferProtocol, supportsResume=false, supportsPause=true
10:38:38.101 [main] INFO  d.m.quorus.protocol.ProtocolFactory - Registered protocol alias: https -> http
10:38:38.101 [main] DEBUG d.m.quorus.protocol.ProtocolFactory - Creating SmbTransferProtocol instance
10:38:38.101 [main] INFO  d.m.quorus.protocol.ProtocolFactory - Registered protocol: smb
10:38:38.101 [main] DEBUG d.m.quorus.protocol.ProtocolFactory - Protocol details: name=smb, class=SmbTransferProtocol, supportsResume=false, supportsPause=false
10:38:38.101 [main] INFO  d.m.quorus.protocol.ProtocolFactory - Registered protocol alias: cifs -> smb
10:38:38.101 [main] DEBUG d.m.quorus.protocol.ProtocolFactory - Creating FtpTransferProtocol instance
10:38:38.101 [main] INFO  d.m.quorus.protocol.ProtocolFactory - Registered protocol: ftp
10:38:38.101 [main] DEBUG d.m.quorus.protocol.ProtocolFactory - Protocol details: name=ftp, class=FtpTransferProtocol, supportsResume=false, supportsPause=false
10:38:38.101 [main] INFO  d.m.quorus.protocol.ProtocolFactory - Registered protocol alias: ftps -> ftp
10:38:38.101 [main] DEBUG d.m.quorus.protocol.ProtocolFactory - Creating SftpTransferProtocol instance
10:38:38.101 [main] INFO  d.m.quorus.protocol.ProtocolFactory - Registered protocol: sftp
10:38:38.101 [main] DEBUG d.m.quorus.protocol.ProtocolFactory - Protocol details: name=sftp, class=SftpTransferProtocol, supportsResume=false, supportsPause=false
10:38:38.101 [main] DEBUG d.m.quorus.protocol.ProtocolFactory - Creating NfsTransferProtocol instance
10:38:38.101 [main] DEBUG d.m.q.protocol.NfsTransferProtocol - NfsTransferProtocol initialized with mountRoot=C:\nfs
10:38:38.101 [main] INFO  d.m.quorus.protocol.ProtocolFactory - Registered protocol: nfs
10:38:38.101 [main] DEBUG d.m.quorus.protocol.ProtocolFactory - Protocol details: name=nfs, class=NfsTransferProtocol, supportsResume=false, supportsPause=false
10:38:38.101 [main] INFO  d.m.quorus.protocol.ProtocolFactory - Registered default transfer protocols: count=8, schemes=ftps, ftp, http, smb, sftp, nfs, https, cifs
10:38:38.101 [main] DEBUG d.m.quorus.protocol.ProtocolFactory - getProtocol called with null protocol name
10:38:38.144 [main] DEBUG d.m.quorus.protocol.ProtocolFactory - Initializing ProtocolFactory
10:38:38.145 [main] DEBUG d.m.quorus.protocol.ProtocolFactory - Registering default transfer protocols
10:38:38.145 [main] DEBUG d.m.quorus.protocol.ProtocolFactory - Creating HttpTransferProtocol instance
10:38:38.145 [main] INFO  d.m.q.protocol.HttpTransferProtocol - HttpTransferProtocol initialized: connectTimeout=30 SECONDS, socketTimeout=60 SECONDS, maxFileSize=10737418240 bytes
10:38:38.145 [main] INFO  d.m.quorus.protocol.ProtocolFactory - Registered protocol: http
10:38:38.145 [main] DEBUG d.m.quorus.protocol.ProtocolFactory - Protocol details: name=http, class=HttpTransferProtocol, supportsResume=false, supportsPause=true
10:38:38.145 [main] INFO  d.m.quorus.protocol.ProtocolFactory - Registered protocol alias: https -> http
10:38:38.145 [main] DEBUG d.m.quorus.protocol.ProtocolFactory - Creating SmbTransferProtocol instance
10:38:38.145 [main] INFO  d.m.quorus.protocol.ProtocolFactory - Registered protocol: smb
10:38:38.145 [main] DEBUG d.m.quorus.protocol.ProtocolFactory - Protocol details: name=smb, class=SmbTransferProtocol, supportsResume=false, supportsPause=false
10:38:38.145 [main] INFO  d.m.quorus.protocol.ProtocolFactory - Registered protocol alias: cifs -> smb
10:38:38.145 [main] DEBUG d.m.quorus.protocol.ProtocolFactory - Creating FtpTransferProtocol instance
10:38:38.145 [main] INFO  d.m.quorus.protocol.ProtocolFactory - Registered protocol: ftp
10:38:38.145 [main] DEBUG d.m.quorus.protocol.ProtocolFactory - Protocol details: name=ftp, class=FtpTransferProtocol, supportsResume=false, supportsPause=false
10:38:38.145 [main] INFO  d.m.quorus.protocol.ProtocolFactory - Registered protocol alias: ftps -> ftp
10:38:38.145 [main] DEBUG d.m.quorus.protocol.ProtocolFactory - Creating SftpTransferProtocol instance
10:38:38.145 [main] INFO  d.m.quorus.protocol.ProtocolFactory - Registered protocol: sftp
10:38:38.145 [main] DEBUG d.m.quorus.protocol.ProtocolFactory - Protocol details: name=sftp, class=SftpTransferProtocol, supportsResume=false, supportsPause=false
10:38:38.145 [main] DEBUG d.m.quorus.protocol.ProtocolFactory - Creating NfsTransferProtocol instance
10:38:38.145 [main] DEBUG d.m.q.protocol.NfsTransferProtocol - NfsTransferProtocol initialized with mountRoot=C:\nfs
10:38:38.145 [main] INFO  d.m.quorus.protocol.ProtocolFactory - Registered protocol: nfs
10:38:38.145 [main] DEBUG d.m.quorus.protocol.ProtocolFactory - Protocol details: name=nfs, class=NfsTransferProtocol, supportsResume=false, supportsPause=false
10:38:38.145 [main] INFO  d.m.quorus.protocol.ProtocolFactory - Registered default transfer protocols: count=8, schemes=ftps, ftp, http, smb, sftp, nfs, https, cifs
10:38:38.146 [main] DEBUG d.m.quorus.protocol.ProtocolFactory - Protocol found: name=smb, implementation=SmbTransferProtocol
10:38:38.194 [main] DEBUG d.m.quorus.protocol.ProtocolFactory - Initializing ProtocolFactory
10:38:38.195 [main] DEBUG d.m.quorus.protocol.ProtocolFactory - Registering default transfer protocols
10:38:38.195 [main] DEBUG d.m.quorus.protocol.ProtocolFactory - Creating HttpTransferProtocol instance
10:38:38.195 [main] INFO  d.m.q.protocol.HttpTransferProtocol - HttpTransferProtocol initialized: connectTimeout=30 SECONDS, socketTimeout=60 SECONDS, maxFileSize=10737418240 bytes
10:38:38.195 [main] INFO  d.m.quorus.protocol.ProtocolFactory - Registered protocol: http
10:38:38.195 [main] DEBUG d.m.quorus.protocol.ProtocolFactory - Protocol details: name=http, class=HttpTransferProtocol, supportsResume=false, supportsPause=true
10:38:38.195 [main] INFO  d.m.quorus.protocol.ProtocolFactory - Registered protocol alias: https -> http
10:38:38.195 [main] DEBUG d.m.quorus.protocol.ProtocolFactory - Creating SmbTransferProtocol instance
10:38:38.195 [main] INFO  d.m.quorus.protocol.ProtocolFactory - Registered protocol: smb
10:38:38.195 [main] DEBUG d.m.quorus.protocol.ProtocolFactory - Protocol details: name=smb, class=SmbTransferProtocol, supportsResume=false, supportsPause=false
10:38:38.195 [main] INFO  d.m.quorus.protocol.ProtocolFactory - Registered protocol alias: cifs -> smb
10:38:38.195 [main] DEBUG d.m.quorus.protocol.ProtocolFactory - Creating FtpTransferProtocol instance
10:38:38.195 [main] INFO  d.m.quorus.protocol.ProtocolFactory - Registered protocol: ftp
10:38:38.195 [main] DEBUG d.m.quorus.protocol.ProtocolFactory - Protocol details: name=ftp, class=FtpTransferProtocol, supportsResume=false, supportsPause=false
10:38:38.195 [main] INFO  d.m.quorus.protocol.ProtocolFactory - Registered protocol alias: ftps -> ftp
10:38:38.195 [main] DEBUG d.m.quorus.protocol.ProtocolFactory - Creating SftpTransferProtocol instance
10:38:38.195 [main] INFO  d.m.quorus.protocol.ProtocolFactory - Registered protocol: sftp
10:38:38.195 [main] DEBUG d.m.quorus.protocol.ProtocolFactory - Protocol details: name=sftp, class=SftpTransferProtocol, supportsResume=false, supportsPause=false
10:38:38.195 [main] DEBUG d.m.quorus.protocol.ProtocolFactory - Creating NfsTransferProtocol instance
10:38:38.195 [main] DEBUG d.m.q.protocol.NfsTransferProtocol - NfsTransferProtocol initialized with mountRoot=C:\nfs
10:38:38.195 [main] INFO  d.m.quorus.protocol.ProtocolFactory - Registered protocol: nfs
10:38:38.195 [main] DEBUG d.m.quorus.protocol.ProtocolFactory - Protocol details: name=nfs, class=NfsTransferProtocol, supportsResume=false, supportsPause=false
10:38:38.195 [main] INFO  d.m.quorus.protocol.ProtocolFactory - Registered default transfer protocols: count=8, schemes=ftps, ftp, http, smb, sftp, nfs, https, cifs
10:38:38.196 [main] DEBUG d.m.quorus.protocol.ProtocolFactory - Protocol found: name=http, implementation=HttpTransferProtocol
10:38:38.196 [main] DEBUG d.m.quorus.protocol.ProtocolFactory - Protocol found: name=smb, implementation=SmbTransferProtocol
10:38:38.196 [main] DEBUG d.m.q.protocol.SmbTransferProtocol - canHandle: checking request=d365d613-a039-4da2-a45d-46e2485f8b18
10:38:38.196 [main] DEBUG d.m.q.protocol.SmbTransferProtocol - canHandle: direction=DOWNLOAD (Remote -> Local)
10:38:38.196 [main] DEBUG d.m.q.protocol.SmbTransferProtocol - canHandle: DOWNLOAD - sourceScheme=smb
10:38:38.196 [main] DEBUG d.m.q.protocol.SmbTransferProtocol - canHandle: returning true for SMB download
10:38:38.197 [main] DEBUG d.m.quorus.protocol.ProtocolFactory - Protocol found: name=ftp, implementation=FtpTransferProtocol
10:38:38.197 [main] DEBUG d.m.q.protocol.FtpTransferProtocol - canHandle: FTP/FTPS download detected, sourceScheme=ftp
10:38:38.197 [main] DEBUG d.m.quorus.protocol.ProtocolFactory - Protocol found: name=sftp, implementation=SftpTransferProtocol
10:38:38.197 [main] DEBUG d.m.q.protocol.SftpTransferProtocol - canHandle: checking request=af98c1a6-4b3a-46ad-a29f-d59d73fe759c
10:38:38.197 [main] DEBUG d.m.q.protocol.SftpTransferProtocol - canHandle: sourceScheme=sftp
10:38:38.197 [main] DEBUG d.m.q.protocol.SftpTransferProtocol - canHandle: returning true - SFTP download detected
10:38:38.252 [main] DEBUG d.m.quorus.protocol.ProtocolFactory - Initializing ProtocolFactory
10:38:38.252 [main] DEBUG d.m.quorus.protocol.ProtocolFactory - Registering default transfer protocols
10:38:38.252 [main] DEBUG d.m.quorus.protocol.ProtocolFactory - Creating HttpTransferProtocol instance
10:38:38.252 [main] INFO  d.m.q.protocol.HttpTransferProtocol - HttpTransferProtocol initialized: connectTimeout=30 SECONDS, socketTimeout=60 SECONDS, maxFileSize=10737418240 bytes
10:38:38.252 [main] INFO  d.m.quorus.protocol.ProtocolFactory - Registered protocol: http
10:38:38.252 [main] DEBUG d.m.quorus.protocol.ProtocolFactory - Protocol details: name=http, class=HttpTransferProtocol, supportsResume=false, supportsPause=true
10:38:38.252 [main] INFO  d.m.quorus.protocol.ProtocolFactory - Registered protocol alias: https -> http
10:38:38.252 [main] DEBUG d.m.quorus.protocol.ProtocolFactory - Creating SmbTransferProtocol instance
10:38:38.252 [main] INFO  d.m.quorus.protocol.ProtocolFactory - Registered protocol: smb
10:38:38.252 [main] DEBUG d.m.quorus.protocol.ProtocolFactory - Protocol details: name=smb, class=SmbTransferProtocol, supportsResume=false, supportsPause=false
10:38:38.252 [main] INFO  d.m.quorus.protocol.ProtocolFactory - Registered protocol alias: cifs -> smb
10:38:38.252 [main] DEBUG d.m.quorus.protocol.ProtocolFactory - Creating FtpTransferProtocol instance
10:38:38.252 [main] INFO  d.m.quorus.protocol.ProtocolFactory - Registered protocol: ftp
10:38:38.252 [main] DEBUG d.m.quorus.protocol.ProtocolFactory - Protocol details: name=ftp, class=FtpTransferProtocol, supportsResume=false, supportsPause=false
10:38:38.252 [main] INFO  d.m.quorus.protocol.ProtocolFactory - Registered protocol alias: ftps -> ftp
10:38:38.252 [main] DEBUG d.m.quorus.protocol.ProtocolFactory - Creating SftpTransferProtocol instance
10:38:38.252 [main] INFO  d.m.quorus.protocol.ProtocolFactory - Registered protocol: sftp
10:38:38.252 [main] DEBUG d.m.quorus.protocol.ProtocolFactory - Protocol details: name=sftp, class=SftpTransferProtocol, supportsResume=false, supportsPause=false
10:38:38.252 [main] DEBUG d.m.quorus.protocol.ProtocolFactory - Creating NfsTransferProtocol instance
10:38:38.252 [main] DEBUG d.m.q.protocol.NfsTransferProtocol - NfsTransferProtocol initialized with mountRoot=C:\nfs
10:38:38.252 [main] INFO  d.m.quorus.protocol.ProtocolFactory - Registered protocol: nfs
10:38:38.252 [main] DEBUG d.m.quorus.protocol.ProtocolFactory - Protocol details: name=nfs, class=NfsTransferProtocol, supportsResume=false, supportsPause=false
10:38:38.252 [main] INFO  d.m.quorus.protocol.ProtocolFactory - Registered default transfer protocols: count=8, schemes=ftps, ftp, http, smb, sftp, nfs, https, cifs
10:38:38.253 [main] DEBUG d.m.quorus.protocol.ProtocolFactory - Protocol found: name=cifs, implementation=SmbTransferProtocol
10:38:38.306 [main] DEBUG d.m.quorus.protocol.ProtocolFactory - Initializing ProtocolFactory
10:38:38.306 [main] DEBUG d.m.quorus.protocol.ProtocolFactory - Registering default transfer protocols
10:38:38.306 [main] DEBUG d.m.quorus.protocol.ProtocolFactory - Creating HttpTransferProtocol instance
10:38:38.306 [main] INFO  d.m.q.protocol.HttpTransferProtocol - HttpTransferProtocol initialized: connectTimeout=30 SECONDS, socketTimeout=60 SECONDS, maxFileSize=10737418240 bytes
10:38:38.306 [main] INFO  d.m.quorus.protocol.ProtocolFactory - Registered protocol: http
10:38:38.306 [main] DEBUG d.m.quorus.protocol.ProtocolFactory - Protocol details: name=http, class=HttpTransferProtocol, supportsResume=false, supportsPause=true
10:38:38.306 [main] INFO  d.m.quorus.protocol.ProtocolFactory - Registered protocol alias: https -> http
10:38:38.306 [main] DEBUG d.m.quorus.protocol.ProtocolFactory - Creating SmbTransferProtocol instance
10:38:38.306 [main] INFO  d.m.quorus.protocol.ProtocolFactory - Registered protocol: smb
10:38:38.306 [main] DEBUG d.m.quorus.protocol.ProtocolFactory - Protocol details: name=smb, class=SmbTransferProtocol, supportsResume=false, supportsPause=false
10:38:38.306 [main] INFO  d.m.quorus.protocol.ProtocolFactory - Registered protocol alias: cifs -> smb
10:38:38.306 [main] DEBUG d.m.quorus.protocol.ProtocolFactory - Creating FtpTransferProtocol instance
10:38:38.306 [main] INFO  d.m.quorus.protocol.ProtocolFactory - Registered protocol: ftp
10:38:38.306 [main] DEBUG d.m.quorus.protocol.ProtocolFactory - Protocol details: name=ftp, class=FtpTransferProtocol, supportsResume=false, supportsPause=false
10:38:38.306 [main] INFO  d.m.quorus.protocol.ProtocolFactory - Registered protocol alias: ftps -> ftp
10:38:38.306 [main] DEBUG d.m.quorus.protocol.ProtocolFactory - Creating SftpTransferProtocol instance
10:38:38.306 [main] INFO  d.m.quorus.protocol.ProtocolFactory - Registered protocol: sftp
10:38:38.306 [main] DEBUG d.m.quorus.protocol.ProtocolFactory - Protocol details: name=sftp, class=SftpTransferProtocol, supportsResume=false, supportsPause=false
10:38:38.306 [main] DEBUG d.m.quorus.protocol.ProtocolFactory - Creating NfsTransferProtocol instance
10:38:38.306 [main] DEBUG d.m.q.protocol.NfsTransferProtocol - NfsTransferProtocol initialized with mountRoot=C:\nfs
10:38:38.306 [main] INFO  d.m.quorus.protocol.ProtocolFactory - Registered protocol: nfs
10:38:38.306 [main] DEBUG d.m.quorus.protocol.ProtocolFactory - Protocol details: name=nfs, class=NfsTransferProtocol, supportsResume=false, supportsPause=false
10:38:38.306 [main] INFO  d.m.quorus.protocol.ProtocolFactory - Registered default transfer protocols: count=8, schemes=ftps, ftp, http, smb, sftp, nfs, https, cifs
10:38:38.307 [main] DEBUG d.m.quorus.protocol.ProtocolFactory - Protocol found: name=http, implementation=HttpTransferProtocol
10:38:38.307 [main] DEBUG d.m.quorus.protocol.ProtocolFactory - Protocol found: name=smb, implementation=SmbTransferProtocol
10:38:38.307 [main] DEBUG d.m.quorus.protocol.ProtocolFactory - Protocol found: name=ftp, implementation=FtpTransferProtocol
10:38:38.307 [main] DEBUG d.m.quorus.protocol.ProtocolFactory - Protocol found: name=sftp, implementation=SftpTransferProtocol
10:38:38.348 [main] DEBUG d.m.quorus.protocol.ProtocolFactory - Initializing ProtocolFactory
10:38:38.349 [main] DEBUG d.m.quorus.protocol.ProtocolFactory - Registering default transfer protocols
10:38:38.349 [main] DEBUG d.m.quorus.protocol.ProtocolFactory - Creating HttpTransferProtocol instance
10:38:38.349 [main] INFO  d.m.q.protocol.HttpTransferProtocol - HttpTransferProtocol initialized: connectTimeout=30 SECONDS, socketTimeout=60 SECONDS, maxFileSize=10737418240 bytes
10:38:38.349 [main] INFO  d.m.quorus.protocol.ProtocolFactory - Registered protocol: http
10:38:38.349 [main] DEBUG d.m.quorus.protocol.ProtocolFactory - Protocol details: name=http, class=HttpTransferProtocol, supportsResume=false, supportsPause=true
10:38:38.349 [main] INFO  d.m.quorus.protocol.ProtocolFactory - Registered protocol alias: https -> http
10:38:38.349 [main] DEBUG d.m.quorus.protocol.ProtocolFactory - Creating SmbTransferProtocol instance
10:38:38.349 [main] INFO  d.m.quorus.protocol.ProtocolFactory - Registered protocol: smb
10:38:38.349 [main] DEBUG d.m.quorus.protocol.ProtocolFactory - Protocol details: name=smb, class=SmbTransferProtocol, supportsResume=false, supportsPause=false
10:38:38.349 [main] INFO  d.m.quorus.protocol.ProtocolFactory - Registered protocol alias: cifs -> smb
10:38:38.349 [main] DEBUG d.m.quorus.protocol.ProtocolFactory - Creating FtpTransferProtocol instance
10:38:38.349 [main] INFO  d.m.quorus.protocol.ProtocolFactory - Registered protocol: ftp
10:38:38.349 [main] DEBUG d.m.quorus.protocol.ProtocolFactory - Protocol details: name=ftp, class=FtpTransferProtocol, supportsResume=false, supportsPause=false
10:38:38.349 [main] INFO  d.m.quorus.protocol.ProtocolFactory - Registered protocol alias: ftps -> ftp
10:38:38.349 [main] DEBUG d.m.quorus.protocol.ProtocolFactory - Creating SftpTransferProtocol instance
10:38:38.349 [main] INFO  d.m.quorus.protocol.ProtocolFactory - Registered protocol: sftp
10:38:38.349 [main] DEBUG d.m.quorus.protocol.ProtocolFactory - Protocol details: name=sftp, class=SftpTransferProtocol, supportsResume=false, supportsPause=false
10:38:38.349 [main] DEBUG d.m.quorus.protocol.ProtocolFactory - Creating NfsTransferProtocol instance
10:38:38.349 [main] DEBUG d.m.q.protocol.NfsTransferProtocol - NfsTransferProtocol initialized with mountRoot=C:\nfs
10:38:38.350 [main] INFO  d.m.quorus.protocol.ProtocolFactory - Registered protocol: nfs
10:38:38.350 [main] DEBUG d.m.quorus.protocol.ProtocolFactory - Protocol details: name=nfs, class=NfsTransferProtocol, supportsResume=false, supportsPause=false
10:38:38.350 [main] INFO  d.m.quorus.protocol.ProtocolFactory - Registered default transfer protocols: count=8, schemes=ftps, ftp, http, smb, sftp, nfs, https, cifs
10:38:38.350 [main] DEBUG d.m.quorus.protocol.ProtocolFactory - Protocol found: name=http, implementation=HttpTransferProtocol
10:38:38.350 [main] DEBUG d.m.quorus.protocol.ProtocolFactory - Protocol found: name=https, implementation=HttpTransferProtocol
10:38:38.350 [main] DEBUG d.m.quorus.protocol.ProtocolFactory - Protocol found: name=smb, implementation=SmbTransferProtocol
10:38:38.350 [main] DEBUG d.m.quorus.protocol.ProtocolFactory - Protocol found: name=cifs, implementation=SmbTransferProtocol
10:38:38.350 [main] DEBUG d.m.quorus.protocol.ProtocolFactory - Protocol found: name=ftp, implementation=FtpTransferProtocol
10:38:38.350 [main] DEBUG d.m.quorus.protocol.ProtocolFactory - Protocol found: name=sftp, implementation=SftpTransferProtocol
10:38:38.394 [main] DEBUG d.m.quorus.protocol.ProtocolFactory - Initializing ProtocolFactory
10:38:38.394 [main] DEBUG d.m.quorus.protocol.ProtocolFactory - Registering default transfer protocols
10:38:38.394 [main] DEBUG d.m.quorus.protocol.ProtocolFactory - Creating HttpTransferProtocol instance
10:38:38.394 [main] INFO  d.m.q.protocol.HttpTransferProtocol - HttpTransferProtocol initialized: connectTimeout=30 SECONDS, socketTimeout=60 SECONDS, maxFileSize=10737418240 bytes
10:38:38.394 [main] INFO  d.m.quorus.protocol.ProtocolFactory - Registered protocol: http
10:38:38.394 [main] DEBUG d.m.quorus.protocol.ProtocolFactory - Protocol details: name=http, class=HttpTransferProtocol, supportsResume=false, supportsPause=true
10:38:38.394 [main] INFO  d.m.quorus.protocol.ProtocolFactory - Registered protocol alias: https -> http
10:38:38.394 [main] DEBUG d.m.quorus.protocol.ProtocolFactory - Creating SmbTransferProtocol instance
10:38:38.394 [main] INFO  d.m.quorus.protocol.ProtocolFactory - Registered protocol: smb
10:38:38.394 [main] DEBUG d.m.quorus.protocol.ProtocolFactory - Protocol details: name=smb, class=SmbTransferProtocol, supportsResume=false, supportsPause=false
10:38:38.394 [main] INFO  d.m.quorus.protocol.ProtocolFactory - Registered protocol alias: cifs -> smb
10:38:38.394 [main] DEBUG d.m.quorus.protocol.ProtocolFactory - Creating FtpTransferProtocol instance
10:38:38.394 [main] INFO  d.m.quorus.protocol.ProtocolFactory - Registered protocol: ftp
10:38:38.394 [main] DEBUG d.m.quorus.protocol.ProtocolFactory - Protocol details: name=ftp, class=FtpTransferProtocol, supportsResume=false, supportsPause=false
10:38:38.394 [main] INFO  d.m.quorus.protocol.ProtocolFactory - Registered protocol alias: ftps -> ftp
10:38:38.394 [main] DEBUG d.m.quorus.protocol.ProtocolFactory - Creating SftpTransferProtocol instance
10:38:38.394 [main] INFO  d.m.quorus.protocol.ProtocolFactory - Registered protocol: sftp
10:38:38.394 [main] DEBUG d.m.quorus.protocol.ProtocolFactory - Protocol details: name=sftp, class=SftpTransferProtocol, supportsResume=false, supportsPause=false
10:38:38.394 [main] DEBUG d.m.quorus.protocol.ProtocolFactory - Creating NfsTransferProtocol instance
10:38:38.394 [main] DEBUG d.m.q.protocol.NfsTransferProtocol - NfsTransferProtocol initialized with mountRoot=C:\nfs
10:38:38.394 [main] INFO  d.m.quorus.protocol.ProtocolFactory - Registered protocol: nfs
10:38:38.394 [main] DEBUG d.m.quorus.protocol.ProtocolFactory - Protocol details: name=nfs, class=NfsTransferProtocol, supportsResume=false, supportsPause=false
10:38:38.394 [main] INFO  d.m.quorus.protocol.ProtocolFactory - Registered default transfer protocols: count=8, schemes=ftps, ftp, http, smb, sftp, nfs, https, cifs
10:38:38.395 [main] DEBUG d.m.quorus.protocol.ProtocolFactory - Protocol found: name=ftp, implementation=FtpTransferProtocol
10:38:38.444 [main] DEBUG d.m.quorus.protocol.ProtocolFactory - Initializing ProtocolFactory
10:38:38.444 [main] DEBUG d.m.quorus.protocol.ProtocolFactory - Registering default transfer protocols
10:38:38.444 [main] DEBUG d.m.quorus.protocol.ProtocolFactory - Creating HttpTransferProtocol instance
10:38:38.444 [main] INFO  d.m.q.protocol.HttpTransferProtocol - HttpTransferProtocol initialized: connectTimeout=30 SECONDS, socketTimeout=60 SECONDS, maxFileSize=10737418240 bytes
10:38:38.444 [main] INFO  d.m.quorus.protocol.ProtocolFactory - Registered protocol: http
10:38:38.444 [main] DEBUG d.m.quorus.protocol.ProtocolFactory - Protocol details: name=http, class=HttpTransferProtocol, supportsResume=false, supportsPause=true
10:38:38.444 [main] INFO  d.m.quorus.protocol.ProtocolFactory - Registered protocol alias: https -> http
10:38:38.444 [main] DEBUG d.m.quorus.protocol.ProtocolFactory - Creating SmbTransferProtocol instance
10:38:38.444 [main] INFO  d.m.quorus.protocol.ProtocolFactory - Registered protocol: smb
10:38:38.444 [main] DEBUG d.m.quorus.protocol.ProtocolFactory - Protocol details: name=smb, class=SmbTransferProtocol, supportsResume=false, supportsPause=false
10:38:38.444 [main] INFO  d.m.quorus.protocol.ProtocolFactory - Registered protocol alias: cifs -> smb
10:38:38.444 [main] DEBUG d.m.quorus.protocol.ProtocolFactory - Creating FtpTransferProtocol instance
10:38:38.444 [main] INFO  d.m.quorus.protocol.ProtocolFactory - Registered protocol: ftp
10:38:38.444 [main] DEBUG d.m.quorus.protocol.ProtocolFactory - Protocol details: name=ftp, class=FtpTransferProtocol, supportsResume=false, supportsPause=false
10:38:38.444 [main] INFO  d.m.quorus.protocol.ProtocolFactory - Registered protocol alias: ftps -> ftp
10:38:38.445 [main] DEBUG d.m.quorus.protocol.ProtocolFactory - Creating SftpTransferProtocol instance
10:38:38.445 [main] INFO  d.m.quorus.protocol.ProtocolFactory - Registered protocol: sftp
10:38:38.445 [main] DEBUG d.m.quorus.protocol.ProtocolFactory - Protocol details: name=sftp, class=SftpTransferProtocol, supportsResume=false, supportsPause=false
10:38:38.445 [main] DEBUG d.m.quorus.protocol.ProtocolFactory - Creating NfsTransferProtocol instance
10:38:38.445 [main] DEBUG d.m.q.protocol.NfsTransferProtocol - NfsTransferProtocol initialized with mountRoot=C:\nfs
10:38:38.445 [main] INFO  d.m.quorus.protocol.ProtocolFactory - Registered protocol: nfs
10:38:38.445 [main] DEBUG d.m.quorus.protocol.ProtocolFactory - Protocol details: name=nfs, class=NfsTransferProtocol, supportsResume=false, supportsPause=false
10:38:38.445 [main] INFO  d.m.quorus.protocol.ProtocolFactory - Registered default transfer protocols: count=8, schemes=ftps, ftp, http, smb, sftp, nfs, https, cifs
10:38:38.445 [main] DEBUG d.m.quorus.protocol.ProtocolFactory - Protocol found: name=HTTP, implementation=HttpTransferProtocol
10:38:38.445 [main] DEBUG d.m.quorus.protocol.ProtocolFactory - Protocol found: name=SMB, implementation=SmbTransferProtocol
10:38:38.445 [main] DEBUG d.m.quorus.protocol.ProtocolFactory - Protocol found: name=FTP, implementation=FtpTransferProtocol
10:38:38.445 [main] DEBUG d.m.quorus.protocol.ProtocolFactory - Protocol found: name=SFTP, implementation=SftpTransferProtocol
10:38:38.500 [main] DEBUG d.m.quorus.protocol.ProtocolFactory - Initializing ProtocolFactory
10:38:38.502 [main] DEBUG d.m.quorus.protocol.ProtocolFactory - Registering default transfer protocols
10:38:38.502 [main] DEBUG d.m.quorus.protocol.ProtocolFactory - Creating HttpTransferProtocol instance
10:38:38.502 [main] INFO  d.m.q.protocol.HttpTransferProtocol - HttpTransferProtocol initialized: connectTimeout=30 SECONDS, socketTimeout=60 SECONDS, maxFileSize=10737418240 bytes
10:38:38.502 [main] INFO  d.m.quorus.protocol.ProtocolFactory - Registered protocol: http
10:38:38.502 [main] DEBUG d.m.quorus.protocol.ProtocolFactory - Protocol details: name=http, class=HttpTransferProtocol, supportsResume=false, supportsPause=true
10:38:38.502 [main] INFO  d.m.quorus.protocol.ProtocolFactory - Registered protocol alias: https -> http
10:38:38.502 [main] DEBUG d.m.quorus.protocol.ProtocolFactory - Creating SmbTransferProtocol instance
10:38:38.502 [main] INFO  d.m.quorus.protocol.ProtocolFactory - Registered protocol: smb
10:38:38.502 [main] DEBUG d.m.quorus.protocol.ProtocolFactory - Protocol details: name=smb, class=SmbTransferProtocol, supportsResume=false, supportsPause=false
10:38:38.502 [main] INFO  d.m.quorus.protocol.ProtocolFactory - Registered protocol alias: cifs -> smb
10:38:38.502 [main] DEBUG d.m.quorus.protocol.ProtocolFactory - Creating FtpTransferProtocol instance
10:38:38.502 [main] INFO  d.m.quorus.protocol.ProtocolFactory - Registered protocol: ftp
10:38:38.502 [main] DEBUG d.m.quorus.protocol.ProtocolFactory - Protocol details: name=ftp, class=FtpTransferProtocol, supportsResume=false, supportsPause=false
10:38:38.502 [main] INFO  d.m.quorus.protocol.ProtocolFactory - Registered protocol alias: ftps -> ftp
10:38:38.502 [main] DEBUG d.m.quorus.protocol.ProtocolFactory - Creating SftpTransferProtocol instance
10:38:38.502 [main] INFO  d.m.quorus.protocol.ProtocolFactory - Registered protocol: sftp
10:38:38.502 [main] DEBUG d.m.quorus.protocol.ProtocolFactory - Protocol details: name=sftp, class=SftpTransferProtocol, supportsResume=false, supportsPause=false
10:38:38.502 [main] DEBUG d.m.quorus.protocol.ProtocolFactory - Creating NfsTransferProtocol instance
10:38:38.502 [main] DEBUG d.m.q.protocol.NfsTransferProtocol - NfsTransferProtocol initialized with mountRoot=C:\nfs
10:38:38.502 [main] INFO  d.m.quorus.protocol.ProtocolFactory - Registered protocol: nfs
10:38:38.502 [main] DEBUG d.m.quorus.protocol.ProtocolFactory - Protocol details: name=nfs, class=NfsTransferProtocol, supportsResume=false, supportsPause=false
10:38:38.502 [main] INFO  d.m.quorus.protocol.ProtocolFactory - Registered default transfer protocols: count=8, schemes=ftps, ftp, http, smb, sftp, nfs, https, cifs
10:38:38.502 [main] DEBUG d.m.quorus.protocol.ProtocolFactory - Protocol found: name=http, implementation=HttpTransferProtocol
10:38:38.545 [main] DEBUG d.m.quorus.protocol.ProtocolFactory - Initializing ProtocolFactory
10:38:38.545 [main] DEBUG d.m.quorus.protocol.ProtocolFactory - Registering default transfer protocols
10:38:38.545 [main] DEBUG d.m.quorus.protocol.ProtocolFactory - Creating HttpTransferProtocol instance
10:38:38.545 [main] INFO  d.m.q.protocol.HttpTransferProtocol - HttpTransferProtocol initialized: connectTimeout=30 SECONDS, socketTimeout=60 SECONDS, maxFileSize=10737418240 bytes
10:38:38.545 [main] INFO  d.m.quorus.protocol.ProtocolFactory - Registered protocol: http
10:38:38.545 [main] DEBUG d.m.quorus.protocol.ProtocolFactory - Protocol details: name=http, class=HttpTransferProtocol, supportsResume=false, supportsPause=true
10:38:38.545 [main] INFO  d.m.quorus.protocol.ProtocolFactory - Registered protocol alias: https -> http
10:38:38.545 [main] DEBUG d.m.quorus.protocol.ProtocolFactory - Creating SmbTransferProtocol instance
10:38:38.545 [main] INFO  d.m.quorus.protocol.ProtocolFactory - Registered protocol: smb
10:38:38.545 [main] DEBUG d.m.quorus.protocol.ProtocolFactory - Protocol details: name=smb, class=SmbTransferProtocol, supportsResume=false, supportsPause=false
10:38:38.545 [main] INFO  d.m.quorus.protocol.ProtocolFactory - Registered protocol alias: cifs -> smb
10:38:38.545 [main] DEBUG d.m.quorus.protocol.ProtocolFactory - Creating FtpTransferProtocol instance
10:38:38.545 [main] INFO  d.m.quorus.protocol.ProtocolFactory - Registered protocol: ftp
10:38:38.545 [main] DEBUG d.m.quorus.protocol.ProtocolFactory - Protocol details: name=ftp, class=FtpTransferProtocol, supportsResume=false, supportsPause=false
10:38:38.545 [main] INFO  d.m.quorus.protocol.ProtocolFactory - Registered protocol alias: ftps -> ftp
10:38:38.545 [main] DEBUG d.m.quorus.protocol.ProtocolFactory - Creating SftpTransferProtocol instance
10:38:38.545 [main] INFO  d.m.quorus.protocol.ProtocolFactory - Registered protocol: sftp
10:38:38.545 [main] DEBUG d.m.quorus.protocol.ProtocolFactory - Protocol details: name=sftp, class=SftpTransferProtocol, supportsResume=false, supportsPause=false
10:38:38.545 [main] DEBUG d.m.quorus.protocol.ProtocolFactory - Creating NfsTransferProtocol instance
10:38:38.546 [main] DEBUG d.m.q.protocol.NfsTransferProtocol - NfsTransferProtocol initialized with mountRoot=C:\nfs
10:38:38.546 [main] INFO  d.m.quorus.protocol.ProtocolFactory - Registered protocol: nfs
10:38:38.546 [main] DEBUG d.m.quorus.protocol.ProtocolFactory - Protocol details: name=nfs, class=NfsTransferProtocol, supportsResume=false, supportsPause=false
10:38:38.546 [main] INFO  d.m.quorus.protocol.ProtocolFactory - Registered default transfer protocols: count=8, schemes=ftps, ftp, http, smb, sftp, nfs, https, cifs
10:38:38.546 [main] DEBUG d.m.quorus.protocol.ProtocolFactory - getSupportedProtocols: count=8
10:38:38.597 [main] DEBUG d.m.quorus.protocol.ProtocolFactory - Initializing ProtocolFactory
10:38:38.598 [main] DEBUG d.m.quorus.protocol.ProtocolFactory - Registering default transfer protocols
10:38:38.598 [main] DEBUG d.m.quorus.protocol.ProtocolFactory - Creating HttpTransferProtocol instance
10:38:38.598 [main] INFO  d.m.q.protocol.HttpTransferProtocol - HttpTransferProtocol initialized: connectTimeout=30 SECONDS, socketTimeout=60 SECONDS, maxFileSize=10737418240 bytes
10:38:38.598 [main] INFO  d.m.quorus.protocol.ProtocolFactory - Registered protocol: http
10:38:38.598 [main] DEBUG d.m.quorus.protocol.ProtocolFactory - Protocol details: name=http, class=HttpTransferProtocol, supportsResume=false, supportsPause=true
10:38:38.598 [main] INFO  d.m.quorus.protocol.ProtocolFactory - Registered protocol alias: https -> http
10:38:38.598 [main] DEBUG d.m.quorus.protocol.ProtocolFactory - Creating SmbTransferProtocol instance
10:38:38.598 [main] INFO  d.m.quorus.protocol.ProtocolFactory - Registered protocol: smb
10:38:38.598 [main] DEBUG d.m.quorus.protocol.ProtocolFactory - Protocol details: name=smb, class=SmbTransferProtocol, supportsResume=false, supportsPause=false
10:38:38.598 [main] INFO  d.m.quorus.protocol.ProtocolFactory - Registered protocol alias: cifs -> smb
10:38:38.598 [main] DEBUG d.m.quorus.protocol.ProtocolFactory - Creating FtpTransferProtocol instance
10:38:38.598 [main] INFO  d.m.quorus.protocol.ProtocolFactory - Registered protocol: ftp
10:38:38.598 [main] DEBUG d.m.quorus.protocol.ProtocolFactory - Protocol details: name=ftp, class=FtpTransferProtocol, supportsResume=false, supportsPause=false
10:38:38.598 [main] INFO  d.m.quorus.protocol.ProtocolFactory - Registered protocol alias: ftps -> ftp
10:38:38.598 [main] DEBUG d.m.quorus.protocol.ProtocolFactory - Creating SftpTransferProtocol instance
10:38:38.598 [main] INFO  d.m.quorus.protocol.ProtocolFactory - Registered protocol: sftp
10:38:38.599 [main] DEBUG d.m.quorus.protocol.ProtocolFactory - Protocol details: name=sftp, class=SftpTransferProtocol, supportsResume=false, supportsPause=false
10:38:38.599 [main] DEBUG d.m.quorus.protocol.ProtocolFactory - Creating NfsTransferProtocol instance
10:38:38.599 [main] DEBUG d.m.q.protocol.NfsTransferProtocol - NfsTransferProtocol initialized with mountRoot=C:\nfs
10:38:38.599 [main] INFO  d.m.quorus.protocol.ProtocolFactory - Registered protocol: nfs
10:38:38.599 [main] DEBUG d.m.quorus.protocol.ProtocolFactory - Protocol details: name=nfs, class=NfsTransferProtocol, supportsResume=false, supportsPause=false
10:38:38.599 [main] INFO  d.m.quorus.protocol.ProtocolFactory - Registered default transfer protocols: count=8, schemes=ftps, ftp, http, smb, sftp, nfs, https, cifs
10:38:38.599 [main] DEBUG d.m.quorus.protocol.ProtocolFactory - Protocol found: name=sftp, implementation=SftpTransferProtocol
10:38:38.652 [main] DEBUG d.m.quorus.protocol.ProtocolFactory - Initializing ProtocolFactory
10:38:38.652 [main] DEBUG d.m.quorus.protocol.ProtocolFactory - Registering default transfer protocols
10:38:38.652 [main] DEBUG d.m.quorus.protocol.ProtocolFactory - Creating HttpTransferProtocol instance
10:38:38.652 [main] INFO  d.m.q.protocol.HttpTransferProtocol - HttpTransferProtocol initialized: connectTimeout=30 SECONDS, socketTimeout=60 SECONDS, maxFileSize=10737418240 bytes
10:38:38.652 [main] INFO  d.m.quorus.protocol.ProtocolFactory - Registered protocol: http
10:38:38.652 [main] DEBUG d.m.quorus.protocol.ProtocolFactory - Protocol details: name=http, class=HttpTransferProtocol, supportsResume=false, supportsPause=true
10:38:38.652 [main] INFO  d.m.quorus.protocol.ProtocolFactory - Registered protocol alias: https -> http
10:38:38.652 [main] DEBUG d.m.quorus.protocol.ProtocolFactory - Creating SmbTransferProtocol instance
10:38:38.652 [main] INFO  d.m.quorus.protocol.ProtocolFactory - Registered protocol: smb
10:38:38.652 [main] DEBUG d.m.quorus.protocol.ProtocolFactory - Protocol details: name=smb, class=SmbTransferProtocol, supportsResume=false, supportsPause=false
10:38:38.652 [main] INFO  d.m.quorus.protocol.ProtocolFactory - Registered protocol alias: cifs -> smb
10:38:38.652 [main] DEBUG d.m.quorus.protocol.ProtocolFactory - Creating FtpTransferProtocol instance
10:38:38.652 [main] INFO  d.m.quorus.protocol.ProtocolFactory - Registered protocol: ftp
10:38:38.652 [main] DEBUG d.m.quorus.protocol.ProtocolFactory - Protocol details: name=ftp, class=FtpTransferProtocol, supportsResume=false, supportsPause=false
10:38:38.652 [main] INFO  d.m.quorus.protocol.ProtocolFactory - Registered protocol alias: ftps -> ftp
10:38:38.652 [main] DEBUG d.m.quorus.protocol.ProtocolFactory - Creating SftpTransferProtocol instance
10:38:38.652 [main] INFO  d.m.quorus.protocol.ProtocolFactory - Registered protocol: sftp
10:38:38.652 [main] DEBUG d.m.quorus.protocol.ProtocolFactory - Protocol details: name=sftp, class=SftpTransferProtocol, supportsResume=false, supportsPause=false
10:38:38.652 [main] DEBUG d.m.quorus.protocol.ProtocolFactory - Creating NfsTransferProtocol instance
10:38:38.653 [main] DEBUG d.m.q.protocol.NfsTransferProtocol - NfsTransferProtocol initialized with mountRoot=C:\nfs
10:38:38.653 [main] INFO  d.m.quorus.protocol.ProtocolFactory - Registered protocol: nfs
10:38:38.653 [main] DEBUG d.m.quorus.protocol.ProtocolFactory - Protocol details: name=nfs, class=NfsTransferProtocol, supportsResume=false, supportsPause=false
10:38:38.653 [main] INFO  d.m.quorus.protocol.ProtocolFactory - Registered default transfer protocols: count=8, schemes=ftps, ftp, http, smb, sftp, nfs, https, cifs
10:38:38.653 [main] DEBUG d.m.quorus.protocol.ProtocolFactory - Protocol not found: name=
[INFO] Tests run: 16, Failures: 0, Errors: 0, Skipped: 0, Time elapsed: 0.778 s -- in dev.mars.quorus.protocol.ProtocolFactoryTest
[INFO] Running dev.mars.quorus.simulator.agent.InMemoryAgentSimulatorTest
10:38:38.659 [main] INFO  SimulatorTestRunner - 
================================================================================
10:38:38.660 [main] INFO  SimulatorTestRunner - >> SIMULATOR TEST SUITE: InMemoryAgentSimulator
10:38:38.660 [main] INFO  SimulatorTestRunner -   Display Name: InMemoryAgentSimulator Tests
10:38:38.660 [main] INFO  SimulatorTestRunner -   Test Class: InMemoryAgentSimulatorTest
10:38:38.660 [main] INFO  SimulatorTestRunner - ================================================================================
[INFO] Running dev.mars.quorus.simulator.agent.InMemoryAgentSimulatorTest$SecurityEdgeCasesTests
10:38:38.664 [main] INFO  SimulatorTestRunner - 
================================================================================
10:38:38.664 [main] INFO  SimulatorTestRunner - >> SIMULATOR TEST SUITE: SecurityEdgeCasesTests
10:38:38.664 [main] INFO  SimulatorTestRunner -   Display Name: Security Edge Cases
10:38:38.664 [main] INFO  SimulatorTestRunner -   Test Class: SecurityEdgeCasesTests
10:38:38.664 [main] INFO  SimulatorTestRunner - ================================================================================
10:38:38.666 [main] INFO  SimulatorTestRunner -   >> Should handle path traversal in destination
10:38:38.671 [main] INFO  d.m.q.s.a.InMemoryAgentSimulatorTest - Testing path traversal in destination handling
10:38:38.791 [main] INFO  d.m.q.s.a.InMemoryAgentSimulatorTest - Path traversal job handled without crash
10:38:38.791 [main] INFO  SimulatorTestRunner -     [PASS] (126ms)
10:38:38.793 [main] DEBUG SimulatorTestRunner -   |  [TRACE] PASSED in 126ms, mem=+2MB, threads=+0
10:38:38.794 [main] INFO  SimulatorTestRunner -   >> Should handle injection-like metadata values
10:38:38.794 [main] INFO  d.m.q.s.a.InMemoryAgentSimulatorTest - Testing injection-like metadata values
10:38:38.896 [main] INFO  d.m.q.s.a.InMemoryAgentSimulatorTest - Injection-like metadata handled safely
10:38:38.999 [main] INFO  SimulatorTestRunner -     [PASS] (204ms)
10:38:38.999 [main] DEBUG SimulatorTestRunner -   |  [TRACE] PASSED in 204ms, mem=+0MB, threads=+0
10:38:39.000 [main] INFO  SimulatorTestRunner -   >> Should handle very long agent ID
10:38:39.000 [main] INFO  d.m.q.s.a.InMemoryAgentSimulatorTest - Testing very long agent ID (10000 chars)
10:38:39.000 [main] INFO  d.m.q.s.a.InMemoryAgentSimulatorTest - Very long agent ID handled successfully
10:38:39.030 [main] INFO  SimulatorTestRunner -     [PASS] (30ms)
10:38:39.030 [main] DEBUG SimulatorTestRunner -   |  [TRACE] PASSED in 30ms, mem=+3MB, threads=+0
10:38:39.030 [main] INFO  SimulatorTestRunner -   >> Should handle malformed URI
10:38:39.031 [main] INFO  d.m.q.s.a.InMemoryAgentSimulatorTest - Testing malformed URI handling
10:38:39.133 [main] INFO  d.m.q.s.a.InMemoryAgentSimulatorTest - Malformed URI job handled without crash
10:38:39.235 [main] INFO  SimulatorTestRunner -     [PASS] (204ms)
10:38:39.235 [main] DEBUG SimulatorTestRunner -   |  [TRACE] PASSED in 204ms, mem=+0MB, threads=+0
10:38:39.237 [main] INFO  SimulatorTestRunner - << SecurityEdgeCasesTests complete
[INFO] Tests run: 4, Failures: 0, Errors: 0, Skipped: 0, Time elapsed: 0.574 s -- in dev.mars.quorus.simulator.agent.InMemoryAgentSimulatorTest$SecurityEdgeCasesTests
[INFO] Running dev.mars.quorus.simulator.agent.InMemoryAgentSimulatorTest$ConcurrencyTests
10:38:39.238 [main] INFO  SimulatorTestRunner - 
================================================================================
10:38:39.238 [main] INFO  SimulatorTestRunner - >> SIMULATOR TEST SUITE: ConcurrencyTests
10:38:39.238 [main] INFO  SimulatorTestRunner -   Display Name: Concurrency
10:38:39.238 [main] INFO  SimulatorTestRunner -   Test Class: ConcurrencyTests
10:38:39.238 [main] INFO  SimulatorTestRunner - ================================================================================
10:38:39.239 [main] INFO  SimulatorTestRunner -   >> Should handle concurrent start/stop attempts
10:38:39.240 [main] INFO  d.m.q.s.a.InMemoryAgentSimulatorTest - Testing concurrent start/stop with 4 threads racing to change agent state
10:38:39.240 [main] INFO  d.m.q.s.a.InMemoryAgentSimulatorTest - Agent started, initial state: ACTIVE
10:38:39.240 [main] INFO  d.m.q.s.a.InMemoryAgentSimulatorTest - Launching 20 concurrent start/stop operations...
10:38:39.241 [main] INFO  d.m.q.s.a.InMemoryAgentSimulatorTest - Completed - starts: 8, stops: 8, final state: ACTIVE
10:38:39.245 [main] INFO  SimulatorTestRunner -     [PASS] (5ms)
10:38:39.245 [main] DEBUG SimulatorTestRunner -   |  [TRACE] PASSED in 5ms, mem=+1MB, threads=+0
10:38:39.245 [main] INFO  SimulatorTestRunner -   >> Should respect max concurrent job limit
10:38:39.245 [main] INFO  d.m.q.s.a.InMemoryAgentSimulatorTest - Testing max concurrent job limit of 3
10:38:39.246 [main] INFO  d.m.q.s.a.InMemoryAgentSimulatorTest - Agent started with max concurrent: 3
10:38:39.246 [main] INFO  d.m.q.s.a.InMemoryAgentSimulatorTest - Submitting 6 jobs (3 more than max)...
10:38:39.748 [main] INFO  d.m.q.s.a.InMemoryAgentSimulatorTest - Active jobs: 3 (should be <= 3)
10:38:41.261 [main] INFO  SimulatorTestRunner -     [PASS] (2016ms)
10:38:41.261 [main] DEBUG SimulatorTestRunner -   |  [TRACE] PASSED in 2016ms, mem=+0MB, threads=-1
10:38:41.264 [main] INFO  SimulatorTestRunner -   >> Should handle concurrent job assignments
10:38:41.264 [main] INFO  d.m.q.s.a.InMemoryAgentSimulatorTest - Testing concurrent job assignments with 5 threads submitting 10 jobs
10:38:41.264 [main] INFO  d.m.q.s.a.InMemoryAgentSimulatorTest - Agent started with max capacity: 3
10:38:41.264 [main] INFO  d.m.q.s.a.InMemoryAgentSimulatorTest - Submitting 10 jobs concurrently...
10:38:41.266 [main] INFO  d.m.q.s.a.InMemoryAgentSimulatorTest - Jobs submitted: 10, rejected: 0, total received: 3
10:38:41.368 [main] INFO  SimulatorTestRunner -     [PASS] (103ms)
10:38:41.368 [main] DEBUG SimulatorTestRunner -   |  [TRACE] PASSED in 103ms, mem=+1MB, threads=+0
10:38:41.370 [main] INFO  SimulatorTestRunner -   >> Should handle parallel failure mode changes
10:38:41.370 [main] INFO  d.m.q.s.a.InMemoryAgentSimulatorTest - Testing parallel failure mode changes with 3 threads
10:38:41.370 [main] INFO  d.m.q.s.a.InMemoryAgentSimulatorTest - Launching 40 concurrent failure mode changes (NONE vs SLOW_EXECUTION)...
10:38:41.371 [main] INFO  d.m.q.s.a.InMemoryAgentSimulatorTest - Completed - agent state: ACTIVE (should still be functional)
10:38:41.372 [main] INFO  SimulatorTestRunner -     [PASS] (3ms)
10:38:41.372 [main] DEBUG SimulatorTestRunner -   |  [TRACE] PASSED in 3ms, mem=+0MB, threads=+0
10:38:41.372 [main] INFO  SimulatorTestRunner - << ConcurrencyTests complete
[INFO] Tests run: 4, Failures: 0, Errors: 0, Skipped: 0, Time elapsed: 2.134 s -- in dev.mars.quorus.simulator.agent.InMemoryAgentSimulatorTest$ConcurrencyTests
[INFO] Running dev.mars.quorus.simulator.agent.InMemoryAgentSimulatorTest$EdgeCasesTests
10:38:41.374 [main] INFO  SimulatorTestRunner - 
================================================================================
10:38:41.374 [main] INFO  SimulatorTestRunner - >> SIMULATOR TEST SUITE: EdgeCasesTests
10:38:41.374 [main] INFO  SimulatorTestRunner -   Display Name: Edge Cases
10:38:41.374 [main] INFO  SimulatorTestRunner -   Test Class: EdgeCasesTests
10:38:41.374 [main] INFO  SimulatorTestRunner - ================================================================================
10:38:41.375 [main] INFO  SimulatorTestRunner -   >> Should handle very large transfer size
10:38:41.375 [main] INFO  d.m.q.s.a.InMemoryAgentSimulatorTest - Testing very large transfer size (Long.MAX_VALUE)
10:38:41.579 [main] INFO  d.m.q.s.a.InMemoryAgentSimulatorTest - Large transfer bytes tracked: 9223372036854775807
10:38:41.580 [main] INFO  SimulatorTestRunner -     [PASS] (204ms)
10:38:41.580 [main] DEBUG SimulatorTestRunner -   |  [TRACE] PASSED in 204ms, mem=+1MB, threads=+0
10:38:41.581 [main] INFO  SimulatorTestRunner -   >> Should handle special characters in job ID
10:38:41.582 [main] INFO  d.m.q.s.a.InMemoryAgentSimulatorTest - Testing special characters in job ID
10:38:41.785 [main] INFO  d.m.q.s.a.InMemoryAgentSimulatorTest - Special character job ID handled successfully
10:38:41.786 [main] INFO  SimulatorTestRunner -     [PASS] (205ms)
10:38:41.786 [main] DEBUG SimulatorTestRunner -   |  [TRACE] PASSED in 205ms, mem=+0MB, threads=+0
10:38:41.787 [main] INFO  SimulatorTestRunner -   >> Should handle zero byte transfer
10:38:41.788 [main] INFO  d.m.q.s.a.InMemoryAgentSimulatorTest - Testing zero byte transfer
10:38:41.991 [main] INFO  d.m.q.s.a.InMemoryAgentSimulatorTest - Zero byte transfer completed
10:38:41.991 [main] INFO  SimulatorTestRunner -     [PASS] (204ms)
10:38:41.992 [main] DEBUG SimulatorTestRunner -   |  [TRACE] PASSED in 204ms, mem=+0MB, threads=+0
10:38:41.992 [main] INFO  SimulatorTestRunner -   >> Should handle job with empty source URI
10:38:41.992 [main] INFO  d.m.q.s.a.InMemoryAgentSimulatorTest - Testing job with empty source URI
10:38:42.096 [main] INFO  d.m.q.s.a.InMemoryAgentSimulatorTest - Empty source URI job received: 1
10:38:42.196 [main] INFO  SimulatorTestRunner -     [PASS] (204ms)
10:38:42.196 [main] DEBUG SimulatorTestRunner -   |  [TRACE] PASSED in 204ms, mem=+0MB, threads=+0
10:38:42.197 [main] INFO  SimulatorTestRunner -   >> Should handle negative job execution delay
10:38:42.198 [main] INFO  d.m.q.s.a.InMemoryAgentSimulatorTest - Testing negative job execution delay handling
10:38:42.198 [main] INFO  d.m.q.s.a.InMemoryAgentSimulatorTest - Negative execution delay handled successfully
10:38:42.198 [main] INFO  SimulatorTestRunner -     [PASS] (0ms)
10:38:42.198 [main] DEBUG SimulatorTestRunner -   |  [TRACE] PASSED in 0ms, mem=+0MB, threads=+0
10:38:42.199 [main] INFO  SimulatorTestRunner -   >> Should handle empty agent ID
10:38:42.200 [main] INFO  d.m.q.s.a.InMemoryAgentSimulatorTest - Testing empty agent ID handling
10:38:42.200 [main] INFO  d.m.q.s.a.InMemoryAgentSimulatorTest - Empty agent ID handled successfully
10:38:42.200 [main] INFO  SimulatorTestRunner -     [PASS] (1ms)
10:38:42.200 [main] DEBUG SimulatorTestRunner -   |  [TRACE] PASSED in 1ms, mem=+0MB, threads=+0
10:38:42.200 [main] INFO  SimulatorTestRunner -   >> Should handle rapid state transitions
10:38:42.201 [main] INFO  d.m.q.s.a.InMemoryAgentSimulatorTest - Testing rapid state transitions
10:38:42.203 [main] INFO  d.m.q.s.a.InMemoryAgentSimulatorTest - Final state after rapid transitions: STOPPED
10:38:42.203 [main] INFO  SimulatorTestRunner -     [PASS] (2ms)
10:38:42.204 [main] DEBUG SimulatorTestRunner -   |  [TRACE] PASSED in 2ms, mem=+0MB, threads=+0
10:38:42.204 [main] INFO  SimulatorTestRunner -   >> Should handle duplicate job IDs
10:38:42.204 [main] INFO  d.m.q.s.a.InMemoryAgentSimulatorTest - Testing duplicate job IDs handling
10:38:42.306 [main] INFO  d.m.q.s.a.InMemoryAgentSimulatorTest - Duplicate job IDs received: 2
10:38:42.407 [main] INFO  SimulatorTestRunner -     [PASS] (203ms)
10:38:42.407 [main] DEBUG SimulatorTestRunner -   |  [TRACE] PASSED in 203ms, mem=+0MB, threads=+0
10:38:42.408 [main] INFO  SimulatorTestRunner -   >> Should handle null hostname gracefully
10:38:42.409 [main] INFO  d.m.q.s.a.InMemoryAgentSimulatorTest - Testing null hostname handling
10:38:42.409 [main] INFO  d.m.q.s.a.InMemoryAgentSimulatorTest - Null hostname handled successfully
10:38:42.409 [main] INFO  SimulatorTestRunner -     [PASS] (1ms)
10:38:42.409 [main] DEBUG SimulatorTestRunner -   |  [TRACE] PASSED in 1ms, mem=+0MB, threads=+0
10:38:42.410 [main] INFO  SimulatorTestRunner -   >> Should handle job with null metadata
10:38:42.410 [main] INFO  d.m.q.s.a.InMemoryAgentSimulatorTest - Testing job with null metadata
10:38:42.513 [main] INFO  d.m.q.s.a.InMemoryAgentSimulatorTest - Null metadata job received: 1
10:38:42.615 [main] INFO  SimulatorTestRunner -     [PASS] (204ms)
10:38:42.616 [main] DEBUG SimulatorTestRunner -   |  [TRACE] PASSED in 204ms, mem=+0MB, threads=+0
10:38:42.617 [main] INFO  SimulatorTestRunner -   >> Should handle empty capabilities
10:38:42.617 [main] INFO  d.m.q.s.a.InMemoryAgentSimulatorTest - Testing empty capabilities handling
10:38:42.617 [main] INFO  d.m.q.s.a.InMemoryAgentSimulatorTest - Agent with empty capabilities state: ACTIVE
10:38:42.618 [main] INFO  SimulatorTestRunner -     [PASS] (0ms)
10:38:42.618 [main] DEBUG SimulatorTestRunner -   |  [TRACE] PASSED in 0ms, mem=+0MB, threads=+0
10:38:42.619 [main] INFO  SimulatorTestRunner -   >> Should handle zero max concurrent transfers
10:38:42.620 [main] INFO  d.m.q.s.a.InMemoryAgentSimulatorTest - Testing zero max concurrent transfers
10:38:42.620 [main] INFO  d.m.q.s.a.InMemoryAgentSimulatorTest - Agent with zero max concurrent state: ACTIVE
10:38:42.621 [main] INFO  SimulatorTestRunner -     [PASS] (0ms)
10:38:42.621 [main] DEBUG SimulatorTestRunner -   |  [TRACE] PASSED in 0ms, mem=+0MB, threads=+0
10:38:42.621 [main] INFO  SimulatorTestRunner - << EdgeCasesTests complete
[INFO] Tests run: 12, Failures: 0, Errors: 0, Skipped: 0, Time elapsed: 1.247 s -- in dev.mars.quorus.simulator.agent.InMemoryAgentSimulatorTest$EdgeCasesTests
[INFO] Running dev.mars.quorus.simulator.agent.InMemoryAgentSimulatorTest$CapabilitiesTests
10:38:42.621 [main] INFO  SimulatorTestRunner - 
================================================================================
10:38:42.621 [main] INFO  SimulatorTestRunner - >> SIMULATOR TEST SUITE: CapabilitiesTests
10:38:42.621 [main] INFO  SimulatorTestRunner -   Display Name: Agent Capabilities
10:38:42.621 [main] INFO  SimulatorTestRunner -   Test Class: CapabilitiesTests
10:38:42.621 [main] INFO  SimulatorTestRunner - ================================================================================
10:38:42.624 [main] INFO  SimulatorTestRunner -   >> Should build capabilities with max concurrent transfers
10:38:42.624 [main] INFO  d.m.q.s.a.InMemoryAgentSimulatorTest - Testing capabilities with max concurrent transfers
10:38:42.624 [main] INFO  d.m.q.s.a.InMemoryAgentSimulatorTest - Max concurrent transfers: 10
10:38:42.624 [main] INFO  SimulatorTestRunner -     [PASS] (0ms)
10:38:42.624 [main] DEBUG SimulatorTestRunner -   |  [TRACE] PASSED in 0ms, mem=+0MB, threads=+0
10:38:42.625 [main] INFO  SimulatorTestRunner -   >> Should build capabilities with supported protocols
10:38:42.626 [main] INFO  d.m.q.s.a.InMemoryAgentSimulatorTest - Testing capabilities with supported protocols
10:38:42.626 [main] INFO  d.m.q.s.a.InMemoryAgentSimulatorTest - Supported protocols: [smb, http, sftp]
10:38:42.631 [main] INFO  SimulatorTestRunner -     [PASS] (5ms)
10:38:42.631 [main] DEBUG SimulatorTestRunner -   |  [TRACE] PASSED in 5ms, mem=+1MB, threads=+0
10:38:42.631 [main] INFO  SimulatorTestRunner -   >> Should build capabilities with max transfer size
10:38:42.631 [main] INFO  d.m.q.s.a.InMemoryAgentSimulatorTest - Testing capabilities with max transfer size
10:38:42.631 [main] INFO  d.m.q.s.a.InMemoryAgentSimulatorTest - Max transfer size: 5000000000 bytes
10:38:42.631 [main] INFO  SimulatorTestRunner -     [PASS] (0ms)
10:38:42.631 [main] DEBUG SimulatorTestRunner -   |  [TRACE] PASSED in 0ms, mem=+0MB, threads=+0
10:38:42.632 [main] INFO  SimulatorTestRunner - << CapabilitiesTests complete
[INFO] Tests run: 3, Failures: 0, Errors: 0, Skipped: 0, Time elapsed: 0.011 s -- in dev.mars.quorus.simulator.agent.InMemoryAgentSimulatorTest$CapabilitiesTests
[INFO] Running dev.mars.quorus.simulator.agent.InMemoryAgentSimulatorTest$StatisticsTests
10:38:42.632 [main] INFO  SimulatorTestRunner - 
================================================================================
10:38:42.632 [main] INFO  SimulatorTestRunner - >> SIMULATOR TEST SUITE: StatisticsTests
10:38:42.632 [main] INFO  SimulatorTestRunner -   Display Name: Statistics
10:38:42.632 [main] INFO  SimulatorTestRunner -   Test Class: StatisticsTests
10:38:42.632 [main] INFO  SimulatorTestRunner - ================================================================================
10:38:42.633 [main] INFO  SimulatorTestRunner -   >> Should reset statistics
10:38:42.633 [main] INFO  d.m.q.s.a.InMemoryAgentSimulatorTest - Testing statistics reset
10:38:42.834 [main] INFO  d.m.q.s.a.InMemoryAgentSimulatorTest - After reset: received=0, completed=0, bytes=0
10:38:42.839 [main] INFO  SimulatorTestRunner -     [PASS] (205ms)
10:38:42.839 [main] DEBUG SimulatorTestRunner -   |  [TRACE] PASSED in 205ms, mem=+0MB, threads=+0
10:38:42.840 [main] INFO  SimulatorTestRunner -   >> Should track total bytes transferred
10:38:42.840 [main] INFO  d.m.q.s.a.InMemoryAgentSimulatorTest - Testing total bytes transferred tracking
10:38:43.045 [main] INFO  d.m.q.s.a.InMemoryAgentSimulatorTest - Total bytes transferred: 5000
10:38:43.046 [main] INFO  SimulatorTestRunner -     [PASS] (206ms)
10:38:43.046 [main] DEBUG SimulatorTestRunner -   |  [TRACE] PASSED in 206ms, mem=+0MB, threads=+0
10:38:43.046 [main] INFO  SimulatorTestRunner -   >> Should track total jobs completed
10:38:43.047 [main] INFO  d.m.q.s.a.InMemoryAgentSimulatorTest - Testing total jobs completed tracking
10:38:43.250 [main] INFO  d.m.q.s.a.InMemoryAgentSimulatorTest - Total jobs completed: 1
10:38:43.251 [main] INFO  SimulatorTestRunner -     [PASS] (205ms)
10:38:43.252 [main] DEBUG SimulatorTestRunner -   |  [TRACE] PASSED in 205ms, mem=+0MB, threads=+0
10:38:43.253 [main] INFO  SimulatorTestRunner -   >> Should track total jobs received
10:38:43.253 [main] INFO  d.m.q.s.a.InMemoryAgentSimulatorTest - Testing total jobs received tracking
10:38:43.253 [main] INFO  d.m.q.s.a.InMemoryAgentSimulatorTest - Total jobs received: 2
10:38:43.454 [main] INFO  SimulatorTestRunner -     [PASS] (202ms)
10:38:43.454 [main] DEBUG SimulatorTestRunner -   |  [TRACE] PASSED in 202ms, mem=+1MB, threads=+0
10:38:43.455 [main] INFO  SimulatorTestRunner - << StatisticsTests complete
[INFO] Tests run: 4, Failures: 0, Errors: 0, Skipped: 0, Time elapsed: 0.823 s -- in dev.mars.quorus.simulator.agent.InMemoryAgentSimulatorTest$StatisticsTests
[INFO] Running dev.mars.quorus.simulator.agent.InMemoryAgentSimulatorTest$ChaosEngineeringTests
10:38:43.456 [main] INFO  SimulatorTestRunner - 
================================================================================
10:38:43.457 [main] INFO  SimulatorTestRunner - >> SIMULATOR TEST SUITE: ChaosEngineeringTests
10:38:43.457 [main] INFO  SimulatorTestRunner -   Display Name: Chaos Engineering
10:38:43.457 [main] INFO  SimulatorTestRunner -   Test Class: ChaosEngineeringTests
10:38:43.457 [main] INFO  SimulatorTestRunner - ================================================================================
10:38:43.457 [main] INFO  SimulatorTestRunner -   >> Should reject jobs in rejection mode
10:38:43.458 [main] INFO  d.m.q.s.a.InMemoryAgentSimulatorTest - Testing JOB_REJECTION chaos mode
10:38:43.562 [main] INFO  d.m.q.s.a.InMemoryAgentSimulatorTest - Job rejected as expected in JOB_REJECTION mode
10:38:43.562 [main] INFO  SimulatorTestRunner -     [PASS] (104ms)
10:38:43.563 [main] DEBUG SimulatorTestRunner -   |  [TRACE] PASSED in 104ms, mem=+0MB, threads=+0
10:38:43.563 [main] INFO  SimulatorTestRunner -   >> Should stop heartbeats in timeout mode
10:38:43.564 [main] INFO  d.m.q.s.a.InMemoryAgentSimulatorTest - Testing HEARTBEAT_TIMEOUT chaos mode
10:38:44.065 [main] INFO  d.m.q.s.a.InMemoryAgentSimulatorTest - Heartbeats: initial=0, final=0, delta=0
10:38:44.065 [main] INFO  SimulatorTestRunner -     [PASS] (502ms)
10:38:44.065 [main] DEBUG SimulatorTestRunner -   |  [TRACE] PASSED in 502ms, mem=+0MB, threads=+0
10:38:44.069 [main] INFO  SimulatorTestRunner -   >> [1] NONE
10:38:44.069 [main] INFO  d.m.q.s.a.InMemoryAgentSimulatorTest - Testing failure mode: NONE
10:38:44.071 [main] INFO  SimulatorTestRunner -     [PASS] (1ms)
10:38:44.071 [main] DEBUG SimulatorTestRunner -   |  [TRACE] PASSED in 1ms, mem=+0MB, threads=+0
10:38:44.071 [main] INFO  SimulatorTestRunner -   >> [2] REGISTRATION_FAILURE
10:38:44.071 [main] INFO  d.m.q.s.a.InMemoryAgentSimulatorTest - Testing failure mode: REGISTRATION_FAILURE
10:38:44.071 [main] INFO  SimulatorTestRunner -     [PASS] (0ms)
10:38:44.071 [main] DEBUG SimulatorTestRunner -   |  [TRACE] PASSED in 0ms, mem=+0MB, threads=+0
10:38:44.071 [main] INFO  SimulatorTestRunner -   >> [3] HEARTBEAT_TIMEOUT
10:38:44.073 [main] INFO  d.m.q.s.a.InMemoryAgentSimulatorTest - Testing failure mode: HEARTBEAT_TIMEOUT
10:38:44.073 [main] INFO  SimulatorTestRunner -     [PASS] (2ms)
10:38:44.073 [main] DEBUG SimulatorTestRunner -   |  [TRACE] PASSED in 2ms, mem=+0MB, threads=+0
10:38:44.073 [main] INFO  SimulatorTestRunner -   >> [4] JOB_REJECTION
10:38:44.073 [main] INFO  d.m.q.s.a.InMemoryAgentSimulatorTest - Testing failure mode: JOB_REJECTION
10:38:44.074 [main] INFO  SimulatorTestRunner -     [PASS] (1ms)
10:38:44.074 [main] DEBUG SimulatorTestRunner -   |  [TRACE] PASSED in 1ms, mem=+0MB, threads=+0
10:38:44.074 [main] INFO  SimulatorTestRunner -   >> [5] JOB_FAILURE
10:38:44.075 [main] INFO  d.m.q.s.a.InMemoryAgentSimulatorTest - Testing failure mode: JOB_FAILURE
10:38:44.075 [main] INFO  SimulatorTestRunner -     [PASS] (0ms)
10:38:44.075 [main] DEBUG SimulatorTestRunner -   |  [TRACE] PASSED in 0ms, mem=+0MB, threads=+0
10:38:44.075 [main] INFO  SimulatorTestRunner -   >> [6] SLOW_EXECUTION
10:38:44.075 [main] INFO  d.m.q.s.a.InMemoryAgentSimulatorTest - Testing failure mode: SLOW_EXECUTION
10:38:44.075 [main] INFO  SimulatorTestRunner -     [PASS] (0ms)
10:38:44.075 [main] DEBUG SimulatorTestRunner -   |  [TRACE] PASSED in 0ms, mem=+0MB, threads=+0
10:38:44.076 [main] INFO  SimulatorTestRunner -   >> [7] CRASH_DURING_JOB
10:38:44.076 [main] INFO  d.m.q.s.a.InMemoryAgentSimulatorTest - Testing failure mode: CRASH_DURING_JOB
10:38:44.076 [main] INFO  SimulatorTestRunner -     [PASS] (0ms)
10:38:44.076 [main] DEBUG SimulatorTestRunner -   |  [TRACE] PASSED in 0ms, mem=+0MB, threads=+0
10:38:44.077 [main] INFO  SimulatorTestRunner -   >> [8] MEMORY_EXHAUSTED
10:38:44.077 [main] INFO  d.m.q.s.a.InMemoryAgentSimulatorTest - Testing failure mode: MEMORY_EXHAUSTED
10:38:44.077 [main] INFO  SimulatorTestRunner -     [PASS] (0ms)
10:38:44.077 [main] DEBUG SimulatorTestRunner -   |  [TRACE] PASSED in 0ms, mem=+0MB, threads=+0
10:38:44.077 [main] INFO  SimulatorTestRunner -   >> [9] NETWORK_PARTITION
10:38:44.077 [main] INFO  d.m.q.s.a.InMemoryAgentSimulatorTest - Testing failure mode: NETWORK_PARTITION
10:38:44.078 [main] INFO  SimulatorTestRunner -     [PASS] (0ms)
10:38:44.078 [main] DEBUG SimulatorTestRunner -   |  [TRACE] PASSED in 0ms, mem=+0MB, threads=+0
10:38:44.078 [main] INFO  SimulatorTestRunner -   >> Should fail jobs randomly
10:38:44.078 [main] INFO  d.m.q.s.a.InMemoryAgentSimulatorTest - Testing random job failure with 100% failure rate
10:38:44.280 [main] INFO  d.m.q.s.a.InMemoryAgentSimulatorTest - Random job failure triggered as expected
10:38:44.281 [main] INFO  SimulatorTestRunner -     [PASS] (202ms)
10:38:44.281 [main] DEBUG SimulatorTestRunner -   |  [TRACE] PASSED in 202ms, mem=+0MB, threads=+0
10:38:44.282 [main] INFO  SimulatorTestRunner -   >> Should simulate network partition
10:38:44.282 [main] INFO  d.m.q.s.a.InMemoryAgentSimulatorTest - Testing NETWORK_PARTITION chaos mode
10:38:44.282 [main] INFO  d.m.q.s.a.InMemoryAgentSimulatorTest - Agent state after partition: PARTITIONED
10:38:44.283 [main] INFO  SimulatorTestRunner -     [PASS] (1ms)
10:38:44.283 [main] DEBUG SimulatorTestRunner -   |  [TRACE] PASSED in 1ms, mem=+1MB, threads=+0
10:38:44.283 [main] INFO  SimulatorTestRunner -   >> Should execute slowly in slow mode
10:38:44.284 [main] INFO  d.m.q.s.a.InMemoryAgentSimulatorTest - Testing SLOW_EXECUTION chaos mode (10x slower)
10:38:45.296 [main] INFO  d.m.q.s.a.InMemoryAgentSimulatorTest - Slow execution completed in 1012ms (expected >1000ms)
10:38:45.297 [main] INFO  SimulatorTestRunner -     [PASS] (1013ms)
10:38:45.297 [main] DEBUG SimulatorTestRunner -   |  [TRACE] PASSED in 1013ms, mem=+0MB, threads=+0
10:38:45.297 [main] INFO  SimulatorTestRunner -   >> Should fail all jobs in failure mode
10:38:45.298 [main] INFO  d.m.q.s.a.InMemoryAgentSimulatorTest - Testing JOB_FAILURE chaos mode
10:38:45.502 [main] INFO  d.m.q.s.a.InMemoryAgentSimulatorTest - Job status: FAILED
10:38:45.503 [main] INFO  SimulatorTestRunner -     [PASS] (206ms)
10:38:45.503 [main] DEBUG SimulatorTestRunner -   |  [TRACE] PASSED in 206ms, mem=+0MB, threads=+0
10:38:45.503 [main] INFO  SimulatorTestRunner -   >> Should fail registration
10:38:45.504 [main] INFO  d.m.q.s.a.InMemoryAgentSimulatorTest - Testing REGISTRATION_FAILURE chaos mode
10:38:45.505 [main] INFO  d.m.q.s.a.InMemoryAgentSimulatorTest - Registration failed as expected
10:38:45.505 [main] INFO  SimulatorTestRunner -     [PASS] (2ms)
10:38:45.505 [main] DEBUG SimulatorTestRunner -   |  [TRACE] PASSED in 2ms, mem=+0MB, threads=+0
10:38:45.505 [main] INFO  SimulatorTestRunner -   >> Should reset chaos settings
10:38:45.505 [main] INFO  d.m.q.s.a.InMemoryAgentSimulatorTest - Testing chaos settings reset
10:38:45.708 [main] INFO  d.m.q.s.a.InMemoryAgentSimulatorTest - Job completed successfully after chaos reset
10:38:45.709 [main] INFO  SimulatorTestRunner -     [PASS] (203ms)
10:38:45.709 [main] DEBUG SimulatorTestRunner -   |  [TRACE] PASSED in 203ms, mem=+0MB, threads=+0
10:38:45.709 [main] INFO  SimulatorTestRunner - << ChaosEngineeringTests complete
[INFO] Tests run: 17, Failures: 0, Errors: 0, Skipped: 0, Time elapsed: 2.254 s -- in dev.mars.quorus.simulator.agent.InMemoryAgentSimulatorTest$ChaosEngineeringTests
[INFO] Running dev.mars.quorus.simulator.agent.InMemoryAgentSimulatorTest$EventCallbackTests
10:38:45.711 [main] INFO  SimulatorTestRunner - 
================================================================================
10:38:45.711 [main] INFO  SimulatorTestRunner - >> SIMULATOR TEST SUITE: EventCallbackTests
10:38:45.711 [main] INFO  SimulatorTestRunner -   Display Name: Event Callbacks
10:38:45.711 [main] INFO  SimulatorTestRunner -   Test Class: EventCallbackTests
10:38:45.711 [main] INFO  SimulatorTestRunner - ================================================================================
10:38:45.712 [main] INFO  SimulatorTestRunner -   >> Should fire crash event
10:38:45.712 [main] INFO  d.m.q.s.a.InMemoryAgentSimulatorTest - Testing crash event firing
10:38:45.712 [main] INFO  d.m.q.s.a.InMemoryAgentSimulatorTest - Crash event fired: true
10:38:45.713 [main] INFO  SimulatorTestRunner -     [PASS] (1ms)
10:38:45.714 [main] DEBUG SimulatorTestRunner -   |  [TRACE] PASSED in 1ms, mem=+0MB, threads=+0
10:38:45.714 [main] INFO  SimulatorTestRunner -   >> Should fire job events
10:38:45.714 [main] INFO  d.m.q.s.a.InMemoryAgentSimulatorTest - Testing job lifecycle event firing
10:38:45.917 [main] INFO  d.m.q.s.a.InMemoryAgentSimulatorTest - Job events fired: [JOB_ACCEPTED, JOB_STARTED, JOB_COMPLETED]
10:38:45.918 [main] INFO  SimulatorTestRunner -     [PASS] (204ms)
10:38:45.919 [main] DEBUG SimulatorTestRunner -   |  [TRACE] PASSED in 204ms, mem=+1MB, threads=+0
10:38:45.919 [main] INFO  SimulatorTestRunner -   >> Should fire state change events
10:38:45.920 [main] INFO  d.m.q.s.a.InMemoryAgentSimulatorTest - Testing state change event firing
10:38:46.024 [main] INFO  d.m.q.s.a.InMemoryAgentSimulatorTest - Events fired: [STATE_CHANGED, STATE_CHANGED]
10:38:46.026 [main] INFO  SimulatorTestRunner -     [PASS] (106ms)
10:38:46.026 [main] DEBUG SimulatorTestRunner -   |  [TRACE] PASSED in 106ms, mem=+0MB, threads=+0
10:38:46.026 [main] INFO  SimulatorTestRunner - << EventCallbackTests complete
[INFO] Tests run: 3, Failures: 0, Errors: 0, Skipped: 0, Time elapsed: 0.315 s -- in dev.mars.quorus.simulator.agent.InMemoryAgentSimulatorTest$EventCallbackTests
[INFO] Running dev.mars.quorus.simulator.agent.InMemoryAgentSimulatorTest$HeartbeatTests
10:38:46.026 [main] INFO  SimulatorTestRunner - 
================================================================================
10:38:46.026 [main] INFO  SimulatorTestRunner - >> SIMULATOR TEST SUITE: HeartbeatTests
10:38:46.026 [main] INFO  SimulatorTestRunner -   Display Name: Heartbeat
10:38:46.028 [main] INFO  SimulatorTestRunner -   Test Class: HeartbeatTests
10:38:46.028 [main] INFO  SimulatorTestRunner - ================================================================================
10:38:46.028 [main] INFO  SimulatorTestRunner -   >> Should send heartbeats
10:38:46.028 [main] INFO  d.m.q.s.a.InMemoryAgentSimulatorTest - Testing heartbeat sending with 100ms interval
10:38:46.332 [main] INFO  d.m.q.s.a.InMemoryAgentSimulatorTest - Heartbeats received: 3, last: 2026-09-27T09:38:46.329288500Z
10:38:46.333 [main] INFO  SimulatorTestRunner -     [PASS] (305ms)
10:38:46.333 [main] DEBUG SimulatorTestRunner -   |  [TRACE] PASSED in 305ms, mem=+0MB, threads=+0
10:38:46.334 [main] INFO  SimulatorTestRunner -   >> Should include status in heartbeat
10:38:46.335 [main] INFO  d.m.q.s.a.InMemoryAgentSimulatorTest - Testing heartbeat content
10:38:46.437 [main] INFO  d.m.q.s.a.InMemoryAgentSimulatorTest - Heartbeat content: agentId=test-agent, state=ACTIVE
10:38:46.438 [main] INFO  SimulatorTestRunner -     [PASS] (103ms)
10:38:46.438 [main] DEBUG SimulatorTestRunner -   |  [TRACE] PASSED in 103ms, mem=+1MB, threads=+0
10:38:46.440 [main] INFO  SimulatorTestRunner - << HeartbeatTests complete
[INFO] Tests run: 2, Failures: 0, Errors: 0, Skipped: 0, Time elapsed: 0.414 s -- in dev.mars.quorus.simulator.agent.InMemoryAgentSimulatorTest$HeartbeatTests
[INFO] Running dev.mars.quorus.simulator.agent.InMemoryAgentSimulatorTest$JobExecutionTests
10:38:46.440 [main] INFO  SimulatorTestRunner - 
================================================================================
10:38:46.440 [main] INFO  SimulatorTestRunner - >> SIMULATOR TEST SUITE: JobExecutionTests
10:38:46.440 [main] INFO  SimulatorTestRunner -   Display Name: Job Execution
10:38:46.440 [main] INFO  SimulatorTestRunner -   Test Class: JobExecutionTests
10:38:46.440 [main] INFO  SimulatorTestRunner - ================================================================================
10:38:46.441 [main] INFO  SimulatorTestRunner -   >> Should track active jobs
10:38:46.441 [main] INFO  d.m.q.s.a.InMemoryAgentSimulatorTest - Testing active job tracking
10:38:46.542 [main] INFO  d.m.q.s.a.InMemoryAgentSimulatorTest - Active jobs: count=1, ids=[job-1]
10:38:48.457 [main] INFO  SimulatorTestRunner -     [PASS] (2016ms)
10:38:48.457 [main] DEBUG SimulatorTestRunner -   |  [TRACE] PASSED in 2016ms, mem=+0MB, threads=+0
10:38:48.458 [main] INFO  SimulatorTestRunner -   >> Should reject job when at capacity
10:38:48.458 [main] INFO  d.m.q.s.a.InMemoryAgentSimulatorTest - Testing job rejection at capacity
10:38:48.561 [main] INFO  d.m.q.s.a.InMemoryAgentSimulatorTest - Capacity filled with 3 jobs, attempting 4th job
10:38:48.664 [main] INFO  d.m.q.s.a.InMemoryAgentSimulatorTest - Job rejection event received
10:38:53.490 [main] INFO  SimulatorTestRunner -     [PASS] (5031ms)
10:38:53.490 [main] DEBUG SimulatorTestRunner -   |  [TRACE] PASSED in 5031ms, mem=+0MB, threads=+0
10:38:53.491 [main] INFO  SimulatorTestRunner -   >> Should accept and execute job
10:38:53.491 [main] INFO  d.m.q.s.a.InMemoryAgentSimulatorTest - Testing job execution
10:38:53.697 [main] INFO  d.m.q.s.a.InMemoryAgentSimulatorTest - Job completed: COMPLETED
10:38:53.698 [main] INFO  SimulatorTestRunner -     [PASS] (206ms)
10:38:53.698 [main] DEBUG SimulatorTestRunner -   |  [TRACE] PASSED in 206ms, mem=+1MB, threads=+0
10:38:53.699 [main] INFO  SimulatorTestRunner -   >> Should filter jobs
10:38:53.700 [main] INFO  d.m.q.s.a.InMemoryAgentSimulatorTest - Testing job acceptance filter (SFTP only)
10:38:53.701 [main] INFO  d.m.q.s.a.InMemoryAgentSimulatorTest - Assigning HTTP job (should be filtered)
10:38:53.804 [main] INFO  d.m.q.s.a.InMemoryAgentSimulatorTest - HTTP job rejected by filter
10:38:53.804 [main] INFO  SimulatorTestRunner -     [PASS] (106ms)
10:38:53.805 [main] DEBUG SimulatorTestRunner -   |  [TRACE] PASSED in 106ms, mem=+0MB, threads=+0
10:38:53.805 [main] INFO  SimulatorTestRunner - << JobExecutionTests complete
[INFO] Tests run: 4, Failures: 0, Errors: 0, Skipped: 0, Time elapsed: 7.365 s -- in dev.mars.quorus.simulator.agent.InMemoryAgentSimulatorTest$JobExecutionTests
[INFO] Running dev.mars.quorus.simulator.agent.InMemoryAgentSimulatorTest$BuilderTests
10:38:53.806 [main] INFO  SimulatorTestRunner - 
================================================================================
10:38:53.806 [main] INFO  SimulatorTestRunner - >> SIMULATOR TEST SUITE: BuilderTests
10:38:53.806 [main] INFO  SimulatorTestRunner -   Display Name: Builder Methods
10:38:53.806 [main] INFO  SimulatorTestRunner -   Test Class: BuilderTests
10:38:53.806 [main] INFO  SimulatorTestRunner - ================================================================================
10:38:53.808 [main] INFO  SimulatorTestRunner -   >> Should set hostname
10:38:53.809 [main] INFO  d.m.q.s.a.InMemoryAgentSimulatorTest - Testing hostname builder method
10:38:53.809 [main] INFO  d.m.q.s.a.InMemoryAgentSimulatorTest - Custom agent created with hostname: custom-host
10:38:53.809 [main] INFO  SimulatorTestRunner -     [PASS] (1ms)
10:38:53.809 [main] DEBUG SimulatorTestRunner -   |  [TRACE] PASSED in 1ms, mem=+0MB, threads=+0
10:38:53.809 [main] INFO  SimulatorTestRunner -   >> Should add tags
10:38:53.810 [main] INFO  d.m.q.s.a.InMemoryAgentSimulatorTest - Testing tag builder methods
10:38:53.810 [main] INFO  d.m.q.s.a.InMemoryAgentSimulatorTest - Agent tags: {tier=gold, env=test}
10:38:53.810 [main] INFO  SimulatorTestRunner -     [PASS] (1ms)
10:38:53.810 [main] DEBUG SimulatorTestRunner -   |  [TRACE] PASSED in 1ms, mem=+1MB, threads=+0
10:38:53.811 [main] INFO  SimulatorTestRunner -   >> Should set region
10:38:53.811 [main] INFO  d.m.q.s.a.InMemoryAgentSimulatorTest - Testing region builder method
10:38:53.812 [main] INFO  d.m.q.s.a.InMemoryAgentSimulatorTest - Agent region: us-east-1
10:38:53.813 [main] INFO  SimulatorTestRunner -     [PASS] (1ms)
10:38:53.813 [main] DEBUG SimulatorTestRunner -   |  [TRACE] PASSED in 1ms, mem=+0MB, threads=+0
10:38:53.813 [main] INFO  SimulatorTestRunner -   >> Should set datacenter
10:38:53.813 [main] INFO  d.m.q.s.a.InMemoryAgentSimulatorTest - Testing datacenter builder method
10:38:53.813 [main] INFO  d.m.q.s.a.InMemoryAgentSimulatorTest - Agent datacenter: dc-1
10:38:53.814 [main] INFO  SimulatorTestRunner -     [PASS] (1ms)
10:38:53.814 [main] DEBUG SimulatorTestRunner -   |  [TRACE] PASSED in 1ms, mem=+0MB, threads=+0
10:38:53.814 [main] INFO  SimulatorTestRunner -   >> Should set capabilities
10:38:53.814 [main] INFO  d.m.q.s.a.InMemoryAgentSimulatorTest - Testing capabilities builder method
10:38:53.814 [main] INFO  d.m.q.s.a.InMemoryAgentSimulatorTest - Agent capabilities: maxConcurrent=3, protocols=[http, sftp]
10:38:53.815 [main] INFO  SimulatorTestRunner -     [PASS] (1ms)
10:38:53.815 [main] DEBUG SimulatorTestRunner -   |  [TRACE] PASSED in 1ms, mem=+0MB, threads=+0
10:38:53.815 [main] INFO  SimulatorTestRunner - << BuilderTests complete
[INFO] Tests run: 5, Failures: 0, Errors: 0, Skipped: 0, Time elapsed: 0.009 s -- in dev.mars.quorus.simulator.agent.InMemoryAgentSimulatorTest$BuilderTests
[INFO] Running dev.mars.quorus.simulator.agent.InMemoryAgentSimulatorTest$LifecycleTests
10:38:53.816 [main] INFO  SimulatorTestRunner - 
================================================================================
10:38:53.816 [main] INFO  SimulatorTestRunner - >> SIMULATOR TEST SUITE: LifecycleTests
10:38:53.816 [main] INFO  SimulatorTestRunner -   Display Name: Lifecycle
10:38:53.816 [main] INFO  SimulatorTestRunner -   Test Class: LifecycleTests
10:38:53.816 [main] INFO  SimulatorTestRunner - ================================================================================
10:38:53.816 [main] INFO  SimulatorTestRunner -   >> Should stop agent gracefully
10:38:53.816 [main] INFO  d.m.q.s.a.InMemoryAgentSimulatorTest - Testing graceful agent stop
10:38:53.817 [main] INFO  d.m.q.s.a.InMemoryAgentSimulatorTest - Agent state: STOPPED, registered: false
10:38:53.817 [main] INFO  SimulatorTestRunner -     [PASS] (0ms)
10:38:53.817 [main] DEBUG SimulatorTestRunner -   |  [TRACE] PASSED in 0ms, mem=+0MB, threads=+0
10:38:53.818 [main] INFO  SimulatorTestRunner -   >> Should not recover if not crashed
10:38:53.818 [main] INFO  d.m.q.s.a.InMemoryAgentSimulatorTest - Testing recovery rejection when not crashed
10:38:53.819 [main] INFO  d.m.q.s.a.InMemoryAgentSimulatorTest - Recovery correctly rejected when not crashed
10:38:53.820 [main] INFO  SimulatorTestRunner -     [PASS] (0ms)
10:38:53.820 [main] DEBUG SimulatorTestRunner -   |  [TRACE] PASSED in 0ms, mem=+1MB, threads=+0
10:38:53.820 [main] INFO  SimulatorTestRunner -   >> Should recover from crash
10:38:53.821 [main] INFO  d.m.q.s.a.InMemoryAgentSimulatorTest - Testing crash recovery
10:38:53.821 [main] INFO  d.m.q.s.a.InMemoryAgentSimulatorTest - Agent state after recovery: ACTIVE
10:38:53.822 [main] INFO  SimulatorTestRunner -     [PASS] (2ms)
10:38:53.823 [main] DEBUG SimulatorTestRunner -   |  [TRACE] PASSED in 2ms, mem=+0MB, threads=+0
10:38:53.824 [main] INFO  SimulatorTestRunner -   >> Should throw if no controller connection
10:38:53.824 [main] INFO  d.m.q.s.a.InMemoryAgentSimulatorTest - Testing start without controller connection
10:38:53.824 [main] INFO  d.m.q.s.a.InMemoryAgentSimulatorTest - No-controller start correctly rejected
10:38:53.824 [main] INFO  SimulatorTestRunner -     [PASS] (0ms)
10:38:53.824 [main] DEBUG SimulatorTestRunner -   |  [TRACE] PASSED in 0ms, mem=+0MB, threads=+0
10:38:53.825 [main] INFO  SimulatorTestRunner -   >> Should crash agent
10:38:53.825 [main] INFO  d.m.q.s.a.InMemoryAgentSimulatorTest - Testing agent crash simulation
10:38:53.825 [main] INFO  d.m.q.s.a.InMemoryAgentSimulatorTest - Agent state after crash: CRASHED
10:38:53.826 [main] INFO  SimulatorTestRunner -     [PASS] (0ms)
10:38:53.826 [main] DEBUG SimulatorTestRunner -   |  [TRACE] PASSED in 0ms, mem=+0MB, threads=+0
10:38:53.826 [main] INFO  SimulatorTestRunner -   >> Should start agent successfully
10:38:53.826 [main] INFO  d.m.q.s.a.InMemoryAgentSimulatorTest - Testing agent startup
10:38:53.826 [main] INFO  d.m.q.s.a.InMemoryAgentSimulatorTest - Agent state: ACTIVE, registered: true
10:38:53.827 [main] INFO  SimulatorTestRunner -     [PASS] (1ms)
10:38:53.827 [main] DEBUG SimulatorTestRunner -   |  [TRACE] PASSED in 1ms, mem=+0MB, threads=+0
10:38:53.827 [main] INFO  SimulatorTestRunner -   >> Should throw if started twice
10:38:53.827 [main] INFO  d.m.q.s.a.InMemoryAgentSimulatorTest - Testing double-start rejection
10:38:53.828 [main] INFO  d.m.q.s.a.InMemoryAgentSimulatorTest - Double-start correctly rejected
10:38:53.828 [main] INFO  SimulatorTestRunner -     [PASS] (1ms)
10:38:53.828 [main] DEBUG SimulatorTestRunner -   |  [TRACE] PASSED in 1ms, mem=+0MB, threads=+0
10:38:53.828 [main] INFO  SimulatorTestRunner - << LifecycleTests complete
[INFO] Tests run: 7, Failures: 0, Errors: 0, Skipped: 0, Time elapsed: 0.013 s -- in dev.mars.quorus.simulator.agent.InMemoryAgentSimulatorTest$LifecycleTests
10:38:53.829 [main] INFO  SimulatorTestRunner - << InMemoryAgentSimulator complete
[INFO] Tests run: 0, Failures: 0, Errors: 0, Skipped: 0, Time elapsed: 15.17 s -- in dev.mars.quorus.simulator.agent.InMemoryAgentSimulatorTest
[INFO] Running dev.mars.quorus.simulator.workflow.InMemoryWorkflowEngineSimulatorTest
10:38:53.829 [main] INFO  SimulatorTestRunner - 
================================================================================
10:38:53.829 [main] INFO  SimulatorTestRunner - >> SIMULATOR TEST SUITE: InMemoryWorkflowEngineSimulator
10:38:53.829 [main] INFO  SimulatorTestRunner -   Display Name: InMemoryWorkflowEngineSimulator Tests
10:38:53.829 [main] INFO  SimulatorTestRunner -   Test Class: InMemoryWorkflowEngineSimulatorTest
10:38:53.829 [main] INFO  SimulatorTestRunner - ================================================================================
[INFO] Running dev.mars.quorus.simulator.workflow.InMemoryWorkflowEngineSimulatorTest$LifecycleTests
10:38:53.829 [main] INFO  SimulatorTestRunner - 
================================================================================
10:38:53.830 [main] INFO  SimulatorTestRunner - >> SIMULATOR TEST SUITE: LifecycleTests
10:38:53.830 [main] INFO  SimulatorTestRunner -   Display Name: Lifecycle
10:38:53.830 [main] INFO  SimulatorTestRunner -   Test Class: LifecycleTests
10:38:53.830 [main] INFO  SimulatorTestRunner - ================================================================================
10:38:53.830 [main] INFO  SimulatorTestRunner -   >> Should get active executions
10:38:53.831 [main] INFO  d.m.q.s.w.InMemoryWorkflowEngineSimulatorTest - Testing active executions retrieval during long-running workflow
10:38:53.936 [main] INFO  d.m.q.s.w.InMemoryWorkflowEngineSimulatorTest - Active executions found: 1
10:38:58.842 [main] INFO  SimulatorTestRunner -     [PASS] (5012ms)
10:38:58.842 [main] DEBUG SimulatorTestRunner -   |  [TRACE] PASSED in 5012ms, mem=-47MB, threads=+0
10:38:58.843 [main] INFO  SimulatorTestRunner -   >> Should clear all executions
10:38:58.844 [main] INFO  d.m.q.s.w.InMemoryWorkflowEngineSimulatorTest - Testing clear all executions
10:38:58.945 [main] INFO  d.m.q.s.w.InMemoryWorkflowEngineSimulatorTest - After clear - execution found: false, total: 0
10:38:58.946 [main] INFO  SimulatorTestRunner -     [PASS] (102ms)
10:38:58.946 [main] DEBUG SimulatorTestRunner -   |  [TRACE] PASSED in 102ms, mem=+0MB, threads=+0
10:38:58.946 [main] INFO  SimulatorTestRunner - << LifecycleTests complete
[INFO] Tests run: 2, Failures: 0, Errors: 0, Skipped: 0, Time elapsed: 5.117 s -- in dev.mars.quorus.simulator.workflow.InMemoryWorkflowEngineSimulatorTest$LifecycleTests
[INFO] Running dev.mars.quorus.simulator.workflow.InMemoryWorkflowEngineSimulatorTest$BuilderTests
10:38:58.947 [main] INFO  SimulatorTestRunner - 
================================================================================
10:38:58.947 [main] INFO  SimulatorTestRunner - >> SIMULATOR TEST SUITE: BuilderTests
10:38:58.947 [main] INFO  SimulatorTestRunner -   Display Name: Builder Tests
10:38:58.947 [main] INFO  SimulatorTestRunner -   Test Class: BuilderTests
10:38:58.948 [main] INFO  SimulatorTestRunner - ================================================================================
10:38:58.950 [main] INFO  SimulatorTestRunner -   >> Should build workflow step
10:38:58.950 [main] INFO  d.m.q.s.w.InMemoryWorkflowEngineSimulatorTest - Testing WorkflowStep builder with full configuration
10:38:58.950 [main] INFO  d.m.q.s.w.InMemoryWorkflowEngineSimulatorTest - Built step: name=transfer-step, type=transfer, deps=[prior-step]
10:38:58.951 [main] INFO  SimulatorTestRunner -     [PASS] (1ms)
10:38:58.951 [main] DEBUG SimulatorTestRunner -   |  [TRACE] PASSED in 1ms, mem=+0MB, threads=+0
10:38:58.951 [main] INFO  SimulatorTestRunner -   >> Should create default workflow options
10:38:58.952 [main] INFO  d.m.q.s.w.InMemoryWorkflowEngineSimulatorTest - Testing default WorkflowOptions creation
10:38:58.953 [main] INFO  d.m.q.s.w.InMemoryWorkflowEngineSimulatorTest - Default options: stopOnError=true, timeout=3600000ms, maxRetries=0, parallel=false
10:38:58.953 [main] INFO  SimulatorTestRunner -     [PASS] (2ms)
10:38:58.953 [main] DEBUG SimulatorTestRunner -   |  [TRACE] PASSED in 2ms, mem=+0MB, threads=+0
10:38:58.954 [main] INFO  SimulatorTestRunner -   >> Should build workflow definition
10:38:58.954 [main] INFO  d.m.q.s.w.InMemoryWorkflowEngineSimulatorTest - Testing WorkflowDefinition builder
10:38:58.954 [main] INFO  d.m.q.s.w.InMemoryWorkflowEngineSimulatorTest - Built workflow: name=test-workflow, steps=1, vars={key=value}
10:38:58.954 [main] INFO  SimulatorTestRunner -     [PASS] (0ms)
10:38:58.954 [main] DEBUG SimulatorTestRunner -   |  [TRACE] PASSED in 0ms, mem=+0MB, threads=+0
10:38:58.954 [main] INFO  SimulatorTestRunner - << BuilderTests complete
[INFO] Tests run: 3, Failures: 0, Errors: 0, Skipped: 0, Time elapsed: 0.007 s -- in dev.mars.quorus.simulator.workflow.InMemoryWorkflowEngineSimulatorTest$BuilderTests
[INFO] Running dev.mars.quorus.simulator.workflow.InMemoryWorkflowEngineSimulatorTest$StatisticsTests
10:38:58.955 [main] INFO  SimulatorTestRunner - 
================================================================================
10:38:58.955 [main] INFO  SimulatorTestRunner - >> SIMULATOR TEST SUITE: StatisticsTests
10:38:58.955 [main] INFO  SimulatorTestRunner -   Display Name: Statistics
10:38:58.955 [main] INFO  SimulatorTestRunner -   Test Class: StatisticsTests
10:38:58.955 [main] INFO  SimulatorTestRunner - ================================================================================
10:38:58.955 [main] INFO  SimulatorTestRunner -   >> Should track failed executions
10:38:58.955 [main] INFO  d.m.q.s.w.InMemoryWorkflowEngineSimulatorTest - Testing failed executions tracking
10:38:58.956 [main] INFO  d.m.q.s.w.InMemoryWorkflowEngineSimulatorTest - Failed executions: 1
10:38:58.956 [main] INFO  SimulatorTestRunner -     [PASS] (1ms)
10:38:58.956 [main] DEBUG SimulatorTestRunner -   |  [TRACE] PASSED in 1ms, mem=+0MB, threads=+0
10:38:58.956 [main] INFO  SimulatorTestRunner -   >> Should track total executions
10:38:58.957 [main] INFO  d.m.q.s.w.InMemoryWorkflowEngineSimulatorTest - Testing total executions tracking
10:38:59.161 [main] INFO  d.m.q.s.w.InMemoryWorkflowEngineSimulatorTest - Total executions after 2 runs: 2
10:38:59.161 [main] INFO  SimulatorTestRunner -     [PASS] (204ms)
10:38:59.161 [main] DEBUG SimulatorTestRunner -   |  [TRACE] PASSED in 204ms, mem=+0MB, threads=+0
10:38:59.161 [main] INFO  SimulatorTestRunner -   >> Should reset statistics
10:38:59.162 [main] INFO  d.m.q.s.w.InMemoryWorkflowEngineSimulatorTest - Testing statistics reset
10:38:59.263 [main] INFO  d.m.q.s.w.InMemoryWorkflowEngineSimulatorTest - After reset - total: 0, completed: 0
10:38:59.264 [main] INFO  SimulatorTestRunner -     [PASS] (103ms)
10:38:59.264 [main] DEBUG SimulatorTestRunner -   |  [TRACE] PASSED in 103ms, mem=+0MB, threads=+0
10:38:59.265 [main] INFO  SimulatorTestRunner -   >> Should track completed executions
10:38:59.265 [main] INFO  d.m.q.s.w.InMemoryWorkflowEngineSimulatorTest - Testing completed executions tracking
10:38:59.367 [main] INFO  d.m.q.s.w.InMemoryWorkflowEngineSimulatorTest - Completed executions: 1
10:38:59.368 [main] INFO  SimulatorTestRunner -     [PASS] (103ms)
10:38:59.368 [main] DEBUG SimulatorTestRunner -   |  [TRACE] PASSED in 103ms, mem=+0MB, threads=+0
10:38:59.368 [main] INFO  SimulatorTestRunner - << StatisticsTests complete
[INFO] Tests run: 4, Failures: 0, Errors: 0, Skipped: 0, Time elapsed: 0.413 s -- in dev.mars.quorus.simulator.workflow.InMemoryWorkflowEngineSimulatorTest$StatisticsTests
[INFO] Running dev.mars.quorus.simulator.workflow.InMemoryWorkflowEngineSimulatorTest$ValidationTests
10:38:59.369 [main] INFO  SimulatorTestRunner - 
================================================================================
10:38:59.369 [main] INFO  SimulatorTestRunner - >> SIMULATOR TEST SUITE: ValidationTests
10:38:59.369 [main] INFO  SimulatorTestRunner -   Display Name: Workflow Validation
10:38:59.369 [main] INFO  SimulatorTestRunner -   Test Class: ValidationTests
10:38:59.369 [main] INFO  SimulatorTestRunner - ================================================================================
10:38:59.370 [main] INFO  SimulatorTestRunner -   >> Should reject invalid dependency
10:38:59.370 [main] INFO  d.m.q.s.w.InMemoryWorkflowEngineSimulatorTest - Testing invalid dependency rejection
10:38:59.371 [main] INFO  d.m.q.s.w.InMemoryWorkflowEngineSimulatorTest - Invalid dependency result: status=FAILED, error=Validation error: Step step-1 depends on unknown step: nonexistent
10:38:59.371 [main] INFO  SimulatorTestRunner -     [PASS] (1ms)
10:38:59.371 [main] DEBUG SimulatorTestRunner -   |  [TRACE] PASSED in 1ms, mem=+1MB, threads=+0
10:38:59.373 [main] INFO  SimulatorTestRunner -   >> Should reject null workflow
10:38:59.373 [main] INFO  d.m.q.s.w.InMemoryWorkflowEngineSimulatorTest - Testing null workflow rejection
10:38:59.373 [main] INFO  d.m.q.s.w.InMemoryWorkflowEngineSimulatorTest - Null workflow result: FAILED
10:38:59.373 [main] INFO  SimulatorTestRunner -     [PASS] (0ms)
10:38:59.373 [main] DEBUG SimulatorTestRunner -   |  [TRACE] PASSED in 0ms, mem=+0MB, threads=+0
10:38:59.374 [main] INFO  SimulatorTestRunner -   >> Should reject duplicate step names
10:38:59.374 [main] INFO  d.m.q.s.w.InMemoryWorkflowEngineSimulatorTest - Testing duplicate step name rejection
10:38:59.374 [main] INFO  d.m.q.s.w.InMemoryWorkflowEngineSimulatorTest - Duplicate step result: status=FAILED, error=Validation error: Duplicate step name: step-1
10:38:59.374 [main] INFO  SimulatorTestRunner -     [PASS] (1ms)
10:38:59.374 [main] DEBUG SimulatorTestRunner -   |  [TRACE] PASSED in 1ms, mem=+0MB, threads=+0
10:38:59.375 [main] INFO  SimulatorTestRunner -   >> Should reject workflow without steps
10:38:59.375 [main] INFO  d.m.q.s.w.InMemoryWorkflowEngineSimulatorTest - Testing workflow without steps rejection
10:38:59.375 [main] INFO  d.m.q.s.w.InMemoryWorkflowEngineSimulatorTest - Empty workflow result: FAILED
10:38:59.375 [main] INFO  SimulatorTestRunner -     [PASS] (0ms)
10:38:59.375 [main] DEBUG SimulatorTestRunner -   |  [TRACE] PASSED in 0ms, mem=+0MB, threads=+0
10:38:59.376 [main] INFO  SimulatorTestRunner - << ValidationTests complete
[INFO] Tests run: 4, Failures: 0, Errors: 0, Skipped: 0, Time elapsed: 0.007 s -- in dev.mars.quorus.simulator.workflow.InMemoryWorkflowEngineSimulatorTest$ValidationTests
[INFO] Running dev.mars.quorus.simulator.workflow.InMemoryWorkflowEngineSimulatorTest$ChaosEngineeringTests
10:38:59.376 [main] INFO  SimulatorTestRunner - 
================================================================================
10:38:59.376 [main] INFO  SimulatorTestRunner - >> SIMULATOR TEST SUITE: ChaosEngineeringTests
10:38:59.376 [main] INFO  SimulatorTestRunner -   Display Name: Chaos Engineering
10:38:59.376 [main] INFO  SimulatorTestRunner -   Test Class: ChaosEngineeringTests
10:38:59.376 [main] INFO  SimulatorTestRunner - ================================================================================
10:38:59.376 [main] INFO  SimulatorTestRunner -   >> Should fail at specific step
10:38:59.377 [main] INFO  d.m.q.s.w.InMemoryWorkflowEngineSimulatorTest - Testing STEP_FAILURE chaos mode targeting step-2
10:38:59.480 [main] INFO  d.m.q.s.w.InMemoryWorkflowEngineSimulatorTest - Step failure: step-1=COMPLETED, step-2=FAILED
10:38:59.480 [main] INFO  SimulatorTestRunner -     [PASS] (103ms)
10:38:59.481 [main] DEBUG SimulatorTestRunner -   |  [TRACE] PASSED in 103ms, mem=+0MB, threads=+0
10:38:59.482 [main] INFO  SimulatorTestRunner -   >> [1] NONE
10:38:59.482 [main] INFO  d.m.q.s.w.InMemoryWorkflowEngineSimulatorTest - Testing failure mode: NONE
10:38:59.482 [main] INFO  SimulatorTestRunner -     [PASS] (0ms)
10:38:59.482 [main] DEBUG SimulatorTestRunner -   |  [TRACE] PASSED in 0ms, mem=+0MB, threads=+0
10:38:59.483 [main] INFO  SimulatorTestRunner -   >> [2] VALIDATION_FAILURE
10:38:59.483 [main] INFO  d.m.q.s.w.InMemoryWorkflowEngineSimulatorTest - Testing failure mode: VALIDATION_FAILURE
10:38:59.483 [main] INFO  SimulatorTestRunner -     [PASS] (0ms)
10:38:59.483 [main] DEBUG SimulatorTestRunner -   |  [TRACE] PASSED in 0ms, mem=+0MB, threads=+0
10:38:59.483 [main] INFO  SimulatorTestRunner -   >> [3] STEP_FAILURE
10:38:59.485 [main] INFO  d.m.q.s.w.InMemoryWorkflowEngineSimulatorTest - Testing failure mode: STEP_FAILURE
10:38:59.485 [main] INFO  SimulatorTestRunner -     [PASS] (1ms)
10:38:59.485 [main] DEBUG SimulatorTestRunner -   |  [TRACE] PASSED in 1ms, mem=+0MB, threads=+0
10:38:59.485 [main] INFO  SimulatorTestRunner -   >> [4] DEPENDENCY_FAILURE
10:38:59.485 [main] INFO  d.m.q.s.w.InMemoryWorkflowEngineSimulatorTest - Testing failure mode: DEPENDENCY_FAILURE
10:38:59.486 [main] INFO  SimulatorTestRunner -     [PASS] (1ms)
10:38:59.486 [main] DEBUG SimulatorTestRunner -   |  [TRACE] PASSED in 1ms, mem=+0MB, threads=+0
10:38:59.486 [main] INFO  SimulatorTestRunner -   >> [5] TIMEOUT
10:38:59.486 [main] INFO  d.m.q.s.w.InMemoryWorkflowEngineSimulatorTest - Testing failure mode: TIMEOUT
10:38:59.486 [main] INFO  SimulatorTestRunner -     [PASS] (0ms)
10:38:59.486 [main] DEBUG SimulatorTestRunner -   |  [TRACE] PASSED in 0ms, mem=+0MB, threads=+0
10:38:59.487 [main] INFO  SimulatorTestRunner -   >> [6] RESOURCE_UNAVAILABLE
10:38:59.487 [main] INFO  d.m.q.s.w.InMemoryWorkflowEngineSimulatorTest - Testing failure mode: RESOURCE_UNAVAILABLE
10:38:59.487 [main] INFO  SimulatorTestRunner -     [PASS] (0ms)
10:38:59.487 [main] DEBUG SimulatorTestRunner -   |  [TRACE] PASSED in 0ms, mem=+0MB, threads=+0
10:38:59.487 [main] INFO  SimulatorTestRunner -   >> [7] RANDOM_FAILURE
10:38:59.487 [main] INFO  d.m.q.s.w.InMemoryWorkflowEngineSimulatorTest - Testing failure mode: RANDOM_FAILURE
10:38:59.488 [main] INFO  SimulatorTestRunner -     [PASS] (0ms)
10:38:59.488 [main] DEBUG SimulatorTestRunner -   |  [TRACE] PASSED in 0ms, mem=+0MB, threads=+0
10:38:59.488 [main] INFO  SimulatorTestRunner -   >> Should simulate resource unavailable
10:38:59.488 [main] INFO  d.m.q.s.w.InMemoryWorkflowEngineSimulatorTest - Testing RESOURCE_UNAVAILABLE chaos mode
10:38:59.489 [main] INFO  d.m.q.s.w.InMemoryWorkflowEngineSimulatorTest - Resource unavailable result: status=FAILED, error=Required step failed: step-1
10:38:59.490 [main] INFO  SimulatorTestRunner -     [PASS] (2ms)
10:38:59.491 [main] DEBUG SimulatorTestRunner -   |  [TRACE] PASSED in 2ms, mem=+0MB, threads=+0
10:38:59.491 [main] INFO  SimulatorTestRunner -   >> Should fail step with specific mode
10:38:59.491 [main] INFO  d.m.q.s.w.InMemoryWorkflowEngineSimulatorTest - Testing step-specific failure mode on failing-step
10:38:59.492 [main] INFO  d.m.q.s.w.InMemoryWorkflowEngineSimulatorTest - Step-specific failure result: FAILED
10:38:59.492 [main] INFO  SimulatorTestRunner -     [PASS] (1ms)
10:38:59.492 [main] DEBUG SimulatorTestRunner -   |  [TRACE] PASSED in 1ms, mem=+0MB, threads=+0
10:38:59.493 [main] INFO  SimulatorTestRunner -   >> Should clear step failure mode
10:38:59.493 [main] INFO  d.m.q.s.w.InMemoryWorkflowEngineSimulatorTest - Testing clearing of step failure mode
10:38:59.594 [main] INFO  d.m.q.s.w.InMemoryWorkflowEngineSimulatorTest - After clearing failure mode: COMPLETED
10:38:59.594 [main] INFO  SimulatorTestRunner -     [PASS] (100ms)
10:38:59.594 [main] DEBUG SimulatorTestRunner -   |  [TRACE] PASSED in 100ms, mem=+0MB, threads=+0
10:38:59.595 [main] INFO  SimulatorTestRunner -   >> Should reset chaos settings
10:38:59.596 [main] INFO  d.m.q.s.w.InMemoryWorkflowEngineSimulatorTest - Testing chaos settings reset
10:38:59.697 [main] INFO  d.m.q.s.w.InMemoryWorkflowEngineSimulatorTest - After reset: COMPLETED
10:38:59.697 [main] INFO  SimulatorTestRunner -     [PASS] (101ms)
10:38:59.698 [main] DEBUG SimulatorTestRunner -   |  [TRACE] PASSED in 101ms, mem=+0MB, threads=+0
10:38:59.699 [main] INFO  SimulatorTestRunner -   >> Should fail steps randomly
10:38:59.699 [main] INFO  d.m.q.s.w.InMemoryWorkflowEngineSimulatorTest - Testing random step failure with 100% failure rate
10:38:59.701 [main] INFO  d.m.q.s.w.InMemoryWorkflowEngineSimulatorTest - Random failure result: FAILED
10:38:59.701 [main] INFO  SimulatorTestRunner -     [PASS] (2ms)
10:38:59.701 [main] DEBUG SimulatorTestRunner -   |  [TRACE] PASSED in 2ms, mem=+0MB, threads=+0
10:38:59.702 [main] INFO  SimulatorTestRunner -   >> Should fail validation
10:38:59.703 [main] INFO  d.m.q.s.w.InMemoryWorkflowEngineSimulatorTest - Testing VALIDATION_FAILURE chaos mode
10:38:59.704 [main] INFO  d.m.q.s.w.InMemoryWorkflowEngineSimulatorTest - Validation failure triggered: status=FAILED, error=Workflow validation failed (simulated)
10:38:59.704 [main] INFO  SimulatorTestRunner -     [PASS] (1ms)
10:38:59.704 [main] DEBUG SimulatorTestRunner -   |  [TRACE] PASSED in 1ms, mem=+0MB, threads=+0
10:38:59.705 [main] INFO  SimulatorTestRunner - << ChaosEngineeringTests complete
[INFO] Tests run: 14, Failures: 0, Errors: 0, Skipped: 0, Time elapsed: 0.329 s -- in dev.mars.quorus.simulator.workflow.InMemoryWorkflowEngineSimulatorTest$ChaosEngineeringTests
[INFO] Running dev.mars.quorus.simulator.workflow.InMemoryWorkflowEngineSimulatorTest$EventCallbackTests
10:38:59.705 [main] INFO  SimulatorTestRunner - 
================================================================================
10:38:59.705 [main] INFO  SimulatorTestRunner - >> SIMULATOR TEST SUITE: EventCallbackTests
10:38:59.705 [main] INFO  SimulatorTestRunner -   Display Name: Event Callbacks
10:38:59.705 [main] INFO  SimulatorTestRunner -   Test Class: EventCallbackTests
10:38:59.705 [main] INFO  SimulatorTestRunner - ================================================================================
10:38:59.706 [main] INFO  SimulatorTestRunner -   >> Should fire workflow events
10:38:59.706 [main] INFO  d.m.q.s.w.InMemoryWorkflowEngineSimulatorTest - Testing workflow event firing during execution lifecycle
10:38:59.808 [main] INFO  d.m.q.s.w.InMemoryWorkflowEngineSimulatorTest - Received 5 workflow events: [VALIDATING, STARTED, STEP_STARTED, STEP_COMPLETED, COMPLETED]
10:38:59.809 [main] INFO  SimulatorTestRunner -     [PASS] (103ms)
10:38:59.810 [main] DEBUG SimulatorTestRunner -   |  [TRACE] PASSED in 103ms, mem=+0MB, threads=+0
10:38:59.810 [main] INFO  SimulatorTestRunner - << EventCallbackTests complete
[INFO] Tests run: 1, Failures: 0, Errors: 0, Skipped: 0, Time elapsed: 0.105 s -- in dev.mars.quorus.simulator.workflow.InMemoryWorkflowEngineSimulatorTest$EventCallbackTests
[INFO] Running dev.mars.quorus.simulator.workflow.InMemoryWorkflowEngineSimulatorTest$StepCallbackTests
10:38:59.810 [main] INFO  SimulatorTestRunner - 
================================================================================
10:38:59.810 [main] INFO  SimulatorTestRunner - >> SIMULATOR TEST SUITE: StepCallbackTests
10:38:59.810 [main] INFO  SimulatorTestRunner -   Display Name: Step Callbacks
10:38:59.810 [main] INFO  SimulatorTestRunner -   Test Class: StepCallbackTests
10:38:59.810 [main] INFO  SimulatorTestRunner - ================================================================================
10:38:59.811 [main] INFO  SimulatorTestRunner -   >> Should use custom output generator
10:38:59.811 [main] INFO  d.m.q.s.w.InMemoryWorkflowEngineSimulatorTest - Testing custom step output generator
10:38:59.913 [main] INFO  d.m.q.s.w.InMemoryWorkflowEngineSimulatorTest - Custom output generated: {customOutput=value-step-1}
10:38:59.913 [main] INFO  SimulatorTestRunner -     [PASS] (102ms)
10:38:59.914 [main] DEBUG SimulatorTestRunner -   |  [TRACE] PASSED in 102ms, mem=+0MB, threads=+0
10:38:59.914 [main] INFO  SimulatorTestRunner -   >> Should notify step callback
10:38:59.914 [main] INFO  d.m.q.s.w.InMemoryWorkflowEngineSimulatorTest - Testing step callback notification during workflow execution
10:39:00.016 [main] INFO  d.m.q.s.w.InMemoryWorkflowEngineSimulatorTest - Step callback received 2 notifications: [step-1:RUNNING, step-1:COMPLETED]
10:39:00.017 [main] INFO  SimulatorTestRunner -     [PASS] (102ms)
10:39:00.017 [main] DEBUG SimulatorTestRunner -   |  [TRACE] PASSED in 102ms, mem=+0MB, threads=+0
10:39:00.018 [main] INFO  SimulatorTestRunner - << StepCallbackTests complete
[INFO] Tests run: 2, Failures: 0, Errors: 0, Skipped: 0, Time elapsed: 0.208 s -- in dev.mars.quorus.simulator.workflow.InMemoryWorkflowEngineSimulatorTest$StepCallbackTests
[INFO] Running dev.mars.quorus.simulator.workflow.InMemoryWorkflowEngineSimulatorTest$PauseResumeCancelTests
10:39:00.019 [main] INFO  SimulatorTestRunner - 
================================================================================
10:39:00.019 [main] INFO  SimulatorTestRunner - >> SIMULATOR TEST SUITE: PauseResumeCancelTests
10:39:00.019 [main] INFO  SimulatorTestRunner -   Display Name: Pause/Resume/Cancel
10:39:00.019 [main] INFO  SimulatorTestRunner -   Test Class: PauseResumeCancelTests
10:39:00.019 [main] INFO  SimulatorTestRunner - ================================================================================
10:39:00.020 [main] INFO  SimulatorTestRunner -   >> Should pause workflow
10:39:00.020 [main] INFO  d.m.q.s.w.InMemoryWorkflowEngineSimulatorTest - Testing workflow pause functionality
10:39:20.022 [main] INFO  d.m.q.s.w.InMemoryWorkflowEngineSimulatorTest - Pause result: false for execution wf-28324689701400-3554
10:39:20.022 [main] INFO  SimulatorTestRunner -     [PASS] (20002ms)
10:39:20.022 [main] DEBUG SimulatorTestRunner -   |  [TRACE] PASSED in 20002ms, mem=+0MB, threads=-4
10:39:20.023 [main] INFO  SimulatorTestRunner -   >> Should not cancel completed workflow
10:39:20.024 [main] INFO  d.m.q.s.w.InMemoryWorkflowEngineSimulatorTest - Testing that completed workflows cannot be cancelled
10:39:20.126 [main] INFO  d.m.q.s.w.InMemoryWorkflowEngineSimulatorTest - Attempted cancel on completed workflow: false
10:39:20.127 [main] INFO  SimulatorTestRunner -     [PASS] (103ms)
10:39:20.127 [main] DEBUG SimulatorTestRunner -   |  [TRACE] PASSED in 103ms, mem=+0MB, threads=+0
10:39:20.128 [main] INFO  SimulatorTestRunner -   >> Should cancel workflow
10:39:20.128 [main] INFO  d.m.q.s.w.InMemoryWorkflowEngineSimulatorTest - Testing workflow cancellation
10:39:30.130 [main] INFO  d.m.q.s.w.InMemoryWorkflowEngineSimulatorTest - Cancel result: false for execution wf-28344797662700-4002
10:39:30.130 [main] INFO  SimulatorTestRunner -     [PASS] (10002ms)
10:39:30.131 [main] DEBUG SimulatorTestRunner -   |  [TRACE] PASSED in 10002ms, mem=+0MB, threads=+0
10:39:30.131 [main] INFO  SimulatorTestRunner -   >> Should resume paused workflow
10:39:30.132 [main] INFO  d.m.q.s.w.InMemoryWorkflowEngineSimulatorTest - Testing workflow resume after pause
10:39:35.134 [main] INFO  SimulatorTestRunner -     [PASS] (5003ms)
10:39:35.134 [main] DEBUG SimulatorTestRunner -   |  [TRACE] PASSED in 5003ms, mem=+1MB, threads=+0
10:39:35.135 [main] INFO  SimulatorTestRunner - << PauseResumeCancelTests complete
[INFO] Tests run: 4, Failures: 0, Errors: 0, Skipped: 0, Time elapsed: 35.12 s -- in dev.mars.quorus.simulator.workflow.InMemoryWorkflowEngineSimulatorTest$PauseResumeCancelTests
[INFO] Running dev.mars.quorus.simulator.workflow.InMemoryWorkflowEngineSimulatorTest$VirtualRunTests
10:39:35.137 [main] INFO  SimulatorTestRunner - 
================================================================================
10:39:35.138 [main] INFO  SimulatorTestRunner - >> SIMULATOR TEST SUITE: VirtualRunTests
10:39:35.138 [main] INFO  SimulatorTestRunner -   Display Name: Virtual Run
10:39:35.138 [main] INFO  SimulatorTestRunner -   Test Class: VirtualRunTests
10:39:35.138 [main] INFO  SimulatorTestRunner - ================================================================================
10:39:35.140 [main] INFO  SimulatorTestRunner -   >> Should perform virtual run (fast execution)
10:39:35.141 [main] INFO  d.m.q.s.w.InMemoryWorkflowEngineSimulatorTest - Testing virtual run mode - fast execution ignoring estimated durations
10:39:35.192 [main] INFO  d.m.q.s.w.InMemoryWorkflowEngineSimulatorTest - Virtual run completed in 51ms (step estimated 10000ms)
10:39:35.193 [main] INFO  SimulatorTestRunner -     [PASS] (53ms)
10:39:35.193 [main] DEBUG SimulatorTestRunner -   |  [TRACE] PASSED in 53ms, mem=+0MB, threads=+0
10:39:35.194 [main] INFO  SimulatorTestRunner - << VirtualRunTests complete
[INFO] Tests run: 1, Failures: 0, Errors: 0, Skipped: 0, Time elapsed: 0.057 s -- in dev.mars.quorus.simulator.workflow.InMemoryWorkflowEngineSimulatorTest$VirtualRunTests
[INFO] Running dev.mars.quorus.simulator.workflow.InMemoryWorkflowEngineSimulatorTest$DryRunTests
10:39:35.195 [main] INFO  SimulatorTestRunner - 
================================================================================
10:39:35.195 [main] INFO  SimulatorTestRunner - >> SIMULATOR TEST SUITE: DryRunTests
10:39:35.195 [main] INFO  SimulatorTestRunner -   Display Name: Dry Run
10:39:35.195 [main] INFO  SimulatorTestRunner -   Test Class: DryRunTests
10:39:35.195 [main] INFO  SimulatorTestRunner - ================================================================================
10:39:35.195 [main] INFO  SimulatorTestRunner -   >> Should detect validation errors in dry run
10:39:35.196 [main] INFO  d.m.q.s.w.InMemoryWorkflowEngineSimulatorTest - Testing dry run with invalid workflow - expects validation failure
10:39:35.196 [main] INFO  d.m.q.s.w.InMemoryWorkflowEngineSimulatorTest - Dry run detected error: Validation error: Step step-1 depends on unknown step: nonexistent
10:39:35.196 [main] INFO  SimulatorTestRunner -     [PASS] (1ms)
10:39:35.197 [main] DEBUG SimulatorTestRunner -   |  [TRACE] PASSED in 1ms, mem=+0MB, threads=+0
10:39:35.197 [main] INFO  SimulatorTestRunner -   >> Should perform dry run (validation only)
10:39:35.197 [main] INFO  d.m.q.s.w.InMemoryWorkflowEngineSimulatorTest - Testing dry run mode - validation only, no step execution
10:39:35.197 [main] INFO  d.m.q.s.w.InMemoryWorkflowEngineSimulatorTest - Dry run completed: status=COMPLETED, steps executed=0
10:39:35.198 [main] INFO  SimulatorTestRunner -     [PASS] (1ms)
10:39:35.198 [main] DEBUG SimulatorTestRunner -   |  [TRACE] PASSED in 1ms, mem=+0MB, threads=+0
10:39:35.198 [main] INFO  SimulatorTestRunner - << DryRunTests complete
[INFO] Tests run: 2, Failures: 0, Errors: 0, Skipped: 0, Time elapsed: 0.003 s -- in dev.mars.quorus.simulator.workflow.InMemoryWorkflowEngineSimulatorTest$DryRunTests
[INFO] Running dev.mars.quorus.simulator.workflow.InMemoryWorkflowEngineSimulatorTest$WorkflowExecutionTests
10:39:35.199 [main] INFO  SimulatorTestRunner - 
================================================================================
10:39:35.199 [main] INFO  SimulatorTestRunner - >> SIMULATOR TEST SUITE: WorkflowExecutionTests
10:39:35.199 [main] INFO  SimulatorTestRunner -   Display Name: Workflow Execution
10:39:35.199 [main] INFO  SimulatorTestRunner -   Test Class: WorkflowExecutionTests
10:39:35.199 [main] INFO  SimulatorTestRunner - ================================================================================
10:39:35.199 [main] INFO  SimulatorTestRunner -   >> Should track execution duration
10:39:35.199 [main] INFO  d.m.q.s.w.InMemoryWorkflowEngineSimulatorTest - Testing execution duration tracking
10:39:35.301 [main] INFO  d.m.q.s.w.InMemoryWorkflowEngineSimulatorTest - Execution duration tracked: 101ms
10:39:35.302 [main] INFO  SimulatorTestRunner -     [PASS] (103ms)
10:39:35.302 [main] DEBUG SimulatorTestRunner -   |  [TRACE] PASSED in 103ms, mem=+1MB, threads=+0
10:39:35.303 [main] INFO  SimulatorTestRunner -   >> Should get execution status
10:39:35.303 [main] INFO  d.m.q.s.w.InMemoryWorkflowEngineSimulatorTest - Testing execution status retrieval during long-running workflow
10:39:40.305 [main] INFO  d.m.q.s.w.InMemoryWorkflowEngineSimulatorTest - Retrieved execution status: found
10:39:40.305 [main] INFO  SimulatorTestRunner -     [PASS] (5001ms)
10:39:40.306 [main] DEBUG SimulatorTestRunner -   |  [TRACE] PASSED in 5001ms, mem=+0MB, threads=+0
10:39:40.306 [main] INFO  SimulatorTestRunner -   >> Should execute multi-step workflow
10:39:40.307 [main] INFO  d.m.q.s.w.InMemoryWorkflowEngineSimulatorTest - Testing multi-step workflow execution with 3 dependent steps
10:39:40.612 [main] INFO  d.m.q.s.w.InMemoryWorkflowEngineSimulatorTest - Multi-step workflow completed: 3 steps executed
10:39:40.613 [main] INFO  SimulatorTestRunner -     [PASS] (307ms)
10:39:40.613 [main] DEBUG SimulatorTestRunner -   |  [TRACE] PASSED in 307ms, mem=+0MB, threads=+0
10:39:40.614 [main] INFO  SimulatorTestRunner -   >> Should execute simple workflow
10:39:40.614 [main] INFO  d.m.q.s.w.InMemoryWorkflowEngineSimulatorTest - Testing simple workflow execution with single step
10:39:40.716 [main] INFO  d.m.q.s.w.InMemoryWorkflowEngineSimulatorTest - Workflow completed with status: COMPLETED
10:39:40.716 [main] INFO  SimulatorTestRunner -     [PASS] (102ms)
10:39:40.717 [main] DEBUG SimulatorTestRunner -   |  [TRACE] PASSED in 102ms, mem=+0MB, threads=+0
10:39:40.717 [main] INFO  SimulatorTestRunner - << WorkflowExecutionTests complete
[INFO] Tests run: 4, Failures: 0, Errors: 0, Skipped: 0, Time elapsed: 5.519 s -- in dev.mars.quorus.simulator.workflow.InMemoryWorkflowEngineSimulatorTest$WorkflowExecutionTests
10:39:40.718 [main] INFO  SimulatorTestRunner - << InMemoryWorkflowEngineSimulator complete
[INFO] Tests run: 0, Failures: 0, Errors: 0, Skipped: 0, Time elapsed: 46.89 s -- in dev.mars.quorus.simulator.workflow.InMemoryWorkflowEngineSimulatorTest
[INFO] Running dev.mars.quorus.transfer.SimpleTransferEngineBidirectionalTest
[INFO] Running dev.mars.quorus.transfer.SimpleTransferEngineBidirectionalTest$HealthCheckTests
10:39:40.720 [main] DEBUG d.m.quorus.protocol.ProtocolFactory - Initializing ProtocolFactory
10:39:40.720 [main] DEBUG d.m.quorus.protocol.ProtocolFactory - Registering default transfer protocols
10:39:40.720 [main] DEBUG d.m.quorus.protocol.ProtocolFactory - Creating HttpTransferProtocol instance
10:39:40.720 [main] INFO  d.m.q.protocol.HttpTransferProtocol - HttpTransferProtocol initialized: connectTimeout=30 SECONDS, socketTimeout=60 SECONDS, maxFileSize=10737418240 bytes
10:39:40.720 [main] INFO  d.m.quorus.protocol.ProtocolFactory - Registered protocol: http
10:39:40.721 [main] DEBUG d.m.quorus.protocol.ProtocolFactory - Protocol details: name=http, class=HttpTransferProtocol, supportsResume=false, supportsPause=true
10:39:40.721 [main] INFO  d.m.quorus.protocol.ProtocolFactory - Registered protocol alias: https -> http
10:39:40.721 [main] DEBUG d.m.quorus.protocol.ProtocolFactory - Creating SmbTransferProtocol instance
10:39:40.721 [main] INFO  d.m.quorus.protocol.ProtocolFactory - Registered protocol: smb
10:39:40.721 [main] DEBUG d.m.quorus.protocol.ProtocolFactory - Protocol details: name=smb, class=SmbTransferProtocol, supportsResume=false, supportsPause=false
10:39:40.721 [main] INFO  d.m.quorus.protocol.ProtocolFactory - Registered protocol alias: cifs -> smb
10:39:40.721 [main] DEBUG d.m.quorus.protocol.ProtocolFactory - Creating FtpTransferProtocol instance
10:39:40.721 [main] INFO  d.m.quorus.protocol.ProtocolFactory - Registered protocol: ftp
10:39:40.721 [main] DEBUG d.m.quorus.protocol.ProtocolFactory - Protocol details: name=ftp, class=FtpTransferProtocol, supportsResume=false, supportsPause=false
10:39:40.721 [main] INFO  d.m.quorus.protocol.ProtocolFactory - Registered protocol alias: ftps -> ftp
10:39:40.721 [main] DEBUG d.m.quorus.protocol.ProtocolFactory - Creating SftpTransferProtocol instance
10:39:40.721 [main] INFO  d.m.quorus.protocol.ProtocolFactory - Registered protocol: sftp
10:39:40.721 [main] DEBUG d.m.quorus.protocol.ProtocolFactory - Protocol details: name=sftp, class=SftpTransferProtocol, supportsResume=false, supportsPause=false
10:39:40.721 [main] DEBUG d.m.quorus.protocol.ProtocolFactory - Creating NfsTransferProtocol instance
10:39:40.721 [main] DEBUG d.m.q.protocol.NfsTransferProtocol - NfsTransferProtocol initialized with mountRoot=C:\nfs
10:39:40.721 [main] INFO  d.m.quorus.protocol.ProtocolFactory - Registered protocol: nfs
10:39:40.721 [main] DEBUG d.m.quorus.protocol.ProtocolFactory - Protocol details: name=nfs, class=NfsTransferProtocol, supportsResume=false, supportsPause=false
10:39:40.721 [main] INFO  d.m.quorus.protocol.ProtocolFactory - Registered default transfer protocols: count=8, schemes=ftps, ftp, http, smb, sftp, nfs, https, cifs
10:39:40.721 [main] INFO  d.m.q.transfer.SimpleTransferEngine - SimpleTransferEngine initialized: maxConcurrent=5, maxRetries=3, retryDelay=1000ms
10:39:40.724 [main] INFO  d.m.q.transfer.SimpleTransferEngine - Shutting down transfer engine; cancelling 0 running transfer(s)
10:39:40.724 [main] INFO  d.m.q.transfer.SimpleTransferEngine - Transfer engine shutdown completed
[INFO] Tests run: 1, Failures: 0, Errors: 0, Skipped: 0, Time elapsed: 0.005 s -- in dev.mars.quorus.transfer.SimpleTransferEngineBidirectionalTest$HealthCheckTests
[INFO] Running dev.mars.quorus.transfer.SimpleTransferEngineBidirectionalTest$TransferRequestValidationTests
10:39:40.725 [main] DEBUG d.m.quorus.protocol.ProtocolFactory - Initializing ProtocolFactory
10:39:40.725 [main] DEBUG d.m.quorus.protocol.ProtocolFactory - Registering default transfer protocols
10:39:40.725 [main] DEBUG d.m.quorus.protocol.ProtocolFactory - Creating HttpTransferProtocol instance
10:39:40.725 [main] INFO  d.m.q.protocol.HttpTransferProtocol - HttpTransferProtocol initialized: connectTimeout=30 SECONDS, socketTimeout=60 SECONDS, maxFileSize=10737418240 bytes
10:39:40.725 [main] INFO  d.m.quorus.protocol.ProtocolFactory - Registered protocol: http
10:39:40.725 [main] DEBUG d.m.quorus.protocol.ProtocolFactory - Protocol details: name=http, class=HttpTransferProtocol, supportsResume=false, supportsPause=true
10:39:40.725 [main] INFO  d.m.quorus.protocol.ProtocolFactory - Registered protocol alias: https -> http
10:39:40.725 [main] DEBUG d.m.quorus.protocol.ProtocolFactory - Creating SmbTransferProtocol instance
10:39:40.725 [main] INFO  d.m.quorus.protocol.ProtocolFactory - Registered protocol: smb
10:39:40.726 [main] DEBUG d.m.quorus.protocol.ProtocolFactory - Protocol details: name=smb, class=SmbTransferProtocol, supportsResume=false, supportsPause=false
10:39:40.726 [main] INFO  d.m.quorus.protocol.ProtocolFactory - Registered protocol alias: cifs -> smb
10:39:40.726 [main] DEBUG d.m.quorus.protocol.ProtocolFactory - Creating FtpTransferProtocol instance
10:39:40.726 [main] INFO  d.m.quorus.protocol.ProtocolFactory - Registered protocol: ftp
10:39:40.726 [main] DEBUG d.m.quorus.protocol.ProtocolFactory - Protocol details: name=ftp, class=FtpTransferProtocol, supportsResume=false, supportsPause=false
10:39:40.726 [main] INFO  d.m.quorus.protocol.ProtocolFactory - Registered protocol alias: ftps -> ftp
10:39:40.726 [main] DEBUG d.m.quorus.protocol.ProtocolFactory - Creating SftpTransferProtocol instance
10:39:40.726 [main] INFO  d.m.quorus.protocol.ProtocolFactory - Registered protocol: sftp
10:39:40.726 [main] DEBUG d.m.quorus.protocol.ProtocolFactory - Protocol details: name=sftp, class=SftpTransferProtocol, supportsResume=false, supportsPause=false
10:39:40.726 [main] DEBUG d.m.quorus.protocol.ProtocolFactory - Creating NfsTransferProtocol instance
10:39:40.726 [main] DEBUG d.m.q.protocol.NfsTransferProtocol - NfsTransferProtocol initialized with mountRoot=C:\nfs
10:39:40.726 [main] INFO  d.m.quorus.protocol.ProtocolFactory - Registered protocol: nfs
10:39:40.726 [main] DEBUG d.m.quorus.protocol.ProtocolFactory - Protocol details: name=nfs, class=NfsTransferProtocol, supportsResume=false, supportsPause=false
10:39:40.726 [main] INFO  d.m.quorus.protocol.ProtocolFactory - Registered default transfer protocols: count=8, schemes=ftps, ftp, http, smb, sftp, nfs, https, cifs
10:39:40.726 [main] INFO  d.m.q.transfer.SimpleTransferEngine - SimpleTransferEngine initialized: maxConcurrent=5, maxRetries=3, retryDelay=1000ms
10:39:40.726 [main] INFO  d.m.q.transfer.SimpleTransferEngine - Shutting down transfer engine; cancelling 0 running transfer(s)
10:39:40.726 [main] INFO  d.m.q.transfer.SimpleTransferEngine - Transfer engine shutdown completed
10:39:40.726 [main] DEBUG d.m.quorus.protocol.ProtocolFactory - Initializing ProtocolFactory
10:39:40.726 [main] DEBUG d.m.quorus.protocol.ProtocolFactory - Registering default transfer protocols
10:39:40.726 [main] DEBUG d.m.quorus.protocol.ProtocolFactory - Creating HttpTransferProtocol instance
10:39:40.726 [main] INFO  d.m.q.protocol.HttpTransferProtocol - HttpTransferProtocol initialized: connectTimeout=30 SECONDS, socketTimeout=60 SECONDS, maxFileSize=10737418240 bytes
10:39:40.726 [main] INFO  d.m.quorus.protocol.ProtocolFactory - Registered protocol: http
10:39:40.726 [main] DEBUG d.m.quorus.protocol.ProtocolFactory - Protocol details: name=http, class=HttpTransferProtocol, supportsResume=false, supportsPause=true
10:39:40.726 [main] INFO  d.m.quorus.protocol.ProtocolFactory - Registered protocol alias: https -> http
10:39:40.726 [main] DEBUG d.m.quorus.protocol.ProtocolFactory - Creating SmbTransferProtocol instance
10:39:40.726 [main] INFO  d.m.quorus.protocol.ProtocolFactory - Registered protocol: smb
10:39:40.726 [main] DEBUG d.m.quorus.protocol.ProtocolFactory - Protocol details: name=smb, class=SmbTransferProtocol, supportsResume=false, supportsPause=false
10:39:40.726 [main] INFO  d.m.quorus.protocol.ProtocolFactory - Registered protocol alias: cifs -> smb
10:39:40.726 [main] DEBUG d.m.quorus.protocol.ProtocolFactory - Creating FtpTransferProtocol instance
10:39:40.726 [main] INFO  d.m.quorus.protocol.ProtocolFactory - Registered protocol: ftp
10:39:40.726 [main] DEBUG d.m.quorus.protocol.ProtocolFactory - Protocol details: name=ftp, class=FtpTransferProtocol, supportsResume=false, supportsPause=false
10:39:40.726 [main] INFO  d.m.quorus.protocol.ProtocolFactory - Registered protocol alias: ftps -> ftp
10:39:40.726 [main] DEBUG d.m.quorus.protocol.ProtocolFactory - Creating SftpTransferProtocol instance
10:39:40.726 [main] INFO  d.m.quorus.protocol.ProtocolFactory - Registered protocol: sftp
10:39:40.726 [main] DEBUG d.m.quorus.protocol.ProtocolFactory - Protocol details: name=sftp, class=SftpTransferProtocol, supportsResume=false, supportsPause=false
10:39:40.726 [main] DEBUG d.m.quorus.protocol.ProtocolFactory - Creating NfsTransferProtocol instance
10:39:40.726 [main] DEBUG d.m.q.protocol.NfsTransferProtocol - NfsTransferProtocol initialized with mountRoot=C:\nfs
10:39:40.726 [main] INFO  d.m.quorus.protocol.ProtocolFactory - Registered protocol: nfs
10:39:40.726 [main] DEBUG d.m.quorus.protocol.ProtocolFactory - Protocol details: name=nfs, class=NfsTransferProtocol, supportsResume=false, supportsPause=false
10:39:40.726 [main] INFO  d.m.quorus.protocol.ProtocolFactory - Registered default transfer protocols: count=8, schemes=ftps, ftp, http, smb, sftp, nfs, https, cifs
10:39:40.726 [main] INFO  d.m.q.transfer.SimpleTransferEngine - SimpleTransferEngine initialized: maxConcurrent=5, maxRetries=3, retryDelay=1000ms
10:39:40.726 [main] INFO  d.m.q.transfer.SimpleTransferEngine - Shutting down transfer engine; cancelling 0 running transfer(s)
10:39:40.726 [main] INFO  d.m.q.transfer.SimpleTransferEngine - Transfer engine shutdown completed
10:39:40.726 [main] DEBUG d.m.quorus.protocol.ProtocolFactory - Initializing ProtocolFactory
10:39:40.726 [main] DEBUG d.m.quorus.protocol.ProtocolFactory - Registering default transfer protocols
10:39:40.726 [main] DEBUG d.m.quorus.protocol.ProtocolFactory - Creating HttpTransferProtocol instance
10:39:40.726 [main] INFO  d.m.q.protocol.HttpTransferProtocol - HttpTransferProtocol initialized: connectTimeout=30 SECONDS, socketTimeout=60 SECONDS, maxFileSize=10737418240 bytes
10:39:40.726 [main] INFO  d.m.quorus.protocol.ProtocolFactory - Registered protocol: http
10:39:40.726 [main] DEBUG d.m.quorus.protocol.ProtocolFactory - Protocol details: name=http, class=HttpTransferProtocol, supportsResume=false, supportsPause=true
10:39:40.726 [main] INFO  d.m.quorus.protocol.ProtocolFactory - Registered protocol alias: https -> http
10:39:40.726 [main] DEBUG d.m.quorus.protocol.ProtocolFactory - Creating SmbTransferProtocol instance
10:39:40.726 [main] INFO  d.m.quorus.protocol.ProtocolFactory - Registered protocol: smb
10:39:40.726 [main] DEBUG d.m.quorus.protocol.ProtocolFactory - Protocol details: name=smb, class=SmbTransferProtocol, supportsResume=false, supportsPause=false
10:39:40.726 [main] INFO  d.m.quorus.protocol.ProtocolFactory - Registered protocol alias: cifs -> smb
10:39:40.726 [main] DEBUG d.m.quorus.protocol.ProtocolFactory - Creating FtpTransferProtocol instance
10:39:40.726 [main] INFO  d.m.quorus.protocol.ProtocolFactory - Registered protocol: ftp
10:39:40.726 [main] DEBUG d.m.quorus.protocol.ProtocolFactory - Protocol details: name=ftp, class=FtpTransferProtocol, supportsResume=false, supportsPause=false
10:39:40.726 [main] INFO  d.m.quorus.protocol.ProtocolFactory - Registered protocol alias: ftps -> ftp
10:39:40.726 [main] DEBUG d.m.quorus.protocol.ProtocolFactory - Creating SftpTransferProtocol instance
10:39:40.726 [main] INFO  d.m.quorus.protocol.ProtocolFactory - Registered protocol: sftp
10:39:40.726 [main] DEBUG d.m.quorus.protocol.ProtocolFactory - Protocol details: name=sftp, class=SftpTransferProtocol, supportsResume=false, supportsPause=false
10:39:40.726 [main] DEBUG d.m.quorus.protocol.ProtocolFactory - Creating NfsTransferProtocol instance
10:39:40.726 [main] DEBUG d.m.q.protocol.NfsTransferProtocol - NfsTransferProtocol initialized with mountRoot=C:\nfs
10:39:40.726 [main] INFO  d.m.quorus.protocol.ProtocolFactory - Registered protocol: nfs
10:39:40.726 [main] DEBUG d.m.quorus.protocol.ProtocolFactory - Protocol details: name=nfs, class=NfsTransferProtocol, supportsResume=false, supportsPause=false
10:39:40.727 [main] INFO  d.m.quorus.protocol.ProtocolFactory - Registered default transfer protocols: count=8, schemes=ftps, ftp, http, smb, sftp, nfs, https, cifs
10:39:40.727 [main] INFO  d.m.q.transfer.SimpleTransferEngine - SimpleTransferEngine initialized: maxConcurrent=5, maxRetries=3, retryDelay=1000ms
10:39:40.727 [main] INFO  d.m.q.transfer.SimpleTransferEngine - Shutting down transfer engine; cancelling 0 running transfer(s)
10:39:40.727 [main] INFO  d.m.q.transfer.SimpleTransferEngine - Transfer engine shutdown completed
10:39:40.728 [main] DEBUG d.m.quorus.protocol.ProtocolFactory - Initializing ProtocolFactory
10:39:40.728 [main] DEBUG d.m.quorus.protocol.ProtocolFactory - Registering default transfer protocols
10:39:40.728 [main] DEBUG d.m.quorus.protocol.ProtocolFactory - Creating HttpTransferProtocol instance
10:39:40.728 [main] INFO  d.m.q.protocol.HttpTransferProtocol - HttpTransferProtocol initialized: connectTimeout=30 SECONDS, socketTimeout=60 SECONDS, maxFileSize=10737418240 bytes
10:39:40.728 [main] INFO  d.m.quorus.protocol.ProtocolFactory - Registered protocol: http
10:39:40.728 [main] DEBUG d.m.quorus.protocol.ProtocolFactory - Protocol details: name=http, class=HttpTransferProtocol, supportsResume=false, supportsPause=true
10:39:40.728 [main] INFO  d.m.quorus.protocol.ProtocolFactory - Registered protocol alias: https -> http
10:39:40.728 [main] DEBUG d.m.quorus.protocol.ProtocolFactory - Creating SmbTransferProtocol instance
10:39:40.728 [main] INFO  d.m.quorus.protocol.ProtocolFactory - Registered protocol: smb
10:39:40.728 [main] DEBUG d.m.quorus.protocol.ProtocolFactory - Protocol details: name=smb, class=SmbTransferProtocol, supportsResume=false, supportsPause=false
10:39:40.728 [main] INFO  d.m.quorus.protocol.ProtocolFactory - Registered protocol alias: cifs -> smb
10:39:40.728 [main] DEBUG d.m.quorus.protocol.ProtocolFactory - Creating FtpTransferProtocol instance
10:39:40.728 [main] INFO  d.m.quorus.protocol.ProtocolFactory - Registered protocol: ftp
10:39:40.728 [main] DEBUG d.m.quorus.protocol.ProtocolFactory - Protocol details: name=ftp, class=FtpTransferProtocol, supportsResume=false, supportsPause=false
10:39:40.728 [main] INFO  d.m.quorus.protocol.ProtocolFactory - Registered protocol alias: ftps -> ftp
10:39:40.728 [main] DEBUG d.m.quorus.protocol.ProtocolFactory - Creating SftpTransferProtocol instance
10:39:40.728 [main] INFO  d.m.quorus.protocol.ProtocolFactory - Registered protocol: sftp
10:39:40.728 [main] DEBUG d.m.quorus.protocol.ProtocolFactory - Protocol details: name=sftp, class=SftpTransferProtocol, supportsResume=false, supportsPause=false
10:39:40.728 [main] DEBUG d.m.quorus.protocol.ProtocolFactory - Creating NfsTransferProtocol instance
10:39:40.728 [main] DEBUG d.m.q.protocol.NfsTransferProtocol - NfsTransferProtocol initialized with mountRoot=C:\nfs
10:39:40.728 [main] INFO  d.m.quorus.protocol.ProtocolFactory - Registered protocol: nfs
10:39:40.728 [main] DEBUG d.m.quorus.protocol.ProtocolFactory - Protocol details: name=nfs, class=NfsTransferProtocol, supportsResume=false, supportsPause=false
10:39:40.728 [main] INFO  d.m.quorus.protocol.ProtocolFactory - Registered default transfer protocols: count=8, schemes=ftps, ftp, http, smb, sftp, nfs, https, cifs
10:39:40.728 [main] INFO  d.m.q.transfer.SimpleTransferEngine - SimpleTransferEngine initialized: maxConcurrent=5, maxRetries=3, retryDelay=1000ms
10:39:40.728 [main] INFO  d.m.q.transfer.SimpleTransferEngine - Shutting down transfer engine; cancelling 0 running transfer(s)
10:39:40.728 [main] INFO  d.m.q.transfer.SimpleTransferEngine - Transfer engine shutdown completed
[INFO] Tests run: 4, Failures: 0, Errors: 0, Skipped: 0, Time elapsed: 0.003 s -- in dev.mars.quorus.transfer.SimpleTransferEngineBidirectionalTest$TransferRequestValidationTests
[INFO] Tests run: 0, Failures: 0, Errors: 0, Skipped: 0, Time elapsed: 0.010 s -- in dev.mars.quorus.transfer.SimpleTransferEngineBidirectionalTest
[INFO] Running dev.mars.quorus.transfer.SimpleTransferEngineBlockingTest
10:39:40.733 [junit-timeout-thread-8] DEBUG d.m.quorus.protocol.ProtocolFactory - Initializing ProtocolFactory
10:39:40.733 [junit-timeout-thread-8] DEBUG d.m.quorus.protocol.ProtocolFactory - Registering default transfer protocols
10:39:40.733 [junit-timeout-thread-8] DEBUG d.m.quorus.protocol.ProtocolFactory - Creating HttpTransferProtocol instance
10:39:40.733 [junit-timeout-thread-8] INFO  d.m.q.protocol.HttpTransferProtocol - HttpTransferProtocol initialized: connectTimeout=30 SECONDS, socketTimeout=60 SECONDS, maxFileSize=10737418240 bytes
10:39:40.733 [junit-timeout-thread-8] INFO  d.m.quorus.protocol.ProtocolFactory - Registered protocol: http
10:39:40.733 [junit-timeout-thread-8] DEBUG d.m.quorus.protocol.ProtocolFactory - Protocol details: name=http, class=HttpTransferProtocol, supportsResume=false, supportsPause=true
10:39:40.733 [junit-timeout-thread-8] INFO  d.m.quorus.protocol.ProtocolFactory - Registered protocol alias: https -> http
10:39:40.733 [junit-timeout-thread-8] DEBUG d.m.quorus.protocol.ProtocolFactory - Creating SmbTransferProtocol instance
10:39:40.733 [junit-timeout-thread-8] INFO  d.m.quorus.protocol.ProtocolFactory - Registered protocol: smb
10:39:40.733 [junit-timeout-thread-8] DEBUG d.m.quorus.protocol.ProtocolFactory - Protocol details: name=smb, class=SmbTransferProtocol, supportsResume=false, supportsPause=false
10:39:40.733 [junit-timeout-thread-8] INFO  d.m.quorus.protocol.ProtocolFactory - Registered protocol alias: cifs -> smb
10:39:40.733 [junit-timeout-thread-8] DEBUG d.m.quorus.protocol.ProtocolFactory - Creating FtpTransferProtocol instance
10:39:40.733 [junit-timeout-thread-8] INFO  d.m.quorus.protocol.ProtocolFactory - Registered protocol: ftp
10:39:40.733 [junit-timeout-thread-8] DEBUG d.m.quorus.protocol.ProtocolFactory - Protocol details: name=ftp, class=FtpTransferProtocol, supportsResume=false, supportsPause=false
10:39:40.733 [junit-timeout-thread-8] INFO  d.m.quorus.protocol.ProtocolFactory - Registered protocol alias: ftps -> ftp
10:39:40.733 [junit-timeout-thread-8] DEBUG d.m.quorus.protocol.ProtocolFactory - Creating SftpTransferProtocol instance
10:39:40.733 [junit-timeout-thread-8] INFO  d.m.quorus.protocol.ProtocolFactory - Registered protocol: sftp
10:39:40.733 [junit-timeout-thread-8] DEBUG d.m.quorus.protocol.ProtocolFactory - Protocol details: name=sftp, class=SftpTransferProtocol, supportsResume=false, supportsPause=false
10:39:40.733 [junit-timeout-thread-8] DEBUG d.m.quorus.protocol.ProtocolFactory - Creating NfsTransferProtocol instance
10:39:40.733 [junit-timeout-thread-8] DEBUG d.m.q.protocol.NfsTransferProtocol - NfsTransferProtocol initialized with mountRoot=C:\nfs
10:39:40.733 [junit-timeout-thread-8] INFO  d.m.quorus.protocol.ProtocolFactory - Registered protocol: nfs
10:39:40.733 [junit-timeout-thread-8] DEBUG d.m.quorus.protocol.ProtocolFactory - Protocol details: name=nfs, class=NfsTransferProtocol, supportsResume=false, supportsPause=false
10:39:40.733 [junit-timeout-thread-8] INFO  d.m.quorus.protocol.ProtocolFactory - Registered default transfer protocols: count=8, schemes=ftps, ftp, http, smb, sftp, nfs, https, cifs
10:39:40.733 [junit-timeout-thread-8] INFO  d.m.q.transfer.SimpleTransferEngine - SimpleTransferEngine initialized: maxConcurrent=1, maxRetries=2, retryDelay=1ms
10:39:40.733 [junit-timeout-thread-8] DEBUG d.m.quorus.protocol.ProtocolFactory - isProtocolSupported: protocol=http, supported=true
10:39:40.733 [junit-timeout-thread-8] DEBUG d.m.quorus.protocol.ProtocolFactory - Protocol found: name=http, implementation=HttpTransferProtocol
10:39:40.733 [junit-timeout-thread-8] INFO  d.m.q.transfer.SimpleTransferEngine - Transfer started: retried
10:39:40.734 [junit-timeout-thread-8] DEBUG d.m.q.transfer.SimpleTransferEngine - Executing DOWNLOAD (Remote -> Local) transfer retried: protocol=http, source=http://127.0.0.1:57525/retried, destination=file:///C:/Users/mraysmit/AppData/Local/Temp/junit8871064496501012680/retried.bin
10:39:40.734 [junit-timeout-thread-8] DEBUG d.m.quorus.protocol.ProtocolFactory - Protocol found: name=http, implementation=HttpTransferProtocol
10:39:40.734 [junit-timeout-thread-8] INFO  d.m.q.protocol.HttpTransferProtocol - Starting HTTP download from http://127.0.0.1:57525/retried
10:39:40.742 [junit-timeout-thread-8] ERROR d.m.q.protocol.HttpTransferProtocol - [QUORUS-1203] HTTP request failed: statusCode=500, reason=Internal Server Error
10:39:40.743 [junit-timeout-thread-8] WARN  d.m.q.transfer.SimpleTransferEngine - Transfer attempt 1 of 3 failed for job retried: Transfer retried failed: HTTP 500: Internal Server Error
10:39:40.743 [junit-timeout-thread-8] DEBUG d.m.q.transfer.SimpleTransferEngine - Retrying after 1 ms
10:39:40.744 [junit-timeout-thread-8] DEBUG d.m.quorus.protocol.ProtocolFactory - Protocol found: name=http, implementation=HttpTransferProtocol
10:39:40.744 [junit-timeout-thread-8] INFO  d.m.q.protocol.HttpTransferProtocol - Starting HTTP download from http://127.0.0.1:57525/retried
10:39:40.746 [junit-timeout-thread-8] ERROR d.m.q.protocol.HttpTransferProtocol - [QUORUS-1203] HTTP request failed: statusCode=500, reason=Internal Server Error
10:39:40.747 [junit-timeout-thread-8] WARN  d.m.q.transfer.SimpleTransferEngine - Transfer attempt 2 of 3 failed for job retried: Transfer retried failed: HTTP 500: Internal Server Error
10:39:40.747 [junit-timeout-thread-8] DEBUG d.m.q.transfer.SimpleTransferEngine - Retrying after 2 ms
10:39:40.750 [junit-timeout-thread-8] DEBUG d.m.quorus.protocol.ProtocolFactory - Protocol found: name=http, implementation=HttpTransferProtocol
10:39:40.750 [junit-timeout-thread-8] INFO  d.m.q.protocol.HttpTransferProtocol - Starting HTTP download from http://127.0.0.1:57525/retried
10:39:40.755 [junit-timeout-thread-8] INFO  d.m.q.protocol.HttpTransferProtocol - HTTP download completed: jobId=retried, bytesTransferred=30, checksum=4807125757598c4f742d6a3615e1e60a59e001841574834ba43c9909e02babaf
10:39:40.755 [junit-timeout-thread-8] INFO  d.m.q.transfer.SimpleTransferEngine - DOWNLOAD (Remote -> Local) transfer completed: retried (30 bytes in 21 ms)
10:39:40.756 [main] INFO  d.m.q.transfer.SimpleTransferEngine - Shutting down transfer engine; cancelling 0 running transfer(s)
10:39:40.756 [main] INFO  d.m.q.transfer.SimpleTransferEngine - Transfer engine shutdown completed
10:39:40.760 [junit-timeout-thread-9] DEBUG d.m.quorus.protocol.ProtocolFactory - Initializing ProtocolFactory
10:39:40.760 [junit-timeout-thread-9] DEBUG d.m.quorus.protocol.ProtocolFactory - Registering default transfer protocols
10:39:40.760 [junit-timeout-thread-9] DEBUG d.m.quorus.protocol.ProtocolFactory - Creating HttpTransferProtocol instance
10:39:40.760 [junit-timeout-thread-9] INFO  d.m.q.protocol.HttpTransferProtocol - HttpTransferProtocol initialized: connectTimeout=30 SECONDS, socketTimeout=60 SECONDS, maxFileSize=10737418240 bytes
10:39:40.760 [junit-timeout-thread-9] INFO  d.m.quorus.protocol.ProtocolFactory - Registered protocol: http
10:39:40.760 [junit-timeout-thread-9] DEBUG d.m.quorus.protocol.ProtocolFactory - Protocol details: name=http, class=HttpTransferProtocol, supportsResume=false, supportsPause=true
10:39:40.760 [junit-timeout-thread-9] INFO  d.m.quorus.protocol.ProtocolFactory - Registered protocol alias: https -> http
10:39:40.760 [junit-timeout-thread-9] DEBUG d.m.quorus.protocol.ProtocolFactory - Creating SmbTransferProtocol instance
10:39:40.760 [junit-timeout-thread-9] INFO  d.m.quorus.protocol.ProtocolFactory - Registered protocol: smb
10:39:40.761 [junit-timeout-thread-9] DEBUG d.m.quorus.protocol.ProtocolFactory - Protocol details: name=smb, class=SmbTransferProtocol, supportsResume=false, supportsPause=false
10:39:40.761 [junit-timeout-thread-9] INFO  d.m.quorus.protocol.ProtocolFactory - Registered protocol alias: cifs -> smb
10:39:40.761 [junit-timeout-thread-9] DEBUG d.m.quorus.protocol.ProtocolFactory - Creating FtpTransferProtocol instance
10:39:40.761 [junit-timeout-thread-9] INFO  d.m.quorus.protocol.ProtocolFactory - Registered protocol: ftp
10:39:40.761 [junit-timeout-thread-9] DEBUG d.m.quorus.protocol.ProtocolFactory - Protocol details: name=ftp, class=FtpTransferProtocol, supportsResume=false, supportsPause=false
10:39:40.761 [junit-timeout-thread-9] INFO  d.m.quorus.protocol.ProtocolFactory - Registered protocol alias: ftps -> ftp
10:39:40.761 [junit-timeout-thread-9] DEBUG d.m.quorus.protocol.ProtocolFactory - Creating SftpTransferProtocol instance
10:39:40.761 [junit-timeout-thread-9] INFO  d.m.quorus.protocol.ProtocolFactory - Registered protocol: sftp
10:39:40.761 [junit-timeout-thread-9] DEBUG d.m.quorus.protocol.ProtocolFactory - Protocol details: name=sftp, class=SftpTransferProtocol, supportsResume=false, supportsPause=false
10:39:40.761 [junit-timeout-thread-9] DEBUG d.m.quorus.protocol.ProtocolFactory - Creating NfsTransferProtocol instance
10:39:40.761 [junit-timeout-thread-9] DEBUG d.m.q.protocol.NfsTransferProtocol - NfsTransferProtocol initialized with mountRoot=C:\nfs
10:39:40.761 [junit-timeout-thread-9] INFO  d.m.quorus.protocol.ProtocolFactory - Registered protocol: nfs
10:39:40.761 [junit-timeout-thread-9] DEBUG d.m.quorus.protocol.ProtocolFactory - Protocol details: name=nfs, class=NfsTransferProtocol, supportsResume=false, supportsPause=false
10:39:40.761 [junit-timeout-thread-9] INFO  d.m.quorus.protocol.ProtocolFactory - Registered default transfer protocols: count=8, schemes=ftps, ftp, http, smb, sftp, nfs, https, cifs
10:39:40.761 [junit-timeout-thread-9] INFO  d.m.q.transfer.SimpleTransferEngine - SimpleTransferEngine initialized: maxConcurrent=2, maxRetries=3, retryDelay=1ms
10:39:40.761 [transfer-held-cancel] DEBUG d.m.quorus.protocol.ProtocolFactory - isProtocolSupported: protocol=http, supported=true
10:39:40.762 [transfer-held-cancel] DEBUG d.m.quorus.protocol.ProtocolFactory - Protocol found: name=http, implementation=HttpTransferProtocol
10:39:40.762 [transfer-held-cancel] INFO  d.m.q.transfer.SimpleTransferEngine - Transfer started: held-cancel
10:39:40.762 [transfer-held-cancel] DEBUG d.m.q.transfer.SimpleTransferEngine - Executing DOWNLOAD (Remote -> Local) transfer held-cancel: protocol=http, source=http://127.0.0.1:57529/held-cancel, destination=file:///C:/Users/mraysmit/AppData/Local/Temp/junit6098896524040643555/held-cancel.bin
10:39:40.762 [transfer-held-cancel] DEBUG d.m.quorus.protocol.ProtocolFactory - Protocol found: name=http, implementation=HttpTransferProtocol
10:39:40.762 [transfer-held-cancel] INFO  d.m.q.protocol.HttpTransferProtocol - Starting HTTP download from http://127.0.0.1:57529/held-cancel
10:39:40.765 [junit-timeout-thread-9] INFO  d.m.q.transfer.SimpleTransferEngine - Transfer cancellation requested: held-cancel
10:39:40.767 [transfer-held-cancel] INFO  d.m.q.transfer.SimpleTransferEngine - Transfer cancelled: held-cancel
10:39:40.767 [main] INFO  d.m.q.transfer.SimpleTransferEngine - Shutting down transfer engine; cancelling 0 running transfer(s)
10:39:40.767 [main] INFO  d.m.q.transfer.SimpleTransferEngine - Transfer engine shutdown completed
10:39:40.771 [junit-timeout-thread-10] DEBUG d.m.quorus.protocol.ProtocolFactory - Initializing ProtocolFactory
10:39:40.771 [junit-timeout-thread-10] DEBUG d.m.quorus.protocol.ProtocolFactory - Registering default transfer protocols
10:39:40.771 [junit-timeout-thread-10] DEBUG d.m.quorus.protocol.ProtocolFactory - Creating HttpTransferProtocol instance
10:39:40.771 [junit-timeout-thread-10] INFO  d.m.q.protocol.HttpTransferProtocol - HttpTransferProtocol initialized: connectTimeout=30 SECONDS, socketTimeout=60 SECONDS, maxFileSize=10737418240 bytes
10:39:40.773 [junit-timeout-thread-10] INFO  d.m.quorus.protocol.ProtocolFactory - Registered protocol: http
10:39:40.773 [junit-timeout-thread-10] DEBUG d.m.quorus.protocol.ProtocolFactory - Protocol details: name=http, class=HttpTransferProtocol, supportsResume=false, supportsPause=true
10:39:40.773 [junit-timeout-thread-10] INFO  d.m.quorus.protocol.ProtocolFactory - Registered protocol alias: https -> http
10:39:40.773 [junit-timeout-thread-10] DEBUG d.m.quorus.protocol.ProtocolFactory - Creating SmbTransferProtocol instance
10:39:40.773 [junit-timeout-thread-10] INFO  d.m.quorus.protocol.ProtocolFactory - Registered protocol: smb
10:39:40.773 [junit-timeout-thread-10] DEBUG d.m.quorus.protocol.ProtocolFactory - Protocol details: name=smb, class=SmbTransferProtocol, supportsResume=false, supportsPause=false
10:39:40.773 [junit-timeout-thread-10] INFO  d.m.quorus.protocol.ProtocolFactory - Registered protocol alias: cifs -> smb
10:39:40.773 [junit-timeout-thread-10] DEBUG d.m.quorus.protocol.ProtocolFactory - Creating FtpTransferProtocol instance
10:39:40.773 [junit-timeout-thread-10] INFO  d.m.quorus.protocol.ProtocolFactory - Registered protocol: ftp
10:39:40.773 [junit-timeout-thread-10] DEBUG d.m.quorus.protocol.ProtocolFactory - Protocol details: name=ftp, class=FtpTransferProtocol, supportsResume=false, supportsPause=false
10:39:40.773 [junit-timeout-thread-10] INFO  d.m.quorus.protocol.ProtocolFactory - Registered protocol alias: ftps -> ftp
10:39:40.773 [junit-timeout-thread-10] DEBUG d.m.quorus.protocol.ProtocolFactory - Creating SftpTransferProtocol instance
10:39:40.773 [junit-timeout-thread-10] INFO  d.m.quorus.protocol.ProtocolFactory - Registered protocol: sftp
10:39:40.773 [junit-timeout-thread-10] DEBUG d.m.quorus.protocol.ProtocolFactory - Protocol details: name=sftp, class=SftpTransferProtocol, supportsResume=false, supportsPause=false
10:39:40.773 [junit-timeout-thread-10] DEBUG d.m.quorus.protocol.ProtocolFactory - Creating NfsTransferProtocol instance
10:39:40.773 [junit-timeout-thread-10] DEBUG d.m.q.protocol.NfsTransferProtocol - NfsTransferProtocol initialized with mountRoot=C:\nfs
10:39:40.773 [junit-timeout-thread-10] INFO  d.m.quorus.protocol.ProtocolFactory - Registered protocol: nfs
10:39:40.773 [junit-timeout-thread-10] DEBUG d.m.quorus.protocol.ProtocolFactory - Protocol details: name=nfs, class=NfsTransferProtocol, supportsResume=false, supportsPause=false
10:39:40.773 [junit-timeout-thread-10] INFO  d.m.quorus.protocol.ProtocolFactory - Registered default transfer protocols: count=8, schemes=ftps, ftp, http, smb, sftp, nfs, https, cifs
10:39:40.773 [junit-timeout-thread-10] INFO  d.m.q.transfer.SimpleTransferEngine - SimpleTransferEngine initialized: maxConcurrent=1, maxRetries=2, retryDelay=1ms
10:39:40.774 [junit-timeout-thread-10] DEBUG d.m.quorus.protocol.ProtocolFactory - isProtocolSupported: protocol=http, supported=true
10:39:40.774 [junit-timeout-thread-10] DEBUG d.m.quorus.protocol.ProtocolFactory - Protocol found: name=http, implementation=HttpTransferProtocol
10:39:40.774 [junit-timeout-thread-10] INFO  d.m.q.transfer.SimpleTransferEngine - Transfer started: exhausted
10:39:40.774 [junit-timeout-thread-10] DEBUG d.m.q.transfer.SimpleTransferEngine - Executing DOWNLOAD (Remote -> Local) transfer exhausted: protocol=http, source=http://127.0.0.1:57531/exhausted, destination=file:///C:/Users/mraysmit/AppData/Local/Temp/junit486961319154203851/exhausted.bin
10:39:40.774 [junit-timeout-thread-10] DEBUG d.m.quorus.protocol.ProtocolFactory - Protocol found: name=http, implementation=HttpTransferProtocol
10:39:40.774 [junit-timeout-thread-10] INFO  d.m.q.protocol.HttpTransferProtocol - Starting HTTP download from http://127.0.0.1:57531/exhausted
10:39:40.777 [junit-timeout-thread-10] ERROR d.m.q.protocol.HttpTransferProtocol - [QUORUS-1203] HTTP request failed: statusCode=500, reason=Internal Server Error
10:39:40.777 [junit-timeout-thread-10] WARN  d.m.q.transfer.SimpleTransferEngine - Transfer attempt 1 of 3 failed for job exhausted: Transfer exhausted failed: HTTP 500: Internal Server Error
10:39:40.777 [junit-timeout-thread-10] DEBUG d.m.q.transfer.SimpleTransferEngine - Retrying after 1 ms
10:39:40.779 [junit-timeout-thread-10] DEBUG d.m.quorus.protocol.ProtocolFactory - Protocol found: name=http, implementation=HttpTransferProtocol
10:39:40.779 [junit-timeout-thread-10] INFO  d.m.q.protocol.HttpTransferProtocol - Starting HTTP download from http://127.0.0.1:57531/exhausted
10:39:40.782 [junit-timeout-thread-10] ERROR d.m.q.protocol.HttpTransferProtocol - [QUORUS-1203] HTTP request failed: statusCode=500, reason=Internal Server Error
10:39:40.782 [junit-timeout-thread-10] WARN  d.m.q.transfer.SimpleTransferEngine - Transfer attempt 2 of 3 failed for job exhausted: Transfer exhausted failed: HTTP 500: Internal Server Error
10:39:40.782 [junit-timeout-thread-10] DEBUG d.m.q.transfer.SimpleTransferEngine - Retrying after 2 ms
10:39:40.785 [junit-timeout-thread-10] DEBUG d.m.quorus.protocol.ProtocolFactory - Protocol found: name=http, implementation=HttpTransferProtocol
10:39:40.785 [junit-timeout-thread-10] INFO  d.m.q.protocol.HttpTransferProtocol - Starting HTTP download from http://127.0.0.1:57531/exhausted
10:39:40.790 [junit-timeout-thread-10] ERROR d.m.q.protocol.HttpTransferProtocol - [QUORUS-1203] HTTP request failed: statusCode=500, reason=Internal Server Error
10:39:40.790 [junit-timeout-thread-10] ERROR d.m.q.transfer.SimpleTransferEngine - DOWNLOAD (Remote -> Local) transfer failed permanently: exhausted - Transfer exhausted failed: HTTP 500: Internal Server Error
10:39:40.790 [junit-timeout-thread-10] DEBUG d.m.q.transfer.SimpleTransferEngine - Failure detail for transfer exhausted
dev.mars.quorus.core.exceptions.TransferException: Transfer exhausted failed: HTTP 500: Internal Server Error
	at dev.mars.quorus.protocol.HttpTransferProtocol.requireStatus(HttpTransferProtocol.java:484)
10:39:40.791 [main] INFO  d.m.q.transfer.SimpleTransferEngine - Shutting down transfer engine; cancelling 0 running transfer(s)
10:39:40.791 [main] INFO  d.m.q.transfer.SimpleTransferEngine - Transfer engine shutdown completed
10:39:40.796 [junit-timeout-thread-11] DEBUG d.m.quorus.protocol.ProtocolFactory - Initializing ProtocolFactory
10:39:40.796 [junit-timeout-thread-11] DEBUG d.m.quorus.protocol.ProtocolFactory - Registering default transfer protocols
10:39:40.796 [junit-timeout-thread-11] DEBUG d.m.quorus.protocol.ProtocolFactory - Creating HttpTransferProtocol instance
10:39:40.796 [junit-timeout-thread-11] INFO  d.m.q.protocol.HttpTransferProtocol - HttpTransferProtocol initialized: connectTimeout=30 SECONDS, socketTimeout=60 SECONDS, maxFileSize=10737418240 bytes
10:39:40.796 [junit-timeout-thread-11] INFO  d.m.quorus.protocol.ProtocolFactory - Registered protocol: http
10:39:40.796 [junit-timeout-thread-11] DEBUG d.m.quorus.protocol.ProtocolFactory - Protocol details: name=http, class=HttpTransferProtocol, supportsResume=false, supportsPause=true
10:39:40.796 [junit-timeout-thread-11] INFO  d.m.quorus.protocol.ProtocolFactory - Registered protocol alias: https -> http
10:39:40.796 [junit-timeout-thread-11] DEBUG d.m.quorus.protocol.ProtocolFactory - Creating SmbTransferProtocol instance
10:39:40.796 [junit-timeout-thread-11] INFO  d.m.quorus.protocol.ProtocolFactory - Registered protocol: smb
10:39:40.796 [junit-timeout-thread-11] DEBUG d.m.quorus.protocol.ProtocolFactory - Protocol details: name=smb, class=SmbTransferProtocol, supportsResume=false, supportsPause=false
10:39:40.796 [junit-timeout-thread-11] INFO  d.m.quorus.protocol.ProtocolFactory - Registered protocol alias: cifs -> smb
10:39:40.796 [junit-timeout-thread-11] DEBUG d.m.quorus.protocol.ProtocolFactory - Creating FtpTransferProtocol instance
10:39:40.796 [junit-timeout-thread-11] INFO  d.m.quorus.protocol.ProtocolFactory - Registered protocol: ftp
10:39:40.796 [junit-timeout-thread-11] DEBUG d.m.quorus.protocol.ProtocolFactory - Protocol details: name=ftp, class=FtpTransferProtocol, supportsResume=false, supportsPause=false
10:39:40.796 [junit-timeout-thread-11] INFO  d.m.quorus.protocol.ProtocolFactory - Registered protocol alias: ftps -> ftp
10:39:40.796 [junit-timeout-thread-11] DEBUG d.m.quorus.protocol.ProtocolFactory - Creating SftpTransferProtocol instance
10:39:40.796 [junit-timeout-thread-11] INFO  d.m.quorus.protocol.ProtocolFactory - Registered protocol: sftp
10:39:40.796 [junit-timeout-thread-11] DEBUG d.m.quorus.protocol.ProtocolFactory - Protocol details: name=sftp, class=SftpTransferProtocol, supportsResume=false, supportsPause=false
10:39:40.797 [junit-timeout-thread-11] DEBUG d.m.quorus.protocol.ProtocolFactory - Creating NfsTransferProtocol instance
10:39:40.797 [junit-timeout-thread-11] DEBUG d.m.q.protocol.NfsTransferProtocol - NfsTransferProtocol initialized with mountRoot=C:\nfs
10:39:40.797 [junit-timeout-thread-11] INFO  d.m.quorus.protocol.ProtocolFactory - Registered protocol: nfs
10:39:40.797 [junit-timeout-thread-11] DEBUG d.m.quorus.protocol.ProtocolFactory - Protocol details: name=nfs, class=NfsTransferProtocol, supportsResume=false, supportsPause=false
10:39:40.797 [junit-timeout-thread-11] INFO  d.m.quorus.protocol.ProtocolFactory - Registered default transfer protocols: count=8, schemes=ftps, ftp, http, smb, sftp, nfs, https, cifs
10:39:40.797 [junit-timeout-thread-11] INFO  d.m.q.transfer.SimpleTransferEngine - SimpleTransferEngine initialized: maxConcurrent=1, maxRetries=0, retryDelay=1ms
10:39:40.797 [transfer-held-slow] DEBUG d.m.quorus.protocol.ProtocolFactory - isProtocolSupported: protocol=http, supported=true
10:39:40.797 [transfer-held-slow] DEBUG d.m.quorus.protocol.ProtocolFactory - Protocol found: name=http, implementation=HttpTransferProtocol
10:39:40.797 [transfer-held-slow] INFO  d.m.q.transfer.SimpleTransferEngine - Transfer started: held-slow
10:39:40.797 [transfer-held-slow] DEBUG d.m.q.transfer.SimpleTransferEngine - Executing DOWNLOAD (Remote -> Local) transfer held-slow: protocol=http, source=http://127.0.0.1:57535/held-slow, destination=file:///C:/Users/mraysmit/AppData/Local/Temp/junit17296053908504911058/held-slow.bin
10:39:40.797 [transfer-held-slow] DEBUG d.m.quorus.protocol.ProtocolFactory - Protocol found: name=http, implementation=HttpTransferProtocol
10:39:40.798 [transfer-held-slow] INFO  d.m.q.protocol.HttpTransferProtocol - Starting HTTP download from http://127.0.0.1:57535/held-slow
10:39:40.803 [junit-timeout-thread-11] DEBUG d.m.quorus.protocol.ProtocolFactory - isProtocolSupported: protocol=http, supported=true
10:39:40.803 [junit-timeout-thread-11] DEBUG d.m.quorus.protocol.ProtocolFactory - Protocol found: name=http, implementation=HttpTransferProtocol
10:39:40.804 [transfer-held-slow] INFO  d.m.q.protocol.HttpTransferProtocol - HTTP download completed: jobId=held-slow, bytesTransferred=30, checksum=4807125757598c4f742d6a3615e1e60a59e001841574834ba43c9909e02babaf
10:39:40.804 [transfer-held-slow] INFO  d.m.q.transfer.SimpleTransferEngine - DOWNLOAD (Remote -> Local) transfer completed: held-slow (30 bytes in 7 ms)
10:39:40.805 [junit-timeout-thread-11] DEBUG d.m.quorus.protocol.ProtocolFactory - isProtocolSupported: protocol=http, supported=true
10:39:40.805 [junit-timeout-thread-11] DEBUG d.m.quorus.protocol.ProtocolFactory - Protocol found: name=http, implementation=HttpTransferProtocol
10:39:40.805 [junit-timeout-thread-11] INFO  d.m.q.transfer.SimpleTransferEngine - Transfer started: fast
10:39:40.805 [junit-timeout-thread-11] DEBUG d.m.q.transfer.SimpleTransferEngine - Executing DOWNLOAD (Remote -> Local) transfer fast: protocol=http, source=http://127.0.0.1:57535/fast, destination=file:///C:/Users/mraysmit/AppData/Local/Temp/junit17296053908504911058/fast.bin
10:39:40.805 [junit-timeout-thread-11] DEBUG d.m.quorus.protocol.ProtocolFactory - Protocol found: name=http, implementation=HttpTransferProtocol
10:39:40.805 [junit-timeout-thread-11] INFO  d.m.q.protocol.HttpTransferProtocol - Starting HTTP download from http://127.0.0.1:57535/fast
10:39:40.810 [junit-timeout-thread-11] INFO  d.m.q.protocol.HttpTransferProtocol - HTTP download completed: jobId=fast, bytesTransferred=30, checksum=4807125757598c4f742d6a3615e1e60a59e001841574834ba43c9909e02babaf
10:39:40.811 [junit-timeout-thread-11] INFO  d.m.q.transfer.SimpleTransferEngine - DOWNLOAD (Remote -> Local) transfer completed: fast (30 bytes in 6 ms)
10:39:40.811 [main] INFO  d.m.q.transfer.SimpleTransferEngine - Shutting down transfer engine; cancelling 0 running transfer(s)
10:39:40.811 [main] INFO  d.m.q.transfer.SimpleTransferEngine - Transfer engine shutdown completed
10:39:40.816 [junit-timeout-thread-12] DEBUG d.m.quorus.protocol.ProtocolFactory - Initializing ProtocolFactory
10:39:40.816 [junit-timeout-thread-12] DEBUG d.m.quorus.protocol.ProtocolFactory - Registering default transfer protocols
10:39:40.816 [junit-timeout-thread-12] DEBUG d.m.quorus.protocol.ProtocolFactory - Creating HttpTransferProtocol instance
10:39:40.816 [junit-timeout-thread-12] INFO  d.m.q.protocol.HttpTransferProtocol - HttpTransferProtocol initialized: connectTimeout=30 SECONDS, socketTimeout=60 SECONDS, maxFileSize=10737418240 bytes
10:39:40.816 [junit-timeout-thread-12] INFO  d.m.quorus.protocol.ProtocolFactory - Registered protocol: http
10:39:40.816 [junit-timeout-thread-12] DEBUG d.m.quorus.protocol.ProtocolFactory - Protocol details: name=http, class=HttpTransferProtocol, supportsResume=false, supportsPause=true
10:39:40.816 [junit-timeout-thread-12] INFO  d.m.quorus.protocol.ProtocolFactory - Registered protocol alias: https -> http
10:39:40.816 [junit-timeout-thread-12] DEBUG d.m.quorus.protocol.ProtocolFactory - Creating SmbTransferProtocol instance
10:39:40.816 [junit-timeout-thread-12] INFO  d.m.quorus.protocol.ProtocolFactory - Registered protocol: smb
10:39:40.816 [junit-timeout-thread-12] DEBUG d.m.quorus.protocol.ProtocolFactory - Protocol details: name=smb, class=SmbTransferProtocol, supportsResume=false, supportsPause=false
10:39:40.816 [junit-timeout-thread-12] INFO  d.m.quorus.protocol.ProtocolFactory - Registered protocol alias: cifs -> smb
10:39:40.816 [junit-timeout-thread-12] DEBUG d.m.quorus.protocol.ProtocolFactory - Creating FtpTransferProtocol instance
10:39:40.816 [junit-timeout-thread-12] INFO  d.m.quorus.protocol.ProtocolFactory - Registered protocol: ftp
10:39:40.816 [junit-timeout-thread-12] DEBUG d.m.quorus.protocol.ProtocolFactory - Protocol details: name=ftp, class=FtpTransferProtocol, supportsResume=false, supportsPause=false
10:39:40.816 [junit-timeout-thread-12] INFO  d.m.quorus.protocol.ProtocolFactory - Registered protocol alias: ftps -> ftp
10:39:40.816 [junit-timeout-thread-12] DEBUG d.m.quorus.protocol.ProtocolFactory - Creating SftpTransferProtocol instance
10:39:40.816 [junit-timeout-thread-12] INFO  d.m.quorus.protocol.ProtocolFactory - Registered protocol: sftp
10:39:40.816 [junit-timeout-thread-12] DEBUG d.m.quorus.protocol.ProtocolFactory - Protocol details: name=sftp, class=SftpTransferProtocol, supportsResume=false, supportsPause=false
10:39:40.816 [junit-timeout-thread-12] DEBUG d.m.quorus.protocol.ProtocolFactory - Creating NfsTransferProtocol instance
10:39:40.816 [junit-timeout-thread-12] DEBUG d.m.q.protocol.NfsTransferProtocol - NfsTransferProtocol initialized with mountRoot=C:\nfs
10:39:40.816 [junit-timeout-thread-12] INFO  d.m.quorus.protocol.ProtocolFactory - Registered protocol: nfs
10:39:40.816 [junit-timeout-thread-12] DEBUG d.m.quorus.protocol.ProtocolFactory - Protocol details: name=nfs, class=NfsTransferProtocol, supportsResume=false, supportsPause=false
10:39:40.816 [junit-timeout-thread-12] INFO  d.m.quorus.protocol.ProtocolFactory - Registered default transfer protocols: count=8, schemes=ftps, ftp, http, smb, sftp, nfs, https, cifs
10:39:40.816 [junit-timeout-thread-12] INFO  d.m.q.transfer.SimpleTransferEngine - SimpleTransferEngine initialized: maxConcurrent=2, maxRetries=0, retryDelay=1ms
10:39:40.816 [transfer-held-interrupt] DEBUG d.m.quorus.protocol.ProtocolFactory - isProtocolSupported: protocol=http, supported=true
10:39:40.816 [transfer-held-interrupt] DEBUG d.m.quorus.protocol.ProtocolFactory - Protocol found: name=http, implementation=HttpTransferProtocol
10:39:40.817 [transfer-held-interrupt] INFO  d.m.q.transfer.SimpleTransferEngine - Transfer started: held-interrupt
10:39:40.817 [transfer-held-interrupt] DEBUG d.m.q.transfer.SimpleTransferEngine - Executing DOWNLOAD (Remote -> Local) transfer held-interrupt: protocol=http, source=http://127.0.0.1:57538/held-interrupt, destination=file:///C:/Users/mraysmit/AppData/Local/Temp/junit4050876718398762364/held-interrupt.bin
10:39:40.817 [transfer-held-interrupt] DEBUG d.m.quorus.protocol.ProtocolFactory - Protocol found: name=http, implementation=HttpTransferProtocol
10:39:40.817 [transfer-held-interrupt] INFO  d.m.q.protocol.HttpTransferProtocol - Starting HTTP download from http://127.0.0.1:57538/held-interrupt
10:39:40.821 [transfer-held-interrupt] INFO  d.m.q.transfer.SimpleTransferEngine - Transfer cancelled: held-interrupt
10:39:40.821 [main] INFO  d.m.q.transfer.SimpleTransferEngine - Shutting down transfer engine; cancelling 0 running transfer(s)
10:39:40.821 [main] INFO  d.m.q.transfer.SimpleTransferEngine - Transfer engine shutdown completed
10:39:40.828 [junit-timeout-thread-13] DEBUG d.m.quorus.protocol.ProtocolFactory - Initializing ProtocolFactory
10:39:40.829 [junit-timeout-thread-13] DEBUG d.m.quorus.protocol.ProtocolFactory - Registering default transfer protocols
10:39:40.829 [junit-timeout-thread-13] DEBUG d.m.quorus.protocol.ProtocolFactory - Creating HttpTransferProtocol instance
10:39:40.829 [junit-timeout-thread-13] INFO  d.m.q.protocol.HttpTransferProtocol - HttpTransferProtocol initialized: connectTimeout=30 SECONDS, socketTimeout=60 SECONDS, maxFileSize=10737418240 bytes
10:39:40.829 [junit-timeout-thread-13] INFO  d.m.quorus.protocol.ProtocolFactory - Registered protocol: http
10:39:40.829 [junit-timeout-thread-13] DEBUG d.m.quorus.protocol.ProtocolFactory - Protocol details: name=http, class=HttpTransferProtocol, supportsResume=false, supportsPause=true
10:39:40.829 [junit-timeout-thread-13] INFO  d.m.quorus.protocol.ProtocolFactory - Registered protocol alias: https -> http
10:39:40.829 [junit-timeout-thread-13] DEBUG d.m.quorus.protocol.ProtocolFactory - Creating SmbTransferProtocol instance
10:39:40.829 [junit-timeout-thread-13] INFO  d.m.quorus.protocol.ProtocolFactory - Registered protocol: smb
10:39:40.829 [junit-timeout-thread-13] DEBUG d.m.quorus.protocol.ProtocolFactory - Protocol details: name=smb, class=SmbTransferProtocol, supportsResume=false, supportsPause=false
10:39:40.829 [junit-timeout-thread-13] INFO  d.m.quorus.protocol.ProtocolFactory - Registered protocol alias: cifs -> smb
10:39:40.829 [junit-timeout-thread-13] DEBUG d.m.quorus.protocol.ProtocolFactory - Creating FtpTransferProtocol instance
10:39:40.829 [junit-timeout-thread-13] INFO  d.m.quorus.protocol.ProtocolFactory - Registered protocol: ftp
10:39:40.829 [junit-timeout-thread-13] DEBUG d.m.quorus.protocol.ProtocolFactory - Protocol details: name=ftp, class=FtpTransferProtocol, supportsResume=false, supportsPause=false
10:39:40.829 [junit-timeout-thread-13] INFO  d.m.quorus.protocol.ProtocolFactory - Registered protocol alias: ftps -> ftp
10:39:40.829 [junit-timeout-thread-13] DEBUG d.m.quorus.protocol.ProtocolFactory - Creating SftpTransferProtocol instance
10:39:40.829 [junit-timeout-thread-13] INFO  d.m.quorus.protocol.ProtocolFactory - Registered protocol: sftp
10:39:40.829 [junit-timeout-thread-13] DEBUG d.m.quorus.protocol.ProtocolFactory - Protocol details: name=sftp, class=SftpTransferProtocol, supportsResume=false, supportsPause=false
10:39:40.829 [junit-timeout-thread-13] DEBUG d.m.quorus.protocol.ProtocolFactory - Creating NfsTransferProtocol instance
10:39:40.829 [junit-timeout-thread-13] DEBUG d.m.q.protocol.NfsTransferProtocol - NfsTransferProtocol initialized with mountRoot=C:\nfs
10:39:40.829 [junit-timeout-thread-13] INFO  d.m.quorus.protocol.ProtocolFactory - Registered protocol: nfs
10:39:40.829 [junit-timeout-thread-13] DEBUG d.m.quorus.protocol.ProtocolFactory - Protocol details: name=nfs, class=NfsTransferProtocol, supportsResume=false, supportsPause=false
10:39:40.829 [junit-timeout-thread-13] INFO  d.m.quorus.protocol.ProtocolFactory - Registered default transfer protocols: count=8, schemes=ftps, ftp, http, smb, sftp, nfs, https, cifs
10:39:40.829 [junit-timeout-thread-13] INFO  d.m.q.transfer.SimpleTransferEngine - SimpleTransferEngine initialized: maxConcurrent=2, maxRetries=0, retryDelay=1ms
10:39:40.830 [junit-timeout-thread-13] DEBUG d.m.quorus.protocol.ProtocolFactory - isProtocolSupported: protocol=http, supported=true
10:39:40.830 [junit-timeout-thread-13] DEBUG d.m.quorus.protocol.ProtocolFactory - Protocol found: name=http, implementation=HttpTransferProtocol
10:39:40.830 [junit-timeout-thread-13] INFO  d.m.q.transfer.SimpleTransferEngine - Transfer started: plain
10:39:40.830 [junit-timeout-thread-13] DEBUG d.m.q.transfer.SimpleTransferEngine - Executing DOWNLOAD (Remote -> Local) transfer plain: protocol=http, source=http://127.0.0.1:57540/plain, destination=file:///C:/Users/mraysmit/AppData/Local/Temp/junit6452880975316705210/plain.bin
10:39:40.830 [junit-timeout-thread-13] DEBUG d.m.quorus.protocol.ProtocolFactory - Protocol found: name=http, implementation=HttpTransferProtocol
10:39:40.830 [junit-timeout-thread-13] INFO  d.m.q.protocol.HttpTransferProtocol - Starting HTTP download from http://127.0.0.1:57540/plain
10:39:40.836 [junit-timeout-thread-13] INFO  d.m.q.protocol.HttpTransferProtocol - HTTP download completed: jobId=plain, bytesTransferred=30, checksum=4807125757598c4f742d6a3615e1e60a59e001841574834ba43c9909e02babaf
10:39:40.837 [junit-timeout-thread-13] INFO  d.m.q.transfer.SimpleTransferEngine - DOWNLOAD (Remote -> Local) transfer completed: plain (30 bytes in 7 ms)
10:39:40.839 [main] INFO  d.m.q.transfer.SimpleTransferEngine - Shutting down transfer engine; cancelling 0 running transfer(s)
10:39:40.839 [main] INFO  d.m.q.transfer.SimpleTransferEngine - Transfer engine shutdown completed
10:39:40.845 [junit-timeout-thread-14] DEBUG d.m.quorus.protocol.ProtocolFactory - Initializing ProtocolFactory
10:39:40.845 [junit-timeout-thread-14] DEBUG d.m.quorus.protocol.ProtocolFactory - Registering default transfer protocols
10:39:40.845 [junit-timeout-thread-14] DEBUG d.m.quorus.protocol.ProtocolFactory - Creating HttpTransferProtocol instance
10:39:40.845 [junit-timeout-thread-14] INFO  d.m.q.protocol.HttpTransferProtocol - HttpTransferProtocol initialized: connectTimeout=30 SECONDS, socketTimeout=60 SECONDS, maxFileSize=10737418240 bytes
10:39:40.845 [junit-timeout-thread-14] INFO  d.m.quorus.protocol.ProtocolFactory - Registered protocol: http
10:39:40.845 [junit-timeout-thread-14] DEBUG d.m.quorus.protocol.ProtocolFactory - Protocol details: name=http, class=HttpTransferProtocol, supportsResume=false, supportsPause=true
10:39:40.845 [junit-timeout-thread-14] INFO  d.m.quorus.protocol.ProtocolFactory - Registered protocol alias: https -> http
10:39:40.845 [junit-timeout-thread-14] DEBUG d.m.quorus.protocol.ProtocolFactory - Creating SmbTransferProtocol instance
10:39:40.845 [junit-timeout-thread-14] INFO  d.m.quorus.protocol.ProtocolFactory - Registered protocol: smb
10:39:40.845 [junit-timeout-thread-14] DEBUG d.m.quorus.protocol.ProtocolFactory - Protocol details: name=smb, class=SmbTransferProtocol, supportsResume=false, supportsPause=false
10:39:40.845 [junit-timeout-thread-14] INFO  d.m.quorus.protocol.ProtocolFactory - Registered protocol alias: cifs -> smb
10:39:40.845 [junit-timeout-thread-14] DEBUG d.m.quorus.protocol.ProtocolFactory - Creating FtpTransferProtocol instance
10:39:40.845 [junit-timeout-thread-14] INFO  d.m.quorus.protocol.ProtocolFactory - Registered protocol: ftp
10:39:40.845 [junit-timeout-thread-14] DEBUG d.m.quorus.protocol.ProtocolFactory - Protocol details: name=ftp, class=FtpTransferProtocol, supportsResume=false, supportsPause=false
10:39:40.845 [junit-timeout-thread-14] INFO  d.m.quorus.protocol.ProtocolFactory - Registered protocol alias: ftps -> ftp
10:39:40.845 [junit-timeout-thread-14] DEBUG d.m.quorus.protocol.ProtocolFactory - Creating SftpTransferProtocol instance
10:39:40.845 [junit-timeout-thread-14] INFO  d.m.quorus.protocol.ProtocolFactory - Registered protocol: sftp
10:39:40.845 [junit-timeout-thread-14] DEBUG d.m.quorus.protocol.ProtocolFactory - Protocol details: name=sftp, class=SftpTransferProtocol, supportsResume=false, supportsPause=false
10:39:40.845 [junit-timeout-thread-14] DEBUG d.m.quorus.protocol.ProtocolFactory - Creating NfsTransferProtocol instance
10:39:40.845 [junit-timeout-thread-14] DEBUG d.m.q.protocol.NfsTransferProtocol - NfsTransferProtocol initialized with mountRoot=C:\nfs
10:39:40.845 [junit-timeout-thread-14] INFO  d.m.quorus.protocol.ProtocolFactory - Registered protocol: nfs
10:39:40.845 [junit-timeout-thread-14] DEBUG d.m.quorus.protocol.ProtocolFactory - Protocol details: name=nfs, class=NfsTransferProtocol, supportsResume=false, supportsPause=false
10:39:40.845 [junit-timeout-thread-14] INFO  d.m.quorus.protocol.ProtocolFactory - Registered default transfer protocols: count=8, schemes=ftps, ftp, http, smb, sftp, nfs, https, cifs
10:39:40.845 [junit-timeout-thread-14] INFO  d.m.q.transfer.SimpleTransferEngine - SimpleTransferEngine initialized: maxConcurrent=2, maxRetries=3, retryDelay=1ms
10:39:40.846 [transfer-held-shutdown] DEBUG d.m.quorus.protocol.ProtocolFactory - isProtocolSupported: protocol=http, supported=true
10:39:40.846 [transfer-held-shutdown] DEBUG d.m.quorus.protocol.ProtocolFactory - Protocol found: name=http, implementation=HttpTransferProtocol
10:39:40.846 [transfer-held-shutdown] INFO  d.m.q.transfer.SimpleTransferEngine - Transfer started: held-shutdown
10:39:40.846 [transfer-held-shutdown] DEBUG d.m.q.transfer.SimpleTransferEngine - Executing DOWNLOAD (Remote -> Local) transfer held-shutdown: protocol=http, source=http://127.0.0.1:57542/held-shutdown, destination=file:///C:/Users/mraysmit/AppData/Local/Temp/junit9091131460397626987/held-shutdown.bin
10:39:40.846 [transfer-held-shutdown] DEBUG d.m.quorus.protocol.ProtocolFactory - Protocol found: name=http, implementation=HttpTransferProtocol
10:39:40.846 [transfer-held-shutdown] INFO  d.m.q.protocol.HttpTransferProtocol - Starting HTTP download from http://127.0.0.1:57542/held-shutdown
10:39:40.851 [junit-timeout-thread-14] INFO  d.m.q.transfer.SimpleTransferEngine - Shutting down transfer engine; cancelling 1 running transfer(s)
10:39:40.852 [transfer-held-shutdown] INFO  d.m.q.transfer.SimpleTransferEngine - Transfer cancelled: held-shutdown
10:39:40.853 [junit-timeout-thread-14] INFO  d.m.q.transfer.SimpleTransferEngine - Transfer engine shutdown completed
10:39:40.854 [main] INFO  d.m.q.transfer.SimpleTransferEngine - Transfer engine shutdown completed
10:39:40.859 [junit-timeout-thread-15] DEBUG d.m.quorus.protocol.ProtocolFactory - Initializing ProtocolFactory
10:39:40.859 [junit-timeout-thread-15] DEBUG d.m.quorus.protocol.ProtocolFactory - Registering default transfer protocols
10:39:40.859 [junit-timeout-thread-15] DEBUG d.m.quorus.protocol.ProtocolFactory - Creating HttpTransferProtocol instance
10:39:40.859 [junit-timeout-thread-15] INFO  d.m.q.protocol.HttpTransferProtocol - HttpTransferProtocol initialized: connectTimeout=30 SECONDS, socketTimeout=60 SECONDS, maxFileSize=10737418240 bytes
10:39:40.859 [junit-timeout-thread-15] INFO  d.m.quorus.protocol.ProtocolFactory - Registered protocol: http
10:39:40.859 [junit-timeout-thread-15] DEBUG d.m.quorus.protocol.ProtocolFactory - Protocol details: name=http, class=HttpTransferProtocol, supportsResume=false, supportsPause=true
10:39:40.859 [junit-timeout-thread-15] INFO  d.m.quorus.protocol.ProtocolFactory - Registered protocol alias: https -> http
10:39:40.859 [junit-timeout-thread-15] DEBUG d.m.quorus.protocol.ProtocolFactory - Creating SmbTransferProtocol instance
10:39:40.859 [junit-timeout-thread-15] INFO  d.m.quorus.protocol.ProtocolFactory - Registered protocol: smb
10:39:40.860 [junit-timeout-thread-15] DEBUG d.m.quorus.protocol.ProtocolFactory - Protocol details: name=smb, class=SmbTransferProtocol, supportsResume=false, supportsPause=false
10:39:40.860 [junit-timeout-thread-15] INFO  d.m.quorus.protocol.ProtocolFactory - Registered protocol alias: cifs -> smb
10:39:40.860 [junit-timeout-thread-15] DEBUG d.m.quorus.protocol.ProtocolFactory - Creating FtpTransferProtocol instance
10:39:40.860 [junit-timeout-thread-15] INFO  d.m.quorus.protocol.ProtocolFactory - Registered protocol: ftp
10:39:40.860 [junit-timeout-thread-15] DEBUG d.m.quorus.protocol.ProtocolFactory - Protocol details: name=ftp, class=FtpTransferProtocol, supportsResume=false, supportsPause=false
10:39:40.860 [junit-timeout-thread-15] INFO  d.m.quorus.protocol.ProtocolFactory - Registered protocol alias: ftps -> ftp
10:39:40.860 [junit-timeout-thread-15] DEBUG d.m.quorus.protocol.ProtocolFactory - Creating SftpTransferProtocol instance
10:39:40.860 [junit-timeout-thread-15] INFO  d.m.quorus.protocol.ProtocolFactory - Registered protocol: sftp
10:39:40.860 [junit-timeout-thread-15] DEBUG d.m.quorus.protocol.ProtocolFactory - Protocol details: name=sftp, class=SftpTransferProtocol, supportsResume=false, supportsPause=false
10:39:40.860 [junit-timeout-thread-15] DEBUG d.m.quorus.protocol.ProtocolFactory - Creating NfsTransferProtocol instance
10:39:40.860 [junit-timeout-thread-15] DEBUG d.m.q.protocol.NfsTransferProtocol - NfsTransferProtocol initialized with mountRoot=C:\nfs
10:39:40.860 [junit-timeout-thread-15] INFO  d.m.quorus.protocol.ProtocolFactory - Registered protocol: nfs
10:39:40.860 [junit-timeout-thread-15] DEBUG d.m.quorus.protocol.ProtocolFactory - Protocol details: name=nfs, class=NfsTransferProtocol, supportsResume=false, supportsPause=false
10:39:40.860 [junit-timeout-thread-15] INFO  d.m.quorus.protocol.ProtocolFactory - Registered default transfer protocols: count=8, schemes=ftps, ftp, http, smb, sftp, nfs, https, cifs
10:39:40.860 [junit-timeout-thread-15] INFO  d.m.q.transfer.SimpleTransferEngine - SimpleTransferEngine initialized: maxConcurrent=2, maxRetries=0, retryDelay=1ms
10:39:40.860 [transfer-held-a] DEBUG d.m.quorus.protocol.ProtocolFactory - isProtocolSupported: protocol=http, supported=true
10:39:40.861 [transfer-held-a] DEBUG d.m.quorus.protocol.ProtocolFactory - Protocol found: name=http, implementation=HttpTransferProtocol
10:39:40.861 [transfer-held-b] DEBUG d.m.quorus.protocol.ProtocolFactory - isProtocolSupported: protocol=http, supported=true
10:39:40.861 [transfer-held-a] INFO  d.m.q.transfer.SimpleTransferEngine - Transfer started: held-a
10:39:40.861 [transfer-held-b] DEBUG d.m.quorus.protocol.ProtocolFactory - Protocol found: name=http, implementation=HttpTransferProtocol
10:39:40.861 [transfer-held-a] DEBUG d.m.q.transfer.SimpleTransferEngine - Executing DOWNLOAD (Remote -> Local) transfer held-a: protocol=http, source=http://127.0.0.1:57544/held-a, destination=file:///C:/Users/mraysmit/AppData/Local/Temp/junit2544719959542489593/held-a.bin
10:39:40.861 [transfer-held-b] INFO  d.m.q.transfer.SimpleTransferEngine - Transfer started: held-b
10:39:40.861 [transfer-held-a] DEBUG d.m.quorus.protocol.ProtocolFactory - Protocol found: name=http, implementation=HttpTransferProtocol
10:39:40.861 [transfer-held-b] DEBUG d.m.q.transfer.SimpleTransferEngine - Executing DOWNLOAD (Remote -> Local) transfer held-b: protocol=http, source=http://127.0.0.1:57544/held-b, destination=file:///C:/Users/mraysmit/AppData/Local/Temp/junit2544719959542489593/held-b.bin
10:39:40.861 [transfer-held-a] INFO  d.m.q.protocol.HttpTransferProtocol - Starting HTTP download from http://127.0.0.1:57544/held-a
10:39:40.861 [transfer-held-b] DEBUG d.m.quorus.protocol.ProtocolFactory - Protocol found: name=http, implementation=HttpTransferProtocol
10:39:40.861 [transfer-held-b] INFO  d.m.q.protocol.HttpTransferProtocol - Starting HTTP download from http://127.0.0.1:57544/held-b
10:39:40.865 [junit-timeout-thread-15] INFO  d.m.q.transfer.SimpleTransferEngine - Transfer cancellation requested: held-a
10:39:40.865 [transfer-held-a] INFO  d.m.q.transfer.SimpleTransferEngine - Transfer cancelled: held-a
10:39:40.866 [transfer-held-b] INFO  d.m.q.protocol.HttpTransferProtocol - HTTP download completed: jobId=held-b, bytesTransferred=30, checksum=4807125757598c4f742d6a3615e1e60a59e001841574834ba43c9909e02babaf
10:39:40.866 [transfer-held-b] INFO  d.m.q.transfer.SimpleTransferEngine - DOWNLOAD (Remote -> Local) transfer completed: held-b (30 bytes in 5 ms)
10:39:40.868 [main] INFO  d.m.q.transfer.SimpleTransferEngine - Shutting down transfer engine; cancelling 0 running transfer(s)
10:39:40.868 [main] INFO  d.m.q.transfer.SimpleTransferEngine - Transfer engine shutdown completed
[INFO] Tests run: 8, Failures: 0, Errors: 0, Skipped: 0, Time elapsed: 0.143 s -- in dev.mars.quorus.transfer.SimpleTransferEngineBlockingTest
[INFO] Running dev.mars.quorus.transfer.SimpleTransferEngineTest
10:39:40.873 [main] DEBUG d.m.quorus.protocol.ProtocolFactory - Initializing ProtocolFactory
10:39:40.873 [main] DEBUG d.m.quorus.protocol.ProtocolFactory - Registering default transfer protocols
10:39:40.873 [main] DEBUG d.m.quorus.protocol.ProtocolFactory - Creating HttpTransferProtocol instance
10:39:40.873 [main] INFO  d.m.q.protocol.HttpTransferProtocol - HttpTransferProtocol initialized: connectTimeout=30 SECONDS, socketTimeout=60 SECONDS, maxFileSize=10737418240 bytes
10:39:40.873 [main] INFO  d.m.quorus.protocol.ProtocolFactory - Registered protocol: http
10:39:40.873 [main] DEBUG d.m.quorus.protocol.ProtocolFactory - Protocol details: name=http, class=HttpTransferProtocol, supportsResume=false, supportsPause=true
10:39:40.873 [main] INFO  d.m.quorus.protocol.ProtocolFactory - Registered protocol alias: https -> http
10:39:40.873 [main] DEBUG d.m.quorus.protocol.ProtocolFactory - Creating SmbTransferProtocol instance
10:39:40.873 [main] INFO  d.m.quorus.protocol.ProtocolFactory - Registered protocol: smb
10:39:40.873 [main] DEBUG d.m.quorus.protocol.ProtocolFactory - Protocol details: name=smb, class=SmbTransferProtocol, supportsResume=false, supportsPause=false
10:39:40.873 [main] INFO  d.m.quorus.protocol.ProtocolFactory - Registered protocol alias: cifs -> smb
10:39:40.873 [main] DEBUG d.m.quorus.protocol.ProtocolFactory - Creating FtpTransferProtocol instance
10:39:40.873 [main] INFO  d.m.quorus.protocol.ProtocolFactory - Registered protocol: ftp
10:39:40.873 [main] DEBUG d.m.quorus.protocol.ProtocolFactory - Protocol details: name=ftp, class=FtpTransferProtocol, supportsResume=false, supportsPause=false
10:39:40.873 [main] INFO  d.m.quorus.protocol.ProtocolFactory - Registered protocol alias: ftps -> ftp
10:39:40.873 [main] DEBUG d.m.quorus.protocol.ProtocolFactory - Creating SftpTransferProtocol instance
10:39:40.873 [main] INFO  d.m.quorus.protocol.ProtocolFactory - Registered protocol: sftp
10:39:40.873 [main] DEBUG d.m.quorus.protocol.ProtocolFactory - Protocol details: name=sftp, class=SftpTransferProtocol, supportsResume=false, supportsPause=false
10:39:40.873 [main] DEBUG d.m.quorus.protocol.ProtocolFactory - Creating NfsTransferProtocol instance
10:39:40.873 [main] DEBUG d.m.q.protocol.NfsTransferProtocol - NfsTransferProtocol initialized with mountRoot=C:\nfs
10:39:40.873 [main] INFO  d.m.quorus.protocol.ProtocolFactory - Registered protocol: nfs
10:39:40.873 [main] DEBUG d.m.quorus.protocol.ProtocolFactory - Protocol details: name=nfs, class=NfsTransferProtocol, supportsResume=false, supportsPause=false
10:39:40.873 [main] INFO  d.m.quorus.protocol.ProtocolFactory - Registered default transfer protocols: count=8, schemes=ftps, ftp, http, smb, sftp, nfs, https, cifs
10:39:40.873 [main] INFO  d.m.q.transfer.SimpleTransferEngine - SimpleTransferEngine initialized: maxConcurrent=5, maxRetries=3, retryDelay=100ms
10:39:40.874 [main] INFO  d.m.q.transfer.SimpleTransferEngine - Shutting down transfer engine; cancelling 0 running transfer(s)
10:39:40.874 [main] INFO  d.m.q.transfer.SimpleTransferEngine - Transfer engine shutdown completed
10:39:40.874 [main] DEBUG d.m.quorus.protocol.ProtocolFactory - Initializing ProtocolFactory
10:39:40.874 [main] DEBUG d.m.quorus.protocol.ProtocolFactory - Registering default transfer protocols
10:39:40.874 [main] DEBUG d.m.quorus.protocol.ProtocolFactory - Creating HttpTransferProtocol instance
10:39:40.874 [main] INFO  d.m.q.protocol.HttpTransferProtocol - HttpTransferProtocol initialized: connectTimeout=30 SECONDS, socketTimeout=60 SECONDS, maxFileSize=10737418240 bytes
10:39:40.874 [main] INFO  d.m.quorus.protocol.ProtocolFactory - Registered protocol: http
10:39:40.874 [main] DEBUG d.m.quorus.protocol.ProtocolFactory - Protocol details: name=http, class=HttpTransferProtocol, supportsResume=false, supportsPause=true
10:39:40.874 [main] INFO  d.m.quorus.protocol.ProtocolFactory - Registered protocol alias: https -> http
10:39:40.874 [main] DEBUG d.m.quorus.protocol.ProtocolFactory - Creating SmbTransferProtocol instance
10:39:40.874 [main] INFO  d.m.quorus.protocol.ProtocolFactory - Registered protocol: smb
10:39:40.874 [main] DEBUG d.m.quorus.protocol.ProtocolFactory - Protocol details: name=smb, class=SmbTransferProtocol, supportsResume=false, supportsPause=false
10:39:40.874 [main] INFO  d.m.quorus.protocol.ProtocolFactory - Registered protocol alias: cifs -> smb
10:39:40.874 [main] DEBUG d.m.quorus.protocol.ProtocolFactory - Creating FtpTransferProtocol instance
10:39:40.874 [main] INFO  d.m.quorus.protocol.ProtocolFactory - Registered protocol: ftp
10:39:40.874 [main] DEBUG d.m.quorus.protocol.ProtocolFactory - Protocol details: name=ftp, class=FtpTransferProtocol, supportsResume=false, supportsPause=false
10:39:40.874 [main] INFO  d.m.quorus.protocol.ProtocolFactory - Registered protocol alias: ftps -> ftp
10:39:40.874 [main] DEBUG d.m.quorus.protocol.ProtocolFactory - Creating SftpTransferProtocol instance
10:39:40.874 [main] INFO  d.m.quorus.protocol.ProtocolFactory - Registered protocol: sftp
10:39:40.874 [main] DEBUG d.m.quorus.protocol.ProtocolFactory - Protocol details: name=sftp, class=SftpTransferProtocol, supportsResume=false, supportsPause=false
10:39:40.874 [main] DEBUG d.m.quorus.protocol.ProtocolFactory - Creating NfsTransferProtocol instance
10:39:40.874 [main] DEBUG d.m.q.protocol.NfsTransferProtocol - NfsTransferProtocol initialized with mountRoot=C:\nfs
10:39:40.874 [main] INFO  d.m.quorus.protocol.ProtocolFactory - Registered protocol: nfs
10:39:40.874 [main] DEBUG d.m.quorus.protocol.ProtocolFactory - Protocol details: name=nfs, class=NfsTransferProtocol, supportsResume=false, supportsPause=false
10:39:40.875 [main] INFO  d.m.quorus.protocol.ProtocolFactory - Registered default transfer protocols: count=8, schemes=ftps, ftp, http, smb, sftp, nfs, https, cifs
10:39:40.875 [main] INFO  d.m.q.transfer.SimpleTransferEngine - SimpleTransferEngine initialized: maxConcurrent=5, maxRetries=3, retryDelay=100ms
10:39:40.875 [junit-timeout-thread-17] INFO  d.m.q.transfer.SimpleTransferEngine - Shutting down transfer engine; cancelling 0 running transfer(s)
10:39:40.875 [junit-timeout-thread-17] INFO  d.m.q.transfer.SimpleTransferEngine - Transfer engine shutdown completed
10:39:40.875 [junit-timeout-thread-17] INFO  d.m.q.transfer.SimpleTransferEngine - Transfer engine shutdown completed
10:39:40.875 [main] INFO  d.m.q.transfer.SimpleTransferEngine - Transfer engine shutdown completed
10:39:40.876 [main] DEBUG d.m.quorus.protocol.ProtocolFactory - Initializing ProtocolFactory
10:39:40.876 [main] DEBUG d.m.quorus.protocol.ProtocolFactory - Registering default transfer protocols
10:39:40.876 [main] DEBUG d.m.quorus.protocol.ProtocolFactory - Creating HttpTransferProtocol instance
10:39:40.876 [main] INFO  d.m.q.protocol.HttpTransferProtocol - HttpTransferProtocol initialized: connectTimeout=30 SECONDS, socketTimeout=60 SECONDS, maxFileSize=10737418240 bytes
10:39:40.876 [main] INFO  d.m.quorus.protocol.ProtocolFactory - Registered protocol: http
10:39:40.876 [main] DEBUG d.m.quorus.protocol.ProtocolFactory - Protocol details: name=http, class=HttpTransferProtocol, supportsResume=false, supportsPause=true
10:39:40.876 [main] INFO  d.m.quorus.protocol.ProtocolFactory - Registered protocol alias: https -> http
10:39:40.876 [main] DEBUG d.m.quorus.protocol.ProtocolFactory - Creating SmbTransferProtocol instance
10:39:40.876 [main] INFO  d.m.quorus.protocol.ProtocolFactory - Registered protocol: smb
10:39:40.876 [main] DEBUG d.m.quorus.protocol.ProtocolFactory - Protocol details: name=smb, class=SmbTransferProtocol, supportsResume=false, supportsPause=false
10:39:40.876 [main] INFO  d.m.quorus.protocol.ProtocolFactory - Registered protocol alias: cifs -> smb
10:39:40.876 [main] DEBUG d.m.quorus.protocol.ProtocolFactory - Creating FtpTransferProtocol instance
10:39:40.876 [main] INFO  d.m.quorus.protocol.ProtocolFactory - Registered protocol: ftp
10:39:40.876 [main] DEBUG d.m.quorus.protocol.ProtocolFactory - Protocol details: name=ftp, class=FtpTransferProtocol, supportsResume=false, supportsPause=false
10:39:40.877 [main] INFO  d.m.quorus.protocol.ProtocolFactory - Registered protocol alias: ftps -> ftp
10:39:40.877 [main] DEBUG d.m.quorus.protocol.ProtocolFactory - Creating SftpTransferProtocol instance
10:39:40.877 [main] INFO  d.m.quorus.protocol.ProtocolFactory - Registered protocol: sftp
10:39:40.877 [main] DEBUG d.m.quorus.protocol.ProtocolFactory - Protocol details: name=sftp, class=SftpTransferProtocol, supportsResume=false, supportsPause=false
10:39:40.877 [main] DEBUG d.m.quorus.protocol.ProtocolFactory - Creating NfsTransferProtocol instance
10:39:40.877 [main] DEBUG d.m.q.protocol.NfsTransferProtocol - NfsTransferProtocol initialized with mountRoot=C:\nfs
10:39:40.877 [main] INFO  d.m.quorus.protocol.ProtocolFactory - Registered protocol: nfs
10:39:40.877 [main] DEBUG d.m.quorus.protocol.ProtocolFactory - Protocol details: name=nfs, class=NfsTransferProtocol, supportsResume=false, supportsPause=false
10:39:40.877 [main] INFO  d.m.quorus.protocol.ProtocolFactory - Registered default transfer protocols: count=8, schemes=ftps, ftp, http, smb, sftp, nfs, https, cifs
10:39:40.877 [main] INFO  d.m.q.transfer.SimpleTransferEngine - SimpleTransferEngine initialized: maxConcurrent=5, maxRetries=3, retryDelay=100ms
10:39:40.877 [main] INFO  d.m.q.transfer.SimpleTransferEngine - Shutting down transfer engine; cancelling 0 running transfer(s)
10:39:40.878 [main] INFO  d.m.q.transfer.SimpleTransferEngine - Transfer engine shutdown completed
10:39:40.878 [main] DEBUG d.m.quorus.protocol.ProtocolFactory - Initializing ProtocolFactory
10:39:40.878 [main] DEBUG d.m.quorus.protocol.ProtocolFactory - Registering default transfer protocols
10:39:40.878 [main] DEBUG d.m.quorus.protocol.ProtocolFactory - Creating HttpTransferProtocol instance
10:39:40.878 [main] INFO  d.m.q.protocol.HttpTransferProtocol - HttpTransferProtocol initialized: connectTimeout=30 SECONDS, socketTimeout=60 SECONDS, maxFileSize=10737418240 bytes
10:39:40.878 [main] INFO  d.m.quorus.protocol.ProtocolFactory - Registered protocol: http
10:39:40.878 [main] DEBUG d.m.quorus.protocol.ProtocolFactory - Protocol details: name=http, class=HttpTransferProtocol, supportsResume=false, supportsPause=true
10:39:40.878 [main] INFO  d.m.quorus.protocol.ProtocolFactory - Registered protocol alias: https -> http
10:39:40.878 [main] DEBUG d.m.quorus.protocol.ProtocolFactory - Creating SmbTransferProtocol instance
10:39:40.878 [main] INFO  d.m.quorus.protocol.ProtocolFactory - Registered protocol: smb
10:39:40.878 [main] DEBUG d.m.quorus.protocol.ProtocolFactory - Protocol details: name=smb, class=SmbTransferProtocol, supportsResume=false, supportsPause=false
10:39:40.878 [main] INFO  d.m.quorus.protocol.ProtocolFactory - Registered protocol alias: cifs -> smb
10:39:40.878 [main] DEBUG d.m.quorus.protocol.ProtocolFactory - Creating FtpTransferProtocol instance
10:39:40.878 [main] INFO  d.m.quorus.protocol.ProtocolFactory - Registered protocol: ftp
10:39:40.878 [main] DEBUG d.m.quorus.protocol.ProtocolFactory - Protocol details: name=ftp, class=FtpTransferProtocol, supportsResume=false, supportsPause=false
10:39:40.879 [main] INFO  d.m.quorus.protocol.ProtocolFactory - Registered protocol alias: ftps -> ftp
10:39:40.879 [main] DEBUG d.m.quorus.protocol.ProtocolFactory - Creating SftpTransferProtocol instance
10:39:40.879 [main] INFO  d.m.quorus.protocol.ProtocolFactory - Registered protocol: sftp
10:39:40.879 [main] DEBUG d.m.quorus.protocol.ProtocolFactory - Protocol details: name=sftp, class=SftpTransferProtocol, supportsResume=false, supportsPause=false
10:39:40.879 [main] DEBUG d.m.quorus.protocol.ProtocolFactory - Creating NfsTransferProtocol instance
10:39:40.879 [main] DEBUG d.m.q.protocol.NfsTransferProtocol - NfsTransferProtocol initialized with mountRoot=C:\nfs
10:39:40.879 [main] INFO  d.m.quorus.protocol.ProtocolFactory - Registered protocol: nfs
10:39:40.879 [main] DEBUG d.m.quorus.protocol.ProtocolFactory - Protocol details: name=nfs, class=NfsTransferProtocol, supportsResume=false, supportsPause=false
10:39:40.879 [main] INFO  d.m.quorus.protocol.ProtocolFactory - Registered default transfer protocols: count=8, schemes=ftps, ftp, http, smb, sftp, nfs, https, cifs
10:39:40.879 [main] INFO  d.m.q.transfer.SimpleTransferEngine - SimpleTransferEngine initialized: maxConcurrent=5, maxRetries=3, retryDelay=100ms
10:39:40.879 [main] INFO  d.m.q.transfer.SimpleTransferEngine - Shutting down transfer engine; cancelling 0 running transfer(s)
10:39:40.879 [main] INFO  d.m.q.transfer.SimpleTransferEngine - Transfer engine shutdown completed
10:39:40.880 [main] DEBUG d.m.quorus.protocol.ProtocolFactory - Initializing ProtocolFactory
10:39:40.880 [main] DEBUG d.m.quorus.protocol.ProtocolFactory - Registering default transfer protocols
10:39:40.880 [main] DEBUG d.m.quorus.protocol.ProtocolFactory - Creating HttpTransferProtocol instance
10:39:40.880 [main] INFO  d.m.q.protocol.HttpTransferProtocol - HttpTransferProtocol initialized: connectTimeout=30 SECONDS, socketTimeout=60 SECONDS, maxFileSize=10737418240 bytes
10:39:40.880 [main] INFO  d.m.quorus.protocol.ProtocolFactory - Registered protocol: http
10:39:40.880 [main] DEBUG d.m.quorus.protocol.ProtocolFactory - Protocol details: name=http, class=HttpTransferProtocol, supportsResume=false, supportsPause=true
10:39:40.880 [main] INFO  d.m.quorus.protocol.ProtocolFactory - Registered protocol alias: https -> http
10:39:40.880 [main] DEBUG d.m.quorus.protocol.ProtocolFactory - Creating SmbTransferProtocol instance
10:39:40.880 [main] INFO  d.m.quorus.protocol.ProtocolFactory - Registered protocol: smb
10:39:40.880 [main] DEBUG d.m.quorus.protocol.ProtocolFactory - Protocol details: name=smb, class=SmbTransferProtocol, supportsResume=false, supportsPause=false
10:39:40.880 [main] INFO  d.m.quorus.protocol.ProtocolFactory - Registered protocol alias: cifs -> smb
10:39:40.880 [main] DEBUG d.m.quorus.protocol.ProtocolFactory - Creating FtpTransferProtocol instance
10:39:40.880 [main] INFO  d.m.quorus.protocol.ProtocolFactory - Registered protocol: ftp
10:39:40.880 [main] DEBUG d.m.quorus.protocol.ProtocolFactory - Protocol details: name=ftp, class=FtpTransferProtocol, supportsResume=false, supportsPause=false
10:39:40.880 [main] INFO  d.m.quorus.protocol.ProtocolFactory - Registered protocol alias: ftps -> ftp
10:39:40.880 [main] DEBUG d.m.quorus.protocol.ProtocolFactory - Creating SftpTransferProtocol instance
10:39:40.880 [main] INFO  d.m.quorus.protocol.ProtocolFactory - Registered protocol: sftp
10:39:40.880 [main] DEBUG d.m.quorus.protocol.ProtocolFactory - Protocol details: name=sftp, class=SftpTransferProtocol, supportsResume=false, supportsPause=false
10:39:40.880 [main] DEBUG d.m.quorus.protocol.ProtocolFactory - Creating NfsTransferProtocol instance
10:39:40.880 [main] DEBUG d.m.q.protocol.NfsTransferProtocol - NfsTransferProtocol initialized with mountRoot=C:\nfs
10:39:40.880 [main] INFO  d.m.quorus.protocol.ProtocolFactory - Registered protocol: nfs
10:39:40.880 [main] DEBUG d.m.quorus.protocol.ProtocolFactory - Protocol details: name=nfs, class=NfsTransferProtocol, supportsResume=false, supportsPause=false
10:39:40.881 [main] INFO  d.m.quorus.protocol.ProtocolFactory - Registered default transfer protocols: count=8, schemes=ftps, ftp, http, smb, sftp, nfs, https, cifs
10:39:40.881 [main] INFO  d.m.q.transfer.SimpleTransferEngine - SimpleTransferEngine initialized: maxConcurrent=5, maxRetries=3, retryDelay=100ms
10:39:40.881 [junit-timeout-thread-20] INFO  d.m.q.transfer.SimpleTransferEngine - Shutting down transfer engine; cancelling 0 running transfer(s)
10:39:40.881 [junit-timeout-thread-20] INFO  d.m.q.transfer.SimpleTransferEngine - Transfer engine shutdown completed
10:39:40.881 [main] INFO  d.m.q.transfer.SimpleTransferEngine - Transfer engine shutdown completed
10:39:40.882 [main] DEBUG d.m.quorus.protocol.ProtocolFactory - Initializing ProtocolFactory
10:39:40.882 [main] DEBUG d.m.quorus.protocol.ProtocolFactory - Registering default transfer protocols
10:39:40.882 [main] DEBUG d.m.quorus.protocol.ProtocolFactory - Creating HttpTransferProtocol instance
10:39:40.882 [main] INFO  d.m.q.protocol.HttpTransferProtocol - HttpTransferProtocol initialized: connectTimeout=30 SECONDS, socketTimeout=60 SECONDS, maxFileSize=10737418240 bytes
10:39:40.882 [main] INFO  d.m.quorus.protocol.ProtocolFactory - Registered protocol: http
10:39:40.882 [main] DEBUG d.m.quorus.protocol.ProtocolFactory - Protocol details: name=http, class=HttpTransferProtocol, supportsResume=false, supportsPause=true
10:39:40.882 [main] INFO  d.m.quorus.protocol.ProtocolFactory - Registered protocol alias: https -> http
10:39:40.882 [main] DEBUG d.m.quorus.protocol.ProtocolFactory - Creating SmbTransferProtocol instance
10:39:40.882 [main] INFO  d.m.quorus.protocol.ProtocolFactory - Registered protocol: smb
10:39:40.882 [main] DEBUG d.m.quorus.protocol.ProtocolFactory - Protocol details: name=smb, class=SmbTransferProtocol, supportsResume=false, supportsPause=false
10:39:40.882 [main] INFO  d.m.quorus.protocol.ProtocolFactory - Registered protocol alias: cifs -> smb
10:39:40.882 [main] DEBUG d.m.quorus.protocol.ProtocolFactory - Creating FtpTransferProtocol instance
10:39:40.882 [main] INFO  d.m.quorus.protocol.ProtocolFactory - Registered protocol: ftp
10:39:40.882 [main] DEBUG d.m.quorus.protocol.ProtocolFactory - Protocol details: name=ftp, class=FtpTransferProtocol, supportsResume=false, supportsPause=false
10:39:40.882 [main] INFO  d.m.quorus.protocol.ProtocolFactory - Registered protocol alias: ftps -> ftp
10:39:40.882 [main] DEBUG d.m.quorus.protocol.ProtocolFactory - Creating SftpTransferProtocol instance
10:39:40.882 [main] INFO  d.m.quorus.protocol.ProtocolFactory - Registered protocol: sftp
10:39:40.882 [main] DEBUG d.m.quorus.protocol.ProtocolFactory - Protocol details: name=sftp, class=SftpTransferProtocol, supportsResume=false, supportsPause=false
10:39:40.882 [main] DEBUG d.m.quorus.protocol.ProtocolFactory - Creating NfsTransferProtocol instance
10:39:40.882 [main] DEBUG d.m.q.protocol.NfsTransferProtocol - NfsTransferProtocol initialized with mountRoot=C:\nfs
10:39:40.882 [main] INFO  d.m.quorus.protocol.ProtocolFactory - Registered protocol: nfs
10:39:40.882 [main] DEBUG d.m.quorus.protocol.ProtocolFactory - Protocol details: name=nfs, class=NfsTransferProtocol, supportsResume=false, supportsPause=false
10:39:40.882 [main] INFO  d.m.quorus.protocol.ProtocolFactory - Registered default transfer protocols: count=8, schemes=ftps, ftp, http, smb, sftp, nfs, https, cifs
10:39:40.882 [main] INFO  d.m.q.transfer.SimpleTransferEngine - SimpleTransferEngine initialized: maxConcurrent=5, maxRetries=3, retryDelay=100ms
10:39:40.884 [main] INFO  d.m.q.transfer.SimpleTransferEngine - Shutting down transfer engine; cancelling 0 running transfer(s)
10:39:40.884 [main] INFO  d.m.q.transfer.SimpleTransferEngine - Transfer engine shutdown completed
10:39:40.884 [main] DEBUG d.m.quorus.protocol.ProtocolFactory - Initializing ProtocolFactory
10:39:40.884 [main] DEBUG d.m.quorus.protocol.ProtocolFactory - Registering default transfer protocols
10:39:40.884 [main] DEBUG d.m.quorus.protocol.ProtocolFactory - Creating HttpTransferProtocol instance
10:39:40.884 [main] INFO  d.m.q.protocol.HttpTransferProtocol - HttpTransferProtocol initialized: connectTimeout=30 SECONDS, socketTimeout=60 SECONDS, maxFileSize=10737418240 bytes
10:39:40.884 [main] INFO  d.m.quorus.protocol.ProtocolFactory - Registered protocol: http
10:39:40.884 [main] DEBUG d.m.quorus.protocol.ProtocolFactory - Protocol details: name=http, class=HttpTransferProtocol, supportsResume=false, supportsPause=true
10:39:40.884 [main] INFO  d.m.quorus.protocol.ProtocolFactory - Registered protocol alias: https -> http
10:39:40.884 [main] DEBUG d.m.quorus.protocol.ProtocolFactory - Creating SmbTransferProtocol instance
10:39:40.884 [main] INFO  d.m.quorus.protocol.ProtocolFactory - Registered protocol: smb
10:39:40.884 [main] DEBUG d.m.quorus.protocol.ProtocolFactory - Protocol details: name=smb, class=SmbTransferProtocol, supportsResume=false, supportsPause=false
10:39:40.884 [main] INFO  d.m.quorus.protocol.ProtocolFactory - Registered protocol alias: cifs -> smb
10:39:40.884 [main] DEBUG d.m.quorus.protocol.ProtocolFactory - Creating FtpTransferProtocol instance
10:39:40.884 [main] INFO  d.m.quorus.protocol.ProtocolFactory - Registered protocol: ftp
10:39:40.884 [main] DEBUG d.m.quorus.protocol.ProtocolFactory - Protocol details: name=ftp, class=FtpTransferProtocol, supportsResume=false, supportsPause=false
10:39:40.884 [main] INFO  d.m.quorus.protocol.ProtocolFactory - Registered protocol alias: ftps -> ftp
10:39:40.885 [main] DEBUG d.m.quorus.protocol.ProtocolFactory - Creating SftpTransferProtocol instance
10:39:40.885 [main] INFO  d.m.quorus.protocol.ProtocolFactory - Registered protocol: sftp
10:39:40.885 [main] DEBUG d.m.quorus.protocol.ProtocolFactory - Protocol details: name=sftp, class=SftpTransferProtocol, supportsResume=false, supportsPause=false
10:39:40.885 [main] DEBUG d.m.quorus.protocol.ProtocolFactory - Creating NfsTransferProtocol instance
10:39:40.885 [main] DEBUG d.m.q.protocol.NfsTransferProtocol - NfsTransferProtocol initialized with mountRoot=C:\nfs
10:39:40.885 [main] INFO  d.m.quorus.protocol.ProtocolFactory - Registered protocol: nfs
10:39:40.885 [main] DEBUG d.m.quorus.protocol.ProtocolFactory - Protocol details: name=nfs, class=NfsTransferProtocol, supportsResume=false, supportsPause=false
10:39:40.885 [main] INFO  d.m.quorus.protocol.ProtocolFactory - Registered default transfer protocols: count=8, schemes=ftps, ftp, http, smb, sftp, nfs, https, cifs
10:39:40.885 [main] INFO  d.m.q.transfer.SimpleTransferEngine - SimpleTransferEngine initialized: maxConcurrent=5, maxRetries=3, retryDelay=100ms
10:39:40.885 [main] INFO  d.m.q.transfer.SimpleTransferEngine - Shutting down transfer engine; cancelling 0 running transfer(s)
10:39:40.885 [main] INFO  d.m.q.transfer.SimpleTransferEngine - Transfer engine shutdown completed
10:39:40.886 [main] DEBUG d.m.quorus.protocol.ProtocolFactory - Initializing ProtocolFactory
10:39:40.886 [main] DEBUG d.m.quorus.protocol.ProtocolFactory - Registering default transfer protocols
10:39:40.886 [main] DEBUG d.m.quorus.protocol.ProtocolFactory - Creating HttpTransferProtocol instance
10:39:40.886 [main] INFO  d.m.q.protocol.HttpTransferProtocol - HttpTransferProtocol initialized: connectTimeout=30 SECONDS, socketTimeout=60 SECONDS, maxFileSize=10737418240 bytes
10:39:40.886 [main] INFO  d.m.quorus.protocol.ProtocolFactory - Registered protocol: http
10:39:40.886 [main] DEBUG d.m.quorus.protocol.ProtocolFactory - Protocol details: name=http, class=HttpTransferProtocol, supportsResume=false, supportsPause=true
10:39:40.886 [main] INFO  d.m.quorus.protocol.ProtocolFactory - Registered protocol alias: https -> http
10:39:40.886 [main] DEBUG d.m.quorus.protocol.ProtocolFactory - Creating SmbTransferProtocol instance
10:39:40.886 [main] INFO  d.m.quorus.protocol.ProtocolFactory - Registered protocol: smb
10:39:40.886 [main] DEBUG d.m.quorus.protocol.ProtocolFactory - Protocol details: name=smb, class=SmbTransferProtocol, supportsResume=false, supportsPause=false
10:39:40.886 [main] INFO  d.m.quorus.protocol.ProtocolFactory - Registered protocol alias: cifs -> smb
10:39:40.886 [main] DEBUG d.m.quorus.protocol.ProtocolFactory - Creating FtpTransferProtocol instance
10:39:40.886 [main] INFO  d.m.quorus.protocol.ProtocolFactory - Registered protocol: ftp
10:39:40.886 [main] DEBUG d.m.quorus.protocol.ProtocolFactory - Protocol details: name=ftp, class=FtpTransferProtocol, supportsResume=false, supportsPause=false
10:39:40.886 [main] INFO  d.m.quorus.protocol.ProtocolFactory - Registered protocol alias: ftps -> ftp
10:39:40.886 [main] DEBUG d.m.quorus.protocol.ProtocolFactory - Creating SftpTransferProtocol instance
10:39:40.886 [main] INFO  d.m.quorus.protocol.ProtocolFactory - Registered protocol: sftp
10:39:40.886 [main] DEBUG d.m.quorus.protocol.ProtocolFactory - Protocol details: name=sftp, class=SftpTransferProtocol, supportsResume=false, supportsPause=false
10:39:40.886 [main] DEBUG d.m.quorus.protocol.ProtocolFactory - Creating NfsTransferProtocol instance
10:39:40.886 [main] DEBUG d.m.q.protocol.NfsTransferProtocol - NfsTransferProtocol initialized with mountRoot=C:\nfs
10:39:40.886 [main] INFO  d.m.quorus.protocol.ProtocolFactory - Registered protocol: nfs
10:39:40.886 [main] DEBUG d.m.quorus.protocol.ProtocolFactory - Protocol details: name=nfs, class=NfsTransferProtocol, supportsResume=false, supportsPause=false
10:39:40.886 [main] INFO  d.m.quorus.protocol.ProtocolFactory - Registered default transfer protocols: count=8, schemes=ftps, ftp, http, smb, sftp, nfs, https, cifs
10:39:40.887 [main] INFO  d.m.q.transfer.SimpleTransferEngine - SimpleTransferEngine initialized: maxConcurrent=5, maxRetries=3, retryDelay=100ms
10:39:40.887 [junit-timeout-thread-23] INFO  d.m.q.transfer.SimpleTransferEngine - Shutting down transfer engine; cancelling 0 running transfer(s)
10:39:40.887 [junit-timeout-thread-23] INFO  d.m.q.transfer.SimpleTransferEngine - Transfer engine shutdown completed
10:39:40.888 [main] INFO  d.m.q.transfer.SimpleTransferEngine - Transfer engine shutdown completed
10:39:40.889 [main] DEBUG d.m.quorus.protocol.ProtocolFactory - Initializing ProtocolFactory
10:39:40.889 [main] DEBUG d.m.quorus.protocol.ProtocolFactory - Registering default transfer protocols
10:39:40.889 [main] DEBUG d.m.quorus.protocol.ProtocolFactory - Creating HttpTransferProtocol instance
10:39:40.889 [main] INFO  d.m.q.protocol.HttpTransferProtocol - HttpTransferProtocol initialized: connectTimeout=30 SECONDS, socketTimeout=60 SECONDS, maxFileSize=10737418240 bytes
10:39:40.889 [main] INFO  d.m.quorus.protocol.ProtocolFactory - Registered protocol: http
10:39:40.889 [main] DEBUG d.m.quorus.protocol.ProtocolFactory - Protocol details: name=http, class=HttpTransferProtocol, supportsResume=false, supportsPause=true
10:39:40.889 [main] INFO  d.m.quorus.protocol.ProtocolFactory - Registered protocol alias: https -> http
10:39:40.889 [main] DEBUG d.m.quorus.protocol.ProtocolFactory - Creating SmbTransferProtocol instance
10:39:40.889 [main] INFO  d.m.quorus.protocol.ProtocolFactory - Registered protocol: smb
10:39:40.889 [main] DEBUG d.m.quorus.protocol.ProtocolFactory - Protocol details: name=smb, class=SmbTransferProtocol, supportsResume=false, supportsPause=false
10:39:40.889 [main] INFO  d.m.quorus.protocol.ProtocolFactory - Registered protocol alias: cifs -> smb
10:39:40.889 [main] DEBUG d.m.quorus.protocol.ProtocolFactory - Creating FtpTransferProtocol instance
10:39:40.889 [main] INFO  d.m.quorus.protocol.ProtocolFactory - Registered protocol: ftp
10:39:40.889 [main] DEBUG d.m.quorus.protocol.ProtocolFactory - Protocol details: name=ftp, class=FtpTransferProtocol, supportsResume=false, supportsPause=false
10:39:40.889 [main] INFO  d.m.quorus.protocol.ProtocolFactory - Registered protocol alias: ftps -> ftp
10:39:40.889 [main] DEBUG d.m.quorus.protocol.ProtocolFactory - Creating SftpTransferProtocol instance
10:39:40.889 [main] INFO  d.m.quorus.protocol.ProtocolFactory - Registered protocol: sftp
10:39:40.889 [main] DEBUG d.m.quorus.protocol.ProtocolFactory - Protocol details: name=sftp, class=SftpTransferProtocol, supportsResume=false, supportsPause=false
10:39:40.889 [main] DEBUG d.m.quorus.protocol.ProtocolFactory - Creating NfsTransferProtocol instance
10:39:40.890 [main] DEBUG d.m.q.protocol.NfsTransferProtocol - NfsTransferProtocol initialized with mountRoot=C:\nfs
10:39:40.890 [main] INFO  d.m.quorus.protocol.ProtocolFactory - Registered protocol: nfs
10:39:40.890 [main] DEBUG d.m.quorus.protocol.ProtocolFactory - Protocol details: name=nfs, class=NfsTransferProtocol, supportsResume=false, supportsPause=false
10:39:40.890 [main] INFO  d.m.quorus.protocol.ProtocolFactory - Registered default transfer protocols: count=8, schemes=ftps, ftp, http, smb, sftp, nfs, https, cifs
10:39:40.890 [main] INFO  d.m.q.transfer.SimpleTransferEngine - SimpleTransferEngine initialized: maxConcurrent=5, maxRetries=3, retryDelay=100ms
10:39:40.891 [main] INFO  d.m.q.transfer.SimpleTransferEngine - Shutting down transfer engine; cancelling 0 running transfer(s)
10:39:40.891 [main] INFO  d.m.q.transfer.SimpleTransferEngine - Transfer engine shutdown completed
10:39:40.891 [main] DEBUG d.m.quorus.protocol.ProtocolFactory - Initializing ProtocolFactory
10:39:40.891 [main] DEBUG d.m.quorus.protocol.ProtocolFactory - Registering default transfer protocols
10:39:40.891 [main] DEBUG d.m.quorus.protocol.ProtocolFactory - Creating HttpTransferProtocol instance
10:39:40.891 [main] INFO  d.m.q.protocol.HttpTransferProtocol - HttpTransferProtocol initialized: connectTimeout=30 SECONDS, socketTimeout=60 SECONDS, maxFileSize=10737418240 bytes
10:39:40.892 [main] INFO  d.m.quorus.protocol.ProtocolFactory - Registered protocol: http
10:39:40.892 [main] DEBUG d.m.quorus.protocol.ProtocolFactory - Protocol details: name=http, class=HttpTransferProtocol, supportsResume=false, supportsPause=true
10:39:40.892 [main] INFO  d.m.quorus.protocol.ProtocolFactory - Registered protocol alias: https -> http
10:39:40.892 [main] DEBUG d.m.quorus.protocol.ProtocolFactory - Creating SmbTransferProtocol instance
10:39:40.892 [main] INFO  d.m.quorus.protocol.ProtocolFactory - Registered protocol: smb
10:39:40.892 [main] DEBUG d.m.quorus.protocol.ProtocolFactory - Protocol details: name=smb, class=SmbTransferProtocol, supportsResume=false, supportsPause=false
10:39:40.892 [main] INFO  d.m.quorus.protocol.ProtocolFactory - Registered protocol alias: cifs -> smb
10:39:40.892 [main] DEBUG d.m.quorus.protocol.ProtocolFactory - Creating FtpTransferProtocol instance
10:39:40.892 [main] INFO  d.m.quorus.protocol.ProtocolFactory - Registered protocol: ftp
10:39:40.892 [main] DEBUG d.m.quorus.protocol.ProtocolFactory - Protocol details: name=ftp, class=FtpTransferProtocol, supportsResume=false, supportsPause=false
10:39:40.892 [main] INFO  d.m.quorus.protocol.ProtocolFactory - Registered protocol alias: ftps -> ftp
10:39:40.892 [main] DEBUG d.m.quorus.protocol.ProtocolFactory - Creating SftpTransferProtocol instance
10:39:40.892 [main] INFO  d.m.quorus.protocol.ProtocolFactory - Registered protocol: sftp
10:39:40.892 [main] DEBUG d.m.quorus.protocol.ProtocolFactory - Protocol details: name=sftp, class=SftpTransferProtocol, supportsResume=false, supportsPause=false
10:39:40.892 [main] DEBUG d.m.quorus.protocol.ProtocolFactory - Creating NfsTransferProtocol instance
10:39:40.892 [main] DEBUG d.m.q.protocol.NfsTransferProtocol - NfsTransferProtocol initialized with mountRoot=C:\nfs
10:39:40.892 [main] INFO  d.m.quorus.protocol.ProtocolFactory - Registered protocol: nfs
10:39:40.892 [main] DEBUG d.m.quorus.protocol.ProtocolFactory - Protocol details: name=nfs, class=NfsTransferProtocol, supportsResume=false, supportsPause=false
10:39:40.892 [main] INFO  d.m.quorus.protocol.ProtocolFactory - Registered default transfer protocols: count=8, schemes=ftps, ftp, http, smb, sftp, nfs, https, cifs
10:39:40.892 [main] INFO  d.m.q.transfer.SimpleTransferEngine - SimpleTransferEngine initialized: maxConcurrent=5, maxRetries=3, retryDelay=100ms
10:39:40.892 [main] INFO  d.m.q.transfer.SimpleTransferEngine - Shutting down transfer engine; cancelling 0 running transfer(s)
10:39:40.892 [main] INFO  d.m.q.transfer.SimpleTransferEngine - Transfer engine shutdown completed
10:39:40.893 [main] DEBUG d.m.quorus.protocol.ProtocolFactory - Initializing ProtocolFactory
10:39:40.893 [main] DEBUG d.m.quorus.protocol.ProtocolFactory - Registering default transfer protocols
10:39:40.893 [main] DEBUG d.m.quorus.protocol.ProtocolFactory - Creating HttpTransferProtocol instance
10:39:40.893 [main] INFO  d.m.q.protocol.HttpTransferProtocol - HttpTransferProtocol initialized: connectTimeout=30 SECONDS, socketTimeout=60 SECONDS, maxFileSize=10737418240 bytes
10:39:40.893 [main] INFO  d.m.quorus.protocol.ProtocolFactory - Registered protocol: http
10:39:40.893 [main] DEBUG d.m.quorus.protocol.ProtocolFactory - Protocol details: name=http, class=HttpTransferProtocol, supportsResume=false, supportsPause=true
10:39:40.893 [main] INFO  d.m.quorus.protocol.ProtocolFactory - Registered protocol alias: https -> http
10:39:40.893 [main] DEBUG d.m.quorus.protocol.ProtocolFactory - Creating SmbTransferProtocol instance
10:39:40.893 [main] INFO  d.m.quorus.protocol.ProtocolFactory - Registered protocol: smb
10:39:40.893 [main] DEBUG d.m.quorus.protocol.ProtocolFactory - Protocol details: name=smb, class=SmbTransferProtocol, supportsResume=false, supportsPause=false
10:39:40.893 [main] INFO  d.m.quorus.protocol.ProtocolFactory - Registered protocol alias: cifs -> smb
10:39:40.893 [main] DEBUG d.m.quorus.protocol.ProtocolFactory - Creating FtpTransferProtocol instance
10:39:40.893 [main] INFO  d.m.quorus.protocol.ProtocolFactory - Registered protocol: ftp
10:39:40.893 [main] DEBUG d.m.quorus.protocol.ProtocolFactory - Protocol details: name=ftp, class=FtpTransferProtocol, supportsResume=false, supportsPause=false
10:39:40.894 [main] INFO  d.m.quorus.protocol.ProtocolFactory - Registered protocol alias: ftps -> ftp
10:39:40.894 [main] DEBUG d.m.quorus.protocol.ProtocolFactory - Creating SftpTransferProtocol instance
10:39:40.894 [main] INFO  d.m.quorus.protocol.ProtocolFactory - Registered protocol: sftp
10:39:40.894 [main] DEBUG d.m.quorus.protocol.ProtocolFactory - Protocol details: name=sftp, class=SftpTransferProtocol, supportsResume=false, supportsPause=false
10:39:40.894 [main] DEBUG d.m.quorus.protocol.ProtocolFactory - Creating NfsTransferProtocol instance
10:39:40.894 [main] DEBUG d.m.q.protocol.NfsTransferProtocol - NfsTransferProtocol initialized with mountRoot=C:\nfs
10:39:40.894 [main] INFO  d.m.quorus.protocol.ProtocolFactory - Registered protocol: nfs
10:39:40.894 [main] DEBUG d.m.quorus.protocol.ProtocolFactory - Protocol details: name=nfs, class=NfsTransferProtocol, supportsResume=false, supportsPause=false
10:39:40.894 [main] INFO  d.m.quorus.protocol.ProtocolFactory - Registered default transfer protocols: count=8, schemes=ftps, ftp, http, smb, sftp, nfs, https, cifs
10:39:40.894 [main] INFO  d.m.q.transfer.SimpleTransferEngine - SimpleTransferEngine initialized: maxConcurrent=5, maxRetries=3, retryDelay=100ms
10:39:40.895 [junit-timeout-thread-26] DEBUG d.m.quorus.protocol.ProtocolFactory - isProtocolSupported: protocol=ftp, supported=true
10:39:40.895 [junit-timeout-thread-26] DEBUG d.m.quorus.protocol.ProtocolFactory - Protocol found: name=ftp, implementation=FtpTransferProtocol
10:39:40.895 [junit-timeout-thread-26] DEBUG d.m.q.protocol.FtpTransferProtocol - canHandle: FTP/FTPS upload check, destScheme=ftp, canHandle=true
10:39:40.895 [junit-timeout-thread-26] INFO  d.m.q.transfer.SimpleTransferEngine - Transfer started: retry-backoff-test
10:39:40.895 [junit-timeout-thread-26] DEBUG d.m.q.transfer.SimpleTransferEngine - Executing UPLOAD (Local -> Remote) transfer retry-backoff-test: protocol=ftp, source=file:///C:/Users/mraysmit/AppData/Local/Temp/retry-failure4464182722605002767.txt, destination=ftp://127.0.0.1:1/unreachable.txt
10:39:40.895 [junit-timeout-thread-26] DEBUG d.m.quorus.protocol.ProtocolFactory - Protocol found: name=ftp, implementation=FtpTransferProtocol
10:39:40.895 [junit-timeout-thread-26] DEBUG d.m.q.protocol.FtpTransferProtocol - canHandle: FTP/FTPS upload check, destScheme=ftp, canHandle=true
10:39:40.895 [junit-timeout-thread-26] INFO  d.m.q.protocol.FtpTransferProtocol - Starting FTP transfer: jobId=retry-backoff-test, isUpload=true
10:39:40.895 [junit-timeout-thread-26] DEBUG d.m.q.protocol.FtpTransferProtocol - Transfer details: sourceUri=file:///C:/Users/mraysmit/AppData/Local/Temp/retry-failure4464182722605002767.txt, destinationUri=ftp://127.0.0.1:1/unreachable.txt
10:39:40.896 [junit-timeout-thread-26] DEBUG d.m.q.protocol.FtpTransferProtocol - Routing to FTP upload handler
10:39:40.896 [junit-timeout-thread-26] INFO  d.m.q.protocol.FtpTransferProtocol - Starting FTP upload: C:\Users\mraysmit\AppData\Local\Temp\retry-failure4464182722605002767.txt -> ftp://127.0.0.1:1/unreachable.txt
10:39:40.896 [junit-timeout-thread-26] DEBUG d.m.q.protocol.FtpTransferProtocol - Parsed URI: scheme=ftp, host=127.0.0.1, port=1, ftpsMode=NONE
10:39:40.897 [junit-timeout-thread-26] DEBUG d.m.q.protocol.FtpTransferProtocol - Connection info parsed: host=127.0.0.1, port=1, path=/unreachable.txt
10:39:40.897 [junit-timeout-thread-26] DEBUG d.m.q.protocol.FtpTransferProtocol - Source file size: 8 bytes
10:39:40.897 [junit-timeout-thread-26] DEBUG d.m.q.protocol.FtpTransferProtocol - Establishing FTP connection to 127.0.0.1:1
10:39:40.898 [junit-timeout-thread-26] DEBUG d.m.q.protocol.FtpTransferProtocol - Connecting to FTP server: 127.0.0.1:1
10:39:40.909 [junit-timeout-thread-26] DEBUG d.m.q.protocol.FtpTransferProtocol - Disconnecting FTP client
10:39:40.909 [junit-timeout-thread-26] DEBUG d.m.q.protocol.FtpTransferProtocol - Disconnecting from FTP server
10:39:40.909 [junit-timeout-thread-26] DEBUG d.m.q.protocol.FtpTransferProtocol - FTP disconnection complete
10:39:40.909 [junit-timeout-thread-26] ERROR d.m.q.protocol.FtpTransferProtocol - [QUORUS-1002] FTP upload failed: requestId=retry-backoff-test, error=Connection refused
10:39:40.909 [junit-timeout-thread-26] DEBUG d.m.q.protocol.FtpTransferProtocol - FTP upload exception details for request: retry-backoff-test
java.net.ConnectException: Connection refused
	at java.base/sun.nio.ch.Net.pollConnect(Native Method)
10:39:40.909 [junit-timeout-thread-26] WARN  d.m.q.transfer.SimpleTransferEngine - Transfer attempt 1 of 4 failed for job retry-backoff-test: Transfer retry-backoff-test failed: FTP upload failed
10:39:40.909 [junit-timeout-thread-26] DEBUG d.m.q.transfer.SimpleTransferEngine - Retrying after 100 ms
10:39:41.011 [junit-timeout-thread-26] DEBUG d.m.quorus.protocol.ProtocolFactory - Protocol found: name=ftp, implementation=FtpTransferProtocol
10:39:41.011 [junit-timeout-thread-26] DEBUG d.m.q.protocol.FtpTransferProtocol - canHandle: FTP/FTPS upload check, destScheme=ftp, canHandle=true
10:39:41.011 [junit-timeout-thread-26] INFO  d.m.q.protocol.FtpTransferProtocol - Starting FTP transfer: jobId=retry-backoff-test, isUpload=true
10:39:41.011 [junit-timeout-thread-26] DEBUG d.m.q.protocol.FtpTransferProtocol - Transfer details: sourceUri=file:///C:/Users/mraysmit/AppData/Local/Temp/retry-failure4464182722605002767.txt, destinationUri=ftp://127.0.0.1:1/unreachable.txt
10:39:41.011 [junit-timeout-thread-26] DEBUG d.m.q.protocol.FtpTransferProtocol - Routing to FTP upload handler
10:39:41.011 [junit-timeout-thread-26] INFO  d.m.q.protocol.FtpTransferProtocol - Starting FTP upload: C:\Users\mraysmit\AppData\Local\Temp\retry-failure4464182722605002767.txt -> ftp://127.0.0.1:1/unreachable.txt
10:39:41.011 [junit-timeout-thread-26] DEBUG d.m.q.protocol.FtpTransferProtocol - Parsed URI: scheme=ftp, host=127.0.0.1, port=1, ftpsMode=NONE
10:39:41.011 [junit-timeout-thread-26] DEBUG d.m.q.protocol.FtpTransferProtocol - Connection info parsed: host=127.0.0.1, port=1, path=/unreachable.txt
10:39:41.011 [junit-timeout-thread-26] DEBUG d.m.q.protocol.FtpTransferProtocol - Source file size: 8 bytes
10:39:41.011 [junit-timeout-thread-26] DEBUG d.m.q.protocol.FtpTransferProtocol - Establishing FTP connection to 127.0.0.1:1
10:39:41.011 [junit-timeout-thread-26] DEBUG d.m.q.protocol.FtpTransferProtocol - Connecting to FTP server: 127.0.0.1:1
10:39:41.012 [junit-timeout-thread-26] DEBUG d.m.q.protocol.FtpTransferProtocol - Disconnecting FTP client
10:39:41.012 [junit-timeout-thread-26] DEBUG d.m.q.protocol.FtpTransferProtocol - Disconnecting from FTP server
10:39:41.012 [junit-timeout-thread-26] DEBUG d.m.q.protocol.FtpTransferProtocol - FTP disconnection complete
10:39:41.012 [junit-timeout-thread-26] ERROR d.m.q.protocol.FtpTransferProtocol - [QUORUS-1002] FTP upload failed: requestId=retry-backoff-test, error=Connection refused
10:39:41.012 [junit-timeout-thread-26] DEBUG d.m.q.protocol.FtpTransferProtocol - FTP upload exception details for request: retry-backoff-test
java.net.ConnectException: Connection refused
	at java.base/sun.nio.ch.Net.pollConnect(Native Method)
10:39:41.013 [junit-timeout-thread-26] WARN  d.m.q.transfer.SimpleTransferEngine - Transfer attempt 2 of 4 failed for job retry-backoff-test: Transfer retry-backoff-test failed: FTP upload failed
10:39:41.013 [junit-timeout-thread-26] DEBUG d.m.q.transfer.SimpleTransferEngine - Retrying after 200 ms
10:39:41.214 [junit-timeout-thread-26] DEBUG d.m.quorus.protocol.ProtocolFactory - Protocol found: name=ftp, implementation=FtpTransferProtocol
10:39:41.214 [junit-timeout-thread-26] DEBUG d.m.q.protocol.FtpTransferProtocol - canHandle: FTP/FTPS upload check, destScheme=ftp, canHandle=true
10:39:41.214 [junit-timeout-thread-26] INFO  d.m.q.protocol.FtpTransferProtocol - Starting FTP transfer: jobId=retry-backoff-test, isUpload=true
10:39:41.214 [junit-timeout-thread-26] DEBUG d.m.q.protocol.FtpTransferProtocol - Transfer details: sourceUri=file:///C:/Users/mraysmit/AppData/Local/Temp/retry-failure4464182722605002767.txt, destinationUri=ftp://127.0.0.1:1/unreachable.txt
10:39:41.214 [junit-timeout-thread-26] DEBUG d.m.q.protocol.FtpTransferProtocol - Routing to FTP upload handler
10:39:41.214 [junit-timeout-thread-26] INFO  d.m.q.protocol.FtpTransferProtocol - Starting FTP upload: C:\Users\mraysmit\AppData\Local\Temp\retry-failure4464182722605002767.txt -> ftp://127.0.0.1:1/unreachable.txt
10:39:41.214 [junit-timeout-thread-26] DEBUG d.m.q.protocol.FtpTransferProtocol - Parsed URI: scheme=ftp, host=127.0.0.1, port=1, ftpsMode=NONE
10:39:41.214 [junit-timeout-thread-26] DEBUG d.m.q.protocol.FtpTransferProtocol - Connection info parsed: host=127.0.0.1, port=1, path=/unreachable.txt
10:39:41.214 [junit-timeout-thread-26] DEBUG d.m.q.protocol.FtpTransferProtocol - Source file size: 8 bytes
10:39:41.214 [junit-timeout-thread-26] DEBUG d.m.q.protocol.FtpTransferProtocol - Establishing FTP connection to 127.0.0.1:1
10:39:41.214 [junit-timeout-thread-26] DEBUG d.m.q.protocol.FtpTransferProtocol - Connecting to FTP server: 127.0.0.1:1
10:39:41.215 [junit-timeout-thread-26] DEBUG d.m.q.protocol.FtpTransferProtocol - Disconnecting FTP client
10:39:41.215 [junit-timeout-thread-26] DEBUG d.m.q.protocol.FtpTransferProtocol - Disconnecting from FTP server
10:39:41.215 [junit-timeout-thread-26] DEBUG d.m.q.protocol.FtpTransferProtocol - FTP disconnection complete
10:39:41.215 [junit-timeout-thread-26] ERROR d.m.q.protocol.FtpTransferProtocol - [QUORUS-1002] FTP upload failed: requestId=retry-backoff-test, error=Connection refused
10:39:41.215 [junit-timeout-thread-26] DEBUG d.m.q.protocol.FtpTransferProtocol - FTP upload exception details for request: retry-backoff-test
java.net.ConnectException: Connection refused
	at java.base/sun.nio.ch.Net.pollConnect(Native Method)
10:39:41.215 [junit-timeout-thread-26] WARN  d.m.q.transfer.SimpleTransferEngine - Transfer attempt 3 of 4 failed for job retry-backoff-test: Transfer retry-backoff-test failed: FTP upload failed
10:39:41.215 [junit-timeout-thread-26] DEBUG d.m.q.transfer.SimpleTransferEngine - Retrying after 300 ms
10:39:41.516 [junit-timeout-thread-26] DEBUG d.m.quorus.protocol.ProtocolFactory - Protocol found: name=ftp, implementation=FtpTransferProtocol
10:39:41.516 [junit-timeout-thread-26] DEBUG d.m.q.protocol.FtpTransferProtocol - canHandle: FTP/FTPS upload check, destScheme=ftp, canHandle=true
10:39:41.516 [junit-timeout-thread-26] INFO  d.m.q.protocol.FtpTransferProtocol - Starting FTP transfer: jobId=retry-backoff-test, isUpload=true
10:39:41.516 [junit-timeout-thread-26] DEBUG d.m.q.protocol.FtpTransferProtocol - Transfer details: sourceUri=file:///C:/Users/mraysmit/AppData/Local/Temp/retry-failure4464182722605002767.txt, destinationUri=ftp://127.0.0.1:1/unreachable.txt
10:39:41.516 [junit-timeout-thread-26] DEBUG d.m.q.protocol.FtpTransferProtocol - Routing to FTP upload handler
10:39:41.516 [junit-timeout-thread-26] INFO  d.m.q.protocol.FtpTransferProtocol - Starting FTP upload: C:\Users\mraysmit\AppData\Local\Temp\retry-failure4464182722605002767.txt -> ftp://127.0.0.1:1/unreachable.txt
10:39:41.516 [junit-timeout-thread-26] DEBUG d.m.q.protocol.FtpTransferProtocol - Parsed URI: scheme=ftp, host=127.0.0.1, port=1, ftpsMode=NONE
10:39:41.516 [junit-timeout-thread-26] DEBUG d.m.q.protocol.FtpTransferProtocol - Connection info parsed: host=127.0.0.1, port=1, path=/unreachable.txt
10:39:41.517 [junit-timeout-thread-26] DEBUG d.m.q.protocol.FtpTransferProtocol - Source file size: 8 bytes
10:39:41.517 [junit-timeout-thread-26] DEBUG d.m.q.protocol.FtpTransferProtocol - Establishing FTP connection to 127.0.0.1:1
10:39:41.517 [junit-timeout-thread-26] DEBUG d.m.q.protocol.FtpTransferProtocol - Connecting to FTP server: 127.0.0.1:1
10:39:41.518 [junit-timeout-thread-26] DEBUG d.m.q.protocol.FtpTransferProtocol - Disconnecting FTP client
10:39:41.518 [junit-timeout-thread-26] DEBUG d.m.q.protocol.FtpTransferProtocol - Disconnecting from FTP server
10:39:41.518 [junit-timeout-thread-26] DEBUG d.m.q.protocol.FtpTransferProtocol - FTP disconnection complete
10:39:41.518 [junit-timeout-thread-26] ERROR d.m.q.protocol.FtpTransferProtocol - [QUORUS-1002] FTP upload failed: requestId=retry-backoff-test, error=Connection refused
10:39:41.518 [junit-timeout-thread-26] DEBUG d.m.q.protocol.FtpTransferProtocol - FTP upload exception details for request: retry-backoff-test
java.net.ConnectException: Connection refused
	at java.base/sun.nio.ch.Net.pollConnect(Native Method)
10:39:41.519 [junit-timeout-thread-26] ERROR d.m.q.transfer.SimpleTransferEngine - UPLOAD (Local -> Remote) transfer failed permanently: retry-backoff-test - Transfer retry-backoff-test failed: FTP upload failed
10:39:41.519 [junit-timeout-thread-26] DEBUG d.m.q.transfer.SimpleTransferEngine - Failure detail for transfer retry-backoff-test
dev.mars.quorus.core.exceptions.TransferException: Transfer retry-backoff-test failed: FTP upload failed
	at dev.mars.quorus.protocol.FtpTransferProtocol.performFtpUpload(FtpTransferProtocol.java:367)
Caused by: java.net.ConnectException: Connection refused
	at java.base/sun.nio.ch.Net.pollConnect(Native Method)
10:39:41.519 [main] INFO  d.m.q.transfer.SimpleTransferEngine - Shutting down transfer engine; cancelling 0 running transfer(s)
10:39:41.519 [main] INFO  d.m.q.transfer.SimpleTransferEngine - Transfer engine shutdown completed
10:39:41.520 [main] DEBUG d.m.quorus.protocol.ProtocolFactory - Initializing ProtocolFactory
10:39:41.520 [main] DEBUG d.m.quorus.protocol.ProtocolFactory - Registering default transfer protocols
10:39:41.520 [main] DEBUG d.m.quorus.protocol.ProtocolFactory - Creating HttpTransferProtocol instance
10:39:41.520 [main] INFO  d.m.q.protocol.HttpTransferProtocol - HttpTransferProtocol initialized: connectTimeout=30 SECONDS, socketTimeout=60 SECONDS, maxFileSize=10737418240 bytes
10:39:41.520 [main] INFO  d.m.quorus.protocol.ProtocolFactory - Registered protocol: http
10:39:41.520 [main] DEBUG d.m.quorus.protocol.ProtocolFactory - Protocol details: name=http, class=HttpTransferProtocol, supportsResume=false, supportsPause=true
10:39:41.520 [main] INFO  d.m.quorus.protocol.ProtocolFactory - Registered protocol alias: https -> http
10:39:41.520 [main] DEBUG d.m.quorus.protocol.ProtocolFactory - Creating SmbTransferProtocol instance
10:39:41.520 [main] INFO  d.m.quorus.protocol.ProtocolFactory - Registered protocol: smb
10:39:41.520 [main] DEBUG d.m.quorus.protocol.ProtocolFactory - Protocol details: name=smb, class=SmbTransferProtocol, supportsResume=false, supportsPause=false
10:39:41.520 [main] INFO  d.m.quorus.protocol.ProtocolFactory - Registered protocol alias: cifs -> smb
10:39:41.520 [main] DEBUG d.m.quorus.protocol.ProtocolFactory - Creating FtpTransferProtocol instance
10:39:41.520 [main] INFO  d.m.quorus.protocol.ProtocolFactory - Registered protocol: ftp
10:39:41.520 [main] DEBUG d.m.quorus.protocol.ProtocolFactory - Protocol details: name=ftp, class=FtpTransferProtocol, supportsResume=false, supportsPause=false
10:39:41.520 [main] INFO  d.m.quorus.protocol.ProtocolFactory - Registered protocol alias: ftps -> ftp
10:39:41.520 [main] DEBUG d.m.quorus.protocol.ProtocolFactory - Creating SftpTransferProtocol instance
10:39:41.520 [main] INFO  d.m.quorus.protocol.ProtocolFactory - Registered protocol: sftp
10:39:41.520 [main] DEBUG d.m.quorus.protocol.ProtocolFactory - Protocol details: name=sftp, class=SftpTransferProtocol, supportsResume=false, supportsPause=false
10:39:41.520 [main] DEBUG d.m.quorus.protocol.ProtocolFactory - Creating NfsTransferProtocol instance
10:39:41.520 [main] DEBUG d.m.q.protocol.NfsTransferProtocol - NfsTransferProtocol initialized with mountRoot=C:\nfs
10:39:41.520 [main] INFO  d.m.quorus.protocol.ProtocolFactory - Registered protocol: nfs
10:39:41.520 [main] DEBUG d.m.quorus.protocol.ProtocolFactory - Protocol details: name=nfs, class=NfsTransferProtocol, supportsResume=false, supportsPause=false
10:39:41.520 [main] INFO  d.m.quorus.protocol.ProtocolFactory - Registered default transfer protocols: count=8, schemes=ftps, ftp, http, smb, sftp, nfs, https, cifs
10:39:41.520 [main] INFO  d.m.q.transfer.SimpleTransferEngine - SimpleTransferEngine initialized: maxConcurrent=5, maxRetries=3, retryDelay=100ms
10:39:41.523 [main] INFO  d.m.q.transfer.SimpleTransferEngine - Shutting down transfer engine; cancelling 0 running transfer(s)
10:39:41.523 [main] INFO  d.m.q.transfer.SimpleTransferEngine - Transfer engine shutdown completed
10:39:41.523 [main] DEBUG d.m.quorus.protocol.ProtocolFactory - Initializing ProtocolFactory
10:39:41.523 [main] DEBUG d.m.quorus.protocol.ProtocolFactory - Registering default transfer protocols
10:39:41.524 [main] DEBUG d.m.quorus.protocol.ProtocolFactory - Creating HttpTransferProtocol instance
10:39:41.524 [main] INFO  d.m.q.protocol.HttpTransferProtocol - HttpTransferProtocol initialized: connectTimeout=30 SECONDS, socketTimeout=60 SECONDS, maxFileSize=10737418240 bytes
10:39:41.524 [main] INFO  d.m.quorus.protocol.ProtocolFactory - Registered protocol: http
10:39:41.524 [main] DEBUG d.m.quorus.protocol.ProtocolFactory - Protocol details: name=http, class=HttpTransferProtocol, supportsResume=false, supportsPause=true
10:39:41.524 [main] INFO  d.m.quorus.protocol.ProtocolFactory - Registered protocol alias: https -> http
10:39:41.524 [main] DEBUG d.m.quorus.protocol.ProtocolFactory - Creating SmbTransferProtocol instance
10:39:41.524 [main] INFO  d.m.quorus.protocol.ProtocolFactory - Registered protocol: smb
10:39:41.524 [main] DEBUG d.m.quorus.protocol.ProtocolFactory - Protocol details: name=smb, class=SmbTransferProtocol, supportsResume=false, supportsPause=false
10:39:41.524 [main] INFO  d.m.quorus.protocol.ProtocolFactory - Registered protocol alias: cifs -> smb
10:39:41.524 [main] DEBUG d.m.quorus.protocol.ProtocolFactory - Creating FtpTransferProtocol instance
10:39:41.524 [main] INFO  d.m.quorus.protocol.ProtocolFactory - Registered protocol: ftp
10:39:41.524 [main] DEBUG d.m.quorus.protocol.ProtocolFactory - Protocol details: name=ftp, class=FtpTransferProtocol, supportsResume=false, supportsPause=false
10:39:41.524 [main] INFO  d.m.quorus.protocol.ProtocolFactory - Registered protocol alias: ftps -> ftp
10:39:41.524 [main] DEBUG d.m.quorus.protocol.ProtocolFactory - Creating SftpTransferProtocol instance
10:39:41.524 [main] INFO  d.m.quorus.protocol.ProtocolFactory - Registered protocol: sftp
10:39:41.524 [main] DEBUG d.m.quorus.protocol.ProtocolFactory - Protocol details: name=sftp, class=SftpTransferProtocol, supportsResume=false, supportsPause=false
10:39:41.524 [main] DEBUG d.m.quorus.protocol.ProtocolFactory - Creating NfsTransferProtocol instance
10:39:41.524 [main] DEBUG d.m.q.protocol.NfsTransferProtocol - NfsTransferProtocol initialized with mountRoot=C:\nfs
10:39:41.524 [main] INFO  d.m.quorus.protocol.ProtocolFactory - Registered protocol: nfs
10:39:41.524 [main] DEBUG d.m.quorus.protocol.ProtocolFactory - Protocol details: name=nfs, class=NfsTransferProtocol, supportsResume=false, supportsPause=false
10:39:41.524 [main] INFO  d.m.quorus.protocol.ProtocolFactory - Registered default transfer protocols: count=8, schemes=ftps, ftp, http, smb, sftp, nfs, https, cifs
10:39:41.524 [main] INFO  d.m.q.transfer.SimpleTransferEngine - SimpleTransferEngine initialized: maxConcurrent=5, maxRetries=3, retryDelay=100ms
10:39:41.525 [main] INFO  d.m.q.transfer.SimpleTransferEngine - Shutting down transfer engine; cancelling 0 running transfer(s)
10:39:41.526 [main] INFO  d.m.q.transfer.SimpleTransferEngine - Transfer engine shutdown completed
10:39:41.526 [main] DEBUG d.m.quorus.protocol.ProtocolFactory - Initializing ProtocolFactory
10:39:41.526 [main] DEBUG d.m.quorus.protocol.ProtocolFactory - Registering default transfer protocols
10:39:41.526 [main] DEBUG d.m.quorus.protocol.ProtocolFactory - Creating HttpTransferProtocol instance
10:39:41.526 [main] INFO  d.m.q.protocol.HttpTransferProtocol - HttpTransferProtocol initialized: connectTimeout=30 SECONDS, socketTimeout=60 SECONDS, maxFileSize=10737418240 bytes
10:39:41.526 [main] INFO  d.m.quorus.protocol.ProtocolFactory - Registered protocol: http
10:39:41.526 [main] DEBUG d.m.quorus.protocol.ProtocolFactory - Protocol details: name=http, class=HttpTransferProtocol, supportsResume=false, supportsPause=true
10:39:41.526 [main] INFO  d.m.quorus.protocol.ProtocolFactory - Registered protocol alias: https -> http
10:39:41.526 [main] DEBUG d.m.quorus.protocol.ProtocolFactory - Creating SmbTransferProtocol instance
10:39:41.526 [main] INFO  d.m.quorus.protocol.ProtocolFactory - Registered protocol: smb
10:39:41.526 [main] DEBUG d.m.quorus.protocol.ProtocolFactory - Protocol details: name=smb, class=SmbTransferProtocol, supportsResume=false, supportsPause=false
10:39:41.526 [main] INFO  d.m.quorus.protocol.ProtocolFactory - Registered protocol alias: cifs -> smb
10:39:41.526 [main] DEBUG d.m.quorus.protocol.ProtocolFactory - Creating FtpTransferProtocol instance
10:39:41.526 [main] INFO  d.m.quorus.protocol.ProtocolFactory - Registered protocol: ftp
10:39:41.526 [main] DEBUG d.m.quorus.protocol.ProtocolFactory - Protocol details: name=ftp, class=FtpTransferProtocol, supportsResume=false, supportsPause=false
10:39:41.526 [main] INFO  d.m.quorus.protocol.ProtocolFactory - Registered protocol alias: ftps -> ftp
10:39:41.526 [main] DEBUG d.m.quorus.protocol.ProtocolFactory - Creating SftpTransferProtocol instance
10:39:41.526 [main] INFO  d.m.quorus.protocol.ProtocolFactory - Registered protocol: sftp
10:39:41.526 [main] DEBUG d.m.quorus.protocol.ProtocolFactory - Protocol details: name=sftp, class=SftpTransferProtocol, supportsResume=false, supportsPause=false
10:39:41.526 [main] DEBUG d.m.quorus.protocol.ProtocolFactory - Creating NfsTransferProtocol instance
10:39:41.526 [main] DEBUG d.m.q.protocol.NfsTransferProtocol - NfsTransferProtocol initialized with mountRoot=C:\nfs
10:39:41.526 [main] INFO  d.m.quorus.protocol.ProtocolFactory - Registered protocol: nfs
10:39:41.526 [main] DEBUG d.m.quorus.protocol.ProtocolFactory - Protocol details: name=nfs, class=NfsTransferProtocol, supportsResume=false, supportsPause=false
10:39:41.526 [main] INFO  d.m.quorus.protocol.ProtocolFactory - Registered default transfer protocols: count=8, schemes=ftps, ftp, http, smb, sftp, nfs, https, cifs
10:39:41.526 [main] INFO  d.m.q.transfer.SimpleTransferEngine - SimpleTransferEngine initialized: maxConcurrent=5, maxRetries=3, retryDelay=100ms
10:39:41.526 [main] INFO  d.m.q.transfer.SimpleTransferEngine - Shutting down transfer engine; cancelling 0 running transfer(s)
10:39:41.528 [main] INFO  d.m.q.transfer.SimpleTransferEngine - Transfer engine shutdown completed
[INFO] Tests run: 14, Failures: 0, Errors: 0, Skipped: 0, Time elapsed: 0.657 s -- in dev.mars.quorus.transfer.SimpleTransferEngineTest
[INFO] 
[INFO] Results:
[INFO] 
[INFO] Tests run: 398, Failures: 0, Errors: 0, Skipped: 0
[INFO] 
[INFO] 
[INFO] --- jacoco:0.8.15:report (report) @ quorus-core ---
[INFO] Skipping JaCoCo execution because property jacoco.skip is set.
[INFO] 
[INFO] ----------------------< dev.mars:quorus-workflow >----------------------
[INFO] Building Quorus Workflow Engine 1.0-SNAPSHOT                       [2/4]
[INFO]   from C:\Users\mraysmit\dev\idea-projects\quorus\quorus-workflow\pom.xml
[INFO] --------------------------------[ jar ]---------------------------------
[INFO] 
[INFO] --- jacoco:0.8.15:prepare-agent (prepare-agent) @ quorus-workflow ---
[INFO] Skipping JaCoCo execution because property jacoco.skip is set.
[INFO] argLine set to empty
[INFO] 
[INFO] --- resources:3.3.1:resources (default-resources) @ quorus-workflow ---
[INFO] Copying 1 resource from src\main\resources to target\classes
[INFO] 
[INFO] --- compiler:3.13.0:compile (default-compile) @ quorus-workflow ---
[INFO] Nothing to compile - all classes are up to date.
[INFO] 
[INFO] --- resources:3.3.1:testResources (default-testResources) @ quorus-workflow ---
[INFO] Copying 2 resources from src\test\resources to target\test-classes
[INFO] 
[INFO] --- compiler:3.13.0:testCompile (default-testCompile) @ quorus-workflow ---
[INFO] Nothing to compile - all classes are up to date.
[INFO] 
[INFO] --- surefire:3.2.2:test (default-test) @ quorus-workflow ---
[INFO] Using auto detected provider org.apache.maven.surefire.junitplatform.JUnitPlatformProvider
[INFO] 
[INFO] -------------------------------------------------------
[INFO]  T E S T S
[INFO] -------------------------------------------------------
10:39:42,626 |-INFO in ch.qos.logback.classic.LoggerContext[default] - Found logback-core version 1.5.32
10:39:42,627 |-INFO in ch.qos.logback.classic.util.ContextInitializer@5db6b9cd - No custom configurators were discovered as a service.
10:39:42,627 |-INFO in ch.qos.logback.classic.util.ContextInitializer@5db6b9cd - Trying to configure with ch.qos.logback.classic.util.DefaultJoranConfigurator
10:39:42,628 |-INFO in ch.qos.logback.classic.util.ContextInitializer@5db6b9cd - Constructed configurator of type class ch.qos.logback.classic.util.DefaultJoranConfigurator
10:39:42,629 |-INFO in ch.qos.logback.classic.LoggerContext[default] - Found resource [logback-test.xml] at [file:/C:/Users/mraysmit/dev/idea-projects/quorus/quorus-workflow/target/test-classes/logback-test.xml]
10:39:42,629 |-WARN in ch.qos.logback.classic.util.DefaultJoranConfigurator@210ab13f - Resource [logback-test.xml] occurs multiple times on the classpath.
10:39:42,629 |-WARN in ch.qos.logback.classic.util.DefaultJoranConfigurator@210ab13f - Resource [logback-test.xml] occurs at [file:/C:/Users/mraysmit/dev/idea-projects/quorus/quorus-core/target/test-classes/logback-test.xml]
10:39:42,629 |-WARN in ch.qos.logback.classic.util.DefaultJoranConfigurator@210ab13f - Resource [logback-test.xml] occurs at [file:/C:/Users/mraysmit/dev/idea-projects/quorus/quorus-workflow/target/test-classes/logback-test.xml]
10:39:42,697 |-INFO in ch.qos.logback.classic.model.processor.ConfigurationModelHandlerFull - Scan attribute not set or set to unrecognized value.
10:39:42,702 |-INFO in ch.qos.logback.core.model.processor.ModelInterpretationContext@20b2475a - value "../test-logs/quorus-test-2026-09-27_09-38-32.log" substituted for "../test-logs/quorus-test-${testRunTimestamp}.log"
10:39:42,704 |-INFO in ch.qos.logback.core.model.processor.AppenderModelHandler - Processing appender named [CONSOLE]
10:39:42,704 |-INFO in ch.qos.logback.core.model.processor.AppenderModelHandler - About to instantiate appender of type [ch.qos.logback.core.ConsoleAppender]
10:39:42,709 |-INFO in ch.qos.logback.core.model.processor.ImplicitModelHandler - Assuming default type [ch.qos.logback.classic.encoder.PatternLayoutEncoder] for [encoder] property
10:39:42,746 |-INFO in ch.qos.logback.core.ConsoleAppender[CONSOLE] - NOTE: Writing to the console can be slow. Try to avoid logging to the 
10:39:42,746 |-INFO in ch.qos.logback.core.ConsoleAppender[CONSOLE] - console in production environments, especially in high volume systems.
10:39:42,746 |-INFO in ch.qos.logback.core.ConsoleAppender[CONSOLE] - See also https://logback.qos.ch/codes.html#slowConsole
10:39:42,747 |-INFO in ch.qos.logback.core.model.processor.AppenderModelHandler - Processing appender named [FILE]
10:39:42,747 |-INFO in ch.qos.logback.core.model.processor.AppenderModelHandler - About to instantiate appender of type [ch.qos.logback.core.FileAppender]
10:39:42,748 |-INFO in ch.qos.logback.core.model.processor.ModelInterpretationContext@20b2475a - value "../test-logs/quorus-test-2026-09-27_09-38-32.log" substituted for "../test-logs/quorus-test-${testRunTimestamp}.log"
10:39:42,752 |-INFO in ch.qos.logback.core.model.processor.ImplicitModelHandler - Assuming default type [ch.qos.logback.classic.encoder.PatternLayoutEncoder] for [encoder] property
10:39:42,752 |-INFO in ch.qos.logback.core.FileAppender[FILE] - File property is set to [../test-logs/quorus-test-2026-09-27_09-38-32.log]
10:39:42,755 |-INFO in ch.qos.logback.classic.model.processor.LoggerModelHandler - Setting level of logger [dev.mars.quorus] to DEBUG
10:39:42,755 |-INFO in ch.qos.logback.classic.model.processor.LoggerModelHandler - Setting level of logger [org.apache] to WARN
10:39:42,755 |-INFO in ch.qos.logback.classic.model.processor.LoggerModelHandler - Setting level of logger [io.vertx] to WARN
10:39:42,755 |-INFO in ch.qos.logback.classic.model.processor.LoggerModelHandler - Setting level of logger [io.netty] to WARN
10:39:42,755 |-INFO in ch.qos.logback.classic.model.processor.RootLoggerModelHandler - Setting level of ROOT logger to INFO
10:39:42,755 |-INFO in ch.qos.logback.core.model.processor.AppenderRefModelHandler - Attaching appender named [CONSOLE] to Logger[ROOT]
10:39:42,755 |-INFO in ch.qos.logback.core.model.processor.AppenderRefModelHandler - Attaching appender named [FILE] to Logger[ROOT]
10:39:42,755 |-INFO in ch.qos.logback.core.model.processor.DefaultProcessor@7857fe2 - End of configuration.
10:39:42,756 |-INFO in ch.qos.logback.classic.joran.JoranConfigurator@6f15d60e - Registering current configuration as safe fallback point
10:39:42,758 |-INFO in ch.qos.logback.classic.util.ContextInitializer@5db6b9cd - ch.qos.logback.classic.util.DefaultJoranConfigurator.configure() call lasted 128 milliseconds. ExecutionStatus=DO_NOT_INVOKE_NEXT_IF_ANY

[INFO] Running dev.mars.quorus.workflow.SimpleWorkflowEngineTest
10:39:42.797 [main] WARN  d.m.q.testing.ExpectsErrorExtension - 
========================================================================
  EXPECTED ERROR TEST: testFailedTransfer
  Reason: Simulated transfer failure -- verifies workflow marks group as FAILED
  Errors below are INTENTIONAL -- testing error handling paths
========================================================================
10:39:43.093 [main] INFO  d.m.q.w.o.WorkflowMetrics - WorkflowMetrics initialized
10:39:43.114 [main] INFO  d.m.q.workflow.SimpleWorkflowEngine - SimpleWorkflowEngine initialized (reactive mode)
10:39:43.120 [main] INFO  d.m.q.workflow.SimpleWorkflowEngine - Starting workflow execution: test-execution-123 in mode: NORMAL
10:39:43.125 [main] INFO  d.m.q.workflow.SimpleWorkflowEngine - Performing normal workflow execution with parallel transfer execution
10:39:43.136 [vert.x-eventloop-thread-0] INFO  d.m.q.workflow.SimpleWorkflowEngine - Executed group: test-group with status: FAILED (parallel execution)
10:39:43.137 [vert.x-eventloop-thread-0] INFO  d.m.q.workflow.SimpleWorkflowEngine - Workflow execution completed: test-execution-123 with status: FAILED
10:39:43.141 [main] WARN  d.m.q.testing.ExpectsErrorExtension - 
========================================================================
  END EXPECTED ERROR TEST: testFailedTransfer -- PASSED
========================================================================
10:39:43.148 [main] WARN  d.m.q.testing.ExpectsErrorExtension - 
========================================================================
  EXPECTED ERROR TEST: testInvalidWorkflow
  Reason: Empty workflow name -- verifies validation rejects and returns FAILED status
  Errors below are INTENTIONAL -- testing error handling paths
========================================================================
10:39:43.183 [main] INFO  d.m.q.workflow.SimpleWorkflowEngine - SimpleWorkflowEngine initialized (reactive mode)
10:39:43.184 [main] INFO  d.m.q.workflow.SimpleWorkflowEngine - Starting workflow execution: test-execution-123 in mode: NORMAL
10:39:43.186 [main] WARN  d.m.q.testing.ExpectsErrorExtension - 
========================================================================
  END EXPECTED ERROR TEST: testInvalidWorkflow -- PASSED
========================================================================
10:39:43.219 [main] INFO  d.m.q.workflow.SimpleWorkflowEngine - SimpleWorkflowEngine initialized (reactive mode)
10:39:43.220 [main] INFO  d.m.q.workflow.SimpleWorkflowEngine - Starting workflow execution: test-execution-123 in mode: NORMAL
10:39:43.221 [main] INFO  d.m.q.workflow.SimpleWorkflowEngine - Performing normal workflow execution with parallel transfer execution
10:39:43.222 [vert.x-eventloop-thread-0] INFO  d.m.q.workflow.SimpleWorkflowEngine - Executed group: test-group with status: COMPLETED (parallel execution)
10:39:43.222 [vert.x-eventloop-thread-0] INFO  d.m.q.workflow.SimpleWorkflowEngine - Workflow execution completed: test-execution-123 with status: COMPLETED
10:39:43.253 [main] INFO  d.m.q.workflow.SimpleWorkflowEngine - SimpleWorkflowEngine initialized (reactive mode)
10:39:43.253 [main] INFO  d.m.q.workflow.SimpleWorkflowEngine - Starting workflow execution: test-execution-123 in mode: NORMAL
10:39:43.254 [main] INFO  d.m.q.workflow.SimpleWorkflowEngine - Performing normal workflow execution with parallel transfer execution
10:39:43.255 [vert.x-eventloop-thread-0] INFO  d.m.q.workflow.SimpleWorkflowEngine - Executed group: test-group with status: COMPLETED (parallel execution)
10:39:43.256 [vert.x-eventloop-thread-0] INFO  d.m.q.workflow.SimpleWorkflowEngine - Workflow execution completed: test-execution-123 with status: COMPLETED
10:39:43.258 [main] WARN  d.m.q.testing.ExpectsErrorExtension - 
========================================================================
  EXPECTED ERROR TEST: testTransferException
  Reason: Simulated transfer exception -- verifies workflow catches and marks FAILED
  Errors below are INTENTIONAL -- testing error handling paths
========================================================================
10:39:43.287 [main] INFO  d.m.q.workflow.SimpleWorkflowEngine - SimpleWorkflowEngine initialized (reactive mode)
10:39:43.288 [main] INFO  d.m.q.workflow.SimpleWorkflowEngine - Starting workflow execution: test-execution-123 in mode: NORMAL
10:39:43.289 [main] INFO  d.m.q.workflow.SimpleWorkflowEngine - Performing normal workflow execution with parallel transfer execution
10:39:43.290 [vert.x-eventloop-thread-0] ERROR d.m.q.workflow.SimpleWorkflowEngine - Transfer execution failed: test-transfer - Transfer failed
10:39:43.290 [vert.x-eventloop-thread-0] DEBUG d.m.q.workflow.SimpleWorkflowEngine - Transfer execution exception details for: test-transfer
java.lang.RuntimeException: Transfer failed
	at dev.mars.quorus.workflow.SimpleWorkflowEngineTest.testTransferException(SimpleWorkflowEngineTest.java:146)
	at java.base/jdk.internal.reflect.DirectMethodHandleAccessor.invoke(DirectMethodHandleAccessor.java:104)
	at java.base/java.lang.reflect.Method.invoke(Method.java:583)
	at org.junit.platform.commons.util.ReflectionUtils.invokeMethod(ReflectionUtils.java:727)
	at org.junit.jupiter.engine.execution.MethodInvocation.proceed(MethodInvocation.java:60)
	at org.junit.jupiter.engine.execution.InvocationInterceptorChain$ValidatingInvocation.proceed(InvocationInterceptorChain.java:131)
	at io.vertx.junit5.VertxExtension.interceptTestMethod(VertxExtension.java:142)
	at org.junit.jupiter.engine.execution.InterceptingExecutableInvoker$ReflectiveInterceptorCall.lambda$ofVoidMethod$0(InterceptingExecutableInvoker.java:103)
	at org.junit.jupiter.engine.execution.InterceptingExecutableInvoker.lambda$invoke$0(InterceptingExecutableInvoker.java:93)
	at org.junit.jupiter.engine.execution.InvocationInterceptorChain$InterceptedInvocation.proceed(InvocationInterceptorChain.java:106)
	at org.junit.jupiter.engine.extension.TimeoutExtension.intercept(TimeoutExtension.java:156)
	at org.junit.jupiter.engine.extension.TimeoutExtension.interceptTestableMethod(TimeoutExtension.java:147)
	at org.junit.jupiter.engine.extension.TimeoutExtension.interceptTestMethod(TimeoutExtension.java:86)
	at org.junit.jupiter.engine.execution.InterceptingExecutableInvoker$ReflectiveInterceptorCall.lambda$ofVoidMethod$0(InterceptingExecutableInvoker.java:103)
	at org.junit.jupiter.engine.execution.InterceptingExecutableInvoker.lambda$invoke$0(InterceptingExecutableInvoker.java:93)
	at org.junit.jupiter.engine.execution.InvocationInterceptorChain$InterceptedInvocation.proceed(InvocationInterceptorChain.java:106)
	at org.junit.jupiter.engine.execution.InvocationInterceptorChain.proceed(InvocationInterceptorChain.java:64)
	at org.junit.jupiter.engine.execution.InvocationInterceptorChain.chainAndInvoke(InvocationInterceptorChain.java:45)
	at org.junit.jupiter.engine.execution.InvocationInterceptorChain.invoke(InvocationInterceptorChain.java:37)
	at org.junit.jupiter.engine.execution.InterceptingExecutableInvoker.invoke(InterceptingExecutableInvoker.java:92)
	at org.junit.jupiter.engine.execution.InterceptingExecutableInvoker.invoke(InterceptingExecutableInvoker.java:86)
	at org.junit.jupiter.engine.descriptor.TestMethodTestDescriptor.lambda$invokeTestMethod$7(TestMethodTestDescriptor.java:217)
	at org.junit.platform.engine.support.hierarchical.ThrowableCollector.execute(ThrowableCollector.java:73)
	at org.junit.jupiter.engine.descriptor.TestMethodTestDescriptor.invokeTestMethod(TestMethodTestDescriptor.java:213)
	at org.junit.jupiter.engine.descriptor.TestMethodTestDescriptor.execute(TestMethodTestDescriptor.java:138)
	at org.junit.jupiter.engine.descriptor.TestMethodTestDescriptor.execute(TestMethodTestDescriptor.java:68)
	at org.junit.platform.engine.support.hierarchical.NodeTestTask.lambda$executeRecursively$6(NodeTestTask.java:151)
	at org.junit.platform.engine.support.hierarchical.ThrowableCollector.execute(ThrowableCollector.java:73)
	at org.junit.platform.engine.support.hierarchical.NodeTestTask.lambda$executeRecursively$8(NodeTestTask.java:141)
	at org.junit.platform.engine.support.hierarchical.Node.around(Node.java:137)
	at org.junit.platform.engine.support.hierarchical.NodeTestTask.lambda$executeRecursively$9(NodeTestTask.java:139)
	at org.junit.platform.engine.support.hierarchical.ThrowableCollector.execute(ThrowableCollector.java:73)
	at org.junit.platform.engine.support.hierarchical.NodeTestTask.executeRecursively(NodeTestTask.java:138)
	at org.junit.platform.engine.support.hierarchical.NodeTestTask.execute(NodeTestTask.java:95)
	at java.base/java.util.ArrayList.forEach(ArrayList.java:1612)
	at org.junit.platform.engine.support.hierarchical.SameThreadHierarchicalTestExecutorService.invokeAll(SameThreadHierarchicalTestExecutorService.java:41)
	at org.junit.platform.engine.support.hierarchical.NodeTestTask.lambda$executeRecursively$6(NodeTestTask.java:155)
	at org.junit.platform.engine.support.hierarchical.ThrowableCollector.execute(ThrowableCollector.java:73)
	at org.junit.platform.engine.support.hierarchical.NodeTestTask.lambda$executeRecursively$8(NodeTestTask.java:141)
	at org.junit.platform.engine.support.hierarchical.Node.around(Node.java:137)
	at org.junit.platform.engine.support.hierarchical.NodeTestTask.lambda$executeRecursively$9(NodeTestTask.java:139)
	at org.junit.platform.engine.support.hierarchical.ThrowableCollector.execute(ThrowableCollector.java:73)
	at org.junit.platform.engine.support.hierarchical.NodeTestTask.executeRecursively(NodeTestTask.java:138)
	at org.junit.platform.engine.support.hierarchical.NodeTestTask.execute(NodeTestTask.java:95)
	at java.base/java.util.ArrayList.forEach(ArrayList.java:1612)
	at org.junit.platform.engine.support.hierarchical.SameThreadHierarchicalTestExecutorService.invokeAll(SameThreadHierarchicalTestExecutorService.java:41)
	at org.junit.platform.engine.support.hierarchical.NodeTestTask.lambda$executeRecursively$6(NodeTestTask.java:155)
	at org.junit.platform.engine.support.hierarchical.ThrowableCollector.execute(ThrowableCollector.java:73)
	at org.junit.platform.engine.support.hierarchical.NodeTestTask.lambda$executeRecursively$8(NodeTestTask.java:141)
	at org.junit.platform.engine.support.hierarchical.Node.around(Node.java:137)
	at org.junit.platform.engine.support.hierarchical.NodeTestTask.lambda$executeRecursively$9(NodeTestTask.java:139)
	at org.junit.platform.engine.support.hierarchical.ThrowableCollector.execute(ThrowableCollector.java:73)
	at org.junit.platform.engine.support.hierarchical.NodeTestTask.executeRecursively(NodeTestTask.java:138)
	at org.junit.platform.engine.support.hierarchical.NodeTestTask.execute(NodeTestTask.java:95)
	at org.junit.platform.engine.support.hierarchical.SameThreadHierarchicalTestExecutorService.submit(SameThreadHierarchicalTestExecutorService.java:35)
	at org.junit.platform.engine.support.hierarchical.HierarchicalTestExecutor.execute(HierarchicalTestExecutor.java:57)
	at org.junit.platform.engine.support.hierarchical.HierarchicalTestEngine.execute(HierarchicalTestEngine.java:54)
	at org.junit.platform.launcher.core.EngineExecutionOrchestrator.execute(EngineExecutionOrchestrator.java:147)
	at org.junit.platform.launcher.core.EngineExecutionOrchestrator.execute(EngineExecutionOrchestrator.java:127)
	at org.junit.platform.launcher.core.EngineExecutionOrchestrator.execute(EngineExecutionOrchestrator.java:90)
	at org.junit.platform.launcher.core.EngineExecutionOrchestrator.lambda$execute$0(EngineExecutionOrchestrator.java:55)
	at org.junit.platform.launcher.core.EngineExecutionOrchestrator.withInterceptedStreams(EngineExecutionOrchestrator.java:102)
	at org.junit.platform.launcher.core.EngineExecutionOrchestrator.execute(EngineExecutionOrchestrator.java:54)
	at org.junit.platform.launcher.core.DefaultLauncher.execute(DefaultLauncher.java:114)
	at org.junit.platform.launcher.core.DefaultLauncher.execute(DefaultLauncher.java:86)
	at org.junit.platform.launcher.core.DefaultLauncherSession$DelegatingLauncher.execute(DefaultLauncherSession.java:86)
	at org.apache.maven.surefire.junitplatform.LazyLauncher.execute(LazyLauncher.java:56)
	at org.apache.maven.surefire.junitplatform.JUnitPlatformProvider.execute(JUnitPlatformProvider.java:184)
	at org.apache.maven.surefire.junitplatform.JUnitPlatformProvider.invokeAllTests(JUnitPlatformProvider.java:148)
	at org.apache.maven.surefire.junitplatform.JUnitPlatformProvider.invoke(JUnitPlatformProvider.java:122)
	at org.apache.maven.surefire.booter.ForkedBooter.runSuitesInProcess(ForkedBooter.java:385)
	at org.apache.maven.surefire.booter.ForkedBooter.execute(ForkedBooter.java:162)
	at org.apache.maven.surefire.booter.ForkedBooter.run(ForkedBooter.java:507)
	at org.apache.maven.surefire.booter.ForkedBooter.main(ForkedBooter.java:495)
10:39:43.292 [vert.x-eventloop-thread-0] INFO  d.m.q.workflow.SimpleWorkflowEngine - Executed group: test-group with status: FAILED (parallel execution)
10:39:43.292 [vert.x-eventloop-thread-0] INFO  d.m.q.workflow.SimpleWorkflowEngine - Workflow execution completed: test-execution-123 with status: FAILED
10:39:43.293 [main] WARN  d.m.q.testing.ExpectsErrorExtension - 
========================================================================
  END EXPECTED ERROR TEST: testTransferException -- PASSED
========================================================================
10:39:43.325 [main] INFO  d.m.q.workflow.SimpleWorkflowEngine - SimpleWorkflowEngine initialized (reactive mode)
10:39:43.326 [main] INFO  d.m.q.workflow.SimpleWorkflowEngine - SimpleWorkflowEngine shutdown initiated
10:39:43.326 [main] INFO  d.m.q.workflow.SimpleWorkflowEngine - Closing internally managed Vert.x instance for SimpleWorkflowEngine
10:39:43.343 [vert.x-eventloop-thread-45] INFO  d.m.q.workflow.SimpleWorkflowEngine - SimpleWorkflowEngine shutdown completed
10:39:43.364 [main] INFO  d.m.q.workflow.SimpleWorkflowEngine - SimpleWorkflowEngine initialized (reactive mode)
10:39:43.365 [main] WARN  d.m.q.workflow.SimpleWorkflowEngine - Pause operation not supported in SimpleWorkflowEngine
10:39:43.365 [main] WARN  d.m.q.workflow.SimpleWorkflowEngine - Resume operation not supported in SimpleWorkflowEngine
10:39:43.391 [main] INFO  d.m.q.workflow.SimpleWorkflowEngine - SimpleWorkflowEngine initialized (reactive mode)
10:39:43.421 [main] INFO  d.m.q.workflow.SimpleWorkflowEngine - SimpleWorkflowEngine initialized (reactive mode)
10:39:43.422 [main] INFO  d.m.q.workflow.SimpleWorkflowEngine - SimpleWorkflowEngine shutdown initiated
10:39:43.422 [main] INFO  d.m.q.workflow.SimpleWorkflowEngine - SimpleWorkflowEngine shutdown completed
10:39:43.449 [main] INFO  d.m.q.workflow.SimpleWorkflowEngine - SimpleWorkflowEngine initialized (reactive mode)
10:39:43.451 [main] INFO  d.m.q.workflow.SimpleWorkflowEngine - Starting workflow execution: test-execution-123 in mode: VIRTUAL_RUN
10:39:43.452 [main] INFO  d.m.q.workflow.SimpleWorkflowEngine - Performing virtual run simulation with parallel execution
10:39:43.554 [vert.x-eventloop-thread-0] INFO  d.m.q.workflow.SimpleWorkflowEngine - Virtual run completed group: test-group (parallel simulation)
10:39:43.554 [vert.x-eventloop-thread-0] INFO  d.m.q.workflow.SimpleWorkflowEngine - Workflow execution completed: test-execution-123 with status: COMPLETED
10:39:43.583 [main] INFO  d.m.q.workflow.SimpleWorkflowEngine - SimpleWorkflowEngine initialized (reactive mode)
10:39:43.612 [main] INFO  d.m.q.workflow.SimpleWorkflowEngine - SimpleWorkflowEngine initialized (reactive mode)
10:39:43.613 [main] INFO  d.m.q.workflow.SimpleWorkflowEngine - Starting workflow execution: test-execution-123 in mode: DRY_RUN
10:39:43.613 [main] INFO  d.m.q.workflow.SimpleWorkflowEngine - Performing dry run validation
10:39:43.613 [main] INFO  d.m.q.workflow.SimpleWorkflowEngine - Dry run validated group: test-group
10:39:43.614 [main] INFO  d.m.q.workflow.SimpleWorkflowEngine - Workflow execution completed: test-execution-123 with status: COMPLETED
10:39:43.640 [main] INFO  d.m.q.workflow.SimpleWorkflowEngine - SimpleWorkflowEngine initialized (reactive mode)
10:39:43.640 [main] INFO  d.m.q.workflow.SimpleWorkflowEngine - Starting workflow execution: test-execution-123 in mode: NORMAL
10:39:43.642 [main] INFO  d.m.q.workflow.SimpleWorkflowEngine - Performing normal workflow execution with parallel transfer execution
10:39:43.642 [vert.x-eventloop-thread-0] INFO  d.m.q.workflow.SimpleWorkflowEngine - Executed group: test-group with status: COMPLETED (parallel execution)
10:39:43.642 [vert.x-eventloop-thread-0] INFO  d.m.q.workflow.SimpleWorkflowEngine - Workflow execution completed: test-execution-123 with status: COMPLETED
[INFO] Tests run: 12, Failures: 0, Errors: 0, Skipped: 0, Time elapsed: 0.867 s -- in dev.mars.quorus.workflow.SimpleWorkflowEngineTest
[INFO] Running dev.mars.quorus.workflow.WorkflowDefinitionTest
[INFO] Tests run: 16, Failures: 0, Errors: 0, Skipped: 0, Time elapsed: 0.020 s -- in dev.mars.quorus.workflow.WorkflowDefinitionTest
[INFO] Running dev.mars.quorus.workflow.WorkflowParseExceptionTest
[INFO] Tests run: 15, Failures: 0, Errors: 0, Skipped: 0, Time elapsed: 0.010 s -- in dev.mars.quorus.workflow.WorkflowParseExceptionTest
[INFO] Running dev.mars.quorus.workflow.WorkflowSchemaValidatorTest
10:39:43.681 [main] DEBUG d.m.q.w.WorkflowSchemaValidator - Validating workflow schema
10:39:43.681 [main] DEBUG d.m.q.w.WorkflowSchemaValidator - Workflow schema validation passed
[INFO] Tests run: 10, Failures: 0, Errors: 0, Skipped: 0, Time elapsed: 0.012 s -- in dev.mars.quorus.workflow.WorkflowSchemaValidatorTest
[INFO] Running dev.mars.quorus.workflow.YamlWorkflowDefinitionParserTest
10:39:43.716 [main] DEBUG d.m.q.w.WorkflowSchemaValidator - Validating workflow schema
10:39:43.716 [main] DEBUG d.m.q.w.WorkflowSchemaValidator - Workflow schema validation passed
10:39:43.717 [main] WARN  d.m.q.w.YamlWorkflowDefinitionParser - YAML syntax error during schema validation: mapping values are not allowed here
 in 'string', line 1, column 14:
    invalid: yaml: content
                 ^

10:39:43.724 [main] WARN  d.m.q.w.YamlWorkflowDefinitionParser - YAML syntax error: while parsing a flow sequence
 in 'string', line 3, column 12:
      invalid: [unclosed
               ^
expected ',' or ']', but got <stream end>
 in 'string', line 4, column 1:
    
    ^

[INFO] Tests run: 8, Failures: 0, Errors: 0, Skipped: 0, Time elapsed: 0.033 s -- in dev.mars.quorus.workflow.YamlWorkflowDefinitionParserTest
[INFO] 
[INFO] Results:
[INFO] 
[INFO] Tests run: 61, Failures: 0, Errors: 0, Skipped: 0
[INFO] 
[INFO] 
[INFO] --- jacoco:0.8.15:report (report) @ quorus-workflow ---
[INFO] Skipping JaCoCo execution because property jacoco.skip is set.
[INFO] 
[INFO] -----------------------< dev.mars:quorus-agent >------------------------
[INFO] Building Quorus Agent 1.0-SNAPSHOT                                 [3/4]
[INFO]   from C:\Users\mraysmit\dev\idea-projects\quorus\quorus-agent\pom.xml
[INFO] --------------------------------[ jar ]---------------------------------
[INFO] 
[INFO] --- jacoco:0.8.15:prepare-agent (prepare-agent) @ quorus-agent ---
[INFO] Skipping JaCoCo execution because property jacoco.skip is set.
[INFO] argLine set to empty
[INFO] 
[INFO] --- resources:3.3.1:resources (default-resources) @ quorus-agent ---
[INFO] Copying 2 resources from src\main\resources to target\classes
[INFO] 
[INFO] --- compiler:3.13.0:compile (default-compile) @ quorus-agent ---
[INFO] Nothing to compile - all classes are up to date.
[INFO] 
[INFO] --- resources:3.3.1:testResources (default-testResources) @ quorus-agent ---
[INFO] Copying 2 resources from src\test\resources to target\test-classes
[INFO] 
[INFO] --- compiler:3.13.0:testCompile (default-testCompile) @ quorus-agent ---
[INFO] Nothing to compile - all classes are up to date.
[INFO] 
[INFO] --- surefire:3.2.2:test (default-test) @ quorus-agent ---
[INFO] Using auto detected provider org.apache.maven.surefire.junitplatform.JUnitPlatformProvider
[INFO] 
[INFO] -------------------------------------------------------
[INFO]  T E S T S
[INFO] -------------------------------------------------------
10:39:44,917 |-INFO in ch.qos.logback.classic.LoggerContext[default] - Found logback-core version 1.5.32
10:39:44,918 |-INFO in ch.qos.logback.classic.util.ContextInitializer@1ae8bcbc - No custom configurators were discovered as a service.
10:39:44,918 |-INFO in ch.qos.logback.classic.util.ContextInitializer@1ae8bcbc - Trying to configure with ch.qos.logback.classic.util.DefaultJoranConfigurator
10:39:44,919 |-INFO in ch.qos.logback.classic.util.ContextInitializer@1ae8bcbc - Constructed configurator of type class ch.qos.logback.classic.util.DefaultJoranConfigurator
10:39:44,920 |-INFO in ch.qos.logback.classic.LoggerContext[default] - Found resource [logback-test.xml] at [file:/C:/Users/mraysmit/dev/idea-projects/quorus/quorus-agent/target/test-classes/logback-test.xml]
10:39:44,920 |-WARN in ch.qos.logback.classic.util.DefaultJoranConfigurator@6cdba6dc - Resource [logback-test.xml] occurs multiple times on the classpath.
10:39:44,920 |-WARN in ch.qos.logback.classic.util.DefaultJoranConfigurator@6cdba6dc - Resource [logback-test.xml] occurs at [file:/C:/Users/mraysmit/dev/idea-projects/quorus/quorus-core/target/test-classes/logback-test.xml]
10:39:44,920 |-WARN in ch.qos.logback.classic.util.DefaultJoranConfigurator@6cdba6dc - Resource [logback-test.xml] occurs at [file:/C:/Users/mraysmit/dev/idea-projects/quorus/quorus-agent/target/test-classes/logback-test.xml]
10:39:44,997 |-INFO in ch.qos.logback.classic.model.processor.ConfigurationModelHandlerFull - Scan attribute not set or set to unrecognized value.
10:39:45,003 |-INFO in ch.qos.logback.core.model.processor.ModelInterpretationContext@7d3d101b - value "../test-logs/quorus-test-2026-09-27_09-38-32.log" substituted for "../test-logs/quorus-test-${testRunTimestamp}.log"
10:39:45,004 |-INFO in ch.qos.logback.core.model.processor.AppenderModelHandler - Processing appender named [CONSOLE]
10:39:45,004 |-INFO in ch.qos.logback.core.model.processor.AppenderModelHandler - About to instantiate appender of type [ch.qos.logback.core.ConsoleAppender]
10:39:45,010 |-INFO in ch.qos.logback.core.model.processor.ImplicitModelHandler - Assuming default type [ch.qos.logback.classic.encoder.PatternLayoutEncoder] for [encoder] property
10:39:45,050 |-INFO in ch.qos.logback.core.ConsoleAppender[CONSOLE] - NOTE: Writing to the console can be slow. Try to avoid logging to the 
10:39:45,050 |-INFO in ch.qos.logback.core.ConsoleAppender[CONSOLE] - console in production environments, especially in high volume systems.
10:39:45,050 |-INFO in ch.qos.logback.core.ConsoleAppender[CONSOLE] - See also https://logback.qos.ch/codes.html#slowConsole
10:39:45,051 |-INFO in ch.qos.logback.core.model.processor.AppenderModelHandler - Processing appender named [FILE]
10:39:45,051 |-INFO in ch.qos.logback.core.model.processor.AppenderModelHandler - About to instantiate appender of type [ch.qos.logback.core.FileAppender]
10:39:45,053 |-INFO in ch.qos.logback.core.model.processor.ModelInterpretationContext@7d3d101b - value "../test-logs/quorus-test-2026-09-27_09-38-32.log" substituted for "../test-logs/quorus-test-${testRunTimestamp}.log"
10:39:45,058 |-INFO in ch.qos.logback.core.model.processor.ImplicitModelHandler - Assuming default type [ch.qos.logback.classic.encoder.PatternLayoutEncoder] for [encoder] property
10:39:45,058 |-INFO in ch.qos.logback.core.FileAppender[FILE] - File property is set to [../test-logs/quorus-test-2026-09-27_09-38-32.log]
10:39:45,060 |-INFO in ch.qos.logback.classic.model.processor.LoggerModelHandler - Setting level of logger [dev.mars.quorus] to DEBUG
10:39:45,060 |-INFO in ch.qos.logback.classic.model.processor.LoggerModelHandler - Setting level of logger [org.apache] to WARN
10:39:45,060 |-INFO in ch.qos.logback.classic.model.processor.LoggerModelHandler - Setting level of logger [io.vertx] to WARN
10:39:45,060 |-INFO in ch.qos.logback.classic.model.processor.LoggerModelHandler - Setting level of logger [io.netty] to WARN
10:39:45,060 |-INFO in ch.qos.logback.classic.model.processor.RootLoggerModelHandler - Setting level of ROOT logger to INFO
10:39:45,060 |-INFO in ch.qos.logback.core.model.processor.AppenderRefModelHandler - Attaching appender named [CONSOLE] to Logger[ROOT]
10:39:45,061 |-INFO in ch.qos.logback.core.model.processor.AppenderRefModelHandler - Attaching appender named [FILE] to Logger[ROOT]
10:39:45,061 |-INFO in ch.qos.logback.core.model.processor.DefaultProcessor@30c8681 - End of configuration.
10:39:45,061 |-INFO in ch.qos.logback.classic.joran.JoranConfigurator@5cdec700 - Registering current configuration as safe fallback point
10:39:45,063 |-INFO in ch.qos.logback.classic.util.ContextInitializer@1ae8bcbc - ch.qos.logback.classic.util.DefaultJoranConfigurator.configure() call lasted 143 milliseconds. ExecutionStatus=DO_NOT_INVOKE_NEXT_IF_ANY

[INFO] Running dev.mars.quorus.agent.AgentDefaultIsolationBoundaryTest
10:39:45.448 [main] INFO  d.m.quorus.agent.config.AgentConfig - Loaded configuration from quorus-agent.properties
10:39:45.450 [main] INFO  d.m.quorus.agent.config.AgentConfig - === Quorus Agent Configuration ===
10:39:45.451 [main] WARN  d.m.quorus.agent.config.AgentConfig - Agent ID not configured, derived from hostname: agent-NUC10A
10:39:45.451 [main] INFO  d.m.quorus.agent.config.AgentConfig -   Agent ID:             agent-NUC10A
10:39:45.451 [main] WARN  d.m.quorus.agent.config.AgentConfig -   Tenant ID:            NOT CONFIGURED
10:39:45.451 [main] INFO  d.m.quorus.agent.config.AgentConfig -   Agent Port:           8080
10:39:45.451 [main] INFO  d.m.quorus.agent.config.AgentConfig -   Controller URL:       https://localhost:8080/api/v1
10:39:45.451 [main] INFO  d.m.quorus.agent.config.AgentConfig -   Region:               default
10:39:45.451 [main] INFO  d.m.quorus.agent.config.AgentConfig -   Datacenter:           default
10:39:45.451 [main] INFO  d.m.quorus.agent.config.AgentConfig -   Supported Protocols:  HTTP,HTTPS
10:39:45.451 [main] INFO  d.m.quorus.agent.config.AgentConfig -   Version:              1.0.0
10:39:45.451 [main] INFO  d.m.quorus.agent.config.AgentConfig -   --- Transfer ---
10:39:45.452 [main] INFO  d.m.quorus.agent.config.AgentConfig -   Max Concurrent:       5
10:39:45.452 [main] INFO  d.m.quorus.agent.config.AgentConfig -   --- Heartbeat ---
10:39:45.452 [main] INFO  d.m.quorus.agent.config.AgentConfig -   Interval:             30000ms
10:39:45.452 [main] INFO  d.m.quorus.agent.config.AgentConfig -   --- Job Polling ---
10:39:45.452 [main] INFO  d.m.quorus.agent.config.AgentConfig -   Initial Delay:        5000ms
10:39:45.452 [main] INFO  d.m.quorus.agent.config.AgentConfig -   Poll Interval:        10000ms
10:39:45.452 [main] INFO  d.m.quorus.agent.config.AgentConfig -   --- Security ---
10:39:45.452 [main] INFO  d.m.quorus.agent.config.AgentConfig -   Foreign Assignment Threshold: 1
10:39:45.452 [main] INFO  d.m.quorus.agent.config.AgentConfig -   --- Telemetry ---
10:39:45.452 [main] INFO  d.m.quorus.agent.config.AgentConfig -   Enabled:              true
10:39:45.452 [main] INFO  d.m.quorus.agent.config.AgentConfig -   Prometheus Port:      9465
10:39:45.452 [main] INFO  d.m.quorus.agent.config.AgentConfig -   OTLP Endpoint:        http://localhost:4317
10:39:45.452 [main] INFO  d.m.quorus.agent.config.AgentConfig - ==================================
10:39:45.453 [main] INFO  dev.mars.quorus.agent.QuorusAgent - Creating QuorusAgent with Vert.x instance: 1377160602 (using Vert.x timers, no ScheduledExecutorService)
10:39:45.459 [main] WARN  d.m.q.a.s.ControllerWebClientFactory - INSECURE DEVELOPMENT MODE: agent-to-controller traffic is plaintext
10:39:45.473 [main] DEBUG d.m.q.a.s.AgentRegistrationService - AgentRegistrationService initialized with Vert.x WebClient (connectTimeout=5000ms, idleTimeout=10000ms)
10:39:45.474 [main] WARN  d.m.q.a.s.ControllerWebClientFactory - INSECURE DEVELOPMENT MODE: agent-to-controller traffic is plaintext
10:39:45.474 [main] DEBUG d.m.q.agent.service.HeartbeatService - HeartbeatService initialized with Vert.x WebClient (connectTimeout=5000ms, idleTimeout=10000ms)
10:39:45.479 [main] DEBUG d.m.quorus.protocol.ProtocolFactory - Initializing ProtocolFactory
10:39:45.479 [main] DEBUG d.m.quorus.protocol.ProtocolFactory - Registering default transfer protocols
10:39:45.480 [main] DEBUG d.m.quorus.protocol.ProtocolFactory - Creating HttpTransferProtocol instance
10:39:45.482 [main] INFO  d.m.q.protocol.HttpTransferProtocol - HttpTransferProtocol initialized: connectTimeout=30 SECONDS, socketTimeout=60 SECONDS, maxFileSize=10737418240 bytes
10:39:45.482 [main] INFO  d.m.quorus.protocol.ProtocolFactory - Registered protocol: http
10:39:45.483 [main] DEBUG d.m.quorus.protocol.ProtocolFactory - Protocol details: name=http, class=HttpTransferProtocol, supportsResume=false, supportsPause=true
10:39:45.483 [main] INFO  d.m.quorus.protocol.ProtocolFactory - Registered protocol alias: https -> http
10:39:45.483 [main] DEBUG d.m.quorus.protocol.ProtocolFactory - Creating SmbTransferProtocol instance
10:39:45.483 [main] INFO  d.m.quorus.protocol.ProtocolFactory - Registered protocol: smb
10:39:45.483 [main] DEBUG d.m.quorus.protocol.ProtocolFactory - Protocol details: name=smb, class=SmbTransferProtocol, supportsResume=false, supportsPause=false
10:39:45.483 [main] INFO  d.m.quorus.protocol.ProtocolFactory - Registered protocol alias: cifs -> smb
10:39:45.483 [main] DEBUG d.m.quorus.protocol.ProtocolFactory - Creating FtpTransferProtocol instance
10:39:45.484 [main] INFO  d.m.quorus.protocol.ProtocolFactory - Registered protocol: ftp
10:39:45.484 [main] DEBUG d.m.quorus.protocol.ProtocolFactory - Protocol details: name=ftp, class=FtpTransferProtocol, supportsResume=false, supportsPause=false
10:39:45.484 [main] INFO  d.m.quorus.protocol.ProtocolFactory - Registered protocol alias: ftps -> ftp
10:39:45.484 [main] DEBUG d.m.quorus.protocol.ProtocolFactory - Creating SftpTransferProtocol instance
10:39:45.485 [main] INFO  d.m.quorus.protocol.ProtocolFactory - Registered protocol: sftp
10:39:45.485 [main] DEBUG d.m.quorus.protocol.ProtocolFactory - Protocol details: name=sftp, class=SftpTransferProtocol, supportsResume=false, supportsPause=false
10:39:45.485 [main] DEBUG d.m.quorus.protocol.ProtocolFactory - Creating NfsTransferProtocol instance
10:39:45.486 [main] DEBUG d.m.q.protocol.NfsTransferProtocol - NfsTransferProtocol initialized with mountRoot=C:\nfs
10:39:45.486 [main] INFO  d.m.quorus.protocol.ProtocolFactory - Registered protocol: nfs
10:39:45.486 [main] DEBUG d.m.quorus.protocol.ProtocolFactory - Protocol details: name=nfs, class=NfsTransferProtocol, supportsResume=false, supportsPause=false
10:39:45.486 [main] INFO  d.m.quorus.protocol.ProtocolFactory - Registered default transfer protocols: count=8, schemes=ftps, ftp, http, smb, sftp, nfs, https, cifs
10:39:45.496 [main] INFO  d.m.q.t.o.TransferTelemetryMetrics - TransferTelemetryMetrics initialized
10:39:45.496 [main] INFO  d.m.q.transfer.SimpleTransferEngine - SimpleTransferEngine initialized: maxConcurrent=5, maxRetries=3, retryDelay=1000ms
10:39:45.498 [main] INFO  d.m.q.a.s.TransferExecutionService - TransferExecutionService initialized (Vert.x reactive mode)
10:39:45.499 [main] WARN  d.m.q.a.s.ControllerWebClientFactory - INSECURE DEVELOPMENT MODE: agent-to-controller traffic is plaintext
10:39:45.500 [main] DEBUG d.m.q.a.service.JobPollingService - JobPollingService initialized with Vert.x WebClient (connectTimeout=5000ms, idleTimeout=10000ms)
10:39:45.501 [main] WARN  d.m.q.a.s.ControllerWebClientFactory - INSECURE DEVELOPMENT MODE: agent-to-controller traffic is plaintext
10:39:45.501 [main] DEBUG d.m.q.a.s.JobStatusReportingService - JobStatusReportingService initialized with Vert.x WebClient (connectTimeout=5000ms, idleTimeout=10000ms)
10:39:45.503 [main] INFO  d.m.q.a.observability.AgentMetrics - AgentMetrics initialized for agent: local
10:39:45.503 [main] INFO  dev.mars.quorus.agent.QuorusAgent - Quorus Agent initialized: local (reactive mode with OpenTelemetry)
10:39:45.503 [main] INFO  dev.mars.quorus.agent.QuorusAgent - Foreign-assignment mismatch threshold configured to 1
10:39:45.503 [main] INFO  dev.mars.quorus.agent.QuorusAgent - Starting Quorus Agent services (Vert.x reactive mode)...
10:39:45.504 [main] INFO  d.m.q.a.s.AgentRegistrationService - Registering agent local with controller at http://localhost:57558/api/v1
10:39:45.505 [vert.x-eventloop-thread-0] INFO  d.m.q.agent.service.HealthService - Health service started on port 57559
10:39:45.825 [vert.x-eventloop-thread-0] INFO  d.m.q.a.s.AgentRegistrationService - Agent local registered successfully
10:39:45.827 [vert.x-eventloop-thread-0] INFO  dev.mars.quorus.agent.QuorusAgent - Agent registered successfully with controller
10:39:45.828 [vert.x-eventloop-thread-0] INFO  dev.mars.quorus.agent.QuorusAgent - Heartbeat service started (interval: 30000ms) [Vert.x timer ID: 5]
10:39:45.828 [vert.x-eventloop-thread-0] INFO  d.m.q.a.s.TransferExecutionService - Transfer execution service started with 5 max concurrent transfers
10:39:45.828 [vert.x-eventloop-thread-0] INFO  dev.mars.quorus.agent.QuorusAgent - Transfer execution service started
10:39:45.829 [vert.x-eventloop-thread-0] INFO  dev.mars.quorus.agent.QuorusAgent - Quorus Agent started successfully (reactive mode, 0 extra threads)
10:39:45.831 [vert.x-eventloop-thread-0] INFO  dev.mars.quorus.agent.QuorusAgent - Job polling started (interval: 20ms) [Vert.x timer ID: 7]
10:39:45.885 [vert.x-eventloop-thread-0] DEBUG d.m.q.a.service.JobPollingService - Polled for jobs: found 1 pending jobs
10:39:45.885 [vert.x-eventloop-thread-0] INFO  dev.mars.quorus.agent.QuorusAgent - Found 1 pending job(s)
10:39:45.886 [vert.x-eventloop-thread-0] ERROR dev.mars.quorus.agent.QuorusAgent - Refusing to process job foreign because assignment agentId other does not match local agentId local
10:39:45.886 [vert.x-eventloop-thread-0] ERROR dev.mars.quorus.agent.QuorusAgent - Foreign assignment mismatch count: 1/1
10:39:45.886 [vert.x-eventloop-thread-0] ERROR dev.mars.quorus.agent.QuorusAgent - Foreign assignment mismatch threshold reached (1). Initiating fail-fast shutdown.
10:39:45.886 [vert.x-eventloop-thread-0] INFO  dev.mars.quorus.agent.QuorusAgent - Shutting down Quorus Agent (reactive mode)...
10:39:45.886 [vert.x-eventloop-thread-0] INFO  dev.mars.quorus.agent.QuorusAgent - Heartbeat timer cancelled: true [ID: 5]
10:39:45.886 [vert.x-eventloop-thread-0] INFO  dev.mars.quorus.agent.QuorusAgent - Job polling timer cancelled: true [ID: 7]
10:39:45.886 [vert.x-eventloop-thread-0] INFO  d.m.q.a.s.TransferExecutionService - Shutting down transfer execution service...
10:39:45.888 [vert.x-worker-thread-0] INFO  d.m.q.transfer.SimpleTransferEngine - Shutting down transfer engine; cancelling 0 running transfer(s)
10:39:45.888 [vert.x-eventloop-thread-0] DEBUG d.m.q.agent.service.HeartbeatService - Shutting down HeartbeatService WebClient
10:39:45.890 [vert.x-worker-thread-0] INFO  d.m.q.transfer.SimpleTransferEngine - Transfer engine shutdown completed
10:39:45.892 [vert.x-eventloop-thread-0] DEBUG d.m.q.a.service.JobPollingService - Shutting down JobPollingService WebClient
10:39:45.895 [vert.x-eventloop-thread-0] DEBUG d.m.q.a.s.JobStatusReportingService - Shutting down JobStatusReportingService WebClient
10:39:45.896 [vert.x-eventloop-thread-0] INFO  d.m.q.agent.service.HealthService - Health service stopped
10:39:45.896 [vert.x-eventloop-thread-0] INFO  d.m.q.a.s.AgentRegistrationService - Deregistering agent local from controller
10:39:45.897 [vert.x-eventloop-thread-0] INFO  d.m.q.a.s.TransferExecutionService - Transfer execution service shutdown complete
10:39:45.899 [vert.x-eventloop-thread-0] INFO  d.m.q.a.s.AgentRegistrationService - Agent local deregistered successfully
10:39:45.899 [main] WARN  dev.mars.quorus.agent.QuorusAgent - Agent already closed, skipping shutdown
10:39:45.899 [vert.x-eventloop-thread-0] INFO  dev.mars.quorus.agent.QuorusAgent - Agent deregistered from controller
10:39:45.899 [vert.x-eventloop-thread-0] INFO  dev.mars.quorus.agent.QuorusAgent - Quorus Agent shutdown complete (0 threads to cleanup)
[INFO] Tests run: 1, Failures: 0, Errors: 0, Skipped: 0, Time elapsed: 0.849 s -- in dev.mars.quorus.agent.AgentDefaultIsolationBoundaryTest
[INFO] Running dev.mars.quorus.agent.config.AgentConfigTest
10:39:45.932 [main] INFO  d.m.quorus.agent.config.AgentConfig - Loaded configuration from quorus-agent.properties
10:39:45.933 [main] DEBUG d.m.quorus.agent.config.AgentConfig - Optional configuration profile quorus-agent-test.properties not found
10:39:45.933 [main] INFO  d.m.quorus.agent.config.AgentConfig - === Quorus Agent Configuration ===
10:39:45.933 [main] WARN  d.m.quorus.agent.config.AgentConfig - Agent ID not configured, derived from hostname: agent-NUC10A
10:39:45.933 [main] INFO  d.m.quorus.agent.config.AgentConfig -   Agent ID:             agent-NUC10A
10:39:45.933 [main] WARN  d.m.quorus.agent.config.AgentConfig -   Tenant ID:            NOT CONFIGURED
10:39:45.933 [main] INFO  d.m.quorus.agent.config.AgentConfig -   Agent Port:           8080
10:39:45.933 [main] INFO  d.m.quorus.agent.config.AgentConfig -   Controller URL:       https://localhost:8080/api/v1
10:39:45.933 [main] INFO  d.m.quorus.agent.config.AgentConfig -   Region:               default
10:39:45.933 [main] INFO  d.m.quorus.agent.config.AgentConfig -   Datacenter:           default
10:39:45.933 [main] INFO  d.m.quorus.agent.config.AgentConfig -   Supported Protocols:  HTTP,HTTPS
10:39:45.933 [main] INFO  d.m.quorus.agent.config.AgentConfig -   Version:              1.0.0
10:39:45.934 [main] INFO  d.m.quorus.agent.config.AgentConfig -   --- Transfer ---
10:39:45.934 [main] INFO  d.m.quorus.agent.config.AgentConfig -   Max Concurrent:       5
10:39:45.934 [main] INFO  d.m.quorus.agent.config.AgentConfig -   --- Heartbeat ---
10:39:45.934 [main] INFO  d.m.quorus.agent.config.AgentConfig -   Interval:             30000ms
10:39:45.934 [main] INFO  d.m.quorus.agent.config.AgentConfig -   --- Job Polling ---
10:39:45.934 [main] INFO  d.m.quorus.agent.config.AgentConfig -   Initial Delay:        5000ms
10:39:45.934 [main] INFO  d.m.quorus.agent.config.AgentConfig -   Poll Interval:        10000ms
10:39:45.935 [main] INFO  d.m.quorus.agent.config.AgentConfig -   --- Security ---
10:39:45.935 [main] INFO  d.m.quorus.agent.config.AgentConfig -   Foreign Assignment Threshold: 1
10:39:45.935 [main] INFO  d.m.quorus.agent.config.AgentConfig -   --- Telemetry ---
10:39:45.935 [main] INFO  d.m.quorus.agent.config.AgentConfig -   Enabled:              true
10:39:45.935 [main] INFO  d.m.quorus.agent.config.AgentConfig -   Prometheus Port:      9465
10:39:45.935 [main] INFO  d.m.quorus.agent.config.AgentConfig -   OTLP Endpoint:        http://localhost:4317
10:39:45.935 [main] INFO  d.m.quorus.agent.config.AgentConfig - ==================================
10:39:45.938 [main] INFO  d.m.quorus.agent.config.AgentConfig - Loaded configuration from quorus-agent.properties
10:39:45.939 [main] DEBUG d.m.quorus.agent.config.AgentConfig - Optional configuration profile quorus-agent-test.properties not found
10:39:45.939 [main] INFO  d.m.quorus.agent.config.AgentConfig - === Quorus Agent Configuration ===
10:39:45.939 [main] WARN  d.m.quorus.agent.config.AgentConfig - Agent ID not configured, derived from hostname: agent-NUC10A
10:39:45.939 [main] INFO  d.m.quorus.agent.config.AgentConfig -   Agent ID:             agent-NUC10A
10:39:45.939 [main] WARN  d.m.quorus.agent.config.AgentConfig -   Tenant ID:            NOT CONFIGURED
10:39:45.939 [main] WARN  d.m.quorus.agent.config.AgentConfig - Invalid integer value for quorus.agent.port: 'invalid', using default 8080
10:39:45.939 [main] INFO  d.m.quorus.agent.config.AgentConfig -   Agent Port:           8080
10:39:45.940 [main] INFO  d.m.quorus.agent.config.AgentConfig -   Controller URL:       https://localhost:8080/api/v1
10:39:45.940 [main] INFO  d.m.quorus.agent.config.AgentConfig -   Region:               default
10:39:45.940 [main] INFO  d.m.quorus.agent.config.AgentConfig -   Datacenter:           default
10:39:45.940 [main] INFO  d.m.quorus.agent.config.AgentConfig -   Supported Protocols:  HTTP,HTTPS
10:39:45.940 [main] INFO  d.m.quorus.agent.config.AgentConfig -   Version:              1.0.0
10:39:45.940 [main] INFO  d.m.quorus.agent.config.AgentConfig -   --- Transfer ---
10:39:45.940 [main] INFO  d.m.quorus.agent.config.AgentConfig -   Max Concurrent:       5
10:39:45.940 [main] INFO  d.m.quorus.agent.config.AgentConfig -   --- Heartbeat ---
10:39:45.940 [main] INFO  d.m.quorus.agent.config.AgentConfig -   Interval:             30000ms
10:39:45.940 [main] INFO  d.m.quorus.agent.config.AgentConfig -   --- Job Polling ---
10:39:45.940 [main] INFO  d.m.quorus.agent.config.AgentConfig -   Initial Delay:        5000ms
10:39:45.940 [main] INFO  d.m.quorus.agent.config.AgentConfig -   Poll Interval:        10000ms
10:39:45.940 [main] INFO  d.m.quorus.agent.config.AgentConfig -   --- Security ---
10:39:45.940 [main] INFO  d.m.quorus.agent.config.AgentConfig -   Foreign Assignment Threshold: 1
10:39:45.940 [main] INFO  d.m.quorus.agent.config.AgentConfig -   --- Telemetry ---
10:39:45.940 [main] INFO  d.m.quorus.agent.config.AgentConfig -   Enabled:              true
10:39:45.940 [main] INFO  d.m.quorus.agent.config.AgentConfig -   Prometheus Port:      9465
10:39:45.940 [main] INFO  d.m.quorus.agent.config.AgentConfig -   OTLP Endpoint:        http://localhost:4317
10:39:45.940 [main] INFO  d.m.quorus.agent.config.AgentConfig - ==================================
10:39:45.940 [main] WARN  d.m.quorus.agent.config.AgentConfig - Invalid integer value for quorus.agent.port: 'invalid', using default 8080
10:39:45.941 [main] INFO  d.m.quorus.agent.config.AgentConfig - Loaded configuration from quorus-agent.properties
10:39:45.941 [main] DEBUG d.m.quorus.agent.config.AgentConfig - Optional configuration profile quorus-agent-test.properties not found
10:39:45.941 [main] INFO  d.m.quorus.agent.config.AgentConfig - === Quorus Agent Configuration ===
10:39:45.941 [main] WARN  d.m.quorus.agent.config.AgentConfig - Agent ID not configured, derived from hostname: agent-NUC10A
10:39:45.941 [main] INFO  d.m.quorus.agent.config.AgentConfig -   Agent ID:             agent-NUC10A
10:39:45.941 [main] WARN  d.m.quorus.agent.config.AgentConfig -   Tenant ID:            NOT CONFIGURED
10:39:45.941 [main] INFO  d.m.quorus.agent.config.AgentConfig -   Agent Port:           8080
10:39:45.941 [main] INFO  d.m.quorus.agent.config.AgentConfig -   Controller URL:       https://localhost:8080/api/v1
10:39:45.941 [main] INFO  d.m.quorus.agent.config.AgentConfig -   Region:               default
10:39:45.941 [main] INFO  d.m.quorus.agent.config.AgentConfig -   Datacenter:           default
10:39:45.942 [main] INFO  d.m.quorus.agent.config.AgentConfig -   Supported Protocols:  HTTP,HTTPS
10:39:45.942 [main] INFO  d.m.quorus.agent.config.AgentConfig -   Version:              1.0.0
10:39:45.942 [main] INFO  d.m.quorus.agent.config.AgentConfig -   --- Transfer ---
10:39:45.942 [main] INFO  d.m.quorus.agent.config.AgentConfig -   Max Concurrent:       5
10:39:45.942 [main] INFO  d.m.quorus.agent.config.AgentConfig -   --- Heartbeat ---
10:39:45.942 [main] INFO  d.m.quorus.agent.config.AgentConfig -   Interval:             30000ms
10:39:45.942 [main] INFO  d.m.quorus.agent.config.AgentConfig -   --- Job Polling ---
10:39:45.942 [main] INFO  d.m.quorus.agent.config.AgentConfig -   Initial Delay:        5000ms
10:39:45.942 [main] WARN  d.m.quorus.agent.config.AgentConfig - Invalid long value for quorus.agent.jobs.polling.interval-ms: 'invalid', using default 10000
10:39:45.942 [main] INFO  d.m.quorus.agent.config.AgentConfig -   Poll Interval:        10000ms
10:39:45.942 [main] INFO  d.m.quorus.agent.config.AgentConfig -   --- Security ---
10:39:45.942 [main] INFO  d.m.quorus.agent.config.AgentConfig -   Foreign Assignment Threshold: 1
10:39:45.942 [main] INFO  d.m.quorus.agent.config.AgentConfig -   --- Telemetry ---
10:39:45.942 [main] INFO  d.m.quorus.agent.config.AgentConfig -   Enabled:              true
10:39:45.942 [main] INFO  d.m.quorus.agent.config.AgentConfig -   Prometheus Port:      9465
10:39:45.942 [main] INFO  d.m.quorus.agent.config.AgentConfig -   OTLP Endpoint:        http://localhost:4317
10:39:45.942 [main] INFO  d.m.quorus.agent.config.AgentConfig - ==================================
10:39:45.942 [main] WARN  d.m.quorus.agent.config.AgentConfig - Invalid long value for quorus.agent.jobs.polling.interval-ms: 'invalid', using default 10000
10:39:45.944 [main] INFO  d.m.quorus.agent.config.AgentConfig - Loaded configuration from quorus-agent.properties
10:39:45.944 [main] DEBUG d.m.quorus.agent.config.AgentConfig - Optional configuration profile quorus-agent-test.properties not found
10:39:45.944 [main] INFO  d.m.quorus.agent.config.AgentConfig - === Quorus Agent Configuration ===
10:39:45.944 [main] WARN  d.m.quorus.agent.config.AgentConfig - Agent ID not configured, derived from hostname: agent-NUC10A
10:39:45.944 [main] INFO  d.m.quorus.agent.config.AgentConfig -   Agent ID:             agent-NUC10A
10:39:45.944 [main] WARN  d.m.quorus.agent.config.AgentConfig -   Tenant ID:            NOT CONFIGURED
10:39:45.944 [main] INFO  d.m.quorus.agent.config.AgentConfig -   Agent Port:           8080
10:39:45.944 [main] INFO  d.m.quorus.agent.config.AgentConfig -   Controller URL:       https://localhost:8080/api/v1
10:39:45.944 [main] INFO  d.m.quorus.agent.config.AgentConfig -   Region:               default
10:39:45.944 [main] INFO  d.m.quorus.agent.config.AgentConfig -   Datacenter:           default
10:39:45.944 [main] INFO  d.m.quorus.agent.config.AgentConfig -   Supported Protocols:  HTTP,HTTPS
10:39:45.944 [main] INFO  d.m.quorus.agent.config.AgentConfig -   Version:              1.0.0
10:39:45.944 [main] INFO  d.m.quorus.agent.config.AgentConfig -   --- Transfer ---
10:39:45.944 [main] INFO  d.m.quorus.agent.config.AgentConfig -   Max Concurrent:       5
10:39:45.944 [main] INFO  d.m.quorus.agent.config.AgentConfig -   --- Heartbeat ---
10:39:45.945 [main] INFO  d.m.quorus.agent.config.AgentConfig -   Interval:             30000ms
10:39:45.945 [main] INFO  d.m.quorus.agent.config.AgentConfig -   --- Job Polling ---
10:39:45.945 [main] INFO  d.m.quorus.agent.config.AgentConfig -   Initial Delay:        5000ms
10:39:45.945 [main] INFO  d.m.quorus.agent.config.AgentConfig -   Poll Interval:        10000ms
10:39:45.945 [main] INFO  d.m.quorus.agent.config.AgentConfig -   --- Security ---
10:39:45.945 [main] INFO  d.m.quorus.agent.config.AgentConfig -   Foreign Assignment Threshold: 1
10:39:45.945 [main] INFO  d.m.quorus.agent.config.AgentConfig -   --- Telemetry ---
10:39:45.945 [main] INFO  d.m.quorus.agent.config.AgentConfig -   Enabled:              true
10:39:45.945 [main] INFO  d.m.quorus.agent.config.AgentConfig -   Prometheus Port:      9465
10:39:45.945 [main] INFO  d.m.quorus.agent.config.AgentConfig -   OTLP Endpoint:        http://localhost:4317
10:39:45.945 [main] INFO  d.m.quorus.agent.config.AgentConfig - ==================================
10:39:45.945 [main] WARN  d.m.quorus.agent.config.AgentConfig - Agent ID not configured, derived from hostname: agent-NUC10A
10:39:45.945 [main] WARN  d.m.quorus.agent.config.AgentConfig - Agent ID not configured, derived from hostname: agent-NUC10A
10:39:45.947 [main] INFO  d.m.quorus.agent.config.AgentConfig - Loaded configuration from quorus-agent.properties
10:39:45.947 [main] DEBUG d.m.quorus.agent.config.AgentConfig - Optional configuration profile quorus-agent-test.properties not found
10:39:45.947 [main] INFO  d.m.quorus.agent.config.AgentConfig - === Quorus Agent Configuration ===
10:39:45.947 [main] INFO  d.m.quorus.agent.config.AgentConfig -   Agent ID:             explicit-agent
10:39:45.947 [main] WARN  d.m.quorus.agent.config.AgentConfig -   Tenant ID:            NOT CONFIGURED
10:39:45.947 [main] INFO  d.m.quorus.agent.config.AgentConfig -   Agent Port:           8080
10:39:45.947 [main] INFO  d.m.quorus.agent.config.AgentConfig -   Controller URL:       https://localhost:8080/api/v1
10:39:45.948 [main] INFO  d.m.quorus.agent.config.AgentConfig -   Region:               default
10:39:45.948 [main] INFO  d.m.quorus.agent.config.AgentConfig -   Datacenter:           default
10:39:45.948 [main] INFO  d.m.quorus.agent.config.AgentConfig -   Supported Protocols:  HTTP,HTTPS
10:39:45.948 [main] INFO  d.m.quorus.agent.config.AgentConfig -   Version:              1.0.0
10:39:45.948 [main] INFO  d.m.quorus.agent.config.AgentConfig -   --- Transfer ---
10:39:45.948 [main] INFO  d.m.quorus.agent.config.AgentConfig -   Max Concurrent:       5
10:39:45.948 [main] INFO  d.m.quorus.agent.config.AgentConfig -   --- Heartbeat ---
10:39:45.948 [main] INFO  d.m.quorus.agent.config.AgentConfig -   Interval:             30000ms
10:39:45.948 [main] INFO  d.m.quorus.agent.config.AgentConfig -   --- Job Polling ---
10:39:45.948 [main] INFO  d.m.quorus.agent.config.AgentConfig -   Initial Delay:        5000ms
10:39:45.948 [main] INFO  d.m.quorus.agent.config.AgentConfig -   Poll Interval:        10000ms
10:39:45.948 [main] INFO  d.m.quorus.agent.config.AgentConfig -   --- Security ---
10:39:45.948 [main] INFO  d.m.quorus.agent.config.AgentConfig -   Foreign Assignment Threshold: 1
10:39:45.948 [main] INFO  d.m.quorus.agent.config.AgentConfig -   --- Telemetry ---
10:39:45.948 [main] INFO  d.m.quorus.agent.config.AgentConfig -   Enabled:              true
10:39:45.948 [main] INFO  d.m.quorus.agent.config.AgentConfig -   Prometheus Port:      9465
10:39:45.948 [main] INFO  d.m.quorus.agent.config.AgentConfig -   OTLP Endpoint:        http://localhost:4317
10:39:45.948 [main] INFO  d.m.quorus.agent.config.AgentConfig - ==================================
10:39:45.950 [main] INFO  d.m.quorus.agent.config.AgentConfig - Loaded configuration from quorus-agent.properties
10:39:45.950 [main] DEBUG d.m.quorus.agent.config.AgentConfig - Optional configuration profile quorus-agent-test.properties not found
10:39:45.950 [main] INFO  d.m.quorus.agent.config.AgentConfig - === Quorus Agent Configuration ===
10:39:45.950 [main] INFO  d.m.quorus.agent.config.AgentConfig -   Agent ID:             validation-agent
10:39:45.950 [main] INFO  d.m.quorus.agent.config.AgentConfig -   Tenant ID:            validation-tenant
10:39:45.950 [main] INFO  d.m.quorus.agent.config.AgentConfig -   Agent Port:           70000
10:39:45.950 [main] INFO  d.m.quorus.agent.config.AgentConfig -   Controller URL:       https://localhost:8080/api/v1
10:39:45.950 [main] INFO  d.m.quorus.agent.config.AgentConfig -   Region:               default
10:39:45.950 [main] INFO  d.m.quorus.agent.config.AgentConfig -   Datacenter:           default
10:39:45.950 [main] INFO  d.m.quorus.agent.config.AgentConfig -   Supported Protocols:  HTTP,HTTPS
10:39:45.950 [main] INFO  d.m.quorus.agent.config.AgentConfig -   Version:              1.0.0
10:39:45.950 [main] INFO  d.m.quorus.agent.config.AgentConfig -   --- Transfer ---
10:39:45.950 [main] INFO  d.m.quorus.agent.config.AgentConfig -   Max Concurrent:       5
10:39:45.950 [main] INFO  d.m.quorus.agent.config.AgentConfig -   --- Heartbeat ---
10:39:45.950 [main] INFO  d.m.quorus.agent.config.AgentConfig -   Interval:             30000ms
10:39:45.950 [main] INFO  d.m.quorus.agent.config.AgentConfig -   --- Job Polling ---
10:39:45.951 [main] INFO  d.m.quorus.agent.config.AgentConfig -   Initial Delay:        5000ms
10:39:45.951 [main] INFO  d.m.quorus.agent.config.AgentConfig -   Poll Interval:        10000ms
10:39:45.951 [main] INFO  d.m.quorus.agent.config.AgentConfig -   --- Security ---
10:39:45.951 [main] INFO  d.m.quorus.agent.config.AgentConfig -   Foreign Assignment Threshold: 1
10:39:45.951 [main] INFO  d.m.quorus.agent.config.AgentConfig -   --- Telemetry ---
10:39:45.951 [main] INFO  d.m.quorus.agent.config.AgentConfig -   Enabled:              true
10:39:45.951 [main] INFO  d.m.quorus.agent.config.AgentConfig -   Prometheus Port:      9465
10:39:45.951 [main] INFO  d.m.quorus.agent.config.AgentConfig -   OTLP Endpoint:        http://localhost:4317
10:39:45.951 [main] INFO  d.m.quorus.agent.config.AgentConfig - ==================================
10:39:45.952 [main] INFO  d.m.quorus.agent.config.AgentConfig - Loaded configuration from quorus-agent.properties
10:39:45.953 [main] DEBUG d.m.quorus.agent.config.AgentConfig - Optional configuration profile quorus-agent-test.properties not found
10:39:45.953 [main] INFO  d.m.quorus.agent.config.AgentConfig - === Quorus Agent Configuration ===
10:39:45.953 [main] INFO  d.m.quorus.agent.config.AgentConfig -   Agent ID:             explicit-agent
10:39:45.954 [main] WARN  d.m.quorus.agent.config.AgentConfig -   Tenant ID:            NOT CONFIGURED
10:39:45.954 [main] INFO  d.m.quorus.agent.config.AgentConfig -   Agent Port:           8080
10:39:45.954 [main] INFO  d.m.quorus.agent.config.AgentConfig -   Controller URL:       https://localhost:8080/api/v1
10:39:45.954 [main] INFO  d.m.quorus.agent.config.AgentConfig -   Region:               default
10:39:45.954 [main] INFO  d.m.quorus.agent.config.AgentConfig -   Datacenter:           default
10:39:45.954 [main] INFO  d.m.quorus.agent.config.AgentConfig -   Supported Protocols:  HTTP,HTTPS
10:39:45.954 [main] INFO  d.m.quorus.agent.config.AgentConfig -   Version:              1.0.0
10:39:45.954 [main] INFO  d.m.quorus.agent.config.AgentConfig -   --- Transfer ---
10:39:45.954 [main] INFO  d.m.quorus.agent.config.AgentConfig -   Max Concurrent:       5
10:39:45.954 [main] INFO  d.m.quorus.agent.config.AgentConfig -   --- Heartbeat ---
10:39:45.954 [main] INFO  d.m.quorus.agent.config.AgentConfig -   Interval:             30000ms
10:39:45.954 [main] INFO  d.m.quorus.agent.config.AgentConfig -   --- Job Polling ---
10:39:45.954 [main] INFO  d.m.quorus.agent.config.AgentConfig -   Initial Delay:        5000ms
10:39:45.954 [main] INFO  d.m.quorus.agent.config.AgentConfig -   Poll Interval:        10000ms
10:39:45.954 [main] INFO  d.m.quorus.agent.config.AgentConfig -   --- Security ---
10:39:45.955 [main] INFO  d.m.quorus.agent.config.AgentConfig -   Foreign Assignment Threshold: 1
10:39:45.955 [main] INFO  d.m.quorus.agent.config.AgentConfig -   --- Telemetry ---
10:39:45.955 [main] INFO  d.m.quorus.agent.config.AgentConfig -   Enabled:              true
10:39:45.955 [main] INFO  d.m.quorus.agent.config.AgentConfig -   Prometheus Port:      9465
10:39:45.955 [main] INFO  d.m.quorus.agent.config.AgentConfig -   OTLP Endpoint:        http://localhost:4317
10:39:45.955 [main] INFO  d.m.quorus.agent.config.AgentConfig - ==================================
10:39:45.956 [main] INFO  d.m.quorus.agent.config.AgentConfig - Loaded configuration from quorus-agent.properties
10:39:45.957 [main] DEBUG d.m.quorus.agent.config.AgentConfig - Optional configuration profile quorus-agent-test.properties not found
10:39:45.957 [main] INFO  d.m.quorus.agent.config.AgentConfig - === Quorus Agent Configuration ===
10:39:45.957 [main] INFO  d.m.quorus.agent.config.AgentConfig -   Agent ID:             agent-one
10:39:45.957 [main] WARN  d.m.quorus.agent.config.AgentConfig -   Tenant ID:            NOT CONFIGURED
10:39:45.957 [main] INFO  d.m.quorus.agent.config.AgentConfig -   Agent Port:           8080
10:39:45.957 [main] INFO  d.m.quorus.agent.config.AgentConfig -   Controller URL:       https://localhost:8080/api/v1
10:39:45.957 [main] INFO  d.m.quorus.agent.config.AgentConfig -   Region:               default
10:39:45.957 [main] INFO  d.m.quorus.agent.config.AgentConfig -   Datacenter:           default
10:39:45.957 [main] INFO  d.m.quorus.agent.config.AgentConfig -   Supported Protocols:  HTTP,HTTPS
10:39:45.957 [main] INFO  d.m.quorus.agent.config.AgentConfig -   Version:              1.0.0
10:39:45.957 [main] INFO  d.m.quorus.agent.config.AgentConfig -   --- Transfer ---
10:39:45.957 [main] INFO  d.m.quorus.agent.config.AgentConfig -   Max Concurrent:       5
10:39:45.957 [main] INFO  d.m.quorus.agent.config.AgentConfig -   --- Heartbeat ---
10:39:45.957 [main] INFO  d.m.quorus.agent.config.AgentConfig -   Interval:             30000ms
10:39:45.957 [main] INFO  d.m.quorus.agent.config.AgentConfig -   --- Job Polling ---
10:39:45.957 [main] INFO  d.m.quorus.agent.config.AgentConfig -   Initial Delay:        5000ms
10:39:45.957 [main] INFO  d.m.quorus.agent.config.AgentConfig -   Poll Interval:        10000ms
10:39:45.957 [main] INFO  d.m.quorus.agent.config.AgentConfig -   --- Security ---
10:39:45.957 [main] INFO  d.m.quorus.agent.config.AgentConfig -   Foreign Assignment Threshold: 1
10:39:45.957 [main] INFO  d.m.quorus.agent.config.AgentConfig -   --- Telemetry ---
10:39:45.957 [main] INFO  d.m.quorus.agent.config.AgentConfig -   Enabled:              true
10:39:45.957 [main] INFO  d.m.quorus.agent.config.AgentConfig -   Prometheus Port:      9465
10:39:45.957 [main] INFO  d.m.quorus.agent.config.AgentConfig -   OTLP Endpoint:        http://localhost:4317
10:39:45.957 [main] INFO  d.m.quorus.agent.config.AgentConfig - ==================================
10:39:45.958 [main] INFO  d.m.quorus.agent.config.AgentConfig - Loaded configuration from quorus-agent.properties
10:39:45.958 [main] DEBUG d.m.quorus.agent.config.AgentConfig - Optional configuration profile quorus-agent-test.properties not found
10:39:45.958 [main] INFO  d.m.quorus.agent.config.AgentConfig - === Quorus Agent Configuration ===
10:39:45.958 [main] INFO  d.m.quorus.agent.config.AgentConfig -   Agent ID:             agent-two
10:39:45.958 [main] WARN  d.m.quorus.agent.config.AgentConfig -   Tenant ID:            NOT CONFIGURED
10:39:45.958 [main] INFO  d.m.quorus.agent.config.AgentConfig -   Agent Port:           8080
10:39:45.958 [main] INFO  d.m.quorus.agent.config.AgentConfig -   Controller URL:       https://localhost:8080/api/v1
10:39:45.958 [main] INFO  d.m.quorus.agent.config.AgentConfig -   Region:               default
10:39:45.958 [main] INFO  d.m.quorus.agent.config.AgentConfig -   Datacenter:           default
10:39:45.958 [main] INFO  d.m.quorus.agent.config.AgentConfig -   Supported Protocols:  HTTP,HTTPS
10:39:45.958 [main] INFO  d.m.quorus.agent.config.AgentConfig -   Version:              1.0.0
10:39:45.958 [main] INFO  d.m.quorus.agent.config.AgentConfig -   --- Transfer ---
10:39:45.958 [main] INFO  d.m.quorus.agent.config.AgentConfig -   Max Concurrent:       5
10:39:45.958 [main] INFO  d.m.quorus.agent.config.AgentConfig -   --- Heartbeat ---
10:39:45.959 [main] INFO  d.m.quorus.agent.config.AgentConfig -   Interval:             30000ms
10:39:45.959 [main] INFO  d.m.quorus.agent.config.AgentConfig -   --- Job Polling ---
10:39:45.959 [main] INFO  d.m.quorus.agent.config.AgentConfig -   Initial Delay:        5000ms
10:39:45.959 [main] INFO  d.m.quorus.agent.config.AgentConfig -   Poll Interval:        10000ms
10:39:45.959 [main] INFO  d.m.quorus.agent.config.AgentConfig -   --- Security ---
10:39:45.959 [main] INFO  d.m.quorus.agent.config.AgentConfig -   Foreign Assignment Threshold: 1
10:39:45.959 [main] INFO  d.m.quorus.agent.config.AgentConfig -   --- Telemetry ---
10:39:45.959 [main] INFO  d.m.quorus.agent.config.AgentConfig -   Enabled:              true
10:39:45.959 [main] INFO  d.m.quorus.agent.config.AgentConfig -   Prometheus Port:      9465
10:39:45.959 [main] INFO  d.m.quorus.agent.config.AgentConfig -   OTLP Endpoint:        http://localhost:4317
10:39:45.959 [main] INFO  d.m.quorus.agent.config.AgentConfig - ==================================
10:39:45.961 [main] INFO  d.m.quorus.agent.config.AgentConfig - Loaded configuration from quorus-agent.properties
10:39:45.961 [main] DEBUG d.m.quorus.agent.config.AgentConfig - Optional configuration profile quorus-agent-test.properties not found
10:39:45.961 [main] INFO  d.m.quorus.agent.config.AgentConfig - === Quorus Agent Configuration ===
10:39:45.961 [main] WARN  d.m.quorus.agent.config.AgentConfig - Agent ID not configured, derived from hostname: agent-NUC10A
10:39:45.961 [main] INFO  d.m.quorus.agent.config.AgentConfig -   Agent ID:             agent-NUC10A
10:39:45.961 [main] WARN  d.m.quorus.agent.config.AgentConfig -   Tenant ID:            NOT CONFIGURED
10:39:45.961 [main] INFO  d.m.quorus.agent.config.AgentConfig -   Agent Port:           8080
10:39:45.961 [main] INFO  d.m.quorus.agent.config.AgentConfig -   Controller URL:       https://localhost:8080/api/v1
10:39:45.961 [main] INFO  d.m.quorus.agent.config.AgentConfig -   Region:               default
10:39:45.961 [main] INFO  d.m.quorus.agent.config.AgentConfig -   Datacenter:           default
10:39:45.961 [main] INFO  d.m.quorus.agent.config.AgentConfig -   Supported Protocols:  HTTP,HTTPS
10:39:45.961 [main] INFO  d.m.quorus.agent.config.AgentConfig -   Version:              1.0.0
10:39:45.961 [main] INFO  d.m.quorus.agent.config.AgentConfig -   --- Transfer ---
10:39:45.961 [main] INFO  d.m.quorus.agent.config.AgentConfig -   Max Concurrent:       5
10:39:45.961 [main] INFO  d.m.quorus.agent.config.AgentConfig -   --- Heartbeat ---
10:39:45.961 [main] INFO  d.m.quorus.agent.config.AgentConfig -   Interval:             30000ms
10:39:45.961 [main] INFO  d.m.quorus.agent.config.AgentConfig -   --- Job Polling ---
10:39:45.961 [main] INFO  d.m.quorus.agent.config.AgentConfig -   Initial Delay:        5000ms
10:39:45.961 [main] INFO  d.m.quorus.agent.config.AgentConfig -   Poll Interval:        10000ms
10:39:45.961 [main] INFO  d.m.quorus.agent.config.AgentConfig -   --- Security ---
10:39:45.961 [main] INFO  d.m.quorus.agent.config.AgentConfig -   Foreign Assignment Threshold: 1
10:39:45.961 [main] INFO  d.m.quorus.agent.config.AgentConfig -   --- Telemetry ---
10:39:45.962 [main] INFO  d.m.quorus.agent.config.AgentConfig -   Enabled:              true
10:39:45.962 [main] INFO  d.m.quorus.agent.config.AgentConfig -   Prometheus Port:      9465
10:39:45.962 [main] INFO  d.m.quorus.agent.config.AgentConfig -   OTLP Endpoint:        http://localhost:4317
10:39:45.962 [main] INFO  d.m.quorus.agent.config.AgentConfig - ==================================
10:39:45.963 [main] INFO  d.m.quorus.agent.config.AgentConfig - Loaded configuration from quorus-agent.properties
10:39:45.964 [main] DEBUG d.m.quorus.agent.config.AgentConfig - Optional configuration profile quorus-agent-test.properties not found
10:39:45.964 [main] INFO  d.m.quorus.agent.config.AgentConfig - === Quorus Agent Configuration ===
10:39:45.964 [main] INFO  d.m.quorus.agent.config.AgentConfig -   Agent ID:             legacy-agent
10:39:45.964 [main] INFO  d.m.quorus.agent.config.AgentConfig -   Tenant ID:            legacy-tenant
10:39:45.964 [main] INFO  d.m.quorus.agent.config.AgentConfig -   Agent Port:           8080
10:39:45.964 [main] INFO  d.m.quorus.agent.config.AgentConfig -   Controller URL:       https://localhost:8080/api/v1
10:39:45.964 [main] INFO  d.m.quorus.agent.config.AgentConfig -   Region:               default
10:39:45.964 [main] INFO  d.m.quorus.agent.config.AgentConfig -   Datacenter:           default
10:39:45.964 [main] INFO  d.m.quorus.agent.config.AgentConfig -   Supported Protocols:  HTTP,HTTPS
10:39:45.964 [main] INFO  d.m.quorus.agent.config.AgentConfig -   Version:              1.0.0
10:39:45.964 [main] INFO  d.m.quorus.agent.config.AgentConfig -   --- Transfer ---
10:39:45.964 [main] INFO  d.m.quorus.agent.config.AgentConfig -   Max Concurrent:       5
10:39:45.964 [main] INFO  d.m.quorus.agent.config.AgentConfig -   --- Heartbeat ---
10:39:45.964 [main] INFO  d.m.quorus.agent.config.AgentConfig -   Interval:             15000ms
10:39:45.964 [main] INFO  d.m.quorus.agent.config.AgentConfig -   --- Job Polling ---
10:39:45.964 [main] INFO  d.m.quorus.agent.config.AgentConfig -   Initial Delay:        5000ms
10:39:45.964 [main] INFO  d.m.quorus.agent.config.AgentConfig -   Poll Interval:        10000ms
10:39:45.964 [main] INFO  d.m.quorus.agent.config.AgentConfig -   --- Security ---
10:39:45.964 [main] INFO  d.m.quorus.agent.config.AgentConfig -   Foreign Assignment Threshold: 1
10:39:45.964 [main] INFO  d.m.quorus.agent.config.AgentConfig -   --- Telemetry ---
10:39:45.965 [main] INFO  d.m.quorus.agent.config.AgentConfig -   Enabled:              true
10:39:45.965 [main] INFO  d.m.quorus.agent.config.AgentConfig -   Prometheus Port:      9465
10:39:45.965 [main] INFO  d.m.quorus.agent.config.AgentConfig -   OTLP Endpoint:        http://localhost:4317
10:39:45.965 [main] INFO  d.m.quorus.agent.config.AgentConfig - ==================================
10:39:45.966 [main] INFO  d.m.quorus.agent.config.AgentConfig - Loaded configuration from quorus-agent.properties
10:39:45.967 [main] DEBUG d.m.quorus.agent.config.AgentConfig - Optional configuration profile quorus-agent-test.properties not found
10:39:45.967 [main] INFO  d.m.quorus.agent.config.AgentConfig - === Quorus Agent Configuration ===
10:39:45.967 [main] INFO  d.m.quorus.agent.config.AgentConfig -   Agent ID:             documented-agent
10:39:45.967 [main] WARN  d.m.quorus.agent.config.AgentConfig -   Tenant ID:            NOT CONFIGURED
10:39:45.967 [main] INFO  d.m.quorus.agent.config.AgentConfig -   Agent Port:           8080
10:39:45.967 [main] INFO  d.m.quorus.agent.config.AgentConfig -   Controller URL:       https://localhost:8080/api/v1
10:39:45.967 [main] INFO  d.m.quorus.agent.config.AgentConfig -   Region:               documented-region
10:39:45.967 [main] INFO  d.m.quorus.agent.config.AgentConfig -   Datacenter:           default
10:39:45.967 [main] INFO  d.m.quorus.agent.config.AgentConfig -   Supported Protocols:  HTTP,HTTPS
10:39:45.967 [main] INFO  d.m.quorus.agent.config.AgentConfig -   Version:              1.0.0
10:39:45.967 [main] INFO  d.m.quorus.agent.config.AgentConfig -   --- Transfer ---
10:39:45.967 [main] INFO  d.m.quorus.agent.config.AgentConfig -   Max Concurrent:       7
10:39:45.967 [main] INFO  d.m.quorus.agent.config.AgentConfig -   --- Heartbeat ---
10:39:45.968 [main] INFO  d.m.quorus.agent.config.AgentConfig -   Interval:             30000ms
10:39:45.968 [main] INFO  d.m.quorus.agent.config.AgentConfig -   --- Job Polling ---
10:39:45.968 [main] INFO  d.m.quorus.agent.config.AgentConfig -   Initial Delay:        5000ms
10:39:45.968 [main] INFO  d.m.quorus.agent.config.AgentConfig -   Poll Interval:        10000ms
10:39:45.968 [main] INFO  d.m.quorus.agent.config.AgentConfig -   --- Security ---
10:39:45.968 [main] INFO  d.m.quorus.agent.config.AgentConfig -   Foreign Assignment Threshold: 1
10:39:45.968 [main] INFO  d.m.quorus.agent.config.AgentConfig -   --- Telemetry ---
10:39:45.968 [main] INFO  d.m.quorus.agent.config.AgentConfig -   Enabled:              true
10:39:45.968 [main] INFO  d.m.quorus.agent.config.AgentConfig -   Prometheus Port:      9465
10:39:45.968 [main] INFO  d.m.quorus.agent.config.AgentConfig -   OTLP Endpoint:        http://localhost:4317
10:39:45.968 [main] INFO  d.m.quorus.agent.config.AgentConfig - ==================================
10:39:45.969 [main] INFO  d.m.quorus.agent.config.AgentConfig - Loaded configuration from quorus-agent.properties
10:39:45.970 [main] DEBUG d.m.quorus.agent.config.AgentConfig - Optional configuration profile quorus-agent-test.properties not found
10:39:45.970 [main] INFO  d.m.quorus.agent.config.AgentConfig - === Quorus Agent Configuration ===
10:39:45.971 [main] WARN  d.m.quorus.agent.config.AgentConfig - Agent ID not configured, derived from hostname: agent-NUC10A
10:39:45.971 [main] INFO  d.m.quorus.agent.config.AgentConfig -   Agent ID:             agent-NUC10A
10:39:45.971 [main] WARN  d.m.quorus.agent.config.AgentConfig -   Tenant ID:            NOT CONFIGURED
10:39:45.971 [main] INFO  d.m.quorus.agent.config.AgentConfig -   Agent Port:           8080
10:39:45.971 [main] INFO  d.m.quorus.agent.config.AgentConfig -   Controller URL:       https://localhost:8080/api/v1
10:39:45.971 [main] INFO  d.m.quorus.agent.config.AgentConfig -   Region:               default
10:39:45.971 [main] INFO  d.m.quorus.agent.config.AgentConfig -   Datacenter:           default
10:39:45.971 [main] INFO  d.m.quorus.agent.config.AgentConfig -   Supported Protocols:  HTTP,HTTPS
10:39:45.971 [main] INFO  d.m.quorus.agent.config.AgentConfig -   Version:              1.0.0
10:39:45.971 [main] INFO  d.m.quorus.agent.config.AgentConfig -   --- Transfer ---
10:39:45.971 [main] INFO  d.m.quorus.agent.config.AgentConfig -   Max Concurrent:       5
10:39:45.971 [main] INFO  d.m.quorus.agent.config.AgentConfig -   --- Heartbeat ---
10:39:45.971 [main] INFO  d.m.quorus.agent.config.AgentConfig -   Interval:             30000ms
10:39:45.971 [main] INFO  d.m.quorus.agent.config.AgentConfig -   --- Job Polling ---
10:39:45.971 [main] INFO  d.m.quorus.agent.config.AgentConfig -   Initial Delay:        5000ms
10:39:45.971 [main] INFO  d.m.quorus.agent.config.AgentConfig -   Poll Interval:        10000ms
10:39:45.971 [main] INFO  d.m.quorus.agent.config.AgentConfig -   --- Security ---
10:39:45.971 [main] INFO  d.m.quorus.agent.config.AgentConfig -   Foreign Assignment Threshold: 1
10:39:45.971 [main] INFO  d.m.quorus.agent.config.AgentConfig -   --- Telemetry ---
10:39:45.971 [main] INFO  d.m.quorus.agent.config.AgentConfig -   Enabled:              true
10:39:45.971 [main] INFO  d.m.quorus.agent.config.AgentConfig -   Prometheus Port:      19465
10:39:45.971 [main] INFO  d.m.quorus.agent.config.AgentConfig -   OTLP Endpoint:        http://localhost:4317
10:39:45.971 [main] INFO  d.m.quorus.agent.config.AgentConfig - ==================================
[INFO] Tests run: 11, Failures: 0, Errors: 0, Skipped: 0, Time elapsed: 0.042 s -- in dev.mars.quorus.agent.config.AgentConfigTest
[INFO] Running dev.mars.quorus.agent.config.AgentTransportSecurityTest
10:39:45.973 [main] INFO  d.m.quorus.agent.config.AgentConfig - Loaded configuration from quorus-agent.properties
10:39:45.974 [main] INFO  d.m.quorus.agent.config.AgentConfig - === Quorus Agent Configuration ===
10:39:45.974 [main] WARN  d.m.quorus.agent.config.AgentConfig - Agent ID not configured, derived from hostname: agent-NUC10A
10:39:45.974 [main] INFO  d.m.quorus.agent.config.AgentConfig -   Agent ID:             agent-NUC10A
10:39:45.974 [main] WARN  d.m.quorus.agent.config.AgentConfig -   Tenant ID:            NOT CONFIGURED
10:39:45.974 [main] INFO  d.m.quorus.agent.config.AgentConfig -   Agent Port:           8080
10:39:45.974 [main] INFO  d.m.quorus.agent.config.AgentConfig -   Controller URL:       https://localhost:8080/api/v1
10:39:45.974 [main] INFO  d.m.quorus.agent.config.AgentConfig -   Region:               default
10:39:45.974 [main] INFO  d.m.quorus.agent.config.AgentConfig -   Datacenter:           default
10:39:45.974 [main] INFO  d.m.quorus.agent.config.AgentConfig -   Supported Protocols:  HTTP,HTTPS
10:39:45.974 [main] INFO  d.m.quorus.agent.config.AgentConfig -   Version:              1.0.0
10:39:45.974 [main] INFO  d.m.quorus.agent.config.AgentConfig -   --- Transfer ---
10:39:45.974 [main] INFO  d.m.quorus.agent.config.AgentConfig -   Max Concurrent:       5
10:39:45.974 [main] INFO  d.m.quorus.agent.config.AgentConfig -   --- Heartbeat ---
10:39:45.974 [main] INFO  d.m.quorus.agent.config.AgentConfig -   Interval:             30000ms
10:39:45.974 [main] INFO  d.m.quorus.agent.config.AgentConfig -   --- Job Polling ---
10:39:45.974 [main] INFO  d.m.quorus.agent.config.AgentConfig -   Initial Delay:        5000ms
10:39:45.974 [main] INFO  d.m.quorus.agent.config.AgentConfig -   Poll Interval:        10000ms
10:39:45.974 [main] INFO  d.m.quorus.agent.config.AgentConfig -   --- Security ---
10:39:45.974 [main] INFO  d.m.quorus.agent.config.AgentConfig -   Foreign Assignment Threshold: 1
10:39:45.974 [main] INFO  d.m.quorus.agent.config.AgentConfig -   --- Telemetry ---
10:39:45.974 [main] INFO  d.m.quorus.agent.config.AgentConfig -   Enabled:              true
10:39:45.974 [main] INFO  d.m.quorus.agent.config.AgentConfig -   Prometheus Port:      9465
10:39:45.974 [main] INFO  d.m.quorus.agent.config.AgentConfig -   OTLP Endpoint:        http://localhost:4317
10:39:45.974 [main] INFO  d.m.quorus.agent.config.AgentConfig - ==================================
10:39:45.976 [main] INFO  d.m.quorus.agent.config.AgentConfig - Loaded configuration from quorus-agent.properties
10:39:45.977 [main] INFO  d.m.quorus.agent.config.AgentConfig - === Quorus Agent Configuration ===
10:39:45.977 [main] WARN  d.m.quorus.agent.config.AgentConfig - Agent ID not configured, derived from hostname: agent-NUC10A
10:39:45.977 [main] INFO  d.m.quorus.agent.config.AgentConfig -   Agent ID:             agent-NUC10A
10:39:45.977 [main] WARN  d.m.quorus.agent.config.AgentConfig -   Tenant ID:            NOT CONFIGURED
10:39:45.977 [main] INFO  d.m.quorus.agent.config.AgentConfig -   Agent Port:           8080
10:39:45.977 [main] INFO  d.m.quorus.agent.config.AgentConfig -   Controller URL:       https://localhost:8080/api/v1
10:39:45.977 [main] INFO  d.m.quorus.agent.config.AgentConfig -   Region:               default
10:39:45.977 [main] INFO  d.m.quorus.agent.config.AgentConfig -   Datacenter:           default
10:39:45.977 [main] INFO  d.m.quorus.agent.config.AgentConfig -   Supported Protocols:  HTTP,HTTPS
10:39:45.977 [main] INFO  d.m.quorus.agent.config.AgentConfig -   Version:              1.0.0
10:39:45.977 [main] INFO  d.m.quorus.agent.config.AgentConfig -   --- Transfer ---
10:39:45.977 [main] INFO  d.m.quorus.agent.config.AgentConfig -   Max Concurrent:       5
10:39:45.977 [main] INFO  d.m.quorus.agent.config.AgentConfig -   --- Heartbeat ---
10:39:45.977 [main] INFO  d.m.quorus.agent.config.AgentConfig -   Interval:             30000ms
10:39:45.977 [main] INFO  d.m.quorus.agent.config.AgentConfig -   --- Job Polling ---
10:39:45.977 [main] INFO  d.m.quorus.agent.config.AgentConfig -   Initial Delay:        5000ms
10:39:45.977 [main] INFO  d.m.quorus.agent.config.AgentConfig -   Poll Interval:        10000ms
10:39:45.977 [main] INFO  d.m.quorus.agent.config.AgentConfig -   --- Security ---
10:39:45.977 [main] INFO  d.m.quorus.agent.config.AgentConfig -   Foreign Assignment Threshold: 1
10:39:45.977 [main] INFO  d.m.quorus.agent.config.AgentConfig -   --- Telemetry ---
10:39:45.977 [main] INFO  d.m.quorus.agent.config.AgentConfig -   Enabled:              true
10:39:45.977 [main] INFO  d.m.quorus.agent.config.AgentConfig -   Prometheus Port:      9465
10:39:45.977 [main] INFO  d.m.quorus.agent.config.AgentConfig -   OTLP Endpoint:        http://localhost:4317
10:39:45.977 [main] INFO  d.m.quorus.agent.config.AgentConfig - ==================================
[INFO] Tests run: 2, Failures: 0, Errors: 0, Skipped: 0, Time elapsed: 0.005 s -- in dev.mars.quorus.agent.config.AgentTransportSecurityTest
[INFO] Running dev.mars.quorus.agent.integration.AgentTelemetryIntegrationTest
10:39:46.004 [main] INFO  o.testcontainers.images.PullPolicy - Image pull policy will be performed by: DefaultPullPolicy()
10:39:46.006 [main] INFO  o.t.utility.ImageNameSubstitutor - Image name substitution will be performed by: DefaultImageNameSubstitutor (composite of 'ConfigurationFileImageNameSubstitutor' and 'PrefixingImageNameSubstitutor')
10:39:46.018 [main] INFO  o.testcontainers.DockerClientFactory - Testcontainers version: 2.0.3
10:39:46.210 [main] INFO  o.t.d.DockerClientProviderStrategy - Loaded org.testcontainers.dockerclient.NpipeSocketClientProviderStrategy from ~/.testcontainers.properties, will try it first
10:39:46.552 [main] INFO  o.t.d.DockerClientProviderStrategy - Found Docker environment with local Npipe socket (npipe:////./pipe/docker_engine)
10:39:46.554 [main] INFO  o.testcontainers.DockerClientFactory - Docker host IP address is localhost
10:39:46.573 [main] INFO  o.testcontainers.DockerClientFactory - Connected to docker: 
  Server Version: 29.7.2
  API Version: 1.55
  Operating System: Docker Desktop (containerized)
  Total Memory: 47834 MB
  Labels: 
    com.docker.desktop.address=npipe://\\.\pipe\docker_cli
10:39:46.578 [main] INFO  o.testcontainers.DockerClientFactory - Checking the system...
10:39:46.579 [main] INFO  o.testcontainers.DockerClientFactory - ?? Docker server version should be at least 1.6.0
10:39:46.631 [main] INFO  t.o.96.0 - Creating container for image: otel/opentelemetry-collector-contrib:0.96.0
10:39:46.728 [main] INFO  tc.testcontainers/ryuk:0.13.0 - Creating container for image: testcontainers/ryuk:0.13.0
10:39:46.869 [main] INFO  tc.testcontainers/ryuk:0.13.0 - Container testcontainers/ryuk:0.13.0 is starting: 18b489b6702bc26ae91f67789af0e8fe72707b85e3ef23ef7f5ae671d165a729
10:39:47.185 [main] INFO  tc.testcontainers/ryuk:0.13.0 - Container testcontainers/ryuk:0.13.0 started in PT0.4560456S
10:39:47.308 [main] INFO  t.o.96.0 - Container otel/opentelemetry-collector-contrib:0.96.0 is starting: 8f370971dcc66ab93817910d6577b84ef3600b42e2d07b09e2bb7992138385ca
10:39:47.586 [main] INFO  o.t.c.wait.strategy.HttpWaitStrategy - /jovial_diffie: Waiting for 60 seconds for URL: http://localhost:57566/ (where port 57566 maps to container port 13133)
10:39:48.604 [main] INFO  t.o.96.0 - Container otel/opentelemetry-collector-contrib:0.96.0 started in PT1.9730373S
10:39:48.610 [main] INFO  d.m.quorus.agent.config.AgentConfig - Loaded configuration from quorus-agent.properties
10:39:48.610 [main] INFO  d.m.quorus.agent.config.AgentConfig - === Quorus Agent Configuration ===
10:39:48.610 [main] WARN  d.m.quorus.agent.config.AgentConfig - Agent ID not configured, derived from hostname: agent-NUC10A
10:39:48.610 [main] INFO  d.m.quorus.agent.config.AgentConfig -   Agent ID:             agent-NUC10A
10:39:48.610 [main] WARN  d.m.quorus.agent.config.AgentConfig -   Tenant ID:            NOT CONFIGURED
10:39:48.610 [main] INFO  d.m.quorus.agent.config.AgentConfig -   Agent Port:           8080
10:39:48.610 [main] INFO  d.m.quorus.agent.config.AgentConfig -   Controller URL:       https://localhost:8080/api/v1
10:39:48.610 [main] INFO  d.m.quorus.agent.config.AgentConfig -   Region:               default
10:39:48.610 [main] INFO  d.m.quorus.agent.config.AgentConfig -   Datacenter:           default
10:39:48.610 [main] INFO  d.m.quorus.agent.config.AgentConfig -   Supported Protocols:  HTTP,HTTPS
10:39:48.610 [main] INFO  d.m.quorus.agent.config.AgentConfig -   Version:              1.0.0
10:39:48.610 [main] INFO  d.m.quorus.agent.config.AgentConfig -   --- Transfer ---
10:39:48.610 [main] INFO  d.m.quorus.agent.config.AgentConfig -   Max Concurrent:       5
10:39:48.610 [main] INFO  d.m.quorus.agent.config.AgentConfig -   --- Heartbeat ---
10:39:48.610 [main] INFO  d.m.quorus.agent.config.AgentConfig -   Interval:             30000ms
10:39:48.610 [main] INFO  d.m.quorus.agent.config.AgentConfig -   --- Job Polling ---
10:39:48.610 [main] INFO  d.m.quorus.agent.config.AgentConfig -   Initial Delay:        5000ms
10:39:48.610 [main] INFO  d.m.quorus.agent.config.AgentConfig -   Poll Interval:        10000ms
10:39:48.610 [main] INFO  d.m.quorus.agent.config.AgentConfig -   --- Security ---
10:39:48.610 [main] INFO  d.m.quorus.agent.config.AgentConfig -   Foreign Assignment Threshold: 1
10:39:48.610 [main] INFO  d.m.quorus.agent.config.AgentConfig -   --- Telemetry ---
10:39:48.610 [main] INFO  d.m.quorus.agent.config.AgentConfig -   Enabled:              true
10:39:48.611 [main] INFO  d.m.quorus.agent.config.AgentConfig -   Prometheus Port:      9465
10:39:48.611 [main] INFO  d.m.quorus.agent.config.AgentConfig -   OTLP Endpoint:        http://localhost:4317
10:39:48.611 [main] INFO  d.m.quorus.agent.config.AgentConfig - ==================================
10:39:48.871 [main] INFO  d.m.q.a.observability.AgentMetrics - AgentMetrics initialized for agent: agent-telemetry-test
[INFO] Tests run: 3, Failures: 0, Errors: 0, Skipped: 0, Time elapsed: 9.234 s -- in dev.mars.quorus.agent.integration.AgentTelemetryIntegrationTest
[INFO] Running dev.mars.quorus.agent.QuorusAgentTest
10:39:55.279 [vert.x-eventloop-thread-0] INFO  d.m.quorus.agent.config.AgentConfig - Loaded configuration from quorus-agent.properties
10:39:55.280 [vert.x-eventloop-thread-0] INFO  d.m.quorus.agent.config.AgentConfig - === Quorus Agent Configuration ===
10:39:55.280 [vert.x-eventloop-thread-0] WARN  d.m.quorus.agent.config.AgentConfig - Agent ID not configured, derived from hostname: agent-NUC10A
10:39:55.280 [vert.x-eventloop-thread-0] INFO  d.m.quorus.agent.config.AgentConfig -   Agent ID:             agent-NUC10A
10:39:55.280 [vert.x-eventloop-thread-0] WARN  d.m.quorus.agent.config.AgentConfig -   Tenant ID:            NOT CONFIGURED
10:39:55.280 [vert.x-eventloop-thread-0] INFO  d.m.quorus.agent.config.AgentConfig -   Agent Port:           8080
10:39:55.280 [vert.x-eventloop-thread-0] INFO  d.m.quorus.agent.config.AgentConfig -   Controller URL:       https://localhost:8080/api/v1
10:39:55.280 [vert.x-eventloop-thread-0] INFO  d.m.quorus.agent.config.AgentConfig -   Region:               default
10:39:55.281 [vert.x-eventloop-thread-0] INFO  d.m.quorus.agent.config.AgentConfig -   Datacenter:           default
10:39:55.281 [vert.x-eventloop-thread-0] INFO  d.m.quorus.agent.config.AgentConfig -   Supported Protocols:  HTTP,HTTPS
10:39:55.281 [vert.x-eventloop-thread-0] INFO  d.m.quorus.agent.config.AgentConfig -   Version:              1.0.0
10:39:55.281 [vert.x-eventloop-thread-0] INFO  d.m.quorus.agent.config.AgentConfig -   --- Transfer ---
10:39:55.281 [vert.x-eventloop-thread-0] INFO  d.m.quorus.agent.config.AgentConfig -   Max Concurrent:       5
10:39:55.281 [vert.x-eventloop-thread-0] INFO  d.m.quorus.agent.config.AgentConfig -   --- Heartbeat ---
10:39:55.281 [vert.x-eventloop-thread-0] INFO  d.m.quorus.agent.config.AgentConfig -   Interval:             30000ms
10:39:55.281 [vert.x-eventloop-thread-0] INFO  d.m.quorus.agent.config.AgentConfig -   --- Job Polling ---
10:39:55.281 [vert.x-eventloop-thread-0] INFO  d.m.quorus.agent.config.AgentConfig -   Initial Delay:        5000ms
10:39:55.281 [vert.x-eventloop-thread-0] INFO  d.m.quorus.agent.config.AgentConfig -   Poll Interval:        10000ms
10:39:55.281 [vert.x-eventloop-thread-0] INFO  d.m.quorus.agent.config.AgentConfig -   --- Security ---
10:39:55.281 [vert.x-eventloop-thread-0] INFO  d.m.quorus.agent.config.AgentConfig -   Foreign Assignment Threshold: 1
10:39:55.281 [vert.x-eventloop-thread-0] INFO  d.m.quorus.agent.config.AgentConfig -   --- Telemetry ---
10:39:55.281 [vert.x-eventloop-thread-0] INFO  d.m.quorus.agent.config.AgentConfig -   Enabled:              true
10:39:55.281 [vert.x-eventloop-thread-0] INFO  d.m.quorus.agent.config.AgentConfig -   Prometheus Port:      9465
10:39:55.281 [vert.x-eventloop-thread-0] INFO  d.m.quorus.agent.config.AgentConfig -   OTLP Endpoint:        http://localhost:4317
10:39:55.281 [vert.x-eventloop-thread-0] INFO  d.m.quorus.agent.config.AgentConfig - ==================================
10:39:55.283 [main] INFO  dev.mars.quorus.agent.QuorusAgent - Creating QuorusAgent with Vert.x instance: 1679741732 (using Vert.x timers, no ScheduledExecutorService)
10:39:55.284 [main] WARN  d.m.q.a.s.ControllerWebClientFactory - INSECURE DEVELOPMENT MODE: agent-to-controller traffic is plaintext
10:39:55.284 [main] DEBUG d.m.q.a.s.AgentRegistrationService - AgentRegistrationService initialized with Vert.x WebClient (connectTimeout=5000ms, idleTimeout=10000ms)
10:39:55.284 [main] WARN  d.m.q.a.s.ControllerWebClientFactory - INSECURE DEVELOPMENT MODE: agent-to-controller traffic is plaintext
10:39:55.285 [main] DEBUG d.m.q.agent.service.HeartbeatService - HeartbeatService initialized with Vert.x WebClient (connectTimeout=5000ms, idleTimeout=10000ms)
10:39:55.285 [main] DEBUG d.m.quorus.protocol.ProtocolFactory - Initializing ProtocolFactory
10:39:55.285 [main] DEBUG d.m.quorus.protocol.ProtocolFactory - Registering default transfer protocols
10:39:55.285 [main] DEBUG d.m.quorus.protocol.ProtocolFactory - Creating HttpTransferProtocol instance
10:39:55.285 [main] INFO  d.m.q.protocol.HttpTransferProtocol - HttpTransferProtocol initialized: connectTimeout=30 SECONDS, socketTimeout=60 SECONDS, maxFileSize=10737418240 bytes
10:39:55.285 [main] INFO  d.m.quorus.protocol.ProtocolFactory - Registered protocol: http
10:39:55.285 [main] DEBUG d.m.quorus.protocol.ProtocolFactory - Protocol details: name=http, class=HttpTransferProtocol, supportsResume=false, supportsPause=true
10:39:55.285 [main] INFO  d.m.quorus.protocol.ProtocolFactory - Registered protocol alias: https -> http
10:39:55.285 [main] DEBUG d.m.quorus.protocol.ProtocolFactory - Creating SmbTransferProtocol instance
10:39:55.285 [main] INFO  d.m.quorus.protocol.ProtocolFactory - Registered protocol: smb
10:39:55.285 [main] DEBUG d.m.quorus.protocol.ProtocolFactory - Protocol details: name=smb, class=SmbTransferProtocol, supportsResume=false, supportsPause=false
10:39:55.285 [main] INFO  d.m.quorus.protocol.ProtocolFactory - Registered protocol alias: cifs -> smb
10:39:55.285 [main] DEBUG d.m.quorus.protocol.ProtocolFactory - Creating FtpTransferProtocol instance
10:39:55.285 [main] INFO  d.m.quorus.protocol.ProtocolFactory - Registered protocol: ftp
10:39:55.285 [main] DEBUG d.m.quorus.protocol.ProtocolFactory - Protocol details: name=ftp, class=FtpTransferProtocol, supportsResume=false, supportsPause=false
10:39:55.285 [main] INFO  d.m.quorus.protocol.ProtocolFactory - Registered protocol alias: ftps -> ftp
10:39:55.285 [main] DEBUG d.m.quorus.protocol.ProtocolFactory - Creating SftpTransferProtocol instance
10:39:55.285 [main] INFO  d.m.quorus.protocol.ProtocolFactory - Registered protocol: sftp
10:39:55.285 [main] DEBUG d.m.quorus.protocol.ProtocolFactory - Protocol details: name=sftp, class=SftpTransferProtocol, supportsResume=false, supportsPause=false
10:39:55.285 [main] DEBUG d.m.quorus.protocol.ProtocolFactory - Creating NfsTransferProtocol instance
10:39:55.285 [main] DEBUG d.m.q.protocol.NfsTransferProtocol - NfsTransferProtocol initialized with mountRoot=C:\nfs
10:39:55.286 [main] INFO  d.m.quorus.protocol.ProtocolFactory - Registered protocol: nfs
10:39:55.286 [main] DEBUG d.m.quorus.protocol.ProtocolFactory - Protocol details: name=nfs, class=NfsTransferProtocol, supportsResume=false, supportsPause=false
10:39:55.286 [main] INFO  d.m.quorus.protocol.ProtocolFactory - Registered default transfer protocols: count=8, schemes=ftps, ftp, http, smb, sftp, nfs, https, cifs
10:39:55.286 [main] INFO  d.m.q.transfer.SimpleTransferEngine - SimpleTransferEngine initialized: maxConcurrent=5, maxRetries=3, retryDelay=1000ms
10:39:55.286 [main] INFO  d.m.q.a.s.TransferExecutionService - TransferExecutionService initialized (Vert.x reactive mode)
10:39:55.286 [main] WARN  d.m.q.a.s.ControllerWebClientFactory - INSECURE DEVELOPMENT MODE: agent-to-controller traffic is plaintext
10:39:55.286 [main] DEBUG d.m.q.a.service.JobPollingService - JobPollingService initialized with Vert.x WebClient (connectTimeout=5000ms, idleTimeout=10000ms)
10:39:55.286 [main] WARN  d.m.q.a.s.ControllerWebClientFactory - INSECURE DEVELOPMENT MODE: agent-to-controller traffic is plaintext
10:39:55.287 [main] DEBUG d.m.q.a.s.JobStatusReportingService - JobStatusReportingService initialized with Vert.x WebClient (connectTimeout=5000ms, idleTimeout=10000ms)
10:39:55.287 [main] INFO  d.m.q.a.observability.AgentMetrics - AgentMetrics initialized for agent: test-agent-001
10:39:55.287 [main] INFO  dev.mars.quorus.agent.QuorusAgent - Quorus Agent initialized: test-agent-001 (reactive mode with OpenTelemetry)
10:39:55.287 [main] INFO  dev.mars.quorus.agent.QuorusAgent - Foreign-assignment mismatch threshold configured to 3
10:39:55.287 [main] INFO  dev.mars.quorus.agent.QuorusAgent - Agent not running, performing cleanup only
10:39:55.291 [main] INFO  dev.mars.quorus.agent.QuorusAgent - Creating QuorusAgent with Vert.x instance: 1679741732 (using Vert.x timers, no ScheduledExecutorService)
10:39:55.291 [main] WARN  d.m.q.a.s.ControllerWebClientFactory - INSECURE DEVELOPMENT MODE: agent-to-controller traffic is plaintext
10:39:55.291 [main] DEBUG d.m.q.a.s.AgentRegistrationService - AgentRegistrationService initialized with Vert.x WebClient (connectTimeout=5000ms, idleTimeout=10000ms)
10:39:55.291 [main] WARN  d.m.q.a.s.ControllerWebClientFactory - INSECURE DEVELOPMENT MODE: agent-to-controller traffic is plaintext
10:39:55.291 [main] DEBUG d.m.q.agent.service.HeartbeatService - HeartbeatService initialized with Vert.x WebClient (connectTimeout=5000ms, idleTimeout=10000ms)
10:39:55.291 [main] DEBUG d.m.quorus.protocol.ProtocolFactory - Initializing ProtocolFactory
10:39:55.291 [main] DEBUG d.m.quorus.protocol.ProtocolFactory - Registering default transfer protocols
10:39:55.291 [main] DEBUG d.m.quorus.protocol.ProtocolFactory - Creating HttpTransferProtocol instance
10:39:55.291 [main] INFO  d.m.q.protocol.HttpTransferProtocol - HttpTransferProtocol initialized: connectTimeout=30 SECONDS, socketTimeout=60 SECONDS, maxFileSize=10737418240 bytes
10:39:55.291 [main] INFO  d.m.quorus.protocol.ProtocolFactory - Registered protocol: http
10:39:55.291 [main] DEBUG d.m.quorus.protocol.ProtocolFactory - Protocol details: name=http, class=HttpTransferProtocol, supportsResume=false, supportsPause=true
10:39:55.291 [main] INFO  d.m.quorus.protocol.ProtocolFactory - Registered protocol alias: https -> http
10:39:55.291 [main] DEBUG d.m.quorus.protocol.ProtocolFactory - Creating SmbTransferProtocol instance
10:39:55.291 [main] INFO  d.m.quorus.protocol.ProtocolFactory - Registered protocol: smb
10:39:55.291 [main] DEBUG d.m.quorus.protocol.ProtocolFactory - Protocol details: name=smb, class=SmbTransferProtocol, supportsResume=false, supportsPause=false
10:39:55.291 [main] INFO  d.m.quorus.protocol.ProtocolFactory - Registered protocol alias: cifs -> smb
10:39:55.291 [main] DEBUG d.m.quorus.protocol.ProtocolFactory - Creating FtpTransferProtocol instance
10:39:55.291 [main] INFO  d.m.quorus.protocol.ProtocolFactory - Registered protocol: ftp
10:39:55.291 [main] DEBUG d.m.quorus.protocol.ProtocolFactory - Protocol details: name=ftp, class=FtpTransferProtocol, supportsResume=false, supportsPause=false
10:39:55.291 [main] INFO  d.m.quorus.protocol.ProtocolFactory - Registered protocol alias: ftps -> ftp
10:39:55.291 [main] DEBUG d.m.quorus.protocol.ProtocolFactory - Creating SftpTransferProtocol instance
10:39:55.291 [main] INFO  d.m.quorus.protocol.ProtocolFactory - Registered protocol: sftp
10:39:55.291 [main] DEBUG d.m.quorus.protocol.ProtocolFactory - Protocol details: name=sftp, class=SftpTransferProtocol, supportsResume=false, supportsPause=false
10:39:55.291 [main] DEBUG d.m.quorus.protocol.ProtocolFactory - Creating NfsTransferProtocol instance
10:39:55.291 [main] DEBUG d.m.q.protocol.NfsTransferProtocol - NfsTransferProtocol initialized with mountRoot=C:\nfs
10:39:55.291 [main] INFO  d.m.quorus.protocol.ProtocolFactory - Registered protocol: nfs
10:39:55.291 [main] DEBUG d.m.quorus.protocol.ProtocolFactory - Protocol details: name=nfs, class=NfsTransferProtocol, supportsResume=false, supportsPause=false
10:39:55.291 [main] INFO  d.m.quorus.protocol.ProtocolFactory - Registered default transfer protocols: count=8, schemes=ftps, ftp, http, smb, sftp, nfs, https, cifs
10:39:55.291 [main] INFO  d.m.q.transfer.SimpleTransferEngine - SimpleTransferEngine initialized: maxConcurrent=5, maxRetries=3, retryDelay=1000ms
10:39:55.293 [main] INFO  d.m.q.a.s.TransferExecutionService - TransferExecutionService initialized (Vert.x reactive mode)
10:39:55.293 [main] WARN  d.m.q.a.s.ControllerWebClientFactory - INSECURE DEVELOPMENT MODE: agent-to-controller traffic is plaintext
10:39:55.293 [main] DEBUG d.m.q.a.service.JobPollingService - JobPollingService initialized with Vert.x WebClient (connectTimeout=5000ms, idleTimeout=10000ms)
10:39:55.293 [main] WARN  d.m.q.a.s.ControllerWebClientFactory - INSECURE DEVELOPMENT MODE: agent-to-controller traffic is plaintext
10:39:55.293 [main] DEBUG d.m.q.a.s.JobStatusReportingService - JobStatusReportingService initialized with Vert.x WebClient (connectTimeout=5000ms, idleTimeout=10000ms)
10:39:55.293 [main] INFO  d.m.q.a.observability.AgentMetrics - AgentMetrics initialized for agent: test-agent-001
10:39:55.293 [main] INFO  dev.mars.quorus.agent.QuorusAgent - Quorus Agent initialized: test-agent-001 (reactive mode with OpenTelemetry)
10:39:55.293 [main] INFO  dev.mars.quorus.agent.QuorusAgent - Foreign-assignment mismatch threshold configured to 3
10:39:55.293 [main] INFO  dev.mars.quorus.agent.QuorusAgent - Starting Quorus Agent services (Vert.x reactive mode)...
10:39:55.294 [main] INFO  d.m.q.a.s.AgentRegistrationService - Registering agent test-agent-001 with controller at http://localhost:57583/api/v1
10:39:55.294 [main] INFO  dev.mars.quorus.agent.QuorusAgent - Shutting down Quorus Agent (reactive mode)...
10:39:55.294 [main] INFO  d.m.q.a.s.TransferExecutionService - Shutting down transfer execution service...
10:39:55.295 [main] DEBUG d.m.q.agent.service.HeartbeatService - Shutting down HeartbeatService WebClient
10:39:55.295 [main] DEBUG d.m.q.a.service.JobPollingService - Shutting down JobPollingService WebClient
10:39:55.295 [vert.x-worker-thread-0] INFO  d.m.q.transfer.SimpleTransferEngine - Shutting down transfer engine; cancelling 0 running transfer(s)
10:39:55.295 [main] DEBUG d.m.q.a.s.JobStatusReportingService - Shutting down JobStatusReportingService WebClient
10:39:55.295 [vert.x-worker-thread-0] INFO  d.m.q.transfer.SimpleTransferEngine - Transfer engine shutdown completed
10:39:55.295 [main] INFO  dev.mars.quorus.agent.QuorusAgent - Agent deregistered from controller
10:39:55.295 [main] INFO  dev.mars.quorus.agent.QuorusAgent - Quorus Agent shutdown complete (0 threads to cleanup)
10:39:55.295 [vert.x-eventloop-thread-0] INFO  d.m.q.agent.service.HealthService - Health service started on port 9090
10:39:55.295 [vert.x-eventloop-thread-0] INFO  d.m.q.a.s.TransferExecutionService - Transfer execution service shutdown complete
10:39:55.296 [main] INFO  dev.mars.quorus.agent.QuorusAgent - Creating QuorusAgent with Vert.x instance: 1679741732 (using Vert.x timers, no ScheduledExecutorService)
10:39:55.296 [main] WARN  d.m.q.a.s.ControllerWebClientFactory - INSECURE DEVELOPMENT MODE: agent-to-controller traffic is plaintext
10:39:55.297 [main] DEBUG d.m.q.a.s.AgentRegistrationService - AgentRegistrationService initialized with Vert.x WebClient (connectTimeout=5000ms, idleTimeout=10000ms)
10:39:55.297 [main] WARN  d.m.q.a.s.ControllerWebClientFactory - INSECURE DEVELOPMENT MODE: agent-to-controller traffic is plaintext
10:39:55.297 [main] DEBUG d.m.q.agent.service.HeartbeatService - HeartbeatService initialized with Vert.x WebClient (connectTimeout=5000ms, idleTimeout=10000ms)
10:39:55.297 [main] DEBUG d.m.quorus.protocol.ProtocolFactory - Initializing ProtocolFactory
10:39:55.297 [main] DEBUG d.m.quorus.protocol.ProtocolFactory - Registering default transfer protocols
10:39:55.297 [main] DEBUG d.m.quorus.protocol.ProtocolFactory - Creating HttpTransferProtocol instance
10:39:55.297 [main] INFO  d.m.q.protocol.HttpTransferProtocol - HttpTransferProtocol initialized: connectTimeout=30 SECONDS, socketTimeout=60 SECONDS, maxFileSize=10737418240 bytes
10:39:55.297 [main] INFO  d.m.quorus.protocol.ProtocolFactory - Registered protocol: http
10:39:55.297 [main] DEBUG d.m.quorus.protocol.ProtocolFactory - Protocol details: name=http, class=HttpTransferProtocol, supportsResume=false, supportsPause=true
10:39:55.297 [main] INFO  d.m.quorus.protocol.ProtocolFactory - Registered protocol alias: https -> http
10:39:55.297 [main] DEBUG d.m.quorus.protocol.ProtocolFactory - Creating SmbTransferProtocol instance
10:39:55.297 [main] INFO  d.m.quorus.protocol.ProtocolFactory - Registered protocol: smb
10:39:55.297 [main] DEBUG d.m.quorus.protocol.ProtocolFactory - Protocol details: name=smb, class=SmbTransferProtocol, supportsResume=false, supportsPause=false
10:39:55.297 [main] INFO  d.m.quorus.protocol.ProtocolFactory - Registered protocol alias: cifs -> smb
10:39:55.298 [main] DEBUG d.m.quorus.protocol.ProtocolFactory - Creating FtpTransferProtocol instance
10:39:55.298 [main] INFO  d.m.quorus.protocol.ProtocolFactory - Registered protocol: ftp
10:39:55.298 [main] DEBUG d.m.quorus.protocol.ProtocolFactory - Protocol details: name=ftp, class=FtpTransferProtocol, supportsResume=false, supportsPause=false
10:39:55.298 [main] INFO  d.m.quorus.protocol.ProtocolFactory - Registered protocol alias: ftps -> ftp
10:39:55.298 [main] DEBUG d.m.quorus.protocol.ProtocolFactory - Creating SftpTransferProtocol instance
10:39:55.298 [main] INFO  d.m.quorus.protocol.ProtocolFactory - Registered protocol: sftp
10:39:55.298 [main] DEBUG d.m.quorus.protocol.ProtocolFactory - Protocol details: name=sftp, class=SftpTransferProtocol, supportsResume=false, supportsPause=false
10:39:55.298 [main] DEBUG d.m.quorus.protocol.ProtocolFactory - Creating NfsTransferProtocol instance
10:39:55.298 [main] DEBUG d.m.q.protocol.NfsTransferProtocol - NfsTransferProtocol initialized with mountRoot=C:\nfs
10:39:55.298 [main] INFO  d.m.quorus.protocol.ProtocolFactory - Registered protocol: nfs
10:39:55.298 [main] DEBUG d.m.quorus.protocol.ProtocolFactory - Protocol details: name=nfs, class=NfsTransferProtocol, supportsResume=false, supportsPause=false
10:39:55.298 [main] INFO  d.m.quorus.protocol.ProtocolFactory - Registered default transfer protocols: count=8, schemes=ftps, ftp, http, smb, sftp, nfs, https, cifs
10:39:55.298 [main] INFO  d.m.q.transfer.SimpleTransferEngine - SimpleTransferEngine initialized: maxConcurrent=5, maxRetries=3, retryDelay=1000ms
10:39:55.298 [main] INFO  d.m.q.a.s.TransferExecutionService - TransferExecutionService initialized (Vert.x reactive mode)
10:39:55.298 [main] WARN  d.m.q.a.s.ControllerWebClientFactory - INSECURE DEVELOPMENT MODE: agent-to-controller traffic is plaintext
10:39:55.298 [main] DEBUG d.m.q.a.service.JobPollingService - JobPollingService initialized with Vert.x WebClient (connectTimeout=5000ms, idleTimeout=10000ms)
10:39:55.298 [main] WARN  d.m.q.a.s.ControllerWebClientFactory - INSECURE DEVELOPMENT MODE: agent-to-controller traffic is plaintext
10:39:55.298 [main] DEBUG d.m.q.a.s.JobStatusReportingService - JobStatusReportingService initialized with Vert.x WebClient (connectTimeout=5000ms, idleTimeout=10000ms)
10:39:55.298 [main] INFO  d.m.q.a.observability.AgentMetrics - AgentMetrics initialized for agent: test-agent-001
10:39:55.298 [main] INFO  dev.mars.quorus.agent.QuorusAgent - Quorus Agent initialized: test-agent-001 (reactive mode with OpenTelemetry)
10:39:55.299 [main] INFO  dev.mars.quorus.agent.QuorusAgent - Foreign-assignment mismatch threshold configured to 3
10:39:55.299 [main] INFO  dev.mars.quorus.agent.QuorusAgent - Agent not running, performing cleanup only
10:39:55.299 [main] WARN  dev.mars.quorus.agent.QuorusAgent - Agent already closed, skipping shutdown
10:39:55.299 [main] WARN  dev.mars.quorus.agent.QuorusAgent - Agent already closed, skipping shutdown
10:39:55.300 [vert.x-eventloop-thread-0] INFO  d.m.q.a.s.AgentRegistrationService - Agent test-agent-001 registered successfully
10:39:55.300 [vert.x-eventloop-thread-0] INFO  dev.mars.quorus.agent.QuorusAgent - Agent registered successfully with controller
10:39:55.300 [vert.x-eventloop-thread-0] WARN  dev.mars.quorus.agent.QuorusAgent - Agent was shutdown before background services could start, aborting startup
10:39:55.301 [main] INFO  dev.mars.quorus.agent.QuorusAgent - Creating QuorusAgent with Vert.x instance: 1679741732 (using Vert.x timers, no ScheduledExecutorService)
10:39:55.301 [main] WARN  d.m.q.a.s.ControllerWebClientFactory - INSECURE DEVELOPMENT MODE: agent-to-controller traffic is plaintext
10:39:55.301 [main] DEBUG d.m.q.a.s.AgentRegistrationService - AgentRegistrationService initialized with Vert.x WebClient (connectTimeout=5000ms, idleTimeout=10000ms)
10:39:55.301 [main] WARN  d.m.q.a.s.ControllerWebClientFactory - INSECURE DEVELOPMENT MODE: agent-to-controller traffic is plaintext
10:39:55.301 [main] DEBUG d.m.q.agent.service.HeartbeatService - HeartbeatService initialized with Vert.x WebClient (connectTimeout=5000ms, idleTimeout=10000ms)
10:39:55.302 [main] DEBUG d.m.quorus.protocol.ProtocolFactory - Initializing ProtocolFactory
10:39:55.302 [main] DEBUG d.m.quorus.protocol.ProtocolFactory - Registering default transfer protocols
10:39:55.302 [main] DEBUG d.m.quorus.protocol.ProtocolFactory - Creating HttpTransferProtocol instance
10:39:55.302 [main] INFO  d.m.q.protocol.HttpTransferProtocol - HttpTransferProtocol initialized: connectTimeout=30 SECONDS, socketTimeout=60 SECONDS, maxFileSize=10737418240 bytes
10:39:55.302 [main] INFO  d.m.quorus.protocol.ProtocolFactory - Registered protocol: http
10:39:55.302 [main] DEBUG d.m.quorus.protocol.ProtocolFactory - Protocol details: name=http, class=HttpTransferProtocol, supportsResume=false, supportsPause=true
10:39:55.302 [main] INFO  d.m.quorus.protocol.ProtocolFactory - Registered protocol alias: https -> http
10:39:55.302 [main] DEBUG d.m.quorus.protocol.ProtocolFactory - Creating SmbTransferProtocol instance
10:39:55.302 [main] INFO  d.m.quorus.protocol.ProtocolFactory - Registered protocol: smb
10:39:55.302 [main] DEBUG d.m.quorus.protocol.ProtocolFactory - Protocol details: name=smb, class=SmbTransferProtocol, supportsResume=false, supportsPause=false
10:39:55.302 [main] INFO  d.m.quorus.protocol.ProtocolFactory - Registered protocol alias: cifs -> smb
10:39:55.302 [main] DEBUG d.m.quorus.protocol.ProtocolFactory - Creating FtpTransferProtocol instance
10:39:55.302 [main] INFO  d.m.quorus.protocol.ProtocolFactory - Registered protocol: ftp
10:39:55.302 [main] DEBUG d.m.quorus.protocol.ProtocolFactory - Protocol details: name=ftp, class=FtpTransferProtocol, supportsResume=false, supportsPause=false
10:39:55.302 [main] INFO  d.m.quorus.protocol.ProtocolFactory - Registered protocol alias: ftps -> ftp
10:39:55.302 [main] DEBUG d.m.quorus.protocol.ProtocolFactory - Creating SftpTransferProtocol instance
10:39:55.302 [main] INFO  d.m.quorus.protocol.ProtocolFactory - Registered protocol: sftp
10:39:55.302 [main] DEBUG d.m.quorus.protocol.ProtocolFactory - Protocol details: name=sftp, class=SftpTransferProtocol, supportsResume=false, supportsPause=false
10:39:55.302 [main] DEBUG d.m.quorus.protocol.ProtocolFactory - Creating NfsTransferProtocol instance
10:39:55.302 [main] DEBUG d.m.q.protocol.NfsTransferProtocol - NfsTransferProtocol initialized with mountRoot=C:\nfs
10:39:55.302 [main] INFO  d.m.quorus.protocol.ProtocolFactory - Registered protocol: nfs
10:39:55.302 [main] DEBUG d.m.quorus.protocol.ProtocolFactory - Protocol details: name=nfs, class=NfsTransferProtocol, supportsResume=false, supportsPause=false
10:39:55.302 [main] INFO  d.m.quorus.protocol.ProtocolFactory - Registered default transfer protocols: count=8, schemes=ftps, ftp, http, smb, sftp, nfs, https, cifs
10:39:55.302 [main] INFO  d.m.q.transfer.SimpleTransferEngine - SimpleTransferEngine initialized: maxConcurrent=5, maxRetries=3, retryDelay=1000ms
10:39:55.302 [main] INFO  d.m.q.a.s.TransferExecutionService - TransferExecutionService initialized (Vert.x reactive mode)
10:39:55.302 [main] WARN  d.m.q.a.s.ControllerWebClientFactory - INSECURE DEVELOPMENT MODE: agent-to-controller traffic is plaintext
10:39:55.302 [main] DEBUG d.m.q.a.service.JobPollingService - JobPollingService initialized with Vert.x WebClient (connectTimeout=5000ms, idleTimeout=10000ms)
10:39:55.303 [main] WARN  d.m.q.a.s.ControllerWebClientFactory - INSECURE DEVELOPMENT MODE: agent-to-controller traffic is plaintext
10:39:55.303 [main] DEBUG d.m.q.a.s.JobStatusReportingService - JobStatusReportingService initialized with Vert.x WebClient (connectTimeout=5000ms, idleTimeout=10000ms)
10:39:55.303 [main] INFO  d.m.q.a.observability.AgentMetrics - AgentMetrics initialized for agent: test-agent-001
10:39:55.303 [main] INFO  dev.mars.quorus.agent.QuorusAgent - Quorus Agent initialized: test-agent-001 (reactive mode with OpenTelemetry)
10:39:55.303 [main] INFO  dev.mars.quorus.agent.QuorusAgent - Foreign-assignment mismatch threshold configured to 3
10:39:55.303 [main] ERROR dev.mars.quorus.agent.QuorusAgent - Refusing to process job job-foreign-failfast because assignment agentId wrong-agent does not match local agentId test-agent-001
10:39:55.303 [main] ERROR dev.mars.quorus.agent.QuorusAgent - Foreign assignment mismatch count: 1/3
10:39:55.303 [main] ERROR dev.mars.quorus.agent.QuorusAgent - Refusing to process job job-foreign-failfast because assignment agentId wrong-agent does not match local agentId test-agent-001
10:39:55.303 [main] ERROR dev.mars.quorus.agent.QuorusAgent - Foreign assignment mismatch count: 2/3
10:39:55.304 [main] ERROR dev.mars.quorus.agent.QuorusAgent - Refusing to process job job-foreign-failfast because assignment agentId wrong-agent does not match local agentId test-agent-001
10:39:55.304 [main] ERROR dev.mars.quorus.agent.QuorusAgent - Foreign assignment mismatch count: 3/3
10:39:55.304 [main] ERROR dev.mars.quorus.agent.QuorusAgent - Foreign assignment mismatch threshold reached (3). Initiating fail-fast shutdown.
10:39:55.304 [main] INFO  dev.mars.quorus.agent.QuorusAgent - Agent not running, performing cleanup only
10:39:55.306 [main] INFO  dev.mars.quorus.agent.QuorusAgent - Creating QuorusAgent with Vert.x instance: 1679741732 (using Vert.x timers, no ScheduledExecutorService)
10:39:55.306 [main] WARN  d.m.q.a.s.ControllerWebClientFactory - INSECURE DEVELOPMENT MODE: agent-to-controller traffic is plaintext
10:39:55.306 [main] DEBUG d.m.q.a.s.AgentRegistrationService - AgentRegistrationService initialized with Vert.x WebClient (connectTimeout=5000ms, idleTimeout=10000ms)
10:39:55.306 [main] WARN  d.m.q.a.s.ControllerWebClientFactory - INSECURE DEVELOPMENT MODE: agent-to-controller traffic is plaintext
10:39:55.307 [main] DEBUG d.m.q.agent.service.HeartbeatService - HeartbeatService initialized with Vert.x WebClient (connectTimeout=5000ms, idleTimeout=10000ms)
10:39:55.307 [main] DEBUG d.m.quorus.protocol.ProtocolFactory - Initializing ProtocolFactory
10:39:55.307 [main] DEBUG d.m.quorus.protocol.ProtocolFactory - Registering default transfer protocols
10:39:55.307 [main] DEBUG d.m.quorus.protocol.ProtocolFactory - Creating HttpTransferProtocol instance
10:39:55.307 [main] INFO  d.m.q.protocol.HttpTransferProtocol - HttpTransferProtocol initialized: connectTimeout=30 SECONDS, socketTimeout=60 SECONDS, maxFileSize=10737418240 bytes
10:39:55.307 [main] INFO  d.m.quorus.protocol.ProtocolFactory - Registered protocol: http
10:39:55.307 [main] DEBUG d.m.quorus.protocol.ProtocolFactory - Protocol details: name=http, class=HttpTransferProtocol, supportsResume=false, supportsPause=true
10:39:55.307 [main] INFO  d.m.quorus.protocol.ProtocolFactory - Registered protocol alias: https -> http
10:39:55.307 [main] DEBUG d.m.quorus.protocol.ProtocolFactory - Creating SmbTransferProtocol instance
10:39:55.307 [main] INFO  d.m.quorus.protocol.ProtocolFactory - Registered protocol: smb
10:39:55.307 [main] DEBUG d.m.quorus.protocol.ProtocolFactory - Protocol details: name=smb, class=SmbTransferProtocol, supportsResume=false, supportsPause=false
10:39:55.307 [main] INFO  d.m.quorus.protocol.ProtocolFactory - Registered protocol alias: cifs -> smb
10:39:55.307 [main] DEBUG d.m.quorus.protocol.ProtocolFactory - Creating FtpTransferProtocol instance
10:39:55.307 [main] INFO  d.m.quorus.protocol.ProtocolFactory - Registered protocol: ftp
10:39:55.307 [main] DEBUG d.m.quorus.protocol.ProtocolFactory - Protocol details: name=ftp, class=FtpTransferProtocol, supportsResume=false, supportsPause=false
10:39:55.307 [main] INFO  d.m.quorus.protocol.ProtocolFactory - Registered protocol alias: ftps -> ftp
10:39:55.307 [main] DEBUG d.m.quorus.protocol.ProtocolFactory - Creating SftpTransferProtocol instance
10:39:55.307 [main] INFO  d.m.quorus.protocol.ProtocolFactory - Registered protocol: sftp
10:39:55.307 [main] DEBUG d.m.quorus.protocol.ProtocolFactory - Protocol details: name=sftp, class=SftpTransferProtocol, supportsResume=false, supportsPause=false
10:39:55.307 [main] DEBUG d.m.quorus.protocol.ProtocolFactory - Creating NfsTransferProtocol instance
10:39:55.307 [main] DEBUG d.m.q.protocol.NfsTransferProtocol - NfsTransferProtocol initialized with mountRoot=C:\nfs
10:39:55.307 [main] INFO  d.m.quorus.protocol.ProtocolFactory - Registered protocol: nfs
10:39:55.307 [main] DEBUG d.m.quorus.protocol.ProtocolFactory - Protocol details: name=nfs, class=NfsTransferProtocol, supportsResume=false, supportsPause=false
10:39:55.307 [main] INFO  d.m.quorus.protocol.ProtocolFactory - Registered default transfer protocols: count=8, schemes=ftps, ftp, http, smb, sftp, nfs, https, cifs
10:39:55.308 [main] INFO  d.m.q.transfer.SimpleTransferEngine - SimpleTransferEngine initialized: maxConcurrent=5, maxRetries=3, retryDelay=1000ms
10:39:55.308 [main] INFO  d.m.q.a.s.TransferExecutionService - TransferExecutionService initialized (Vert.x reactive mode)
10:39:55.308 [main] WARN  d.m.q.a.s.ControllerWebClientFactory - INSECURE DEVELOPMENT MODE: agent-to-controller traffic is plaintext
10:39:55.308 [main] DEBUG d.m.q.a.service.JobPollingService - JobPollingService initialized with Vert.x WebClient (connectTimeout=5000ms, idleTimeout=10000ms)
10:39:55.308 [main] WARN  d.m.q.a.s.ControllerWebClientFactory - INSECURE DEVELOPMENT MODE: agent-to-controller traffic is plaintext
10:39:55.308 [main] DEBUG d.m.q.a.s.JobStatusReportingService - JobStatusReportingService initialized with Vert.x WebClient (connectTimeout=5000ms, idleTimeout=10000ms)
10:39:55.308 [main] INFO  d.m.q.a.observability.AgentMetrics - AgentMetrics initialized for agent: test-agent-001
10:39:55.308 [main] INFO  dev.mars.quorus.agent.QuorusAgent - Quorus Agent initialized: test-agent-001 (reactive mode with OpenTelemetry)
10:39:55.308 [main] INFO  dev.mars.quorus.agent.QuorusAgent - Foreign-assignment mismatch threshold configured to 3
10:39:55.312 [main] INFO  dev.mars.quorus.agent.QuorusAgent - Transfer completed successfully: job-success (1024 bytes in 2000ms)
10:39:55.314 [main] WARN  dev.mars.quorus.agent.QuorusAgent - Transfer failed: job-failed - simulated transfer failure
10:39:55.316 [main] ERROR dev.mars.quorus.agent.QuorusAgent - Transfer error: job-error: simulated error
10:39:55.317 [main] DEBUG dev.mars.quorus.agent.QuorusAgent - Stack trace for transfer error: jobId=job-error
java.lang.IllegalStateException: simulated error
	at dev.mars.quorus.agent.QuorusAgentTest.testTransferOutcomeReporting(QuorusAgentTest.java:476)
	at java.base/jdk.internal.reflect.DirectMethodHandleAccessor.invoke(DirectMethodHandleAccessor.java:104)
	at java.base/java.lang.reflect.Method.invoke(Method.java:583)
	at org.junit.platform.commons.util.ReflectionUtils.invokeMethod(ReflectionUtils.java:786)
	at org.junit.platform.commons.support.ReflectionSupport.invokeMethod(ReflectionSupport.java:514)
	at org.junit.jupiter.engine.execution.MethodInvocation.proceed(MethodInvocation.java:60)
	at org.junit.jupiter.engine.execution.InvocationInterceptorChain$ValidatingInvocation.proceed(InvocationInterceptorChain.java:131)
	at io.vertx.junit5.VertxExtension.interceptTestMethod(VertxExtension.java:142)
	at org.junit.jupiter.engine.execution.InterceptingExecutableInvoker$ReflectiveInterceptorCall.lambda$ofVoidMethod$0(InterceptingExecutableInvoker.java:112)
	at org.junit.jupiter.engine.execution.InterceptingExecutableInvoker.lambda$invoke$0(InterceptingExecutableInvoker.java:94)
	at org.junit.jupiter.engine.execution.InvocationInterceptorChain$InterceptedInvocation.proceed(InvocationInterceptorChain.java:106)
	at org.junit.jupiter.engine.extension.TimeoutExtension.intercept(TimeoutExtension.java:161)
	at org.junit.jupiter.engine.extension.TimeoutExtension.interceptTestableMethod(TimeoutExtension.java:152)
	at org.junit.jupiter.engine.extension.TimeoutExtension.interceptTestMethod(TimeoutExtension.java:91)
	at org.junit.jupiter.engine.execution.InterceptingExecutableInvoker$ReflectiveInterceptorCall.lambda$ofVoidMethod$0(InterceptingExecutableInvoker.java:112)
	at org.junit.jupiter.engine.execution.InterceptingExecutableInvoker.lambda$invoke$0(InterceptingExecutableInvoker.java:94)
	at org.junit.jupiter.engine.execution.InvocationInterceptorChain$InterceptedInvocation.proceed(InvocationInterceptorChain.java:106)
	at org.junit.jupiter.engine.execution.InvocationInterceptorChain.proceed(InvocationInterceptorChain.java:64)
	at org.junit.jupiter.engine.execution.InvocationInterceptorChain.chainAndInvoke(InvocationInterceptorChain.java:45)
	at org.junit.jupiter.engine.execution.InvocationInterceptorChain.invoke(InvocationInterceptorChain.java:37)
	at org.junit.jupiter.engine.execution.InterceptingExecutableInvoker.invoke(InterceptingExecutableInvoker.java:93)
	at org.junit.jupiter.engine.execution.InterceptingExecutableInvoker.invoke(InterceptingExecutableInvoker.java:87)
	at org.junit.jupiter.engine.descriptor.TestMethodTestDescriptor.lambda$invokeTestMethod$4(TestMethodTestDescriptor.java:221)
	at org.junit.platform.engine.support.hierarchical.ThrowableCollector.execute(ThrowableCollector.java:73)
	at org.junit.jupiter.engine.descriptor.TestMethodTestDescriptor.invokeTestMethod(TestMethodTestDescriptor.java:217)
	at org.junit.jupiter.engine.descriptor.TestMethodTestDescriptor.execute(TestMethodTestDescriptor.java:159)
	at org.junit.jupiter.engine.descriptor.TestMethodTestDescriptor.execute(TestMethodTestDescriptor.java:70)
	at org.junit.platform.engine.support.hierarchical.NodeTestTask.lambda$executeRecursively$6(NodeTestTask.java:157)
	at org.junit.platform.engine.support.hierarchical.ThrowableCollector.execute(ThrowableCollector.java:73)
	at org.junit.platform.engine.support.hierarchical.NodeTestTask.lambda$executeRecursively$8(NodeTestTask.java:147)
	at org.junit.platform.engine.support.hierarchical.Node.around(Node.java:137)
	at org.junit.platform.engine.support.hierarchical.NodeTestTask.lambda$executeRecursively$9(NodeTestTask.java:145)
	at org.junit.platform.engine.support.hierarchical.ThrowableCollector.execute(ThrowableCollector.java:73)
	at org.junit.platform.engine.support.hierarchical.NodeTestTask.executeRecursively(NodeTestTask.java:144)
	at org.junit.platform.engine.support.hierarchical.NodeTestTask.execute(NodeTestTask.java:101)
	at java.base/java.util.ArrayList.forEach(ArrayList.java:1612)
	at org.junit.platform.engine.support.hierarchical.SameThreadHierarchicalTestExecutorService.invokeAll(SameThreadHierarchicalTestExecutorService.java:41)
	at org.junit.platform.engine.support.hierarchical.NodeTestTask.lambda$executeRecursively$6(NodeTestTask.java:161)
	at org.junit.platform.engine.support.hierarchical.ThrowableCollector.execute(ThrowableCollector.java:73)
	at org.junit.platform.engine.support.hierarchical.NodeTestTask.lambda$executeRecursively$8(NodeTestTask.java:147)
	at org.junit.platform.engine.support.hierarchical.Node.around(Node.java:137)
	at org.junit.platform.engine.support.hierarchical.NodeTestTask.lambda$executeRecursively$9(NodeTestTask.java:145)
	at org.junit.platform.engine.support.hierarchical.ThrowableCollector.execute(ThrowableCollector.java:73)
	at org.junit.platform.engine.support.hierarchical.NodeTestTask.executeRecursively(NodeTestTask.java:144)
	at org.junit.platform.engine.support.hierarchical.NodeTestTask.execute(NodeTestTask.java:101)
	at java.base/java.util.ArrayList.forEach(ArrayList.java:1612)
	at org.junit.platform.engine.support.hierarchical.SameThreadHierarchicalTestExecutorService.invokeAll(SameThreadHierarchicalTestExecutorService.java:41)
	at org.junit.platform.engine.support.hierarchical.NodeTestTask.lambda$executeRecursively$6(NodeTestTask.java:161)
	at org.junit.platform.engine.support.hierarchical.ThrowableCollector.execute(ThrowableCollector.java:73)
	at org.junit.platform.engine.support.hierarchical.NodeTestTask.lambda$executeRecursively$8(NodeTestTask.java:147)
	at org.junit.platform.engine.support.hierarchical.Node.around(Node.java:137)
	at org.junit.platform.engine.support.hierarchical.NodeTestTask.lambda$executeRecursively$9(NodeTestTask.java:145)
	at org.junit.platform.engine.support.hierarchical.ThrowableCollector.execute(ThrowableCollector.java:73)
	at org.junit.platform.engine.support.hierarchical.NodeTestTask.executeRecursively(NodeTestTask.java:144)
	at org.junit.platform.engine.support.hierarchical.NodeTestTask.execute(NodeTestTask.java:101)
	at org.junit.platform.engine.support.hierarchical.SameThreadHierarchicalTestExecutorService.submit(SameThreadHierarchicalTestExecutorService.java:35)
	at org.junit.platform.engine.support.hierarchical.HierarchicalTestExecutor.execute(HierarchicalTestExecutor.java:57)
	at org.junit.platform.engine.support.hierarchical.HierarchicalTestEngine.execute(HierarchicalTestEngine.java:54)
	at org.junit.platform.launcher.core.EngineExecutionOrchestrator.executeEngine(EngineExecutionOrchestrator.java:230)
	at org.junit.platform.launcher.core.EngineExecutionOrchestrator.failOrExecuteEngine(EngineExecutionOrchestrator.java:204)
	at org.junit.platform.launcher.core.EngineExecutionOrchestrator.execute(EngineExecutionOrchestrator.java:172)
	at org.junit.platform.launcher.core.EngineExecutionOrchestrator.execute(EngineExecutionOrchestrator.java:101)
	at org.junit.platform.launcher.core.EngineExecutionOrchestrator.lambda$execute$0(EngineExecutionOrchestrator.java:64)
	at org.junit.platform.launcher.core.EngineExecutionOrchestrator.withInterceptedStreams(EngineExecutionOrchestrator.java:150)
	at org.junit.platform.launcher.core.EngineExecutionOrchestrator.execute(EngineExecutionOrchestrator.java:63)
	at org.junit.platform.launcher.core.DefaultLauncher.execute(DefaultLauncher.java:109)
	at org.junit.platform.launcher.core.DefaultLauncher.execute(DefaultLauncher.java:91)
	at org.junit.platform.launcher.core.DelegatingLauncher.execute(DelegatingLauncher.java:47)
	at org.junit.platform.launcher.core.InterceptingLauncher.lambda$execute$1(InterceptingLauncher.java:39)
	at org.junit.platform.launcher.core.ClasspathAlignmentCheckingLauncherInterceptor.intercept(ClasspathAlignmentCheckingLauncherInterceptor.java:25)
	at org.junit.platform.launcher.core.InterceptingLauncher.execute(InterceptingLauncher.java:38)
	at org.junit.platform.launcher.core.DelegatingLauncher.execute(DelegatingLauncher.java:47)
	at org.apache.maven.surefire.junitplatform.LazyLauncher.execute(LazyLauncher.java:56)
	at org.apache.maven.surefire.junitplatform.JUnitPlatformProvider.execute(JUnitPlatformProvider.java:184)
	at org.apache.maven.surefire.junitplatform.JUnitPlatformProvider.invokeAllTests(JUnitPlatformProvider.java:148)
	at org.apache.maven.surefire.junitplatform.JUnitPlatformProvider.invoke(JUnitPlatformProvider.java:122)
	at org.apache.maven.surefire.booter.ForkedBooter.runSuitesInProcess(ForkedBooter.java:385)
	at org.apache.maven.surefire.booter.ForkedBooter.execute(ForkedBooter.java:162)
	at org.apache.maven.surefire.booter.ForkedBooter.run(ForkedBooter.java:507)
	at org.apache.maven.surefire.booter.ForkedBooter.main(ForkedBooter.java:495)
10:39:55.319 [vert.x-eventloop-thread-0] DEBUG d.m.q.a.s.JobStatusReportingService - Job status reported: job-success -> COMPLETED
10:39:55.324 [vert.x-eventloop-thread-0] DEBUG d.m.q.a.s.JobStatusReportingService - Job status reported: job-failed -> FAILED
10:39:55.324 [vert.x-eventloop-thread-0] DEBUG d.m.q.a.s.JobStatusReportingService - Job status reported: job-error -> FAILED
10:39:55.332 [main] INFO  dev.mars.quorus.agent.QuorusAgent - Creating QuorusAgent with Vert.x instance: 1679741732 (using Vert.x timers, no ScheduledExecutorService)
10:39:55.332 [main] WARN  d.m.q.a.s.ControllerWebClientFactory - INSECURE DEVELOPMENT MODE: agent-to-controller traffic is plaintext
10:39:55.333 [main] DEBUG d.m.q.a.s.AgentRegistrationService - AgentRegistrationService initialized with Vert.x WebClient (connectTimeout=5000ms, idleTimeout=10000ms)
10:39:55.333 [main] WARN  d.m.q.a.s.ControllerWebClientFactory - INSECURE DEVELOPMENT MODE: agent-to-controller traffic is plaintext
10:39:55.333 [main] DEBUG d.m.q.agent.service.HeartbeatService - HeartbeatService initialized with Vert.x WebClient (connectTimeout=5000ms, idleTimeout=10000ms)
10:39:55.333 [main] DEBUG d.m.quorus.protocol.ProtocolFactory - Initializing ProtocolFactory
10:39:55.333 [main] DEBUG d.m.quorus.protocol.ProtocolFactory - Registering default transfer protocols
10:39:55.333 [main] DEBUG d.m.quorus.protocol.ProtocolFactory - Creating HttpTransferProtocol instance
10:39:55.333 [main] INFO  d.m.q.protocol.HttpTransferProtocol - HttpTransferProtocol initialized: connectTimeout=30 SECONDS, socketTimeout=60 SECONDS, maxFileSize=10737418240 bytes
10:39:55.333 [main] INFO  d.m.quorus.protocol.ProtocolFactory - Registered protocol: http
10:39:55.333 [main] DEBUG d.m.quorus.protocol.ProtocolFactory - Protocol details: name=http, class=HttpTransferProtocol, supportsResume=false, supportsPause=true
10:39:55.333 [main] INFO  d.m.quorus.protocol.ProtocolFactory - Registered protocol alias: https -> http
10:39:55.333 [main] DEBUG d.m.quorus.protocol.ProtocolFactory - Creating SmbTransferProtocol instance
10:39:55.333 [main] INFO  d.m.quorus.protocol.ProtocolFactory - Registered protocol: smb
10:39:55.333 [main] DEBUG d.m.quorus.protocol.ProtocolFactory - Protocol details: name=smb, class=SmbTransferProtocol, supportsResume=false, supportsPause=false
10:39:55.333 [main] INFO  d.m.quorus.protocol.ProtocolFactory - Registered protocol alias: cifs -> smb
10:39:55.333 [main] DEBUG d.m.quorus.protocol.ProtocolFactory - Creating FtpTransferProtocol instance
10:39:55.333 [main] INFO  d.m.quorus.protocol.ProtocolFactory - Registered protocol: ftp
10:39:55.333 [main] DEBUG d.m.quorus.protocol.ProtocolFactory - Protocol details: name=ftp, class=FtpTransferProtocol, supportsResume=false, supportsPause=false
10:39:55.333 [main] INFO  d.m.quorus.protocol.ProtocolFactory - Registered protocol alias: ftps -> ftp
10:39:55.333 [main] DEBUG d.m.quorus.protocol.ProtocolFactory - Creating SftpTransferProtocol instance
10:39:55.333 [main] INFO  d.m.quorus.protocol.ProtocolFactory - Registered protocol: sftp
10:39:55.333 [main] DEBUG d.m.quorus.protocol.ProtocolFactory - Protocol details: name=sftp, class=SftpTransferProtocol, supportsResume=false, supportsPause=false
10:39:55.333 [main] DEBUG d.m.quorus.protocol.ProtocolFactory - Creating NfsTransferProtocol instance
10:39:55.333 [main] DEBUG d.m.q.protocol.NfsTransferProtocol - NfsTransferProtocol initialized with mountRoot=C:\nfs
10:39:55.333 [main] INFO  d.m.quorus.protocol.ProtocolFactory - Registered protocol: nfs
10:39:55.333 [main] DEBUG d.m.quorus.protocol.ProtocolFactory - Protocol details: name=nfs, class=NfsTransferProtocol, supportsResume=false, supportsPause=false
10:39:55.333 [main] INFO  d.m.quorus.protocol.ProtocolFactory - Registered default transfer protocols: count=8, schemes=ftps, ftp, http, smb, sftp, nfs, https, cifs
10:39:55.333 [main] INFO  d.m.q.transfer.SimpleTransferEngine - SimpleTransferEngine initialized: maxConcurrent=5, maxRetries=3, retryDelay=1000ms
10:39:55.333 [main] INFO  d.m.q.a.s.TransferExecutionService - TransferExecutionService initialized (Vert.x reactive mode)
10:39:55.333 [main] WARN  d.m.q.a.s.ControllerWebClientFactory - INSECURE DEVELOPMENT MODE: agent-to-controller traffic is plaintext
10:39:55.333 [main] DEBUG d.m.q.a.service.JobPollingService - JobPollingService initialized with Vert.x WebClient (connectTimeout=5000ms, idleTimeout=10000ms)
10:39:55.334 [main] WARN  d.m.q.a.s.ControllerWebClientFactory - INSECURE DEVELOPMENT MODE: agent-to-controller traffic is plaintext
10:39:55.334 [main] DEBUG d.m.q.a.s.JobStatusReportingService - JobStatusReportingService initialized with Vert.x WebClient (connectTimeout=5000ms, idleTimeout=10000ms)
10:39:55.334 [main] INFO  d.m.q.a.observability.AgentMetrics - AgentMetrics initialized for agent: test-agent-001
10:39:55.334 [main] INFO  dev.mars.quorus.agent.QuorusAgent - Quorus Agent initialized: test-agent-001 (reactive mode with OpenTelemetry)
10:39:55.334 [main] INFO  dev.mars.quorus.agent.QuorusAgent - Foreign-assignment mismatch threshold configured to 3
10:39:55.334 [main] INFO  dev.mars.quorus.agent.QuorusAgent - Starting Quorus Agent services (Vert.x reactive mode)...
10:39:55.335 [main] INFO  d.m.q.a.s.AgentRegistrationService - Registering agent test-agent-001 with controller at http://localhost:57583/api/v1
10:39:55.335 [vert.x-eventloop-thread-0] INFO  d.m.q.agent.service.HealthService - Health service started on port 9090
10:39:55.339 [vert.x-eventloop-thread-0] INFO  d.m.q.a.s.AgentRegistrationService - Agent test-agent-001 registered successfully
10:39:55.339 [vert.x-eventloop-thread-0] INFO  dev.mars.quorus.agent.QuorusAgent - Agent registered successfully with controller
10:39:55.339 [vert.x-eventloop-thread-0] INFO  dev.mars.quorus.agent.QuorusAgent - Heartbeat service started (interval: 30000ms) [Vert.x timer ID: 33]
10:39:55.339 [vert.x-eventloop-thread-0] INFO  d.m.q.a.s.TransferExecutionService - Transfer execution service started with 5 max concurrent transfers
10:39:55.339 [vert.x-eventloop-thread-0] INFO  dev.mars.quorus.agent.QuorusAgent - Transfer execution service started
10:39:55.339 [vert.x-eventloop-thread-0] INFO  dev.mars.quorus.agent.QuorusAgent - Quorus Agent started successfully (reactive mode, 0 extra threads)
10:39:55.348 [main] INFO  dev.mars.quorus.agent.QuorusAgent - Shutting down Quorus Agent (reactive mode)...
10:39:55.348 [main] INFO  dev.mars.quorus.agent.QuorusAgent - Heartbeat timer cancelled: true [ID: 33]
10:39:55.348 [main] INFO  d.m.q.a.s.TransferExecutionService - Shutting down transfer execution service...
10:39:55.348 [main] DEBUG d.m.q.agent.service.HeartbeatService - Shutting down HeartbeatService WebClient
10:39:55.349 [main] DEBUG d.m.q.a.service.JobPollingService - Shutting down JobPollingService WebClient
10:39:55.349 [main] DEBUG d.m.q.a.s.JobStatusReportingService - Shutting down JobStatusReportingService WebClient
10:39:55.349 [vert.x-worker-thread-1] INFO  d.m.q.transfer.SimpleTransferEngine - Shutting down transfer engine; cancelling 0 running transfer(s)
10:39:55.349 [vert.x-worker-thread-1] INFO  d.m.q.transfer.SimpleTransferEngine - Transfer engine shutdown completed
10:39:55.349 [vert.x-eventloop-thread-0] INFO  d.m.q.a.s.TransferExecutionService - Transfer execution service shutdown complete
10:39:55.349 [vert.x-eventloop-thread-0] INFO  d.m.q.agent.service.HealthService - Health service stopped
10:39:55.349 [vert.x-eventloop-thread-0] INFO  d.m.q.a.s.AgentRegistrationService - Deregistering agent test-agent-001 from controller
10:39:55.352 [vert.x-eventloop-thread-0] INFO  d.m.q.a.s.AgentRegistrationService - Agent test-agent-001 deregistered successfully
10:39:55.352 [vert.x-eventloop-thread-0] INFO  dev.mars.quorus.agent.QuorusAgent - Agent deregistered from controller
10:39:55.352 [vert.x-eventloop-thread-0] INFO  dev.mars.quorus.agent.QuorusAgent - Quorus Agent shutdown complete (0 threads to cleanup)
10:39:55.354 [main] INFO  dev.mars.quorus.agent.QuorusAgent - Creating QuorusAgent with Vert.x instance: 1679741732 (using Vert.x timers, no ScheduledExecutorService)
10:39:55.354 [main] WARN  d.m.q.a.s.ControllerWebClientFactory - INSECURE DEVELOPMENT MODE: agent-to-controller traffic is plaintext
10:39:55.355 [main] DEBUG d.m.q.a.s.AgentRegistrationService - AgentRegistrationService initialized with Vert.x WebClient (connectTimeout=5000ms, idleTimeout=10000ms)
10:39:55.355 [main] WARN  d.m.q.a.s.ControllerWebClientFactory - INSECURE DEVELOPMENT MODE: agent-to-controller traffic is plaintext
10:39:55.355 [main] DEBUG d.m.q.agent.service.HeartbeatService - HeartbeatService initialized with Vert.x WebClient (connectTimeout=5000ms, idleTimeout=10000ms)
10:39:55.355 [main] DEBUG d.m.quorus.protocol.ProtocolFactory - Initializing ProtocolFactory
10:39:55.355 [main] DEBUG d.m.quorus.protocol.ProtocolFactory - Registering default transfer protocols
10:39:55.355 [main] DEBUG d.m.quorus.protocol.ProtocolFactory - Creating HttpTransferProtocol instance
10:39:55.355 [main] INFO  d.m.q.protocol.HttpTransferProtocol - HttpTransferProtocol initialized: connectTimeout=30 SECONDS, socketTimeout=60 SECONDS, maxFileSize=10737418240 bytes
10:39:55.355 [main] INFO  d.m.quorus.protocol.ProtocolFactory - Registered protocol: http
10:39:55.355 [main] DEBUG d.m.quorus.protocol.ProtocolFactory - Protocol details: name=http, class=HttpTransferProtocol, supportsResume=false, supportsPause=true
10:39:55.356 [main] INFO  d.m.quorus.protocol.ProtocolFactory - Registered protocol alias: https -> http
10:39:55.356 [main] DEBUG d.m.quorus.protocol.ProtocolFactory - Creating SmbTransferProtocol instance
10:39:55.356 [main] INFO  d.m.quorus.protocol.ProtocolFactory - Registered protocol: smb
10:39:55.356 [main] DEBUG d.m.quorus.protocol.ProtocolFactory - Protocol details: name=smb, class=SmbTransferProtocol, supportsResume=false, supportsPause=false
10:39:55.356 [main] INFO  d.m.quorus.protocol.ProtocolFactory - Registered protocol alias: cifs -> smb
10:39:55.356 [main] DEBUG d.m.quorus.protocol.ProtocolFactory - Creating FtpTransferProtocol instance
10:39:55.356 [main] INFO  d.m.quorus.protocol.ProtocolFactory - Registered protocol: ftp
10:39:55.356 [main] DEBUG d.m.quorus.protocol.ProtocolFactory - Protocol details: name=ftp, class=FtpTransferProtocol, supportsResume=false, supportsPause=false
10:39:55.356 [main] INFO  d.m.quorus.protocol.ProtocolFactory - Registered protocol alias: ftps -> ftp
10:39:55.356 [main] DEBUG d.m.quorus.protocol.ProtocolFactory - Creating SftpTransferProtocol instance
10:39:55.356 [main] INFO  d.m.quorus.protocol.ProtocolFactory - Registered protocol: sftp
10:39:55.356 [main] DEBUG d.m.quorus.protocol.ProtocolFactory - Protocol details: name=sftp, class=SftpTransferProtocol, supportsResume=false, supportsPause=false
10:39:55.356 [main] DEBUG d.m.quorus.protocol.ProtocolFactory - Creating NfsTransferProtocol instance
10:39:55.356 [main] DEBUG d.m.q.protocol.NfsTransferProtocol - NfsTransferProtocol initialized with mountRoot=C:\nfs
10:39:55.356 [main] INFO  d.m.quorus.protocol.ProtocolFactory - Registered protocol: nfs
10:39:55.356 [main] DEBUG d.m.quorus.protocol.ProtocolFactory - Protocol details: name=nfs, class=NfsTransferProtocol, supportsResume=false, supportsPause=false
10:39:55.356 [main] INFO  d.m.quorus.protocol.ProtocolFactory - Registered default transfer protocols: count=8, schemes=ftps, ftp, http, smb, sftp, nfs, https, cifs
10:39:55.356 [main] INFO  d.m.q.transfer.SimpleTransferEngine - SimpleTransferEngine initialized: maxConcurrent=5, maxRetries=3, retryDelay=1000ms
10:39:55.356 [main] INFO  d.m.q.a.s.TransferExecutionService - TransferExecutionService initialized (Vert.x reactive mode)
10:39:55.356 [main] WARN  d.m.q.a.s.ControllerWebClientFactory - INSECURE DEVELOPMENT MODE: agent-to-controller traffic is plaintext
10:39:55.357 [main] DEBUG d.m.q.a.service.JobPollingService - JobPollingService initialized with Vert.x WebClient (connectTimeout=5000ms, idleTimeout=10000ms)
10:39:55.357 [main] WARN  d.m.q.a.s.ControllerWebClientFactory - INSECURE DEVELOPMENT MODE: agent-to-controller traffic is plaintext
10:39:55.357 [main] DEBUG d.m.q.a.s.JobStatusReportingService - JobStatusReportingService initialized with Vert.x WebClient (connectTimeout=5000ms, idleTimeout=10000ms)
10:39:55.357 [main] INFO  d.m.q.a.observability.AgentMetrics - AgentMetrics initialized for agent: test-agent-001
10:39:55.357 [main] INFO  dev.mars.quorus.agent.QuorusAgent - Quorus Agent initialized: test-agent-001 (reactive mode with OpenTelemetry)
10:39:55.357 [main] INFO  dev.mars.quorus.agent.QuorusAgent - Foreign-assignment mismatch threshold configured to 3
10:39:55.409 [main] INFO  dev.mars.quorus.agent.QuorusAgent - Creating QuorusAgent with Vert.x instance: 300430509 (using Vert.x timers, no ScheduledExecutorService)
10:39:55.409 [main] WARN  d.m.q.a.s.ControllerWebClientFactory - INSECURE DEVELOPMENT MODE: agent-to-controller traffic is plaintext
10:39:55.410 [main] DEBUG d.m.q.a.s.AgentRegistrationService - AgentRegistrationService initialized with Vert.x WebClient (connectTimeout=5000ms, idleTimeout=10000ms)
10:39:55.410 [main] WARN  d.m.q.a.s.ControllerWebClientFactory - INSECURE DEVELOPMENT MODE: agent-to-controller traffic is plaintext
10:39:55.411 [main] DEBUG d.m.q.agent.service.HeartbeatService - HeartbeatService initialized with Vert.x WebClient (connectTimeout=5000ms, idleTimeout=10000ms)
10:39:55.411 [main] DEBUG d.m.quorus.protocol.ProtocolFactory - Initializing ProtocolFactory
10:39:55.411 [main] DEBUG d.m.quorus.protocol.ProtocolFactory - Registering default transfer protocols
10:39:55.411 [main] DEBUG d.m.quorus.protocol.ProtocolFactory - Creating HttpTransferProtocol instance
10:39:55.411 [main] INFO  d.m.q.protocol.HttpTransferProtocol - HttpTransferProtocol initialized: connectTimeout=30 SECONDS, socketTimeout=60 SECONDS, maxFileSize=10737418240 bytes
10:39:55.411 [main] INFO  d.m.quorus.protocol.ProtocolFactory - Registered protocol: http
10:39:55.411 [main] DEBUG d.m.quorus.protocol.ProtocolFactory - Protocol details: name=http, class=HttpTransferProtocol, supportsResume=false, supportsPause=true
10:39:55.411 [main] INFO  d.m.quorus.protocol.ProtocolFactory - Registered protocol alias: https -> http
10:39:55.411 [main] DEBUG d.m.quorus.protocol.ProtocolFactory - Creating SmbTransferProtocol instance
10:39:55.411 [main] INFO  d.m.quorus.protocol.ProtocolFactory - Registered protocol: smb
10:39:55.411 [main] DEBUG d.m.quorus.protocol.ProtocolFactory - Protocol details: name=smb, class=SmbTransferProtocol, supportsResume=false, supportsPause=false
10:39:55.411 [main] INFO  d.m.quorus.protocol.ProtocolFactory - Registered protocol alias: cifs -> smb
10:39:55.411 [main] DEBUG d.m.quorus.protocol.ProtocolFactory - Creating FtpTransferProtocol instance
10:39:55.411 [main] INFO  d.m.quorus.protocol.ProtocolFactory - Registered protocol: ftp
10:39:55.411 [main] DEBUG d.m.quorus.protocol.ProtocolFactory - Protocol details: name=ftp, class=FtpTransferProtocol, supportsResume=false, supportsPause=false
10:39:55.411 [main] INFO  d.m.quorus.protocol.ProtocolFactory - Registered protocol alias: ftps -> ftp
10:39:55.411 [main] DEBUG d.m.quorus.protocol.ProtocolFactory - Creating SftpTransferProtocol instance
10:39:55.411 [main] INFO  d.m.quorus.protocol.ProtocolFactory - Registered protocol: sftp
10:39:55.411 [main] DEBUG d.m.quorus.protocol.ProtocolFactory - Protocol details: name=sftp, class=SftpTransferProtocol, supportsResume=false, supportsPause=false
10:39:55.411 [main] DEBUG d.m.quorus.protocol.ProtocolFactory - Creating NfsTransferProtocol instance
10:39:55.411 [main] DEBUG d.m.q.protocol.NfsTransferProtocol - NfsTransferProtocol initialized with mountRoot=C:\nfs
10:39:55.411 [main] INFO  d.m.quorus.protocol.ProtocolFactory - Registered protocol: nfs
10:39:55.411 [main] DEBUG d.m.quorus.protocol.ProtocolFactory - Protocol details: name=nfs, class=NfsTransferProtocol, supportsResume=false, supportsPause=false
10:39:55.411 [main] INFO  d.m.quorus.protocol.ProtocolFactory - Registered default transfer protocols: count=8, schemes=ftps, ftp, http, smb, sftp, nfs, https, cifs
10:39:55.411 [main] INFO  d.m.q.transfer.SimpleTransferEngine - SimpleTransferEngine initialized: maxConcurrent=5, maxRetries=3, retryDelay=1000ms
10:39:55.411 [main] INFO  d.m.q.a.s.TransferExecutionService - TransferExecutionService initialized (Vert.x reactive mode)
10:39:55.411 [main] WARN  d.m.q.a.s.ControllerWebClientFactory - INSECURE DEVELOPMENT MODE: agent-to-controller traffic is plaintext
10:39:55.411 [main] DEBUG d.m.q.a.service.JobPollingService - JobPollingService initialized with Vert.x WebClient (connectTimeout=5000ms, idleTimeout=10000ms)
10:39:55.411 [main] WARN  d.m.q.a.s.ControllerWebClientFactory - INSECURE DEVELOPMENT MODE: agent-to-controller traffic is plaintext
10:39:55.413 [main] DEBUG d.m.q.a.s.JobStatusReportingService - JobStatusReportingService initialized with Vert.x WebClient (connectTimeout=5000ms, idleTimeout=10000ms)
10:39:55.413 [main] INFO  d.m.q.a.observability.AgentMetrics - AgentMetrics initialized for agent: test-agent-001
10:39:55.413 [main] INFO  dev.mars.quorus.agent.QuorusAgent - Quorus Agent initialized: test-agent-001 (reactive mode with OpenTelemetry)
10:39:55.413 [main] INFO  dev.mars.quorus.agent.QuorusAgent - Foreign-assignment mismatch threshold configured to 3
10:39:55.413 [main] WARN  dev.mars.quorus.agent.QuorusAgent - Using deprecated constructor - consider passing shared Vert.x instance
10:39:55.413 [main] INFO  dev.mars.quorus.agent.QuorusAgent - Agent not running, performing cleanup only
10:39:55.413 [main] INFO  dev.mars.quorus.agent.QuorusAgent - Closing internally managed Vert.x instance for QuorusAgent
10:39:55.422 [vert.x-eventloop-thread-45] INFO  dev.mars.quorus.agent.QuorusAgent - Internally managed Vert.x instance closed for QuorusAgent
10:39:55.424 [main] INFO  dev.mars.quorus.agent.QuorusAgent - Creating QuorusAgent with Vert.x instance: 1679741732 (using Vert.x timers, no ScheduledExecutorService)
10:39:55.424 [main] WARN  d.m.q.a.s.ControllerWebClientFactory - INSECURE DEVELOPMENT MODE: agent-to-controller traffic is plaintext
10:39:55.424 [main] DEBUG d.m.q.a.s.AgentRegistrationService - AgentRegistrationService initialized with Vert.x WebClient (connectTimeout=5000ms, idleTimeout=10000ms)
10:39:55.424 [main] WARN  d.m.q.a.s.ControllerWebClientFactory - INSECURE DEVELOPMENT MODE: agent-to-controller traffic is plaintext
10:39:55.425 [main] DEBUG d.m.q.agent.service.HeartbeatService - HeartbeatService initialized with Vert.x WebClient (connectTimeout=5000ms, idleTimeout=10000ms)
10:39:55.425 [main] DEBUG d.m.quorus.protocol.ProtocolFactory - Initializing ProtocolFactory
10:39:55.425 [main] DEBUG d.m.quorus.protocol.ProtocolFactory - Registering default transfer protocols
10:39:55.425 [main] DEBUG d.m.quorus.protocol.ProtocolFactory - Creating HttpTransferProtocol instance
10:39:55.425 [main] INFO  d.m.q.protocol.HttpTransferProtocol - HttpTransferProtocol initialized: connectTimeout=30 SECONDS, socketTimeout=60 SECONDS, maxFileSize=10737418240 bytes
10:39:55.425 [main] INFO  d.m.quorus.protocol.ProtocolFactory - Registered protocol: http
10:39:55.425 [main] DEBUG d.m.quorus.protocol.ProtocolFactory - Protocol details: name=http, class=HttpTransferProtocol, supportsResume=false, supportsPause=true
10:39:55.425 [main] INFO  d.m.quorus.protocol.ProtocolFactory - Registered protocol alias: https -> http
10:39:55.425 [main] DEBUG d.m.quorus.protocol.ProtocolFactory - Creating SmbTransferProtocol instance
10:39:55.425 [main] INFO  d.m.quorus.protocol.ProtocolFactory - Registered protocol: smb
10:39:55.425 [main] DEBUG d.m.quorus.protocol.ProtocolFactory - Protocol details: name=smb, class=SmbTransferProtocol, supportsResume=false, supportsPause=false
10:39:55.425 [main] INFO  d.m.quorus.protocol.ProtocolFactory - Registered protocol alias: cifs -> smb
10:39:55.425 [main] DEBUG d.m.quorus.protocol.ProtocolFactory - Creating FtpTransferProtocol instance
10:39:55.425 [main] INFO  d.m.quorus.protocol.ProtocolFactory - Registered protocol: ftp
10:39:55.425 [main] DEBUG d.m.quorus.protocol.ProtocolFactory - Protocol details: name=ftp, class=FtpTransferProtocol, supportsResume=false, supportsPause=false
10:39:55.425 [main] INFO  d.m.quorus.protocol.ProtocolFactory - Registered protocol alias: ftps -> ftp
10:39:55.425 [main] DEBUG d.m.quorus.protocol.ProtocolFactory - Creating SftpTransferProtocol instance
10:39:55.425 [main] INFO  d.m.quorus.protocol.ProtocolFactory - Registered protocol: sftp
10:39:55.425 [main] DEBUG d.m.quorus.protocol.ProtocolFactory - Protocol details: name=sftp, class=SftpTransferProtocol, supportsResume=false, supportsPause=false
10:39:55.425 [main] DEBUG d.m.quorus.protocol.ProtocolFactory - Creating NfsTransferProtocol instance
10:39:55.425 [main] DEBUG d.m.q.protocol.NfsTransferProtocol - NfsTransferProtocol initialized with mountRoot=C:\nfs
10:39:55.425 [main] INFO  d.m.quorus.protocol.ProtocolFactory - Registered protocol: nfs
10:39:55.425 [main] DEBUG d.m.quorus.protocol.ProtocolFactory - Protocol details: name=nfs, class=NfsTransferProtocol, supportsResume=false, supportsPause=false
10:39:55.425 [main] INFO  d.m.quorus.protocol.ProtocolFactory - Registered default transfer protocols: count=8, schemes=ftps, ftp, http, smb, sftp, nfs, https, cifs
10:39:55.425 [main] INFO  d.m.q.transfer.SimpleTransferEngine - SimpleTransferEngine initialized: maxConcurrent=5, maxRetries=3, retryDelay=1000ms
10:39:55.425 [main] INFO  d.m.q.a.s.TransferExecutionService - TransferExecutionService initialized (Vert.x reactive mode)
10:39:55.425 [main] WARN  d.m.q.a.s.ControllerWebClientFactory - INSECURE DEVELOPMENT MODE: agent-to-controller traffic is plaintext
10:39:55.426 [main] DEBUG d.m.q.a.service.JobPollingService - JobPollingService initialized with Vert.x WebClient (connectTimeout=5000ms, idleTimeout=10000ms)
10:39:55.426 [main] WARN  d.m.q.a.s.ControllerWebClientFactory - INSECURE DEVELOPMENT MODE: agent-to-controller traffic is plaintext
10:39:55.426 [main] DEBUG d.m.q.a.s.JobStatusReportingService - JobStatusReportingService initialized with Vert.x WebClient (connectTimeout=5000ms, idleTimeout=10000ms)
10:39:55.426 [main] INFO  d.m.q.a.observability.AgentMetrics - AgentMetrics initialized for agent: test-agent-001
10:39:55.426 [main] INFO  dev.mars.quorus.agent.QuorusAgent - Quorus Agent initialized: test-agent-001 (reactive mode with OpenTelemetry)
10:39:55.426 [main] INFO  dev.mars.quorus.agent.QuorusAgent - Foreign-assignment mismatch threshold configured to 3
10:39:55.429 [main] INFO  dev.mars.quorus.agent.QuorusAgent - Starting Quorus Agent services (Vert.x reactive mode)...
10:39:55.429 [main] INFO  d.m.q.a.s.AgentRegistrationService - Registering agent test-agent-001 with controller at http://localhost:57583/api/v1
10:39:55.429 [vert.x-eventloop-thread-0] INFO  d.m.q.agent.service.HealthService - Health service started on port 9090
10:39:55.430 [main] INFO  dev.mars.quorus.agent.QuorusAgent - Processing job: job-lifecycle (phase 0 lifecycle)
10:39:55.436 [vert.x-eventloop-thread-0] INFO  d.m.q.a.s.AgentRegistrationService - Agent test-agent-001 registered successfully
10:39:55.436 [vert.x-eventloop-thread-0] INFO  dev.mars.quorus.agent.QuorusAgent - Agent registered successfully with controller
10:39:55.436 [vert.x-eventloop-thread-0] INFO  dev.mars.quorus.agent.QuorusAgent - Heartbeat service started (interval: 30000ms) [Vert.x timer ID: 46]
10:39:55.436 [vert.x-eventloop-thread-0] INFO  d.m.q.a.s.TransferExecutionService - Transfer execution service started with 5 max concurrent transfers
10:39:55.436 [vert.x-eventloop-thread-0] INFO  dev.mars.quorus.agent.QuorusAgent - Transfer execution service started
10:39:55.436 [vert.x-eventloop-thread-0] INFO  dev.mars.quorus.agent.QuorusAgent - Quorus Agent started successfully (reactive mode, 0 extra threads)
10:39:55.437 [vert.x-eventloop-thread-0] DEBUG d.m.q.a.s.JobStatusReportingService - Job status reported: job-lifecycle -> ACCEPTED
10:39:55.444 [vert.x-eventloop-thread-0] DEBUG d.m.q.a.s.JobStatusReportingService - Job status reported: job-lifecycle -> IN_PROGRESS
10:39:55.444 [vert.x-eventloop-thread-0] INFO  d.m.q.a.s.TransferExecutionService - Executing transfer: http://localhost:57583/files/lifecycle-test.txt -> file:///C:/Users/mraysmit/AppData/Local/Temp/quorus-phase-0-5223427254189782947.txt
10:39:55.445 [vert.x-worker-thread-2] DEBUG d.m.quorus.protocol.ProtocolFactory - isProtocolSupported: protocol=http, supported=true
10:39:55.445 [vert.x-worker-thread-2] DEBUG d.m.quorus.protocol.ProtocolFactory - Protocol found: name=http, implementation=HttpTransferProtocol
10:39:55.447 [vert.x-worker-thread-2] INFO  d.m.q.transfer.SimpleTransferEngine - Transfer started: job-lifecycle
10:39:55.449 [vert.x-worker-thread-2] DEBUG d.m.q.transfer.SimpleTransferEngine - Executing DOWNLOAD (Remote -> Local) transfer job-lifecycle: protocol=http, source=http://localhost:57583/files/lifecycle-test.txt, destination=file:///C:/Users/mraysmit/AppData/Local/Temp/quorus-phase-0-5223427254189782947.txt
10:39:55.450 [vert.x-worker-thread-2] DEBUG d.m.quorus.protocol.ProtocolFactory - Protocol found: name=http, implementation=HttpTransferProtocol
10:39:55.451 [vert.x-worker-thread-2] INFO  d.m.q.protocol.HttpTransferProtocol - Starting HTTP download from http://localhost:57583/files/lifecycle-test.txt
10:39:55.579 [vert.x-worker-thread-2] INFO  d.m.q.protocol.HttpTransferProtocol - HTTP download completed: jobId=job-lifecycle, bytesTransferred=17, checksum=c54ce10dd0f2cdb0c1eac2d38560277db6c963458dbbb822aaa564b69ebf2985
10:39:55.580 [vert.x-worker-thread-2] INFO  d.m.q.transfer.SimpleTransferEngine - DOWNLOAD (Remote -> Local) transfer completed: job-lifecycle (17 bytes in 130 ms)
10:39:55.581 [vert.x-eventloop-thread-0] INFO  d.m.q.a.s.TransferExecutionService - Transfer completed successfully: job-lifecycle (17 bytes in 129ms)
10:39:55.581 [vert.x-eventloop-thread-0] INFO  dev.mars.quorus.agent.QuorusAgent - Transfer completed successfully: job-lifecycle (17 bytes in 129ms)
10:39:55.584 [vert.x-eventloop-thread-0] DEBUG d.m.q.a.s.JobStatusReportingService - Job status reported: job-lifecycle -> COMPLETED
10:39:55.590 [main] INFO  dev.mars.quorus.agent.QuorusAgent - Shutting down Quorus Agent (reactive mode)...
10:39:55.591 [main] INFO  dev.mars.quorus.agent.QuorusAgent - Heartbeat timer cancelled: true [ID: 46]
10:39:55.591 [main] INFO  d.m.q.a.s.TransferExecutionService - Shutting down transfer execution service...
10:39:55.591 [main] DEBUG d.m.q.agent.service.HeartbeatService - Shutting down HeartbeatService WebClient
10:39:55.591 [main] DEBUG d.m.q.a.service.JobPollingService - Shutting down JobPollingService WebClient
10:39:55.591 [main] DEBUG d.m.q.a.s.JobStatusReportingService - Shutting down JobStatusReportingService WebClient
10:39:55.591 [vert.x-worker-thread-3] INFO  d.m.q.transfer.SimpleTransferEngine - Shutting down transfer engine; cancelling 0 running transfer(s)
10:39:55.591 [vert.x-worker-thread-3] INFO  d.m.q.transfer.SimpleTransferEngine - Transfer engine shutdown completed
10:39:55.592 [vert.x-eventloop-thread-0] INFO  d.m.q.a.s.TransferExecutionService - Transfer execution service shutdown complete
10:39:55.592 [vert.x-eventloop-thread-0] INFO  d.m.q.agent.service.HealthService - Health service stopped
10:39:55.592 [vert.x-eventloop-thread-0] INFO  d.m.q.a.s.AgentRegistrationService - Deregistering agent test-agent-001 from controller
10:39:55.594 [vert.x-eventloop-thread-0] INFO  d.m.q.a.s.AgentRegistrationService - Agent test-agent-001 deregistered successfully
10:39:55.594 [vert.x-eventloop-thread-0] INFO  dev.mars.quorus.agent.QuorusAgent - Agent deregistered from controller
10:39:55.594 [vert.x-eventloop-thread-0] INFO  dev.mars.quorus.agent.QuorusAgent - Quorus Agent shutdown complete (0 threads to cleanup)
10:39:55.603 [main] INFO  dev.mars.quorus.agent.QuorusAgent - Creating QuorusAgent with Vert.x instance: 1679741732 (using Vert.x timers, no ScheduledExecutorService)
10:39:55.603 [main] WARN  d.m.q.a.s.ControllerWebClientFactory - INSECURE DEVELOPMENT MODE: agent-to-controller traffic is plaintext
10:39:55.603 [main] DEBUG d.m.q.a.s.AgentRegistrationService - AgentRegistrationService initialized with Vert.x WebClient (connectTimeout=5000ms, idleTimeout=10000ms)
10:39:55.603 [main] WARN  d.m.q.a.s.ControllerWebClientFactory - INSECURE DEVELOPMENT MODE: agent-to-controller traffic is plaintext
10:39:55.603 [main] DEBUG d.m.q.agent.service.HeartbeatService - HeartbeatService initialized with Vert.x WebClient (connectTimeout=5000ms, idleTimeout=10000ms)
10:39:55.603 [main] DEBUG d.m.quorus.protocol.ProtocolFactory - Initializing ProtocolFactory
10:39:55.603 [main] DEBUG d.m.quorus.protocol.ProtocolFactory - Registering default transfer protocols
10:39:55.603 [main] DEBUG d.m.quorus.protocol.ProtocolFactory - Creating HttpTransferProtocol instance
10:39:55.603 [main] INFO  d.m.q.protocol.HttpTransferProtocol - HttpTransferProtocol initialized: connectTimeout=30 SECONDS, socketTimeout=60 SECONDS, maxFileSize=10737418240 bytes
10:39:55.603 [main] INFO  d.m.quorus.protocol.ProtocolFactory - Registered protocol: http
10:39:55.603 [main] DEBUG d.m.quorus.protocol.ProtocolFactory - Protocol details: name=http, class=HttpTransferProtocol, supportsResume=false, supportsPause=true
10:39:55.603 [main] INFO  d.m.quorus.protocol.ProtocolFactory - Registered protocol alias: https -> http
10:39:55.603 [main] DEBUG d.m.quorus.protocol.ProtocolFactory - Creating SmbTransferProtocol instance
10:39:55.603 [main] INFO  d.m.quorus.protocol.ProtocolFactory - Registered protocol: smb
10:39:55.603 [main] DEBUG d.m.quorus.protocol.ProtocolFactory - Protocol details: name=smb, class=SmbTransferProtocol, supportsResume=false, supportsPause=false
10:39:55.603 [main] INFO  d.m.quorus.protocol.ProtocolFactory - Registered protocol alias: cifs -> smb
10:39:55.603 [main] DEBUG d.m.quorus.protocol.ProtocolFactory - Creating FtpTransferProtocol instance
10:39:55.603 [main] INFO  d.m.quorus.protocol.ProtocolFactory - Registered protocol: ftp
10:39:55.603 [main] DEBUG d.m.quorus.protocol.ProtocolFactory - Protocol details: name=ftp, class=FtpTransferProtocol, supportsResume=false, supportsPause=false
10:39:55.603 [main] INFO  d.m.quorus.protocol.ProtocolFactory - Registered protocol alias: ftps -> ftp
10:39:55.603 [main] DEBUG d.m.quorus.protocol.ProtocolFactory - Creating SftpTransferProtocol instance
10:39:55.603 [main] INFO  d.m.quorus.protocol.ProtocolFactory - Registered protocol: sftp
10:39:55.605 [main] DEBUG d.m.quorus.protocol.ProtocolFactory - Protocol details: name=sftp, class=SftpTransferProtocol, supportsResume=false, supportsPause=false
10:39:55.605 [main] DEBUG d.m.quorus.protocol.ProtocolFactory - Creating NfsTransferProtocol instance
10:39:55.605 [main] DEBUG d.m.q.protocol.NfsTransferProtocol - NfsTransferProtocol initialized with mountRoot=C:\nfs
10:39:55.605 [main] INFO  d.m.quorus.protocol.ProtocolFactory - Registered protocol: nfs
10:39:55.605 [main] DEBUG d.m.quorus.protocol.ProtocolFactory - Protocol details: name=nfs, class=NfsTransferProtocol, supportsResume=false, supportsPause=false
10:39:55.605 [main] INFO  d.m.quorus.protocol.ProtocolFactory - Registered default transfer protocols: count=8, schemes=ftps, ftp, http, smb, sftp, nfs, https, cifs
10:39:55.605 [main] INFO  d.m.q.transfer.SimpleTransferEngine - SimpleTransferEngine initialized: maxConcurrent=5, maxRetries=3, retryDelay=1000ms
10:39:55.605 [main] INFO  d.m.q.a.s.TransferExecutionService - TransferExecutionService initialized (Vert.x reactive mode)
10:39:55.605 [main] WARN  d.m.q.a.s.ControllerWebClientFactory - INSECURE DEVELOPMENT MODE: agent-to-controller traffic is plaintext
10:39:55.605 [main] DEBUG d.m.q.a.service.JobPollingService - JobPollingService initialized with Vert.x WebClient (connectTimeout=5000ms, idleTimeout=10000ms)
10:39:55.605 [main] WARN  d.m.q.a.s.ControllerWebClientFactory - INSECURE DEVELOPMENT MODE: agent-to-controller traffic is plaintext
10:39:55.606 [main] DEBUG d.m.q.a.s.JobStatusReportingService - JobStatusReportingService initialized with Vert.x WebClient (connectTimeout=5000ms, idleTimeout=10000ms)
10:39:55.606 [main] INFO  d.m.q.a.observability.AgentMetrics - AgentMetrics initialized for agent: test-agent-001
10:39:55.606 [main] INFO  dev.mars.quorus.agent.QuorusAgent - Quorus Agent initialized: test-agent-001 (reactive mode with OpenTelemetry)
10:39:55.606 [main] INFO  dev.mars.quorus.agent.QuorusAgent - Foreign-assignment mismatch threshold configured to 3
10:39:55.607 [main] INFO  d.m.quorus.agent.config.AgentConfig - Loaded configuration from quorus-agent.properties
10:39:55.607 [main] INFO  d.m.quorus.agent.config.AgentConfig - === Quorus Agent Configuration ===
10:39:55.608 [main] WARN  d.m.quorus.agent.config.AgentConfig - Agent ID not configured, derived from hostname: agent-NUC10A
10:39:55.608 [main] INFO  d.m.quorus.agent.config.AgentConfig -   Agent ID:             agent-NUC10A
10:39:55.608 [main] WARN  d.m.quorus.agent.config.AgentConfig -   Tenant ID:            NOT CONFIGURED
10:39:55.608 [main] INFO  d.m.quorus.agent.config.AgentConfig -   Agent Port:           8080
10:39:55.608 [main] INFO  d.m.quorus.agent.config.AgentConfig -   Controller URL:       https://localhost:8080/api/v1
10:39:55.608 [main] INFO  d.m.quorus.agent.config.AgentConfig -   Region:               default
10:39:55.608 [main] INFO  d.m.quorus.agent.config.AgentConfig -   Datacenter:           default
10:39:55.608 [main] INFO  d.m.quorus.agent.config.AgentConfig -   Supported Protocols:  HTTP,HTTPS
10:39:55.608 [main] INFO  d.m.quorus.agent.config.AgentConfig -   Version:              1.0.0
10:39:55.608 [main] INFO  d.m.quorus.agent.config.AgentConfig -   --- Transfer ---
10:39:55.608 [main] INFO  d.m.quorus.agent.config.AgentConfig -   Max Concurrent:       5
10:39:55.608 [main] INFO  d.m.quorus.agent.config.AgentConfig -   --- Heartbeat ---
10:39:55.608 [main] INFO  d.m.quorus.agent.config.AgentConfig -   Interval:             30000ms
10:39:55.608 [main] INFO  d.m.quorus.agent.config.AgentConfig -   --- Job Polling ---
10:39:55.608 [main] INFO  d.m.quorus.agent.config.AgentConfig -   Initial Delay:        5000ms
10:39:55.608 [main] INFO  d.m.quorus.agent.config.AgentConfig -   Poll Interval:        10000ms
10:39:55.608 [main] INFO  d.m.quorus.agent.config.AgentConfig -   --- Security ---
10:39:55.608 [main] INFO  d.m.quorus.agent.config.AgentConfig -   Foreign Assignment Threshold: 1
10:39:55.608 [main] INFO  d.m.quorus.agent.config.AgentConfig -   --- Telemetry ---
10:39:55.608 [main] INFO  d.m.quorus.agent.config.AgentConfig -   Enabled:              true
10:39:55.608 [main] INFO  d.m.quorus.agent.config.AgentConfig -   Prometheus Port:      9465
10:39:55.608 [main] INFO  d.m.quorus.agent.config.AgentConfig -   OTLP Endpoint:        http://localhost:4317
10:39:55.608 [main] INFO  d.m.quorus.agent.config.AgentConfig - ==================================
10:39:55.608 [main] INFO  dev.mars.quorus.agent.QuorusAgent - Creating QuorusAgent with Vert.x instance: 1679741732 (using Vert.x timers, no ScheduledExecutorService)
10:39:55.608 [main] WARN  d.m.q.a.s.ControllerWebClientFactory - INSECURE DEVELOPMENT MODE: agent-to-controller traffic is plaintext
10:39:55.608 [main] DEBUG d.m.q.a.s.AgentRegistrationService - AgentRegistrationService initialized with Vert.x WebClient (connectTimeout=250ms, idleTimeout=10000ms)
10:39:55.608 [main] WARN  d.m.q.a.s.ControllerWebClientFactory - INSECURE DEVELOPMENT MODE: agent-to-controller traffic is plaintext
10:39:55.608 [main] DEBUG d.m.q.agent.service.HeartbeatService - HeartbeatService initialized with Vert.x WebClient (connectTimeout=250ms, idleTimeout=10000ms)
10:39:55.608 [main] DEBUG d.m.quorus.protocol.ProtocolFactory - Initializing ProtocolFactory
10:39:55.608 [main] DEBUG d.m.quorus.protocol.ProtocolFactory - Registering default transfer protocols
10:39:55.608 [main] DEBUG d.m.quorus.protocol.ProtocolFactory - Creating HttpTransferProtocol instance
10:39:55.608 [main] INFO  d.m.q.protocol.HttpTransferProtocol - HttpTransferProtocol initialized: connectTimeout=30 SECONDS, socketTimeout=60 SECONDS, maxFileSize=10737418240 bytes
10:39:55.609 [main] INFO  d.m.quorus.protocol.ProtocolFactory - Registered protocol: http
10:39:55.609 [main] DEBUG d.m.quorus.protocol.ProtocolFactory - Protocol details: name=http, class=HttpTransferProtocol, supportsResume=false, supportsPause=true
10:39:55.609 [main] INFO  d.m.quorus.protocol.ProtocolFactory - Registered protocol alias: https -> http
10:39:55.609 [main] DEBUG d.m.quorus.protocol.ProtocolFactory - Creating SmbTransferProtocol instance
10:39:55.609 [main] INFO  d.m.quorus.protocol.ProtocolFactory - Registered protocol: smb
10:39:55.609 [main] DEBUG d.m.quorus.protocol.ProtocolFactory - Protocol details: name=smb, class=SmbTransferProtocol, supportsResume=false, supportsPause=false
10:39:55.609 [main] INFO  d.m.quorus.protocol.ProtocolFactory - Registered protocol alias: cifs -> smb
10:39:55.609 [main] DEBUG d.m.quorus.protocol.ProtocolFactory - Creating FtpTransferProtocol instance
10:39:55.609 [main] INFO  d.m.quorus.protocol.ProtocolFactory - Registered protocol: ftp
10:39:55.609 [main] DEBUG d.m.quorus.protocol.ProtocolFactory - Protocol details: name=ftp, class=FtpTransferProtocol, supportsResume=false, supportsPause=false
10:39:55.609 [main] INFO  d.m.quorus.protocol.ProtocolFactory - Registered protocol alias: ftps -> ftp
10:39:55.609 [main] DEBUG d.m.quorus.protocol.ProtocolFactory - Creating SftpTransferProtocol instance
10:39:55.609 [main] INFO  d.m.quorus.protocol.ProtocolFactory - Registered protocol: sftp
10:39:55.609 [main] DEBUG d.m.quorus.protocol.ProtocolFactory - Protocol details: name=sftp, class=SftpTransferProtocol, supportsResume=false, supportsPause=false
10:39:55.609 [main] DEBUG d.m.quorus.protocol.ProtocolFactory - Creating NfsTransferProtocol instance
10:39:55.609 [main] DEBUG d.m.q.protocol.NfsTransferProtocol - NfsTransferProtocol initialized with mountRoot=C:\nfs
10:39:55.609 [main] INFO  d.m.quorus.protocol.ProtocolFactory - Registered protocol: nfs
10:39:55.609 [main] DEBUG d.m.quorus.protocol.ProtocolFactory - Protocol details: name=nfs, class=NfsTransferProtocol, supportsResume=false, supportsPause=false
10:39:55.609 [main] INFO  d.m.quorus.protocol.ProtocolFactory - Registered default transfer protocols: count=8, schemes=ftps, ftp, http, smb, sftp, nfs, https, cifs
10:39:55.609 [main] INFO  d.m.q.transfer.SimpleTransferEngine - SimpleTransferEngine initialized: maxConcurrent=5, maxRetries=3, retryDelay=1000ms
10:39:55.609 [main] INFO  d.m.q.a.s.TransferExecutionService - TransferExecutionService initialized (Vert.x reactive mode)
10:39:55.609 [main] WARN  d.m.q.a.s.ControllerWebClientFactory - INSECURE DEVELOPMENT MODE: agent-to-controller traffic is plaintext
10:39:55.609 [main] DEBUG d.m.q.a.service.JobPollingService - JobPollingService initialized with Vert.x WebClient (connectTimeout=250ms, idleTimeout=10000ms)
10:39:55.609 [main] WARN  d.m.q.a.s.ControllerWebClientFactory - INSECURE DEVELOPMENT MODE: agent-to-controller traffic is plaintext
10:39:55.609 [main] DEBUG d.m.q.a.s.JobStatusReportingService - JobStatusReportingService initialized with Vert.x WebClient (connectTimeout=250ms, idleTimeout=10000ms)
10:39:55.609 [main] INFO  d.m.q.a.observability.AgentMetrics - AgentMetrics initialized for agent: test-agent-unreachable
10:39:55.609 [main] INFO  dev.mars.quorus.agent.QuorusAgent - Quorus Agent initialized: test-agent-unreachable (reactive mode with OpenTelemetry)
10:39:55.609 [main] INFO  dev.mars.quorus.agent.QuorusAgent - Foreign-assignment mismatch threshold configured to 3
10:39:55.609 [main] INFO  dev.mars.quorus.agent.QuorusAgent - Starting Quorus Agent services (Vert.x reactive mode)...
10:39:55.610 [main] INFO  d.m.q.a.s.AgentRegistrationService - Registering agent test-agent-unreachable with controller at http://localhost:1/api/v1
10:39:55.611 [vert.x-eventloop-thread-0] INFO  d.m.q.agent.service.HealthService - Health service started on port 9091
10:39:55.613 [vert.x-eventloop-thread-0] ERROR d.m.q.a.s.AgentRegistrationService - Error registering agent test-agent-unreachable: Connection refused: localhost/127.0.0.1:1
10:39:55.613 [vert.x-eventloop-thread-0] ERROR dev.mars.quorus.agent.QuorusAgent - Failed to register with controller
10:39:55.613 [vert.x-eventloop-thread-0] INFO  dev.mars.quorus.agent.QuorusAgent - Shutting down Quorus Agent (reactive mode)...
10:39:55.613 [vert.x-eventloop-thread-0] INFO  d.m.q.a.s.TransferExecutionService - Shutting down transfer execution service...
10:39:55.613 [vert.x-eventloop-thread-0] DEBUG d.m.q.agent.service.HeartbeatService - Shutting down HeartbeatService WebClient
10:39:55.613 [vert.x-eventloop-thread-0] DEBUG d.m.q.a.service.JobPollingService - Shutting down JobPollingService WebClient
10:39:55.613 [vert.x-eventloop-thread-0] DEBUG d.m.q.a.s.JobStatusReportingService - Shutting down JobStatusReportingService WebClient
10:39:55.613 [vert.x-worker-thread-4] INFO  d.m.q.transfer.SimpleTransferEngine - Shutting down transfer engine; cancelling 0 running transfer(s)
10:39:55.613 [vert.x-worker-thread-4] INFO  d.m.q.transfer.SimpleTransferEngine - Transfer engine shutdown completed
10:39:55.613 [vert.x-eventloop-thread-0] INFO  d.m.q.a.s.TransferExecutionService - Transfer execution service shutdown complete
10:39:55.613 [vert.x-eventloop-thread-0] INFO  d.m.q.agent.service.HealthService - Health service stopped
10:39:55.613 [vert.x-eventloop-thread-0] INFO  dev.mars.quorus.agent.QuorusAgent - Agent deregistered from controller
10:39:55.613 [vert.x-eventloop-thread-0] INFO  dev.mars.quorus.agent.QuorusAgent - Quorus Agent shutdown complete (0 threads to cleanup)
10:39:55.614 [main] INFO  dev.mars.quorus.agent.QuorusAgent - Creating QuorusAgent with Vert.x instance: 1679741732 (using Vert.x timers, no ScheduledExecutorService)
10:39:55.614 [main] WARN  d.m.q.a.s.ControllerWebClientFactory - INSECURE DEVELOPMENT MODE: agent-to-controller traffic is plaintext
10:39:55.615 [main] DEBUG d.m.q.a.s.AgentRegistrationService - AgentRegistrationService initialized with Vert.x WebClient (connectTimeout=5000ms, idleTimeout=10000ms)
10:39:55.615 [main] WARN  d.m.q.a.s.ControllerWebClientFactory - INSECURE DEVELOPMENT MODE: agent-to-controller traffic is plaintext
10:39:55.615 [main] DEBUG d.m.q.agent.service.HeartbeatService - HeartbeatService initialized with Vert.x WebClient (connectTimeout=5000ms, idleTimeout=10000ms)
10:39:55.615 [main] DEBUG d.m.quorus.protocol.ProtocolFactory - Initializing ProtocolFactory
10:39:55.615 [main] DEBUG d.m.quorus.protocol.ProtocolFactory - Registering default transfer protocols
10:39:55.615 [main] DEBUG d.m.quorus.protocol.ProtocolFactory - Creating HttpTransferProtocol instance
10:39:55.615 [main] INFO  d.m.q.protocol.HttpTransferProtocol - HttpTransferProtocol initialized: connectTimeout=30 SECONDS, socketTimeout=60 SECONDS, maxFileSize=10737418240 bytes
10:39:55.615 [main] INFO  d.m.quorus.protocol.ProtocolFactory - Registered protocol: http
10:39:55.615 [main] DEBUG d.m.quorus.protocol.ProtocolFactory - Protocol details: name=http, class=HttpTransferProtocol, supportsResume=false, supportsPause=true
10:39:55.615 [main] INFO  d.m.quorus.protocol.ProtocolFactory - Registered protocol alias: https -> http
10:39:55.615 [main] DEBUG d.m.quorus.protocol.ProtocolFactory - Creating SmbTransferProtocol instance
10:39:55.615 [main] INFO  d.m.quorus.protocol.ProtocolFactory - Registered protocol: smb
10:39:55.615 [main] DEBUG d.m.quorus.protocol.ProtocolFactory - Protocol details: name=smb, class=SmbTransferProtocol, supportsResume=false, supportsPause=false
10:39:55.615 [main] INFO  d.m.quorus.protocol.ProtocolFactory - Registered protocol alias: cifs -> smb
10:39:55.615 [main] DEBUG d.m.quorus.protocol.ProtocolFactory - Creating FtpTransferProtocol instance
10:39:55.615 [main] INFO  d.m.quorus.protocol.ProtocolFactory - Registered protocol: ftp
10:39:55.615 [main] DEBUG d.m.quorus.protocol.ProtocolFactory - Protocol details: name=ftp, class=FtpTransferProtocol, supportsResume=false, supportsPause=false
10:39:55.615 [main] INFO  d.m.quorus.protocol.ProtocolFactory - Registered protocol alias: ftps -> ftp
10:39:55.615 [main] DEBUG d.m.quorus.protocol.ProtocolFactory - Creating SftpTransferProtocol instance
10:39:55.615 [main] INFO  d.m.quorus.protocol.ProtocolFactory - Registered protocol: sftp
10:39:55.615 [main] DEBUG d.m.quorus.protocol.ProtocolFactory - Protocol details: name=sftp, class=SftpTransferProtocol, supportsResume=false, supportsPause=false
10:39:55.615 [main] DEBUG d.m.quorus.protocol.ProtocolFactory - Creating NfsTransferProtocol instance
10:39:55.615 [main] DEBUG d.m.q.protocol.NfsTransferProtocol - NfsTransferProtocol initialized with mountRoot=C:\nfs
10:39:55.615 [main] INFO  d.m.quorus.protocol.ProtocolFactory - Registered protocol: nfs
10:39:55.615 [main] DEBUG d.m.quorus.protocol.ProtocolFactory - Protocol details: name=nfs, class=NfsTransferProtocol, supportsResume=false, supportsPause=false
10:39:55.615 [main] INFO  d.m.quorus.protocol.ProtocolFactory - Registered default transfer protocols: count=8, schemes=ftps, ftp, http, smb, sftp, nfs, https, cifs
10:39:55.615 [main] INFO  d.m.q.transfer.SimpleTransferEngine - SimpleTransferEngine initialized: maxConcurrent=5, maxRetries=3, retryDelay=1000ms
10:39:55.615 [main] INFO  d.m.q.a.s.TransferExecutionService - TransferExecutionService initialized (Vert.x reactive mode)
10:39:55.615 [main] WARN  d.m.q.a.s.ControllerWebClientFactory - INSECURE DEVELOPMENT MODE: agent-to-controller traffic is plaintext
10:39:55.615 [main] DEBUG d.m.q.a.service.JobPollingService - JobPollingService initialized with Vert.x WebClient (connectTimeout=5000ms, idleTimeout=10000ms)
10:39:55.616 [main] WARN  d.m.q.a.s.ControllerWebClientFactory - INSECURE DEVELOPMENT MODE: agent-to-controller traffic is plaintext
10:39:55.616 [main] DEBUG d.m.q.a.s.JobStatusReportingService - JobStatusReportingService initialized with Vert.x WebClient (connectTimeout=5000ms, idleTimeout=10000ms)
10:39:55.616 [main] INFO  d.m.q.a.observability.AgentMetrics - AgentMetrics initialized for agent: test-agent-001
10:39:55.616 [main] INFO  dev.mars.quorus.agent.QuorusAgent - Quorus Agent initialized: test-agent-001 (reactive mode with OpenTelemetry)
10:39:55.616 [main] INFO  dev.mars.quorus.agent.QuorusAgent - Foreign-assignment mismatch threshold configured to 3
10:39:55.616 [main] ERROR dev.mars.quorus.agent.QuorusAgent - Refusing to process job job-foreign-1 because assignment agentId another-agent does not match local agentId test-agent-001
10:39:55.616 [main] ERROR dev.mars.quorus.agent.QuorusAgent - Foreign assignment mismatch count: 1/3
[INFO] Tests run: 17, Failures: 0, Errors: 0, Skipped: 0, Time elapsed: 0.605 s -- in dev.mars.quorus.agent.QuorusAgentTest
[INFO] Running dev.mars.quorus.agent.service.AgentGovernedConnectionTest
[INFO] Tests run: 2, Failures: 0, Errors: 0, Skipped: 0, Time elapsed: 0.014 s -- in dev.mars.quorus.agent.service.AgentGovernedConnectionTest
[INFO] Running dev.mars.quorus.agent.service.AgentLocalPathPolicyTest
[INFO] Tests run: 2, Failures: 0, Errors: 0, Skipped: 0, Time elapsed: 0.033 s -- in dev.mars.quorus.agent.service.AgentLocalPathPolicyTest
[INFO] Running dev.mars.quorus.agent.service.AgentRegistrationServiceTest
10:39:55.943 [vert.x-eventloop-thread-0] INFO  d.m.quorus.agent.config.AgentConfig - Loaded configuration from quorus-agent.properties
10:39:55.944 [vert.x-eventloop-thread-0] INFO  d.m.quorus.agent.config.AgentConfig - === Quorus Agent Configuration ===
10:39:55.944 [vert.x-eventloop-thread-0] WARN  d.m.quorus.agent.config.AgentConfig - Agent ID not configured, derived from hostname: agent-NUC10A
10:39:55.944 [vert.x-eventloop-thread-0] INFO  d.m.quorus.agent.config.AgentConfig -   Agent ID:             agent-NUC10A
10:39:55.944 [vert.x-eventloop-thread-0] WARN  d.m.quorus.agent.config.AgentConfig -   Tenant ID:            NOT CONFIGURED
10:39:55.944 [vert.x-eventloop-thread-0] INFO  d.m.quorus.agent.config.AgentConfig -   Agent Port:           8080
10:39:55.944 [vert.x-eventloop-thread-0] INFO  d.m.quorus.agent.config.AgentConfig -   Controller URL:       https://localhost:8080/api/v1
10:39:55.944 [vert.x-eventloop-thread-0] INFO  d.m.quorus.agent.config.AgentConfig -   Region:               default
10:39:55.944 [vert.x-eventloop-thread-0] INFO  d.m.quorus.agent.config.AgentConfig -   Datacenter:           default
10:39:55.944 [vert.x-eventloop-thread-0] INFO  d.m.quorus.agent.config.AgentConfig -   Supported Protocols:  HTTP,HTTPS
10:39:55.944 [vert.x-eventloop-thread-0] INFO  d.m.quorus.agent.config.AgentConfig -   Version:              1.0.0
10:39:55.944 [vert.x-eventloop-thread-0] INFO  d.m.quorus.agent.config.AgentConfig -   --- Transfer ---
10:39:55.944 [vert.x-eventloop-thread-0] INFO  d.m.quorus.agent.config.AgentConfig -   Max Concurrent:       5
10:39:55.944 [vert.x-eventloop-thread-0] INFO  d.m.quorus.agent.config.AgentConfig -   --- Heartbeat ---
10:39:55.944 [vert.x-eventloop-thread-0] INFO  d.m.quorus.agent.config.AgentConfig -   Interval:             30000ms
10:39:55.944 [vert.x-eventloop-thread-0] INFO  d.m.quorus.agent.config.AgentConfig -   --- Job Polling ---
10:39:55.944 [vert.x-eventloop-thread-0] INFO  d.m.quorus.agent.config.AgentConfig -   Initial Delay:        5000ms
10:39:55.944 [vert.x-eventloop-thread-0] INFO  d.m.quorus.agent.config.AgentConfig -   Poll Interval:        10000ms
10:39:55.944 [vert.x-eventloop-thread-0] INFO  d.m.quorus.agent.config.AgentConfig -   --- Security ---
10:39:55.944 [vert.x-eventloop-thread-0] INFO  d.m.quorus.agent.config.AgentConfig -   Foreign Assignment Threshold: 1
10:39:55.944 [vert.x-eventloop-thread-0] INFO  d.m.quorus.agent.config.AgentConfig -   --- Telemetry ---
10:39:55.944 [vert.x-eventloop-thread-0] INFO  d.m.quorus.agent.config.AgentConfig -   Enabled:              true
10:39:55.944 [vert.x-eventloop-thread-0] INFO  d.m.quorus.agent.config.AgentConfig -   Prometheus Port:      9465
10:39:55.944 [vert.x-eventloop-thread-0] INFO  d.m.quorus.agent.config.AgentConfig -   OTLP Endpoint:        http://localhost:4317
10:39:55.944 [vert.x-eventloop-thread-0] INFO  d.m.quorus.agent.config.AgentConfig - ==================================
10:39:55.946 [main] WARN  d.m.q.a.s.ControllerWebClientFactory - INSECURE DEVELOPMENT MODE: agent-to-controller traffic is plaintext
10:39:55.946 [main] DEBUG d.m.q.a.s.AgentRegistrationService - AgentRegistrationService initialized with Vert.x WebClient (connectTimeout=5000ms, idleTimeout=10000ms)
10:39:55.946 [main] INFO  d.m.q.a.s.AgentRegistrationService - Registering agent test-agent-reg with controller at http://localhost:60151
10:39:55.952 [vert.x-eventloop-thread-0] INFO  d.m.q.a.s.AgentRegistrationService - Agent test-agent-reg registered successfully
10:39:55.952 [vert.x-eventloop-thread-0] INFO  d.m.q.a.s.AgentRegistrationService - Deregistering agent test-agent-reg from controller
10:39:55.956 [vert.x-eventloop-thread-0] INFO  d.m.q.a.s.AgentRegistrationService - Agent test-agent-reg deregistered successfully
10:39:55.956 [vert.x-eventloop-thread-0] INFO  d.m.q.a.s.AgentRegistrationService - Registering agent test-agent-reg with controller at http://localhost:60151
10:39:55.958 [vert.x-eventloop-thread-0] INFO  d.m.q.a.s.AgentRegistrationService - Agent test-agent-reg registered successfully
10:39:55.961 [main] WARN  d.m.q.a.s.ControllerWebClientFactory - INSECURE DEVELOPMENT MODE: agent-to-controller traffic is plaintext
10:39:55.962 [main] DEBUG d.m.q.a.s.AgentRegistrationService - AgentRegistrationService initialized with Vert.x WebClient (connectTimeout=5000ms, idleTimeout=10000ms)
10:39:55.962 [main] INFO  d.m.q.a.s.AgentRegistrationService - Registering agent test-agent-reg with controller at http://localhost:60151
10:39:55.974 [vert.x-eventloop-thread-0] INFO  d.m.q.a.s.AgentRegistrationService - Agent test-agent-reg registered successfully
10:39:55.974 [vert.x-eventloop-thread-0] INFO  d.m.q.a.s.AgentRegistrationService - Deregistering agent test-agent-reg from controller
10:39:55.977 [vert.x-eventloop-thread-0] INFO  d.m.q.a.s.AgentRegistrationService - Agent test-agent-reg deregistered successfully
10:39:55.980 [main] WARN  d.m.q.a.s.ControllerWebClientFactory - INSECURE DEVELOPMENT MODE: agent-to-controller traffic is plaintext
10:39:55.980 [main] DEBUG d.m.q.a.s.AgentRegistrationService - AgentRegistrationService initialized with Vert.x WebClient (connectTimeout=5000ms, idleTimeout=10000ms)
10:39:55.980 [main] INFO  d.m.q.a.s.AgentRegistrationService - Registering agent test-agent-reg with controller at http://localhost:60151
10:39:55.987 [vert.x-eventloop-thread-0] INFO  d.m.q.a.s.AgentRegistrationService - Agent test-agent-reg registered successfully
10:39:55.987 [vert.x-eventloop-thread-0] INFO  d.m.q.a.s.AgentRegistrationService - Deregistering agent test-agent-reg from controller
10:39:55.993 [vert.x-eventloop-thread-0] INFO  d.m.q.a.s.AgentRegistrationService - Agent test-agent-reg deregistered successfully
10:39:55.996 [main] WARN  d.m.q.a.s.ControllerWebClientFactory - INSECURE DEVELOPMENT MODE: agent-to-controller traffic is plaintext
10:39:55.996 [main] DEBUG d.m.q.a.s.AgentRegistrationService - AgentRegistrationService initialized with Vert.x WebClient (connectTimeout=5000ms, idleTimeout=10000ms)
10:39:55.996 [main] INFO  d.m.q.a.s.AgentRegistrationService - Registering agent test-agent-reg with controller at http://localhost:60151
10:39:56.003 [vert.x-eventloop-thread-0] INFO  d.m.q.a.s.AgentRegistrationService - Agent test-agent-reg registered successfully
10:39:56.006 [main] WARN  d.m.q.a.s.ControllerWebClientFactory - INSECURE DEVELOPMENT MODE: agent-to-controller traffic is plaintext
10:39:56.007 [main] DEBUG d.m.q.a.s.AgentRegistrationService - AgentRegistrationService initialized with Vert.x WebClient (connectTimeout=5000ms, idleTimeout=10000ms)
10:39:56.007 [main] INFO  d.m.q.a.s.AgentRegistrationService - Registering agent test-agent-reg with controller at http://localhost:60151
10:39:56.012 [vert.x-eventloop-thread-0] INFO  d.m.q.a.s.AgentRegistrationService - Agent test-agent-reg registered successfully
10:39:56.013 [main] WARN  d.m.q.a.s.ControllerWebClientFactory - INSECURE DEVELOPMENT MODE: agent-to-controller traffic is plaintext
10:39:56.014 [main] DEBUG d.m.q.a.s.AgentRegistrationService - AgentRegistrationService initialized with Vert.x WebClient (connectTimeout=5000ms, idleTimeout=10000ms)
10:39:56.014 [main] INFO  d.m.q.a.s.AgentRegistrationService - Registering agent test-agent-reg with controller at http://localhost:60151
10:39:56.018 [vert.x-eventloop-thread-0] INFO  d.m.q.a.s.AgentRegistrationService - Agent test-agent-reg registered successfully
10:39:56.018 [vert.x-eventloop-thread-0] INFO  d.m.q.a.s.AgentRegistrationService - Deregistering agent test-agent-reg from controller
10:39:56.021 [vert.x-eventloop-thread-0] ERROR d.m.q.a.s.AgentRegistrationService - Failed to deregister agent test-agent-reg: HTTP 500
10:39:56.024 [main] INFO  d.m.quorus.agent.config.AgentConfig - Loaded configuration from quorus-agent.properties
10:39:56.024 [main] INFO  d.m.quorus.agent.config.AgentConfig - === Quorus Agent Configuration ===
10:39:56.024 [main] WARN  d.m.quorus.agent.config.AgentConfig - Agent ID not configured, derived from hostname: agent-NUC10A
10:39:56.024 [main] INFO  d.m.quorus.agent.config.AgentConfig -   Agent ID:             agent-NUC10A
10:39:56.024 [main] WARN  d.m.quorus.agent.config.AgentConfig -   Tenant ID:            NOT CONFIGURED
10:39:56.024 [main] INFO  d.m.quorus.agent.config.AgentConfig -   Agent Port:           8080
10:39:56.024 [main] INFO  d.m.quorus.agent.config.AgentConfig -   Controller URL:       https://localhost:8080/api/v1
10:39:56.024 [main] INFO  d.m.quorus.agent.config.AgentConfig -   Region:               default
10:39:56.024 [main] INFO  d.m.quorus.agent.config.AgentConfig -   Datacenter:           default
10:39:56.024 [main] INFO  d.m.quorus.agent.config.AgentConfig -   Supported Protocols:  HTTP,HTTPS
10:39:56.024 [main] INFO  d.m.quorus.agent.config.AgentConfig -   Version:              1.0.0
10:39:56.024 [main] INFO  d.m.quorus.agent.config.AgentConfig -   --- Transfer ---
10:39:56.024 [main] INFO  d.m.quorus.agent.config.AgentConfig -   Max Concurrent:       5
10:39:56.025 [main] INFO  d.m.quorus.agent.config.AgentConfig -   --- Heartbeat ---
10:39:56.025 [main] INFO  d.m.quorus.agent.config.AgentConfig -   Interval:             30000ms
10:39:56.025 [main] INFO  d.m.quorus.agent.config.AgentConfig -   --- Job Polling ---
10:39:56.025 [main] INFO  d.m.quorus.agent.config.AgentConfig -   Initial Delay:        5000ms
10:39:56.025 [main] INFO  d.m.quorus.agent.config.AgentConfig -   Poll Interval:        10000ms
10:39:56.025 [main] INFO  d.m.quorus.agent.config.AgentConfig -   --- Security ---
10:39:56.025 [main] INFO  d.m.quorus.agent.config.AgentConfig -   Foreign Assignment Threshold: 1
10:39:56.025 [main] INFO  d.m.quorus.agent.config.AgentConfig -   --- Telemetry ---
10:39:56.025 [main] INFO  d.m.quorus.agent.config.AgentConfig -   Enabled:              true
10:39:56.025 [main] INFO  d.m.quorus.agent.config.AgentConfig -   Prometheus Port:      9465
10:39:56.025 [main] INFO  d.m.quorus.agent.config.AgentConfig -   OTLP Endpoint:        http://localhost:4317
10:39:56.025 [main] INFO  d.m.quorus.agent.config.AgentConfig - ==================================
10:39:56.025 [main] WARN  d.m.q.a.s.ControllerWebClientFactory - INSECURE DEVELOPMENT MODE: agent-to-controller traffic is plaintext
10:39:56.025 [main] DEBUG d.m.q.a.s.AgentRegistrationService - AgentRegistrationService initialized with Vert.x WebClient (connectTimeout=1000ms, idleTimeout=10000ms)
10:39:56.026 [main] INFO  d.m.q.a.s.AgentRegistrationService - Registering agent test-agent-bad with controller at http://localhost:59999
10:39:56.028 [vert.x-eventloop-thread-0] ERROR d.m.q.a.s.AgentRegistrationService - Error registering agent test-agent-bad: Connection refused: localhost/127.0.0.1:59999
10:39:56.030 [main] WARN  d.m.q.a.s.ControllerWebClientFactory - INSECURE DEVELOPMENT MODE: agent-to-controller traffic is plaintext
10:39:56.031 [main] DEBUG d.m.q.a.s.AgentRegistrationService - AgentRegistrationService initialized with Vert.x WebClient (connectTimeout=5000ms, idleTimeout=10000ms)
10:39:56.034 [main] WARN  d.m.q.a.s.ControllerWebClientFactory - INSECURE DEVELOPMENT MODE: agent-to-controller traffic is plaintext
10:39:56.034 [main] DEBUG d.m.q.a.s.AgentRegistrationService - AgentRegistrationService initialized with Vert.x WebClient (connectTimeout=5000ms, idleTimeout=10000ms)
10:39:56.034 [main] INFO  d.m.q.a.s.AgentRegistrationService - Registering agent test-agent-reg with controller at http://localhost:60151
10:39:56.042 [vert.x-eventloop-thread-0] ERROR d.m.q.a.s.AgentRegistrationService - Failed to register agent test-agent-reg: HTTP 400
10:39:56.044 [main] WARN  d.m.q.a.s.ControllerWebClientFactory - INSECURE DEVELOPMENT MODE: agent-to-controller traffic is plaintext
10:39:56.045 [main] DEBUG d.m.q.a.s.AgentRegistrationService - AgentRegistrationService initialized with Vert.x WebClient (connectTimeout=5000ms, idleTimeout=10000ms)
10:39:56.045 [main] INFO  d.m.q.a.s.AgentRegistrationService - Registering agent test-agent-reg with controller at http://localhost:60151
10:39:56.048 [vert.x-eventloop-thread-0] ERROR d.m.q.a.s.AgentRegistrationService - Failed to register agent test-agent-reg: HTTP 500
10:39:56.049 [main] WARN  d.m.q.a.s.ControllerWebClientFactory - INSECURE DEVELOPMENT MODE: agent-to-controller traffic is plaintext
10:39:56.050 [main] DEBUG d.m.q.a.s.AgentRegistrationService - AgentRegistrationService initialized with Vert.x WebClient (connectTimeout=5000ms, idleTimeout=10000ms)
10:39:56.050 [main] INFO  d.m.q.a.s.AgentRegistrationService - Registering agent test-agent-reg with controller at http://localhost:60151
10:39:56.054 [vert.x-eventloop-thread-0] INFO  d.m.q.a.s.AgentRegistrationService - Agent test-agent-reg registered successfully
10:39:56.055 [main] WARN  d.m.q.a.s.ControllerWebClientFactory - INSECURE DEVELOPMENT MODE: agent-to-controller traffic is plaintext
10:39:56.056 [main] DEBUG d.m.q.a.s.AgentRegistrationService - AgentRegistrationService initialized with Vert.x WebClient (connectTimeout=5000ms, idleTimeout=10000ms)
10:39:56.056 [main] INFO  d.m.q.a.s.AgentRegistrationService - Registering agent test-agent-reg with controller at http://localhost:60151
10:39:56.061 [vert.x-eventloop-thread-0] INFO  d.m.q.a.s.AgentRegistrationService - Agent test-agent-reg registered successfully
10:39:56.061 [vert.x-eventloop-thread-0] INFO  d.m.q.a.s.AgentRegistrationService - Deregistering agent test-agent-reg from controller
10:39:56.063 [vert.x-eventloop-thread-0] INFO  d.m.q.a.s.AgentRegistrationService - Agent test-agent-reg deregistered successfully
10:39:56.065 [main] WARN  d.m.q.a.s.ControllerWebClientFactory - INSECURE DEVELOPMENT MODE: agent-to-controller traffic is plaintext
10:39:56.065 [main] DEBUG d.m.q.a.s.AgentRegistrationService - AgentRegistrationService initialized with Vert.x WebClient (connectTimeout=5000ms, idleTimeout=10000ms)
10:39:56.065 [main] INFO  d.m.q.a.s.AgentRegistrationService - Registering agent test-agent-reg with controller at http://localhost:60151
10:39:56.068 [vert.x-eventloop-thread-0] INFO  d.m.q.a.s.AgentRegistrationService - Agent test-agent-reg registered successfully
10:39:56.068 [vert.x-eventloop-thread-0] INFO  d.m.q.a.s.AgentRegistrationService - Deregistering agent test-agent-reg from controller
10:39:56.070 [vert.x-eventloop-thread-0] INFO  d.m.q.a.s.AgentRegistrationService - Agent test-agent-reg deregistered successfully
[INFO] Tests run: 14, Failures: 0, Errors: 0, Skipped: 0, Time elapsed: 0.203 s -- in dev.mars.quorus.agent.service.AgentRegistrationServiceTest
[INFO] Running dev.mars.quorus.agent.service.TransferExecutionServiceTest
10:39:56.086 [main] INFO  d.m.quorus.agent.config.AgentConfig - Loaded configuration from quorus-agent.properties
10:39:56.086 [main] INFO  d.m.quorus.agent.config.AgentConfig - === Quorus Agent Configuration ===
10:39:56.086 [main] WARN  d.m.quorus.agent.config.AgentConfig - Agent ID not configured, derived from hostname: agent-NUC10A
10:39:56.086 [main] INFO  d.m.quorus.agent.config.AgentConfig -   Agent ID:             agent-NUC10A
10:39:56.086 [main] WARN  d.m.quorus.agent.config.AgentConfig -   Tenant ID:            NOT CONFIGURED
10:39:56.087 [main] INFO  d.m.quorus.agent.config.AgentConfig -   Agent Port:           8080
10:39:56.087 [main] INFO  d.m.quorus.agent.config.AgentConfig -   Controller URL:       https://localhost:8080/api/v1
10:39:56.087 [main] INFO  d.m.quorus.agent.config.AgentConfig -   Region:               default
10:39:56.087 [main] INFO  d.m.quorus.agent.config.AgentConfig -   Datacenter:           default
10:39:56.087 [main] INFO  d.m.quorus.agent.config.AgentConfig -   Supported Protocols:  HTTP,HTTPS
10:39:56.087 [main] INFO  d.m.quorus.agent.config.AgentConfig -   Version:              1.0.0
10:39:56.087 [main] INFO  d.m.quorus.agent.config.AgentConfig -   --- Transfer ---
10:39:56.087 [main] INFO  d.m.quorus.agent.config.AgentConfig -   Max Concurrent:       5
10:39:56.087 [main] INFO  d.m.quorus.agent.config.AgentConfig -   --- Heartbeat ---
10:39:56.087 [main] INFO  d.m.quorus.agent.config.AgentConfig -   Interval:             30000ms
10:39:56.087 [main] INFO  d.m.quorus.agent.config.AgentConfig -   --- Job Polling ---
10:39:56.087 [main] INFO  d.m.quorus.agent.config.AgentConfig -   Initial Delay:        5000ms
10:39:56.087 [main] INFO  d.m.quorus.agent.config.AgentConfig -   Poll Interval:        10000ms
10:39:56.087 [main] INFO  d.m.quorus.agent.config.AgentConfig -   --- Security ---
10:39:56.087 [main] INFO  d.m.quorus.agent.config.AgentConfig -   Foreign Assignment Threshold: 1
10:39:56.087 [main] INFO  d.m.quorus.agent.config.AgentConfig -   --- Telemetry ---
10:39:56.087 [main] INFO  d.m.quorus.agent.config.AgentConfig -   Enabled:              true
10:39:56.087 [main] INFO  d.m.quorus.agent.config.AgentConfig -   Prometheus Port:      9465
10:39:56.087 [main] INFO  d.m.quorus.agent.config.AgentConfig -   OTLP Endpoint:        http://localhost:4317
10:39:56.087 [main] INFO  d.m.quorus.agent.config.AgentConfig - ==================================
10:39:56.140 [main] DEBUG d.m.quorus.protocol.ProtocolFactory - Initializing ProtocolFactory
10:39:56.140 [main] DEBUG d.m.quorus.protocol.ProtocolFactory - Registering default transfer protocols
10:39:56.140 [main] DEBUG d.m.quorus.protocol.ProtocolFactory - Creating HttpTransferProtocol instance
10:39:56.140 [main] INFO  d.m.q.protocol.HttpTransferProtocol - HttpTransferProtocol initialized: connectTimeout=30 SECONDS, socketTimeout=60 SECONDS, maxFileSize=10737418240 bytes
10:39:56.140 [main] INFO  d.m.quorus.protocol.ProtocolFactory - Registered protocol: http
10:39:56.140 [main] DEBUG d.m.quorus.protocol.ProtocolFactory - Protocol details: name=http, class=HttpTransferProtocol, supportsResume=false, supportsPause=true
10:39:56.140 [main] INFO  d.m.quorus.protocol.ProtocolFactory - Registered protocol alias: https -> http
10:39:56.140 [main] DEBUG d.m.quorus.protocol.ProtocolFactory - Creating SmbTransferProtocol instance
10:39:56.140 [main] INFO  d.m.quorus.protocol.ProtocolFactory - Registered protocol: smb
10:39:56.140 [main] DEBUG d.m.quorus.protocol.ProtocolFactory - Protocol details: name=smb, class=SmbTransferProtocol, supportsResume=false, supportsPause=false
10:39:56.140 [main] INFO  d.m.quorus.protocol.ProtocolFactory - Registered protocol alias: cifs -> smb
10:39:56.140 [main] DEBUG d.m.quorus.protocol.ProtocolFactory - Creating FtpTransferProtocol instance
10:39:56.140 [main] INFO  d.m.quorus.protocol.ProtocolFactory - Registered protocol: ftp
10:39:56.140 [main] DEBUG d.m.quorus.protocol.ProtocolFactory - Protocol details: name=ftp, class=FtpTransferProtocol, supportsResume=false, supportsPause=false
10:39:56.140 [main] INFO  d.m.quorus.protocol.ProtocolFactory - Registered protocol alias: ftps -> ftp
10:39:56.140 [main] DEBUG d.m.quorus.protocol.ProtocolFactory - Creating SftpTransferProtocol instance
10:39:56.140 [main] INFO  d.m.quorus.protocol.ProtocolFactory - Registered protocol: sftp
10:39:56.140 [main] DEBUG d.m.quorus.protocol.ProtocolFactory - Protocol details: name=sftp, class=SftpTransferProtocol, supportsResume=false, supportsPause=false
10:39:56.141 [main] DEBUG d.m.quorus.protocol.ProtocolFactory - Creating NfsTransferProtocol instance
10:39:56.141 [main] DEBUG d.m.q.protocol.NfsTransferProtocol - NfsTransferProtocol initialized with mountRoot=C:\nfs
10:39:56.141 [main] INFO  d.m.quorus.protocol.ProtocolFactory - Registered protocol: nfs
10:39:56.141 [main] DEBUG d.m.quorus.protocol.ProtocolFactory - Protocol details: name=nfs, class=NfsTransferProtocol, supportsResume=false, supportsPause=false
10:39:56.141 [main] INFO  d.m.quorus.protocol.ProtocolFactory - Registered default transfer protocols: count=8, schemes=ftps, ftp, http, smb, sftp, nfs, https, cifs
10:39:56.141 [main] INFO  d.m.q.transfer.SimpleTransferEngine - SimpleTransferEngine initialized: maxConcurrent=2, maxRetries=3, retryDelay=1000ms
10:39:56.141 [main] INFO  d.m.q.a.s.TransferExecutionService - TransferExecutionService initialized (Vert.x reactive mode)
10:39:56.141 [main] WARN  d.m.q.a.s.TransferExecutionService - Using deprecated constructor - Vert.x instance created internally
10:39:56.141 [main] INFO  d.m.q.a.s.TransferExecutionService - Transfer execution service started with 2 max concurrent transfers
10:39:56.141 [main] INFO  d.m.q.a.s.TransferExecutionService - Shutting down transfer execution service...
10:39:56.142 [vert.x-worker-thread-0] INFO  d.m.q.transfer.SimpleTransferEngine - Shutting down transfer engine; cancelling 0 running transfer(s)
10:39:56.142 [vert.x-worker-thread-0] INFO  d.m.q.transfer.SimpleTransferEngine - Transfer engine shutdown completed
10:39:56.142 [vert.x-eventloop-thread-0] INFO  d.m.q.a.s.TransferExecutionService - Closing internally managed Vert.x instance for TransferExecutionService
10:39:56.149 [vert.x-eventloop-thread-45] INFO  d.m.q.a.s.TransferExecutionService - Internally managed Vert.x instance closed for TransferExecutionService
10:40:26.180 [main] INFO  d.m.quorus.agent.config.AgentConfig - Loaded configuration from quorus-agent.properties
10:40:26.180 [main] INFO  d.m.quorus.agent.config.AgentConfig - === Quorus Agent Configuration ===
10:40:26.180 [main] WARN  d.m.quorus.agent.config.AgentConfig - Agent ID not configured, derived from hostname: agent-NUC10A
10:40:26.180 [main] INFO  d.m.quorus.agent.config.AgentConfig -   Agent ID:             agent-NUC10A
10:40:26.180 [main] WARN  d.m.quorus.agent.config.AgentConfig -   Tenant ID:            NOT CONFIGURED
10:40:26.180 [main] INFO  d.m.quorus.agent.config.AgentConfig -   Agent Port:           8080
10:40:26.180 [main] INFO  d.m.quorus.agent.config.AgentConfig -   Controller URL:       https://localhost:8080/api/v1
10:40:26.181 [main] INFO  d.m.quorus.agent.config.AgentConfig -   Region:               default
10:40:26.181 [main] INFO  d.m.quorus.agent.config.AgentConfig -   Datacenter:           default
10:40:26.181 [main] INFO  d.m.quorus.agent.config.AgentConfig -   Supported Protocols:  HTTP,HTTPS
10:40:26.181 [main] INFO  d.m.quorus.agent.config.AgentConfig -   Version:              1.0.0
10:40:26.181 [main] INFO  d.m.quorus.agent.config.AgentConfig -   --- Transfer ---
10:40:26.181 [main] INFO  d.m.quorus.agent.config.AgentConfig -   Max Concurrent:       5
10:40:26.181 [main] INFO  d.m.quorus.agent.config.AgentConfig -   --- Heartbeat ---
10:40:26.181 [main] INFO  d.m.quorus.agent.config.AgentConfig -   Interval:             30000ms
10:40:26.181 [main] INFO  d.m.quorus.agent.config.AgentConfig -   --- Job Polling ---
10:40:26.181 [main] INFO  d.m.quorus.agent.config.AgentConfig -   Initial Delay:        5000ms
10:40:26.181 [main] INFO  d.m.quorus.agent.config.AgentConfig -   Poll Interval:        10000ms
10:40:26.181 [main] INFO  d.m.quorus.agent.config.AgentConfig -   --- Security ---
10:40:26.181 [main] INFO  d.m.quorus.agent.config.AgentConfig -   Foreign Assignment Threshold: 1
10:40:26.181 [main] INFO  d.m.quorus.agent.config.AgentConfig -   --- Telemetry ---
10:40:26.181 [main] INFO  d.m.quorus.agent.config.AgentConfig -   Enabled:              true
10:40:26.181 [main] INFO  d.m.quorus.agent.config.AgentConfig -   Prometheus Port:      9465
10:40:26.181 [main] INFO  d.m.quorus.agent.config.AgentConfig -   OTLP Endpoint:        http://localhost:4317
10:40:26.181 [main] INFO  d.m.quorus.agent.config.AgentConfig - ==================================
10:40:26.181 [main] DEBUG d.m.quorus.protocol.ProtocolFactory - Initializing ProtocolFactory
10:40:26.181 [main] DEBUG d.m.quorus.protocol.ProtocolFactory - Registering default transfer protocols
10:40:26.181 [main] DEBUG d.m.quorus.protocol.ProtocolFactory - Creating HttpTransferProtocol instance
10:40:26.181 [main] INFO  d.m.q.protocol.HttpTransferProtocol - HttpTransferProtocol initialized: connectTimeout=30 SECONDS, socketTimeout=60 SECONDS, maxFileSize=10737418240 bytes
10:40:26.181 [main] INFO  d.m.quorus.protocol.ProtocolFactory - Registered protocol: http
10:40:26.181 [main] DEBUG d.m.quorus.protocol.ProtocolFactory - Protocol details: name=http, class=HttpTransferProtocol, supportsResume=false, supportsPause=true
10:40:26.181 [main] INFO  d.m.quorus.protocol.ProtocolFactory - Registered protocol alias: https -> http
10:40:26.181 [main] DEBUG d.m.quorus.protocol.ProtocolFactory - Creating SmbTransferProtocol instance
10:40:26.181 [main] INFO  d.m.quorus.protocol.ProtocolFactory - Registered protocol: smb
10:40:26.181 [main] DEBUG d.m.quorus.protocol.ProtocolFactory - Protocol details: name=smb, class=SmbTransferProtocol, supportsResume=false, supportsPause=false
10:40:26.181 [main] INFO  d.m.quorus.protocol.ProtocolFactory - Registered protocol alias: cifs -> smb
10:40:26.181 [main] DEBUG d.m.quorus.protocol.ProtocolFactory - Creating FtpTransferProtocol instance
10:40:26.181 [main] INFO  d.m.quorus.protocol.ProtocolFactory - Registered protocol: ftp
10:40:26.181 [main] DEBUG d.m.quorus.protocol.ProtocolFactory - Protocol details: name=ftp, class=FtpTransferProtocol, supportsResume=false, supportsPause=false
10:40:26.181 [main] INFO  d.m.quorus.protocol.ProtocolFactory - Registered protocol alias: ftps -> ftp
10:40:26.181 [main] DEBUG d.m.quorus.protocol.ProtocolFactory - Creating SftpTransferProtocol instance
10:40:26.181 [main] INFO  d.m.quorus.protocol.ProtocolFactory - Registered protocol: sftp
10:40:26.181 [main] DEBUG d.m.quorus.protocol.ProtocolFactory - Protocol details: name=sftp, class=SftpTransferProtocol, supportsResume=false, supportsPause=false
10:40:26.181 [main] DEBUG d.m.quorus.protocol.ProtocolFactory - Creating NfsTransferProtocol instance
10:40:26.181 [main] DEBUG d.m.q.protocol.NfsTransferProtocol - NfsTransferProtocol initialized with mountRoot=C:\nfs
10:40:26.181 [main] INFO  d.m.quorus.protocol.ProtocolFactory - Registered protocol: nfs
10:40:26.181 [main] DEBUG d.m.quorus.protocol.ProtocolFactory - Protocol details: name=nfs, class=NfsTransferProtocol, supportsResume=false, supportsPause=false
10:40:26.181 [main] INFO  d.m.quorus.protocol.ProtocolFactory - Registered default transfer protocols: count=8, schemes=ftps, ftp, http, smb, sftp, nfs, https, cifs
10:40:26.181 [main] INFO  d.m.q.transfer.SimpleTransferEngine - SimpleTransferEngine initialized: maxConcurrent=2, maxRetries=3, retryDelay=1000ms
10:40:26.181 [main] INFO  d.m.q.a.s.TransferExecutionService - TransferExecutionService initialized (Vert.x reactive mode)
10:40:26.181 [main] INFO  d.m.q.a.s.TransferExecutionService - Transfer execution service started with 2 max concurrent transfers
10:40:26.181 [main] INFO  d.m.q.a.s.TransferExecutionService - Shutting down transfer execution service...
10:40:26.181 [vert.x-worker-thread-0] INFO  d.m.q.transfer.SimpleTransferEngine - Shutting down transfer engine; cancelling 0 running transfer(s)
10:40:26.181 [vert.x-worker-thread-0] INFO  d.m.q.transfer.SimpleTransferEngine - Transfer engine shutdown completed
10:40:26.183 [vert.x-eventloop-thread-0] INFO  d.m.q.a.s.TransferExecutionService - Transfer execution service shutdown complete
[ERROR] Tests run: 2, Failures: 0, Errors: 1, Skipped: 0, Time elapsed: 30.11 s <<< FAILURE! -- in dev.mars.quorus.agent.service.TransferExecutionServiceTest
[ERROR] dev.mars.quorus.agent.service.TransferExecutionServiceTest.testDeprecatedConstructorClosesOwnedVertx(VertxTestContext) -- Time elapsed: 30.06 s <<< ERROR!
java.util.concurrent.TimeoutException: 
The test execution timed out. Make sure your asynchronous code includes calls to either VertxTestContext#completeNow(), VertxTestContext#failNow() or Checkpoint#flag()

Unsatisfied checkpoints diagnostics:

	at io.vertx.junit5.VertxExtension.joinActiveTestContexts(VertxExtension.java:216)
	at io.vertx.junit5.VertxExtension.interceptTestMethod(VertxExtension.java:143)
	at java.base/java.util.ArrayList.forEach(ArrayList.java:1612)
	at java.base/java.util.ArrayList.forEach(ArrayList.java:1612)

[INFO] 
[INFO] Results:
[INFO] 
[ERROR] Errors: 
[ERROR]   TransferExecutionServiceTest.testDeprecatedConstructorClosesOwnedVertx(VertxTestContext) » Timeout The test execution timed out. Make sure your asynchronous code includes calls to either VertxTestContext#completeNow(), VertxTestContext#failNow() or Checkpoint#flag()

Unsatisfied checkpoints diagnostics:

[INFO] 
[ERROR] Tests run: 54, Failures: 0, Errors: 1, Skipped: 0
[INFO] 
[INFO] 
[INFO] ----------------< dev.mars:quorus-integration-examples >----------------
[INFO] Building Quorus Integration Examples 1.0-SNAPSHOT                  [4/4]
[INFO]   from C:\Users\mraysmit\dev\idea-projects\quorus\quorus-integration-examples\pom.xml
[INFO] --------------------------------[ jar ]---------------------------------
[INFO] 
[INFO] --- jacoco:0.8.15:prepare-agent (prepare-agent) @ quorus-integration-examples ---
[INFO] Skipping JaCoCo execution because property jacoco.skip is set.
[INFO] argLine set to empty
[INFO] 
[INFO] --- resources:3.3.1:resources (default-resources) @ quorus-integration-examples ---
[INFO] Copying 6 resources from src\main\resources to target\classes
[INFO] 
[INFO] --- compiler:3.13.0:compile (default-compile) @ quorus-integration-examples ---
[INFO] Nothing to compile - all classes are up to date.
[INFO] 
[INFO] --- resources:3.3.1:testResources (default-testResources) @ quorus-integration-examples ---
[INFO] Copying 1 resource from src\test\resources to target\test-classes
[INFO] 
[INFO] --- compiler:3.13.0:testCompile (default-testCompile) @ quorus-integration-examples ---
[INFO] Nothing to compile - all classes are up to date.
[INFO] 
[INFO] --- surefire:3.2.2:test (default-test) @ quorus-integration-examples ---
[INFO] Using auto detected provider org.apache.maven.surefire.junitplatform.JUnitPlatformProvider
[INFO] 
[INFO] -------------------------------------------------------
[INFO]  T E S T S
[INFO] -------------------------------------------------------
[INFO] Running dev.mars.quorus.examples.IntegrationTestSuite
10:40:28.106 [main] DEBUG d.m.quorus.protocol.ProtocolFactory - Initializing ProtocolFactory
10:40:28.109 [main] DEBUG d.m.quorus.protocol.ProtocolFactory - Registering default transfer protocols
10:40:28.109 [main] DEBUG d.m.quorus.protocol.ProtocolFactory - Creating HttpTransferProtocol instance
10:40:28.111 [main] INFO  d.m.q.protocol.HttpTransferProtocol - HttpTransferProtocol initialized: connectTimeout=30 SECONDS, socketTimeout=60 SECONDS, maxFileSize=10737418240 bytes
10:40:28.113 [main] INFO  d.m.quorus.protocol.ProtocolFactory - Registered protocol: http
10:40:28.113 [main] DEBUG d.m.quorus.protocol.ProtocolFactory - Protocol details: name=http, class=HttpTransferProtocol, supportsResume=false, supportsPause=true
10:40:28.114 [main] INFO  d.m.quorus.protocol.ProtocolFactory - Registered protocol alias: https -> http
10:40:28.114 [main] DEBUG d.m.quorus.protocol.ProtocolFactory - Creating SmbTransferProtocol instance
10:40:28.114 [main] INFO  d.m.quorus.protocol.ProtocolFactory - Registered protocol: smb
10:40:28.114 [main] DEBUG d.m.quorus.protocol.ProtocolFactory - Protocol details: name=smb, class=SmbTransferProtocol, supportsResume=false, supportsPause=false
10:40:28.114 [main] INFO  d.m.quorus.protocol.ProtocolFactory - Registered protocol alias: cifs -> smb
10:40:28.114 [main] DEBUG d.m.quorus.protocol.ProtocolFactory - Creating FtpTransferProtocol instance
10:40:28.115 [main] INFO  d.m.quorus.protocol.ProtocolFactory - Registered protocol: ftp
10:40:28.115 [main] DEBUG d.m.quorus.protocol.ProtocolFactory - Protocol details: name=ftp, class=FtpTransferProtocol, supportsResume=false, supportsPause=false
10:40:28.115 [main] INFO  d.m.quorus.protocol.ProtocolFactory - Registered protocol alias: ftps -> ftp
10:40:28.115 [main] DEBUG d.m.quorus.protocol.ProtocolFactory - Creating SftpTransferProtocol instance
10:40:28.116 [main] INFO  d.m.quorus.protocol.ProtocolFactory - Registered protocol: sftp
10:40:28.116 [main] DEBUG d.m.quorus.protocol.ProtocolFactory - Protocol details: name=sftp, class=SftpTransferProtocol, supportsResume=false, supportsPause=false
10:40:28.116 [main] DEBUG d.m.quorus.protocol.ProtocolFactory - Creating NfsTransferProtocol instance
10:40:28.117 [main] DEBUG d.m.q.protocol.NfsTransferProtocol - NfsTransferProtocol initialized with mountRoot=C:\nfs
10:40:28.117 [main] INFO  d.m.quorus.protocol.ProtocolFactory - Registered protocol: nfs
10:40:28.117 [main] DEBUG d.m.quorus.protocol.ProtocolFactory - Protocol details: name=nfs, class=NfsTransferProtocol, supportsResume=false, supportsPause=false
10:40:28.117 [main] INFO  d.m.quorus.protocol.ProtocolFactory - Registered default transfer protocols: count=8, schemes=ftps, ftp, http, smb, sftp, nfs, https, cifs
10:40:28.128 [main] INFO  d.m.q.t.o.TransferTelemetryMetrics - TransferTelemetryMetrics initialized
10:40:28.128 [main] INFO  d.m.q.transfer.SimpleTransferEngine - SimpleTransferEngine initialized: maxConcurrent=10, maxRetries=4, retryDelay=1000ms
10:40:28.129 [main] INFO  d.m.q.t.observability.TenantMetrics - TenantMetrics initialized
10:40:28.132 [main] INFO  d.m.q.w.o.WorkflowMetrics - WorkflowMetrics initialized
10:40:28.150 [main] INFO  d.m.q.workflow.SimpleWorkflowEngine - SimpleWorkflowEngine initialized (reactive mode)
10:40:28.150 [main] DEBUG d.m.quorus.protocol.ProtocolFactory - Initializing ProtocolFactory
10:40:28.150 [main] DEBUG d.m.quorus.protocol.ProtocolFactory - Registering default transfer protocols
10:40:28.150 [main] DEBUG d.m.quorus.protocol.ProtocolFactory - Creating HttpTransferProtocol instance
10:40:28.150 [main] INFO  d.m.q.protocol.HttpTransferProtocol - HttpTransferProtocol initialized: connectTimeout=30 SECONDS, socketTimeout=60 SECONDS, maxFileSize=10737418240 bytes
10:40:28.150 [main] INFO  d.m.quorus.protocol.ProtocolFactory - Registered protocol: http
10:40:28.150 [main] DEBUG d.m.quorus.protocol.ProtocolFactory - Protocol details: name=http, class=HttpTransferProtocol, supportsResume=false, supportsPause=true
10:40:28.151 [main] INFO  d.m.quorus.protocol.ProtocolFactory - Registered protocol alias: https -> http
10:40:28.151 [main] DEBUG d.m.quorus.protocol.ProtocolFactory - Creating SmbTransferProtocol instance
10:40:28.151 [main] INFO  d.m.quorus.protocol.ProtocolFactory - Registered protocol: smb
10:40:28.151 [main] DEBUG d.m.quorus.protocol.ProtocolFactory - Protocol details: name=smb, class=SmbTransferProtocol, supportsResume=false, supportsPause=false
10:40:28.151 [main] INFO  d.m.quorus.protocol.ProtocolFactory - Registered protocol alias: cifs -> smb
10:40:28.151 [main] DEBUG d.m.quorus.protocol.ProtocolFactory - Creating FtpTransferProtocol instance
10:40:28.151 [main] INFO  d.m.quorus.protocol.ProtocolFactory - Registered protocol: ftp
10:40:28.151 [main] DEBUG d.m.quorus.protocol.ProtocolFactory - Protocol details: name=ftp, class=FtpTransferProtocol, supportsResume=false, supportsPause=false
10:40:28.151 [main] INFO  d.m.quorus.protocol.ProtocolFactory - Registered protocol alias: ftps -> ftp
10:40:28.151 [main] DEBUG d.m.quorus.protocol.ProtocolFactory - Creating SftpTransferProtocol instance
10:40:28.151 [main] INFO  d.m.quorus.protocol.ProtocolFactory - Registered protocol: sftp
10:40:28.151 [main] DEBUG d.m.quorus.protocol.ProtocolFactory - Protocol details: name=sftp, class=SftpTransferProtocol, supportsResume=false, supportsPause=false
10:40:28.151 [main] DEBUG d.m.quorus.protocol.ProtocolFactory - Creating NfsTransferProtocol instance
10:40:28.151 [main] DEBUG d.m.q.protocol.NfsTransferProtocol - NfsTransferProtocol initialized with mountRoot=C:\nfs
10:40:28.151 [main] INFO  d.m.quorus.protocol.ProtocolFactory - Registered protocol: nfs
10:40:28.151 [main] DEBUG d.m.quorus.protocol.ProtocolFactory - Protocol details: name=nfs, class=NfsTransferProtocol, supportsResume=false, supportsPause=false
10:40:28.151 [main] INFO  d.m.quorus.protocol.ProtocolFactory - Registered default transfer protocols: count=8, schemes=ftps, ftp, http, smb, sftp, nfs, https, cifs
10:40:28.157 [main] INFO  d.m.q.t.service.SimpleTenantService - Created tenant: root-org (Root Organization)
10:40:28.160 [main] INFO  d.m.q.t.service.SimpleTenantService - Updated configuration for tenant: root-org
10:40:28.161 [main] INFO  d.m.q.t.service.SimpleTenantService - Created tenant: dept (Department)
10:40:28.161 [main] INFO  d.m.q.t.service.SimpleTenantService - Updated configuration for tenant: dept
10:40:28.161 [main] INFO  d.m.q.t.service.SimpleTenantService - Created tenant: team (Team)
10:40:28.227 [main] DEBUG d.m.quorus.protocol.ProtocolFactory - Initializing ProtocolFactory
10:40:28.227 [main] DEBUG d.m.quorus.protocol.ProtocolFactory - Registering default transfer protocols
10:40:28.227 [main] DEBUG d.m.quorus.protocol.ProtocolFactory - Creating HttpTransferProtocol instance
10:40:28.227 [main] INFO  d.m.q.protocol.HttpTransferProtocol - HttpTransferProtocol initialized: connectTimeout=30 SECONDS, socketTimeout=60 SECONDS, maxFileSize=10737418240 bytes
10:40:28.227 [main] INFO  d.m.quorus.protocol.ProtocolFactory - Registered protocol: http
10:40:28.227 [main] DEBUG d.m.quorus.protocol.ProtocolFactory - Protocol details: name=http, class=HttpTransferProtocol, supportsResume=false, supportsPause=true
10:40:28.227 [main] INFO  d.m.quorus.protocol.ProtocolFactory - Registered protocol alias: https -> http
10:40:28.227 [main] DEBUG d.m.quorus.protocol.ProtocolFactory - Creating SmbTransferProtocol instance
10:40:28.228 [main] INFO  d.m.quorus.protocol.ProtocolFactory - Registered protocol: smb
10:40:28.228 [main] DEBUG d.m.quorus.protocol.ProtocolFactory - Protocol details: name=smb, class=SmbTransferProtocol, supportsResume=false, supportsPause=false
10:40:28.228 [main] INFO  d.m.quorus.protocol.ProtocolFactory - Registered protocol alias: cifs -> smb
10:40:28.228 [main] DEBUG d.m.quorus.protocol.ProtocolFactory - Creating FtpTransferProtocol instance
10:40:28.228 [main] INFO  d.m.quorus.protocol.ProtocolFactory - Registered protocol: ftp
10:40:28.228 [main] DEBUG d.m.quorus.protocol.ProtocolFactory - Protocol details: name=ftp, class=FtpTransferProtocol, supportsResume=false, supportsPause=false
10:40:28.228 [main] INFO  d.m.quorus.protocol.ProtocolFactory - Registered protocol alias: ftps -> ftp
10:40:28.228 [main] DEBUG d.m.quorus.protocol.ProtocolFactory - Creating SftpTransferProtocol instance
10:40:28.228 [main] INFO  d.m.quorus.protocol.ProtocolFactory - Registered protocol: sftp
10:40:28.228 [main] DEBUG d.m.quorus.protocol.ProtocolFactory - Protocol details: name=sftp, class=SftpTransferProtocol, supportsResume=false, supportsPause=false
10:40:28.228 [main] DEBUG d.m.quorus.protocol.ProtocolFactory - Creating NfsTransferProtocol instance
10:40:28.228 [main] DEBUG d.m.q.protocol.NfsTransferProtocol - NfsTransferProtocol initialized with mountRoot=C:\nfs
10:40:28.229 [main] INFO  d.m.quorus.protocol.ProtocolFactory - Registered protocol: nfs
10:40:28.229 [main] DEBUG d.m.quorus.protocol.ProtocolFactory - Protocol details: name=nfs, class=NfsTransferProtocol, supportsResume=false, supportsPause=false
10:40:28.229 [main] INFO  d.m.quorus.protocol.ProtocolFactory - Registered default transfer protocols: count=8, schemes=ftps, ftp, http, smb, sftp, nfs, https, cifs
10:40:28.229 [main] INFO  d.m.q.transfer.SimpleTransferEngine - SimpleTransferEngine initialized: maxConcurrent=10, maxRetries=4, retryDelay=1000ms
10:40:28.229 [main] INFO  d.m.q.workflow.SimpleWorkflowEngine - SimpleWorkflowEngine initialized (reactive mode)
10:40:28.229 [main] DEBUG d.m.quorus.protocol.ProtocolFactory - Initializing ProtocolFactory
10:40:28.229 [main] DEBUG d.m.quorus.protocol.ProtocolFactory - Registering default transfer protocols
10:40:28.229 [main] DEBUG d.m.quorus.protocol.ProtocolFactory - Creating HttpTransferProtocol instance
10:40:28.229 [main] INFO  d.m.q.protocol.HttpTransferProtocol - HttpTransferProtocol initialized: connectTimeout=30 SECONDS, socketTimeout=60 SECONDS, maxFileSize=10737418240 bytes
10:40:28.229 [main] INFO  d.m.quorus.protocol.ProtocolFactory - Registered protocol: http
10:40:28.229 [main] DEBUG d.m.quorus.protocol.ProtocolFactory - Protocol details: name=http, class=HttpTransferProtocol, supportsResume=false, supportsPause=true
10:40:28.229 [main] INFO  d.m.quorus.protocol.ProtocolFactory - Registered protocol alias: https -> http
10:40:28.229 [main] DEBUG d.m.quorus.protocol.ProtocolFactory - Creating SmbTransferProtocol instance
10:40:28.229 [main] INFO  d.m.quorus.protocol.ProtocolFactory - Registered protocol: smb
10:40:28.229 [main] DEBUG d.m.quorus.protocol.ProtocolFactory - Protocol details: name=smb, class=SmbTransferProtocol, supportsResume=false, supportsPause=false
10:40:28.230 [main] INFO  d.m.quorus.protocol.ProtocolFactory - Registered protocol alias: cifs -> smb
10:40:28.230 [main] DEBUG d.m.quorus.protocol.ProtocolFactory - Creating FtpTransferProtocol instance
10:40:28.230 [main] INFO  d.m.quorus.protocol.ProtocolFactory - Registered protocol: ftp
10:40:28.230 [main] DEBUG d.m.quorus.protocol.ProtocolFactory - Protocol details: name=ftp, class=FtpTransferProtocol, supportsResume=false, supportsPause=false
10:40:28.230 [main] INFO  d.m.quorus.protocol.ProtocolFactory - Registered protocol alias: ftps -> ftp
10:40:28.230 [main] DEBUG d.m.quorus.protocol.ProtocolFactory - Creating SftpTransferProtocol instance
10:40:28.230 [main] INFO  d.m.quorus.protocol.ProtocolFactory - Registered protocol: sftp
10:40:28.230 [main] DEBUG d.m.quorus.protocol.ProtocolFactory - Protocol details: name=sftp, class=SftpTransferProtocol, supportsResume=false, supportsPause=false
10:40:28.230 [main] DEBUG d.m.quorus.protocol.ProtocolFactory - Creating NfsTransferProtocol instance
10:40:28.230 [main] DEBUG d.m.q.protocol.NfsTransferProtocol - NfsTransferProtocol initialized with mountRoot=C:\nfs
10:40:28.230 [main] INFO  d.m.quorus.protocol.ProtocolFactory - Registered protocol: nfs
10:40:28.230 [main] DEBUG d.m.quorus.protocol.ProtocolFactory - Protocol details: name=nfs, class=NfsTransferProtocol, supportsResume=false, supportsPause=false
10:40:28.230 [main] INFO  d.m.quorus.protocol.ProtocolFactory - Registered default transfer protocols: count=8, schemes=ftps, ftp, http, smb, sftp, nfs, https, cifs
10:40:28.231 [main] INFO  d.m.q.t.service.SimpleTenantService - Created tenant: limited-tenant (Limited Tenant)
10:40:28.231 [main] INFO  d.m.q.t.service.SimpleTenantService - Updated configuration for tenant: limited-tenant
10:40:28.264 [main] DEBUG d.m.quorus.protocol.ProtocolFactory - Initializing ProtocolFactory
10:40:28.264 [main] DEBUG d.m.quorus.protocol.ProtocolFactory - Registering default transfer protocols
10:40:28.264 [main] DEBUG d.m.quorus.protocol.ProtocolFactory - Creating HttpTransferProtocol instance
10:40:28.264 [main] INFO  d.m.q.protocol.HttpTransferProtocol - HttpTransferProtocol initialized: connectTimeout=30 SECONDS, socketTimeout=60 SECONDS, maxFileSize=10737418240 bytes
10:40:28.264 [main] INFO  d.m.quorus.protocol.ProtocolFactory - Registered protocol: http
10:40:28.264 [main] DEBUG d.m.quorus.protocol.ProtocolFactory - Protocol details: name=http, class=HttpTransferProtocol, supportsResume=false, supportsPause=true
10:40:28.264 [main] INFO  d.m.quorus.protocol.ProtocolFactory - Registered protocol alias: https -> http
10:40:28.264 [main] DEBUG d.m.quorus.protocol.ProtocolFactory - Creating SmbTransferProtocol instance
10:40:28.264 [main] INFO  d.m.quorus.protocol.ProtocolFactory - Registered protocol: smb
10:40:28.264 [main] DEBUG d.m.quorus.protocol.ProtocolFactory - Protocol details: name=smb, class=SmbTransferProtocol, supportsResume=false, supportsPause=false
10:40:28.264 [main] INFO  d.m.quorus.protocol.ProtocolFactory - Registered protocol alias: cifs -> smb
10:40:28.264 [main] DEBUG d.m.quorus.protocol.ProtocolFactory - Creating FtpTransferProtocol instance
10:40:28.264 [main] INFO  d.m.quorus.protocol.ProtocolFactory - Registered protocol: ftp
10:40:28.264 [main] DEBUG d.m.quorus.protocol.ProtocolFactory - Protocol details: name=ftp, class=FtpTransferProtocol, supportsResume=false, supportsPause=false
10:40:28.265 [main] INFO  d.m.quorus.protocol.ProtocolFactory - Registered protocol alias: ftps -> ftp
10:40:28.265 [main] DEBUG d.m.quorus.protocol.ProtocolFactory - Creating SftpTransferProtocol instance
10:40:28.265 [main] INFO  d.m.quorus.protocol.ProtocolFactory - Registered protocol: sftp
10:40:28.265 [main] DEBUG d.m.quorus.protocol.ProtocolFactory - Protocol details: name=sftp, class=SftpTransferProtocol, supportsResume=false, supportsPause=false
10:40:28.265 [main] DEBUG d.m.quorus.protocol.ProtocolFactory - Creating NfsTransferProtocol instance
10:40:28.265 [main] DEBUG d.m.q.protocol.NfsTransferProtocol - NfsTransferProtocol initialized with mountRoot=C:\nfs
10:40:28.265 [main] INFO  d.m.quorus.protocol.ProtocolFactory - Registered protocol: nfs
10:40:28.265 [main] DEBUG d.m.quorus.protocol.ProtocolFactory - Protocol details: name=nfs, class=NfsTransferProtocol, supportsResume=false, supportsPause=false
10:40:28.265 [main] INFO  d.m.quorus.protocol.ProtocolFactory - Registered default transfer protocols: count=8, schemes=ftps, ftp, http, smb, sftp, nfs, https, cifs
10:40:28.265 [main] INFO  d.m.q.transfer.SimpleTransferEngine - SimpleTransferEngine initialized: maxConcurrent=10, maxRetries=4, retryDelay=1000ms
10:40:28.265 [main] INFO  d.m.q.workflow.SimpleWorkflowEngine - SimpleWorkflowEngine initialized (reactive mode)
10:40:28.265 [main] DEBUG d.m.quorus.protocol.ProtocolFactory - Initializing ProtocolFactory
10:40:28.265 [main] DEBUG d.m.quorus.protocol.ProtocolFactory - Registering default transfer protocols
10:40:28.266 [main] DEBUG d.m.quorus.protocol.ProtocolFactory - Creating HttpTransferProtocol instance
10:40:28.266 [main] INFO  d.m.q.protocol.HttpTransferProtocol - HttpTransferProtocol initialized: connectTimeout=30 SECONDS, socketTimeout=60 SECONDS, maxFileSize=10737418240 bytes
10:40:28.266 [main] INFO  d.m.quorus.protocol.ProtocolFactory - Registered protocol: http
10:40:28.266 [main] DEBUG d.m.quorus.protocol.ProtocolFactory - Protocol details: name=http, class=HttpTransferProtocol, supportsResume=false, supportsPause=true
10:40:28.266 [main] INFO  d.m.quorus.protocol.ProtocolFactory - Registered protocol alias: https -> http
10:40:28.266 [main] DEBUG d.m.quorus.protocol.ProtocolFactory - Creating SmbTransferProtocol instance
10:40:28.266 [main] INFO  d.m.quorus.protocol.ProtocolFactory - Registered protocol: smb
10:40:28.266 [main] DEBUG d.m.quorus.protocol.ProtocolFactory - Protocol details: name=smb, class=SmbTransferProtocol, supportsResume=false, supportsPause=false
10:40:28.266 [main] INFO  d.m.quorus.protocol.ProtocolFactory - Registered protocol alias: cifs -> smb
10:40:28.266 [main] DEBUG d.m.quorus.protocol.ProtocolFactory - Creating FtpTransferProtocol instance
10:40:28.266 [main] INFO  d.m.quorus.protocol.ProtocolFactory - Registered protocol: ftp
10:40:28.266 [main] DEBUG d.m.quorus.protocol.ProtocolFactory - Protocol details: name=ftp, class=FtpTransferProtocol, supportsResume=false, supportsPause=false
10:40:28.266 [main] INFO  d.m.quorus.protocol.ProtocolFactory - Registered protocol alias: ftps -> ftp
10:40:28.267 [main] DEBUG d.m.quorus.protocol.ProtocolFactory - Creating SftpTransferProtocol instance
10:40:28.267 [main] INFO  d.m.quorus.protocol.ProtocolFactory - Registered protocol: sftp
10:40:28.267 [main] DEBUG d.m.quorus.protocol.ProtocolFactory - Protocol details: name=sftp, class=SftpTransferProtocol, supportsResume=false, supportsPause=false
10:40:28.267 [main] DEBUG d.m.quorus.protocol.ProtocolFactory - Creating NfsTransferProtocol instance
10:40:28.267 [main] DEBUG d.m.q.protocol.NfsTransferProtocol - NfsTransferProtocol initialized with mountRoot=C:\nfs
10:40:28.267 [main] INFO  d.m.quorus.protocol.ProtocolFactory - Registered protocol: nfs
10:40:28.267 [main] DEBUG d.m.quorus.protocol.ProtocolFactory - Protocol details: name=nfs, class=NfsTransferProtocol, supportsResume=false, supportsPause=false
10:40:28.267 [main] INFO  d.m.quorus.protocol.ProtocolFactory - Registered default transfer protocols: count=8, schemes=ftps, ftp, http, smb, sftp, nfs, https, cifs
10:40:28.316 [main] DEBUG d.m.quorus.protocol.ProtocolFactory - Initializing ProtocolFactory
10:40:28.316 [main] DEBUG d.m.quorus.protocol.ProtocolFactory - Registering default transfer protocols
10:40:28.316 [main] DEBUG d.m.quorus.protocol.ProtocolFactory - Creating HttpTransferProtocol instance
10:40:28.317 [main] INFO  d.m.q.protocol.HttpTransferProtocol - HttpTransferProtocol initialized: connectTimeout=30 SECONDS, socketTimeout=60 SECONDS, maxFileSize=10737418240 bytes
10:40:28.317 [main] INFO  d.m.quorus.protocol.ProtocolFactory - Registered protocol: http
10:40:28.317 [main] DEBUG d.m.quorus.protocol.ProtocolFactory - Protocol details: name=http, class=HttpTransferProtocol, supportsResume=false, supportsPause=true
10:40:28.317 [main] INFO  d.m.quorus.protocol.ProtocolFactory - Registered protocol alias: https -> http
10:40:28.317 [main] DEBUG d.m.quorus.protocol.ProtocolFactory - Creating SmbTransferProtocol instance
10:40:28.317 [main] INFO  d.m.quorus.protocol.ProtocolFactory - Registered protocol: smb
10:40:28.317 [main] DEBUG d.m.quorus.protocol.ProtocolFactory - Protocol details: name=smb, class=SmbTransferProtocol, supportsResume=false, supportsPause=false
10:40:28.317 [main] INFO  d.m.quorus.protocol.ProtocolFactory - Registered protocol alias: cifs -> smb
10:40:28.317 [main] DEBUG d.m.quorus.protocol.ProtocolFactory - Creating FtpTransferProtocol instance
10:40:28.317 [main] INFO  d.m.quorus.protocol.ProtocolFactory - Registered protocol: ftp
10:40:28.317 [main] DEBUG d.m.quorus.protocol.ProtocolFactory - Protocol details: name=ftp, class=FtpTransferProtocol, supportsResume=false, supportsPause=false
10:40:28.317 [main] INFO  d.m.quorus.protocol.ProtocolFactory - Registered protocol alias: ftps -> ftp
10:40:28.317 [main] DEBUG d.m.quorus.protocol.ProtocolFactory - Creating SftpTransferProtocol instance
10:40:28.317 [main] INFO  d.m.quorus.protocol.ProtocolFactory - Registered protocol: sftp
10:40:28.317 [main] DEBUG d.m.quorus.protocol.ProtocolFactory - Protocol details: name=sftp, class=SftpTransferProtocol, supportsResume=false, supportsPause=false
10:40:28.318 [main] DEBUG d.m.quorus.protocol.ProtocolFactory - Creating NfsTransferProtocol instance
10:40:28.318 [main] DEBUG d.m.q.protocol.NfsTransferProtocol - NfsTransferProtocol initialized with mountRoot=C:\nfs
10:40:28.318 [main] INFO  d.m.quorus.protocol.ProtocolFactory - Registered protocol: nfs
10:40:28.318 [main] DEBUG d.m.quorus.protocol.ProtocolFactory - Protocol details: name=nfs, class=NfsTransferProtocol, supportsResume=false, supportsPause=false
10:40:28.318 [main] INFO  d.m.quorus.protocol.ProtocolFactory - Registered default transfer protocols: count=8, schemes=ftps, ftp, http, smb, sftp, nfs, https, cifs
10:40:28.318 [main] INFO  d.m.q.transfer.SimpleTransferEngine - SimpleTransferEngine initialized: maxConcurrent=10, maxRetries=4, retryDelay=1000ms
10:40:28.318 [main] INFO  d.m.q.workflow.SimpleWorkflowEngine - SimpleWorkflowEngine initialized (reactive mode)
10:40:28.318 [main] DEBUG d.m.quorus.protocol.ProtocolFactory - Initializing ProtocolFactory
10:40:28.318 [main] DEBUG d.m.quorus.protocol.ProtocolFactory - Registering default transfer protocols
10:40:28.319 [main] DEBUG d.m.quorus.protocol.ProtocolFactory - Creating HttpTransferProtocol instance
10:40:28.319 [main] INFO  d.m.q.protocol.HttpTransferProtocol - HttpTransferProtocol initialized: connectTimeout=30 SECONDS, socketTimeout=60 SECONDS, maxFileSize=10737418240 bytes
10:40:28.319 [main] INFO  d.m.quorus.protocol.ProtocolFactory - Registered protocol: http
10:40:28.319 [main] DEBUG d.m.quorus.protocol.ProtocolFactory - Protocol details: name=http, class=HttpTransferProtocol, supportsResume=false, supportsPause=true
10:40:28.319 [main] INFO  d.m.quorus.protocol.ProtocolFactory - Registered protocol alias: https -> http
10:40:28.319 [main] DEBUG d.m.quorus.protocol.ProtocolFactory - Creating SmbTransferProtocol instance
10:40:28.319 [main] INFO  d.m.quorus.protocol.ProtocolFactory - Registered protocol: smb
10:40:28.319 [main] DEBUG d.m.quorus.protocol.ProtocolFactory - Protocol details: name=smb, class=SmbTransferProtocol, supportsResume=false, supportsPause=false
10:40:28.319 [main] INFO  d.m.quorus.protocol.ProtocolFactory - Registered protocol alias: cifs -> smb
10:40:28.320 [main] DEBUG d.m.quorus.protocol.ProtocolFactory - Creating FtpTransferProtocol instance
10:40:28.320 [main] INFO  d.m.quorus.protocol.ProtocolFactory - Registered protocol: ftp
10:40:28.320 [main] DEBUG d.m.quorus.protocol.ProtocolFactory - Protocol details: name=ftp, class=FtpTransferProtocol, supportsResume=false, supportsPause=false
10:40:28.320 [main] INFO  d.m.quorus.protocol.ProtocolFactory - Registered protocol alias: ftps -> ftp
10:40:28.320 [main] DEBUG d.m.quorus.protocol.ProtocolFactory - Creating SftpTransferProtocol instance
10:40:28.320 [main] INFO  d.m.quorus.protocol.ProtocolFactory - Registered protocol: sftp
10:40:28.320 [main] DEBUG d.m.quorus.protocol.ProtocolFactory - Protocol details: name=sftp, class=SftpTransferProtocol, supportsResume=false, supportsPause=false
10:40:28.320 [main] DEBUG d.m.quorus.protocol.ProtocolFactory - Creating NfsTransferProtocol instance
10:40:28.320 [main] DEBUG d.m.q.protocol.NfsTransferProtocol - NfsTransferProtocol initialized with mountRoot=C:\nfs
10:40:28.320 [main] INFO  d.m.quorus.protocol.ProtocolFactory - Registered protocol: nfs
10:40:28.320 [main] DEBUG d.m.quorus.protocol.ProtocolFactory - Protocol details: name=nfs, class=NfsTransferProtocol, supportsResume=false, supportsPause=false
10:40:28.320 [main] INFO  d.m.quorus.protocol.ProtocolFactory - Registered default transfer protocols: count=8, schemes=ftps, ftp, http, smb, sftp, nfs, https, cifs
10:40:28.353 [main] DEBUG d.m.quorus.protocol.ProtocolFactory - Initializing ProtocolFactory
10:40:28.354 [main] DEBUG d.m.quorus.protocol.ProtocolFactory - Registering default transfer protocols
10:40:28.354 [main] DEBUG d.m.quorus.protocol.ProtocolFactory - Creating HttpTransferProtocol instance
10:40:28.354 [main] INFO  d.m.q.protocol.HttpTransferProtocol - HttpTransferProtocol initialized: connectTimeout=30 SECONDS, socketTimeout=60 SECONDS, maxFileSize=10737418240 bytes
10:40:28.354 [main] INFO  d.m.quorus.protocol.ProtocolFactory - Registered protocol: http
10:40:28.354 [main] DEBUG d.m.quorus.protocol.ProtocolFactory - Protocol details: name=http, class=HttpTransferProtocol, supportsResume=false, supportsPause=true
10:40:28.354 [main] INFO  d.m.quorus.protocol.ProtocolFactory - Registered protocol alias: https -> http
10:40:28.354 [main] DEBUG d.m.quorus.protocol.ProtocolFactory - Creating SmbTransferProtocol instance
10:40:28.354 [main] INFO  d.m.quorus.protocol.ProtocolFactory - Registered protocol: smb
10:40:28.354 [main] DEBUG d.m.quorus.protocol.ProtocolFactory - Protocol details: name=smb, class=SmbTransferProtocol, supportsResume=false, supportsPause=false
10:40:28.354 [main] INFO  d.m.quorus.protocol.ProtocolFactory - Registered protocol alias: cifs -> smb
10:40:28.354 [main] DEBUG d.m.quorus.protocol.ProtocolFactory - Creating FtpTransferProtocol instance
10:40:28.354 [main] INFO  d.m.quorus.protocol.ProtocolFactory - Registered protocol: ftp
10:40:28.354 [main] DEBUG d.m.quorus.protocol.ProtocolFactory - Protocol details: name=ftp, class=FtpTransferProtocol, supportsResume=false, supportsPause=false
10:40:28.354 [main] INFO  d.m.quorus.protocol.ProtocolFactory - Registered protocol alias: ftps -> ftp
10:40:28.354 [main] DEBUG d.m.quorus.protocol.ProtocolFactory - Creating SftpTransferProtocol instance
10:40:28.354 [main] INFO  d.m.quorus.protocol.ProtocolFactory - Registered protocol: sftp
10:40:28.354 [main] DEBUG d.m.quorus.protocol.ProtocolFactory - Protocol details: name=sftp, class=SftpTransferProtocol, supportsResume=false, supportsPause=false
10:40:28.354 [main] DEBUG d.m.quorus.protocol.ProtocolFactory - Creating NfsTransferProtocol instance
10:40:28.354 [main] DEBUG d.m.q.protocol.NfsTransferProtocol - NfsTransferProtocol initialized with mountRoot=C:\nfs
10:40:28.355 [main] INFO  d.m.quorus.protocol.ProtocolFactory - Registered protocol: nfs
10:40:28.355 [main] DEBUG d.m.quorus.protocol.ProtocolFactory - Protocol details: name=nfs, class=NfsTransferProtocol, supportsResume=false, supportsPause=false
10:40:28.355 [main] INFO  d.m.quorus.protocol.ProtocolFactory - Registered default transfer protocols: count=8, schemes=ftps, ftp, http, smb, sftp, nfs, https, cifs
10:40:28.355 [main] INFO  d.m.q.transfer.SimpleTransferEngine - SimpleTransferEngine initialized: maxConcurrent=10, maxRetries=4, retryDelay=1000ms
10:40:28.355 [main] INFO  d.m.q.workflow.SimpleWorkflowEngine - SimpleWorkflowEngine initialized (reactive mode)
10:40:28.355 [main] DEBUG d.m.quorus.protocol.ProtocolFactory - Initializing ProtocolFactory
10:40:28.355 [main] DEBUG d.m.quorus.protocol.ProtocolFactory - Registering default transfer protocols
10:40:28.355 [main] DEBUG d.m.quorus.protocol.ProtocolFactory - Creating HttpTransferProtocol instance
10:40:28.355 [main] INFO  d.m.q.protocol.HttpTransferProtocol - HttpTransferProtocol initialized: connectTimeout=30 SECONDS, socketTimeout=60 SECONDS, maxFileSize=10737418240 bytes
10:40:28.355 [main] INFO  d.m.quorus.protocol.ProtocolFactory - Registered protocol: http
10:40:28.355 [main] DEBUG d.m.quorus.protocol.ProtocolFactory - Protocol details: name=http, class=HttpTransferProtocol, supportsResume=false, supportsPause=true
10:40:28.355 [main] INFO  d.m.quorus.protocol.ProtocolFactory - Registered protocol alias: https -> http
10:40:28.356 [main] DEBUG d.m.quorus.protocol.ProtocolFactory - Creating SmbTransferProtocol instance
10:40:28.356 [main] INFO  d.m.quorus.protocol.ProtocolFactory - Registered protocol: smb
10:40:28.356 [main] DEBUG d.m.quorus.protocol.ProtocolFactory - Protocol details: name=smb, class=SmbTransferProtocol, supportsResume=false, supportsPause=false
10:40:28.356 [main] INFO  d.m.quorus.protocol.ProtocolFactory - Registered protocol alias: cifs -> smb
10:40:28.356 [main] DEBUG d.m.quorus.protocol.ProtocolFactory - Creating FtpTransferProtocol instance
10:40:28.356 [main] INFO  d.m.quorus.protocol.ProtocolFactory - Registered protocol: ftp
10:40:28.356 [main] DEBUG d.m.quorus.protocol.ProtocolFactory - Protocol details: name=ftp, class=FtpTransferProtocol, supportsResume=false, supportsPause=false
10:40:28.356 [main] INFO  d.m.quorus.protocol.ProtocolFactory - Registered protocol alias: ftps -> ftp
10:40:28.356 [main] DEBUG d.m.quorus.protocol.ProtocolFactory - Creating SftpTransferProtocol instance
10:40:28.356 [main] INFO  d.m.quorus.protocol.ProtocolFactory - Registered protocol: sftp
10:40:28.356 [main] DEBUG d.m.quorus.protocol.ProtocolFactory - Protocol details: name=sftp, class=SftpTransferProtocol, supportsResume=false, supportsPause=false
10:40:28.356 [main] DEBUG d.m.quorus.protocol.ProtocolFactory - Creating NfsTransferProtocol instance
10:40:28.357 [main] DEBUG d.m.q.protocol.NfsTransferProtocol - NfsTransferProtocol initialized with mountRoot=C:\nfs
10:40:28.357 [main] INFO  d.m.quorus.protocol.ProtocolFactory - Registered protocol: nfs
10:40:28.357 [main] DEBUG d.m.quorus.protocol.ProtocolFactory - Protocol details: name=nfs, class=NfsTransferProtocol, supportsResume=false, supportsPause=false
10:40:28.357 [main] INFO  d.m.quorus.protocol.ProtocolFactory - Registered default transfer protocols: count=8, schemes=ftps, ftp, http, smb, sftp, nfs, https, cifs
10:40:28.357 [main] DEBUG d.m.quorus.protocol.ProtocolFactory - Protocol found: name=http, implementation=HttpTransferProtocol
10:40:28.360 [main] DEBUG d.m.quorus.protocol.ProtocolFactory - Protocol found: name=https, implementation=HttpTransferProtocol
10:40:28.361 [main] DEBUG d.m.quorus.protocol.ProtocolFactory - Protocol found: name=smb, implementation=SmbTransferProtocol
10:40:28.361 [main] DEBUG d.m.q.protocol.SmbTransferProtocol - canHandle: checking request=test-smb-1790502028361
10:40:28.361 [main] DEBUG d.m.q.protocol.SmbTransferProtocol - canHandle: direction=DOWNLOAD (Remote -> Local)
10:40:28.361 [main] DEBUG d.m.q.protocol.SmbTransferProtocol - canHandle: DOWNLOAD - sourceScheme=smb
10:40:28.361 [main] DEBUG d.m.q.protocol.SmbTransferProtocol - canHandle: returning true for SMB download
10:40:28.361 [main] DEBUG d.m.quorus.protocol.ProtocolFactory - Protocol found: name=cifs, implementation=SmbTransferProtocol
10:40:28.361 [main] DEBUG d.m.q.protocol.SmbTransferProtocol - canHandle: checking request=test-cifs-1790502028361
10:40:28.361 [main] DEBUG d.m.q.protocol.SmbTransferProtocol - canHandle: direction=DOWNLOAD (Remote -> Local)
10:40:28.361 [main] DEBUG d.m.q.protocol.SmbTransferProtocol - canHandle: DOWNLOAD - sourceScheme=cifs
10:40:28.361 [main] DEBUG d.m.q.protocol.SmbTransferProtocol - canHandle: returning true for SMB download
10:40:28.361 [main] DEBUG d.m.quorus.protocol.ProtocolFactory - Protocol found: name=ftp, implementation=FtpTransferProtocol
10:40:28.362 [main] DEBUG d.m.q.protocol.FtpTransferProtocol - canHandle: FTP/FTPS download detected, sourceScheme=ftp
10:40:28.362 [main] DEBUG d.m.quorus.protocol.ProtocolFactory - Protocol found: name=sftp, implementation=SftpTransferProtocol
10:40:28.362 [main] DEBUG d.m.q.protocol.SftpTransferProtocol - canHandle: checking request=test-sftp-1790502028362
10:40:28.362 [main] DEBUG d.m.q.protocol.SftpTransferProtocol - canHandle: sourceScheme=sftp
10:40:28.362 [main] DEBUG d.m.q.protocol.SftpTransferProtocol - canHandle: returning true - SFTP download detected
10:40:28.398 [main] DEBUG d.m.quorus.protocol.ProtocolFactory - Initializing ProtocolFactory
10:40:28.398 [main] DEBUG d.m.quorus.protocol.ProtocolFactory - Registering default transfer protocols
10:40:28.398 [main] DEBUG d.m.quorus.protocol.ProtocolFactory - Creating HttpTransferProtocol instance
10:40:28.398 [main] INFO  d.m.q.protocol.HttpTransferProtocol - HttpTransferProtocol initialized: connectTimeout=30 SECONDS, socketTimeout=60 SECONDS, maxFileSize=10737418240 bytes
10:40:28.399 [main] INFO  d.m.quorus.protocol.ProtocolFactory - Registered protocol: http
10:40:28.399 [main] DEBUG d.m.quorus.protocol.ProtocolFactory - Protocol details: name=http, class=HttpTransferProtocol, supportsResume=false, supportsPause=true
10:40:28.399 [main] INFO  d.m.quorus.protocol.ProtocolFactory - Registered protocol alias: https -> http
10:40:28.399 [main] DEBUG d.m.quorus.protocol.ProtocolFactory - Creating SmbTransferProtocol instance
10:40:28.399 [main] INFO  d.m.quorus.protocol.ProtocolFactory - Registered protocol: smb
10:40:28.399 [main] DEBUG d.m.quorus.protocol.ProtocolFactory - Protocol details: name=smb, class=SmbTransferProtocol, supportsResume=false, supportsPause=false
10:40:28.399 [main] INFO  d.m.quorus.protocol.ProtocolFactory - Registered protocol alias: cifs -> smb
10:40:28.399 [main] DEBUG d.m.quorus.protocol.ProtocolFactory - Creating FtpTransferProtocol instance
10:40:28.399 [main] INFO  d.m.quorus.protocol.ProtocolFactory - Registered protocol: ftp
10:40:28.399 [main] DEBUG d.m.quorus.protocol.ProtocolFactory - Protocol details: name=ftp, class=FtpTransferProtocol, supportsResume=false, supportsPause=false
10:40:28.399 [main] INFO  d.m.quorus.protocol.ProtocolFactory - Registered protocol alias: ftps -> ftp
10:40:28.399 [main] DEBUG d.m.quorus.protocol.ProtocolFactory - Creating SftpTransferProtocol instance
10:40:28.399 [main] INFO  d.m.quorus.protocol.ProtocolFactory - Registered protocol: sftp
10:40:28.399 [main] DEBUG d.m.quorus.protocol.ProtocolFactory - Protocol details: name=sftp, class=SftpTransferProtocol, supportsResume=false, supportsPause=false
10:40:28.399 [main] DEBUG d.m.quorus.protocol.ProtocolFactory - Creating NfsTransferProtocol instance
10:40:28.399 [main] DEBUG d.m.q.protocol.NfsTransferProtocol - NfsTransferProtocol initialized with mountRoot=C:\nfs
10:40:28.399 [main] INFO  d.m.quorus.protocol.ProtocolFactory - Registered protocol: nfs
10:40:28.399 [main] DEBUG d.m.quorus.protocol.ProtocolFactory - Protocol details: name=nfs, class=NfsTransferProtocol, supportsResume=false, supportsPause=false
10:40:28.399 [main] INFO  d.m.quorus.protocol.ProtocolFactory - Registered default transfer protocols: count=8, schemes=ftps, ftp, http, smb, sftp, nfs, https, cifs
10:40:28.399 [main] INFO  d.m.q.transfer.SimpleTransferEngine - SimpleTransferEngine initialized: maxConcurrent=10, maxRetries=4, retryDelay=1000ms
10:40:28.399 [main] INFO  d.m.q.workflow.SimpleWorkflowEngine - SimpleWorkflowEngine initialized (reactive mode)
10:40:28.399 [main] DEBUG d.m.quorus.protocol.ProtocolFactory - Initializing ProtocolFactory
10:40:28.399 [main] DEBUG d.m.quorus.protocol.ProtocolFactory - Registering default transfer protocols
10:40:28.399 [main] DEBUG d.m.quorus.protocol.ProtocolFactory - Creating HttpTransferProtocol instance
10:40:28.399 [main] INFO  d.m.q.protocol.HttpTransferProtocol - HttpTransferProtocol initialized: connectTimeout=30 SECONDS, socketTimeout=60 SECONDS, maxFileSize=10737418240 bytes
10:40:28.399 [main] INFO  d.m.quorus.protocol.ProtocolFactory - Registered protocol: http
10:40:28.399 [main] DEBUG d.m.quorus.protocol.ProtocolFactory - Protocol details: name=http, class=HttpTransferProtocol, supportsResume=false, supportsPause=true
10:40:28.399 [main] INFO  d.m.quorus.protocol.ProtocolFactory - Registered protocol alias: https -> http
10:40:28.399 [main] DEBUG d.m.quorus.protocol.ProtocolFactory - Creating SmbTransferProtocol instance
10:40:28.399 [main] INFO  d.m.quorus.protocol.ProtocolFactory - Registered protocol: smb
10:40:28.399 [main] DEBUG d.m.quorus.protocol.ProtocolFactory - Protocol details: name=smb, class=SmbTransferProtocol, supportsResume=false, supportsPause=false
10:40:28.399 [main] INFO  d.m.quorus.protocol.ProtocolFactory - Registered protocol alias: cifs -> smb
10:40:28.399 [main] DEBUG d.m.quorus.protocol.ProtocolFactory - Creating FtpTransferProtocol instance
10:40:28.399 [main] INFO  d.m.quorus.protocol.ProtocolFactory - Registered protocol: ftp
10:40:28.399 [main] DEBUG d.m.quorus.protocol.ProtocolFactory - Protocol details: name=ftp, class=FtpTransferProtocol, supportsResume=false, supportsPause=false
10:40:28.399 [main] INFO  d.m.quorus.protocol.ProtocolFactory - Registered protocol alias: ftps -> ftp
10:40:28.399 [main] DEBUG d.m.quorus.protocol.ProtocolFactory - Creating SftpTransferProtocol instance
10:40:28.399 [main] INFO  d.m.quorus.protocol.ProtocolFactory - Registered protocol: sftp
10:40:28.399 [main] DEBUG d.m.quorus.protocol.ProtocolFactory - Protocol details: name=sftp, class=SftpTransferProtocol, supportsResume=false, supportsPause=false
10:40:28.399 [main] DEBUG d.m.quorus.protocol.ProtocolFactory - Creating NfsTransferProtocol instance
10:40:28.399 [main] DEBUG d.m.q.protocol.NfsTransferProtocol - NfsTransferProtocol initialized with mountRoot=C:\nfs
10:40:28.399 [main] INFO  d.m.quorus.protocol.ProtocolFactory - Registered protocol: nfs
10:40:28.400 [main] DEBUG d.m.quorus.protocol.ProtocolFactory - Protocol details: name=nfs, class=NfsTransferProtocol, supportsResume=false, supportsPause=false
10:40:28.400 [main] INFO  d.m.quorus.protocol.ProtocolFactory - Registered default transfer protocols: count=8, schemes=ftps, ftp, http, smb, sftp, nfs, https, cifs
10:40:28.400 [main] DEBUG d.m.quorus.protocol.ProtocolFactory - Protocol found: name=http, implementation=HttpTransferProtocol
10:40:28.400 [main] DEBUG d.m.quorus.protocol.ProtocolFactory - Protocol found: name=sftp, implementation=SftpTransferProtocol
10:40:28.430 [main] DEBUG d.m.quorus.protocol.ProtocolFactory - Initializing ProtocolFactory
10:40:28.430 [main] DEBUG d.m.quorus.protocol.ProtocolFactory - Registering default transfer protocols
10:40:28.430 [main] DEBUG d.m.quorus.protocol.ProtocolFactory - Creating HttpTransferProtocol instance
10:40:28.430 [main] INFO  d.m.q.protocol.HttpTransferProtocol - HttpTransferProtocol initialized: connectTimeout=30 SECONDS, socketTimeout=60 SECONDS, maxFileSize=10737418240 bytes
10:40:28.430 [main] INFO  d.m.quorus.protocol.ProtocolFactory - Registered protocol: http
10:40:28.430 [main] DEBUG d.m.quorus.protocol.ProtocolFactory - Protocol details: name=http, class=HttpTransferProtocol, supportsResume=false, supportsPause=true
10:40:28.430 [main] INFO  d.m.quorus.protocol.ProtocolFactory - Registered protocol alias: https -> http
10:40:28.430 [main] DEBUG d.m.quorus.protocol.ProtocolFactory - Creating SmbTransferProtocol instance
10:40:28.430 [main] INFO  d.m.quorus.protocol.ProtocolFactory - Registered protocol: smb
10:40:28.430 [main] DEBUG d.m.quorus.protocol.ProtocolFactory - Protocol details: name=smb, class=SmbTransferProtocol, supportsResume=false, supportsPause=false
10:40:28.430 [main] INFO  d.m.quorus.protocol.ProtocolFactory - Registered protocol alias: cifs -> smb
10:40:28.430 [main] DEBUG d.m.quorus.protocol.ProtocolFactory - Creating FtpTransferProtocol instance
10:40:28.430 [main] INFO  d.m.quorus.protocol.ProtocolFactory - Registered protocol: ftp
10:40:28.430 [main] DEBUG d.m.quorus.protocol.ProtocolFactory - Protocol details: name=ftp, class=FtpTransferProtocol, supportsResume=false, supportsPause=false
10:40:28.430 [main] INFO  d.m.quorus.protocol.ProtocolFactory - Registered protocol alias: ftps -> ftp
10:40:28.430 [main] DEBUG d.m.quorus.protocol.ProtocolFactory - Creating SftpTransferProtocol instance
10:40:28.430 [main] INFO  d.m.quorus.protocol.ProtocolFactory - Registered protocol: sftp
10:40:28.430 [main] DEBUG d.m.quorus.protocol.ProtocolFactory - Protocol details: name=sftp, class=SftpTransferProtocol, supportsResume=false, supportsPause=false
10:40:28.430 [main] DEBUG d.m.quorus.protocol.ProtocolFactory - Creating NfsTransferProtocol instance
10:40:28.430 [main] DEBUG d.m.q.protocol.NfsTransferProtocol - NfsTransferProtocol initialized with mountRoot=C:\nfs
10:40:28.430 [main] INFO  d.m.quorus.protocol.ProtocolFactory - Registered protocol: nfs
10:40:28.430 [main] DEBUG d.m.quorus.protocol.ProtocolFactory - Protocol details: name=nfs, class=NfsTransferProtocol, supportsResume=false, supportsPause=false
10:40:28.431 [main] INFO  d.m.quorus.protocol.ProtocolFactory - Registered default transfer protocols: count=8, schemes=ftps, ftp, http, smb, sftp, nfs, https, cifs
10:40:28.431 [main] INFO  d.m.q.transfer.SimpleTransferEngine - SimpleTransferEngine initialized: maxConcurrent=10, maxRetries=4, retryDelay=1000ms
10:40:28.431 [main] INFO  d.m.q.workflow.SimpleWorkflowEngine - SimpleWorkflowEngine initialized (reactive mode)
10:40:28.431 [main] DEBUG d.m.quorus.protocol.ProtocolFactory - Initializing ProtocolFactory
10:40:28.431 [main] DEBUG d.m.quorus.protocol.ProtocolFactory - Registering default transfer protocols
10:40:28.431 [main] DEBUG d.m.quorus.protocol.ProtocolFactory - Creating HttpTransferProtocol instance
10:40:28.431 [main] INFO  d.m.q.protocol.HttpTransferProtocol - HttpTransferProtocol initialized: connectTimeout=30 SECONDS, socketTimeout=60 SECONDS, maxFileSize=10737418240 bytes
10:40:28.431 [main] INFO  d.m.quorus.protocol.ProtocolFactory - Registered protocol: http
10:40:28.431 [main] DEBUG d.m.quorus.protocol.ProtocolFactory - Protocol details: name=http, class=HttpTransferProtocol, supportsResume=false, supportsPause=true
10:40:28.431 [main] INFO  d.m.quorus.protocol.ProtocolFactory - Registered protocol alias: https -> http
10:40:28.431 [main] DEBUG d.m.quorus.protocol.ProtocolFactory - Creating SmbTransferProtocol instance
10:40:28.431 [main] INFO  d.m.quorus.protocol.ProtocolFactory - Registered protocol: smb
10:40:28.431 [main] DEBUG d.m.quorus.protocol.ProtocolFactory - Protocol details: name=smb, class=SmbTransferProtocol, supportsResume=false, supportsPause=false
10:40:28.431 [main] INFO  d.m.quorus.protocol.ProtocolFactory - Registered protocol alias: cifs -> smb
10:40:28.431 [main] DEBUG d.m.quorus.protocol.ProtocolFactory - Creating FtpTransferProtocol instance
10:40:28.431 [main] INFO  d.m.quorus.protocol.ProtocolFactory - Registered protocol: ftp
10:40:28.431 [main] DEBUG d.m.quorus.protocol.ProtocolFactory - Protocol details: name=ftp, class=FtpTransferProtocol, supportsResume=false, supportsPause=false
10:40:28.431 [main] INFO  d.m.quorus.protocol.ProtocolFactory - Registered protocol alias: ftps -> ftp
10:40:28.431 [main] DEBUG d.m.quorus.protocol.ProtocolFactory - Creating SftpTransferProtocol instance
10:40:28.431 [main] INFO  d.m.quorus.protocol.ProtocolFactory - Registered protocol: sftp
10:40:28.431 [main] DEBUG d.m.quorus.protocol.ProtocolFactory - Protocol details: name=sftp, class=SftpTransferProtocol, supportsResume=false, supportsPause=false
10:40:28.431 [main] DEBUG d.m.quorus.protocol.ProtocolFactory - Creating NfsTransferProtocol instance
10:40:28.431 [main] DEBUG d.m.q.protocol.NfsTransferProtocol - NfsTransferProtocol initialized with mountRoot=C:\nfs
10:40:28.431 [main] INFO  d.m.quorus.protocol.ProtocolFactory - Registered protocol: nfs
10:40:28.431 [main] DEBUG d.m.quorus.protocol.ProtocolFactory - Protocol details: name=nfs, class=NfsTransferProtocol, supportsResume=false, supportsPause=false
10:40:28.431 [main] INFO  d.m.quorus.protocol.ProtocolFactory - Registered default transfer protocols: count=8, schemes=ftps, ftp, http, smb, sftp, nfs, https, cifs
10:40:28.431 [main] DEBUG d.m.quorus.protocol.ProtocolFactory - getSupportedProtocols: count=8
10:40:28.432 [main] DEBUG d.m.quorus.protocol.ProtocolFactory - Protocol found: name=http, implementation=HttpTransferProtocol
10:40:28.460 [main] DEBUG d.m.quorus.protocol.ProtocolFactory - Initializing ProtocolFactory
10:40:28.460 [main] DEBUG d.m.quorus.protocol.ProtocolFactory - Registering default transfer protocols
10:40:28.460 [main] DEBUG d.m.quorus.protocol.ProtocolFactory - Creating HttpTransferProtocol instance
10:40:28.460 [main] INFO  d.m.q.protocol.HttpTransferProtocol - HttpTransferProtocol initialized: connectTimeout=30 SECONDS, socketTimeout=60 SECONDS, maxFileSize=10737418240 bytes
10:40:28.460 [main] INFO  d.m.quorus.protocol.ProtocolFactory - Registered protocol: http
10:40:28.460 [main] DEBUG d.m.quorus.protocol.ProtocolFactory - Protocol details: name=http, class=HttpTransferProtocol, supportsResume=false, supportsPause=true
10:40:28.460 [main] INFO  d.m.quorus.protocol.ProtocolFactory - Registered protocol alias: https -> http
10:40:28.460 [main] DEBUG d.m.quorus.protocol.ProtocolFactory - Creating SmbTransferProtocol instance
10:40:28.460 [main] INFO  d.m.quorus.protocol.ProtocolFactory - Registered protocol: smb
10:40:28.460 [main] DEBUG d.m.quorus.protocol.ProtocolFactory - Protocol details: name=smb, class=SmbTransferProtocol, supportsResume=false, supportsPause=false
10:40:28.460 [main] INFO  d.m.quorus.protocol.ProtocolFactory - Registered protocol alias: cifs -> smb
10:40:28.460 [main] DEBUG d.m.quorus.protocol.ProtocolFactory - Creating FtpTransferProtocol instance
10:40:28.460 [main] INFO  d.m.quorus.protocol.ProtocolFactory - Registered protocol: ftp
10:40:28.460 [main] DEBUG d.m.quorus.protocol.ProtocolFactory - Protocol details: name=ftp, class=FtpTransferProtocol, supportsResume=false, supportsPause=false
10:40:28.460 [main] INFO  d.m.quorus.protocol.ProtocolFactory - Registered protocol alias: ftps -> ftp
10:40:28.460 [main] DEBUG d.m.quorus.protocol.ProtocolFactory - Creating SftpTransferProtocol instance
10:40:28.461 [main] INFO  d.m.quorus.protocol.ProtocolFactory - Registered protocol: sftp
10:40:28.461 [main] DEBUG d.m.quorus.protocol.ProtocolFactory - Protocol details: name=sftp, class=SftpTransferProtocol, supportsResume=false, supportsPause=false
10:40:28.461 [main] DEBUG d.m.quorus.protocol.ProtocolFactory - Creating NfsTransferProtocol instance
10:40:28.461 [main] DEBUG d.m.q.protocol.NfsTransferProtocol - NfsTransferProtocol initialized with mountRoot=C:\nfs
10:40:28.461 [main] INFO  d.m.quorus.protocol.ProtocolFactory - Registered protocol: nfs
10:40:28.461 [main] DEBUG d.m.quorus.protocol.ProtocolFactory - Protocol details: name=nfs, class=NfsTransferProtocol, supportsResume=false, supportsPause=false
10:40:28.461 [main] INFO  d.m.quorus.protocol.ProtocolFactory - Registered default transfer protocols: count=8, schemes=ftps, ftp, http, smb, sftp, nfs, https, cifs
10:40:28.461 [main] INFO  d.m.q.transfer.SimpleTransferEngine - SimpleTransferEngine initialized: maxConcurrent=10, maxRetries=4, retryDelay=1000ms
10:40:28.461 [main] INFO  d.m.q.workflow.SimpleWorkflowEngine - SimpleWorkflowEngine initialized (reactive mode)
10:40:28.461 [main] DEBUG d.m.quorus.protocol.ProtocolFactory - Initializing ProtocolFactory
10:40:28.461 [main] DEBUG d.m.quorus.protocol.ProtocolFactory - Registering default transfer protocols
10:40:28.461 [main] DEBUG d.m.quorus.protocol.ProtocolFactory - Creating HttpTransferProtocol instance
10:40:28.461 [main] INFO  d.m.q.protocol.HttpTransferProtocol - HttpTransferProtocol initialized: connectTimeout=30 SECONDS, socketTimeout=60 SECONDS, maxFileSize=10737418240 bytes
10:40:28.462 [main] INFO  d.m.quorus.protocol.ProtocolFactory - Registered protocol: http
10:40:28.462 [main] DEBUG d.m.quorus.protocol.ProtocolFactory - Protocol details: name=http, class=HttpTransferProtocol, supportsResume=false, supportsPause=true
10:40:28.462 [main] INFO  d.m.quorus.protocol.ProtocolFactory - Registered protocol alias: https -> http
10:40:28.462 [main] DEBUG d.m.quorus.protocol.ProtocolFactory - Creating SmbTransferProtocol instance
10:40:28.462 [main] INFO  d.m.quorus.protocol.ProtocolFactory - Registered protocol: smb
10:40:28.462 [main] DEBUG d.m.quorus.protocol.ProtocolFactory - Protocol details: name=smb, class=SmbTransferProtocol, supportsResume=false, supportsPause=false
10:40:28.462 [main] INFO  d.m.quorus.protocol.ProtocolFactory - Registered protocol alias: cifs -> smb
10:40:28.462 [main] DEBUG d.m.quorus.protocol.ProtocolFactory - Creating FtpTransferProtocol instance
10:40:28.462 [main] INFO  d.m.quorus.protocol.ProtocolFactory - Registered protocol: ftp
10:40:28.462 [main] DEBUG d.m.quorus.protocol.ProtocolFactory - Protocol details: name=ftp, class=FtpTransferProtocol, supportsResume=false, supportsPause=false
10:40:28.462 [main] INFO  d.m.quorus.protocol.ProtocolFactory - Registered protocol alias: ftps -> ftp
10:40:28.462 [main] DEBUG d.m.quorus.protocol.ProtocolFactory - Creating SftpTransferProtocol instance
10:40:28.462 [main] INFO  d.m.quorus.protocol.ProtocolFactory - Registered protocol: sftp
10:40:28.462 [main] DEBUG d.m.quorus.protocol.ProtocolFactory - Protocol details: name=sftp, class=SftpTransferProtocol, supportsResume=false, supportsPause=false
10:40:28.462 [main] DEBUG d.m.quorus.protocol.ProtocolFactory - Creating NfsTransferProtocol instance
10:40:28.462 [main] DEBUG d.m.q.protocol.NfsTransferProtocol - NfsTransferProtocol initialized with mountRoot=C:\nfs
10:40:28.462 [main] INFO  d.m.quorus.protocol.ProtocolFactory - Registered protocol: nfs
10:40:28.462 [main] DEBUG d.m.quorus.protocol.ProtocolFactory - Protocol details: name=nfs, class=NfsTransferProtocol, supportsResume=false, supportsPause=false
10:40:28.462 [main] INFO  d.m.quorus.protocol.ProtocolFactory - Registered default transfer protocols: count=8, schemes=ftps, ftp, http, smb, sftp, nfs, https, cifs
10:40:28.464 [main] DEBUG d.m.quorus.protocol.ProtocolFactory - getSupportedProtocols: count=8
10:40:28.464 [main] INFO  d.m.q.t.service.SimpleTenantService - Created tenant: health-check (Health Check)
10:40:28.497 [main] DEBUG d.m.quorus.protocol.ProtocolFactory - Initializing ProtocolFactory
10:40:28.497 [main] DEBUG d.m.quorus.protocol.ProtocolFactory - Registering default transfer protocols
10:40:28.497 [main] DEBUG d.m.quorus.protocol.ProtocolFactory - Creating HttpTransferProtocol instance
10:40:28.497 [main] INFO  d.m.q.protocol.HttpTransferProtocol - HttpTransferProtocol initialized: connectTimeout=30 SECONDS, socketTimeout=60 SECONDS, maxFileSize=10737418240 bytes
10:40:28.497 [main] INFO  d.m.quorus.protocol.ProtocolFactory - Registered protocol: http
10:40:28.497 [main] DEBUG d.m.quorus.protocol.ProtocolFactory - Protocol details: name=http, class=HttpTransferProtocol, supportsResume=false, supportsPause=true
10:40:28.497 [main] INFO  d.m.quorus.protocol.ProtocolFactory - Registered protocol alias: https -> http
10:40:28.497 [main] DEBUG d.m.quorus.protocol.ProtocolFactory - Creating SmbTransferProtocol instance
10:40:28.497 [main] INFO  d.m.quorus.protocol.ProtocolFactory - Registered protocol: smb
10:40:28.497 [main] DEBUG d.m.quorus.protocol.ProtocolFactory - Protocol details: name=smb, class=SmbTransferProtocol, supportsResume=false, supportsPause=false
10:40:28.497 [main] INFO  d.m.quorus.protocol.ProtocolFactory - Registered protocol alias: cifs -> smb
10:40:28.497 [main] DEBUG d.m.quorus.protocol.ProtocolFactory - Creating FtpTransferProtocol instance
10:40:28.497 [main] INFO  d.m.quorus.protocol.ProtocolFactory - Registered protocol: ftp
10:40:28.497 [main] DEBUG d.m.quorus.protocol.ProtocolFactory - Protocol details: name=ftp, class=FtpTransferProtocol, supportsResume=false, supportsPause=false
10:40:28.497 [main] INFO  d.m.quorus.protocol.ProtocolFactory - Registered protocol alias: ftps -> ftp
10:40:28.497 [main] DEBUG d.m.quorus.protocol.ProtocolFactory - Creating SftpTransferProtocol instance
10:40:28.497 [main] INFO  d.m.quorus.protocol.ProtocolFactory - Registered protocol: sftp
10:40:28.497 [main] DEBUG d.m.quorus.protocol.ProtocolFactory - Protocol details: name=sftp, class=SftpTransferProtocol, supportsResume=false, supportsPause=false
10:40:28.497 [main] DEBUG d.m.quorus.protocol.ProtocolFactory - Creating NfsTransferProtocol instance
10:40:28.497 [main] DEBUG d.m.q.protocol.NfsTransferProtocol - NfsTransferProtocol initialized with mountRoot=C:\nfs
10:40:28.497 [main] INFO  d.m.quorus.protocol.ProtocolFactory - Registered protocol: nfs
10:40:28.498 [main] DEBUG d.m.quorus.protocol.ProtocolFactory - Protocol details: name=nfs, class=NfsTransferProtocol, supportsResume=false, supportsPause=false
10:40:28.498 [main] INFO  d.m.quorus.protocol.ProtocolFactory - Registered default transfer protocols: count=8, schemes=ftps, ftp, http, smb, sftp, nfs, https, cifs
10:40:28.498 [main] INFO  d.m.q.transfer.SimpleTransferEngine - SimpleTransferEngine initialized: maxConcurrent=10, maxRetries=4, retryDelay=1000ms
10:40:28.498 [main] INFO  d.m.q.workflow.SimpleWorkflowEngine - SimpleWorkflowEngine initialized (reactive mode)
10:40:28.498 [main] DEBUG d.m.quorus.protocol.ProtocolFactory - Initializing ProtocolFactory
10:40:28.498 [main] DEBUG d.m.quorus.protocol.ProtocolFactory - Registering default transfer protocols
10:40:28.498 [main] DEBUG d.m.quorus.protocol.ProtocolFactory - Creating HttpTransferProtocol instance
10:40:28.498 [main] INFO  d.m.q.protocol.HttpTransferProtocol - HttpTransferProtocol initialized: connectTimeout=30 SECONDS, socketTimeout=60 SECONDS, maxFileSize=10737418240 bytes
10:40:28.498 [main] INFO  d.m.quorus.protocol.ProtocolFactory - Registered protocol: http
10:40:28.498 [main] DEBUG d.m.quorus.protocol.ProtocolFactory - Protocol details: name=http, class=HttpTransferProtocol, supportsResume=false, supportsPause=true
10:40:28.498 [main] INFO  d.m.quorus.protocol.ProtocolFactory - Registered protocol alias: https -> http
10:40:28.498 [main] DEBUG d.m.quorus.protocol.ProtocolFactory - Creating SmbTransferProtocol instance
10:40:28.498 [main] INFO  d.m.quorus.protocol.ProtocolFactory - Registered protocol: smb
10:40:28.498 [main] DEBUG d.m.quorus.protocol.ProtocolFactory - Protocol details: name=smb, class=SmbTransferProtocol, supportsResume=false, supportsPause=false
10:40:28.498 [main] INFO  d.m.quorus.protocol.ProtocolFactory - Registered protocol alias: cifs -> smb
10:40:28.498 [main] DEBUG d.m.quorus.protocol.ProtocolFactory - Creating FtpTransferProtocol instance
10:40:28.498 [main] INFO  d.m.quorus.protocol.ProtocolFactory - Registered protocol: ftp
10:40:28.498 [main] DEBUG d.m.quorus.protocol.ProtocolFactory - Protocol details: name=ftp, class=FtpTransferProtocol, supportsResume=false, supportsPause=false
10:40:28.498 [main] INFO  d.m.quorus.protocol.ProtocolFactory - Registered protocol alias: ftps -> ftp
10:40:28.498 [main] DEBUG d.m.quorus.protocol.ProtocolFactory - Creating SftpTransferProtocol instance
10:40:28.498 [main] INFO  d.m.quorus.protocol.ProtocolFactory - Registered protocol: sftp
10:40:28.498 [main] DEBUG d.m.quorus.protocol.ProtocolFactory - Protocol details: name=sftp, class=SftpTransferProtocol, supportsResume=false, supportsPause=false
10:40:28.498 [main] DEBUG d.m.quorus.protocol.ProtocolFactory - Creating NfsTransferProtocol instance
10:40:28.498 [main] DEBUG d.m.q.protocol.NfsTransferProtocol - NfsTransferProtocol initialized with mountRoot=C:\nfs
10:40:28.498 [main] INFO  d.m.quorus.protocol.ProtocolFactory - Registered protocol: nfs
10:40:28.498 [main] DEBUG d.m.quorus.protocol.ProtocolFactory - Protocol details: name=nfs, class=NfsTransferProtocol, supportsResume=false, supportsPause=false
10:40:28.498 [main] INFO  d.m.quorus.protocol.ProtocolFactory - Registered default transfer protocols: count=8, schemes=ftps, ftp, http, smb, sftp, nfs, https, cifs
10:40:28.498 [main] INFO  d.m.q.t.service.SimpleTenantService - Created tenant: integration-org (Integration Test Organization)
10:40:28.498 [main] INFO  d.m.q.t.service.SimpleTenantService - Created tenant: integration-dept (Integration Department)
10:40:28.499 [main] INFO  d.m.q.t.service.SimpleTenantService - Updated configuration for tenant: integration-dept
[INFO] Tests run: 9, Failures: 0, Errors: 0, Skipped: 0, Time elapsed: 0.842 s -- in dev.mars.quorus.examples.IntegrationTestSuite
[INFO] 
[INFO] Results:
[INFO] 
[INFO] Tests run: 9, Failures: 0, Errors: 0, Skipped: 0
[INFO] 
[INFO] 
[INFO] --- jacoco:0.8.15:report (report) @ quorus-integration-examples ---
[INFO] Skipping JaCoCo execution because property jacoco.skip is set.
[INFO] ------------------------------------------------------------------------
[INFO] Reactor Summary for Quorus Core 1.0-SNAPSHOT:
[INFO] 
[INFO] Quorus Core ........................................ SUCCESS [01:09 min]
[INFO] Quorus Workflow Engine ............................. SUCCESS [  2.122 s]
[INFO] Quorus Agent ....................................... FAILURE [ 42.404 s]
[INFO] Quorus Integration Examples ........................ SUCCESS [  2.397 s]
[INFO] ------------------------------------------------------------------------
[INFO] BUILD FAILURE
[INFO] ------------------------------------------------------------------------
[INFO] Total time:  01:56 min
[INFO] Finished at: 2026-09-27T10:40:28+01:00
[INFO] ------------------------------------------------------------------------
[ERROR] Failed to execute goal org.apache.maven.plugins:maven-surefire-plugin:3.2.2:test (default-test) on project quorus-agent: 
[ERROR] 
[ERROR] Please refer to C:\Users\mraysmit\dev\idea-projects\quorus\quorus-agent\target\surefire-reports for the individual test results.
[ERROR] Please refer to dump files (if any exist) [date].dump, [date]-jvmRun[N].dump and [date].dumpstream.
[ERROR] -> [Help 1]
[ERROR] 
[ERROR] To see the full stack trace of the errors, re-run Maven with the -e switch.
[ERROR] Re-run Maven using the -X switch to enable full debug logging.
[ERROR] 
[ERROR] For more information about the errors and possible solutions, please read the following articles:
[ERROR] [Help 1] http://cwiki.apache.org/confluence/display/MAVEN/MojoFailureException
[ERROR] 
[ERROR] After correcting the problems, you can resume the build with the command
[ERROR]   mvn <args> -rf :quorus-agent
