WARNING: A terminally deprecated method in sun.misc.Unsafe has been called
WARNING: sun.misc.Unsafe::staticFieldBase has been called by com.google.inject.internal.aop.HiddenClassDefiner (file:/C:/Users/mraysmit/scoop/apps/maven/current/lib/guice-5.1.0-classes.jar)
WARNING: Please consider reporting this to the maintainers of class com.google.inject.internal.aop.HiddenClassDefiner
WARNING: sun.misc.Unsafe::staticFieldBase will be removed in a future release
WARNING: Final field _cipher in class org.sonatype.plexus.components.sec.dispatcher.DefaultSecDispatcher has been mutated reflectively by class org.eclipse.sisu.bean.BeanPropertyField in unnamed module @794cb805 (file:/C:/Users/mraysmit/scoop/apps/maven/current/lib/org.eclipse.sisu.inject-0.9.0.M4.jar)
WARNING: Use --enable-final-field-mutation=ALL-UNNAMED to avoid a warning
WARNING: Mutating final fields will be blocked in a future release unless final field mutation is enabled
[INFO] Scanning for projects...
[INFO] 
[INFO] ------------------------< dev.mars:quorus-core >------------------------
[INFO] Building Quorus Core 1.0-SNAPSHOT
[INFO]   from pom.xml
[INFO] --------------------------------[ jar ]---------------------------------
[INFO] 
[INFO] --- jacoco:0.8.15:prepare-agent (prepare-agent) @ quorus-core ---
[INFO] Skipping JaCoCo execution because property jacoco.skip is set.
[INFO] argLine set to empty
[INFO] 
[INFO] --- resources:3.3.1:resources (default-resources) @ quorus-core ---
[INFO] Copying 1 resource from src\main\resources to target\classes
[INFO] 
[INFO] --- compiler:3.13.0:compile (default-compile) @ quorus-core ---
[INFO] Recompiling the module because of changed source code.
[INFO] Compiling 73 source files with javac [debug release 27] to target\classes
[INFO] /C:/Users/mraysmit/dev/idea-projects/quorus/quorus-core/src/main/java/dev/mars/quorus/protocol/FtpTransferProtocol.java: Some input files use or override a deprecated API.
[INFO] /C:/Users/mraysmit/dev/idea-projects/quorus/quorus-core/src/main/java/dev/mars/quorus/protocol/FtpTransferProtocol.java: Recompile with -Xlint:deprecation for details.
[INFO] 
[INFO] --- resources:3.3.1:testResources (default-testResources) @ quorus-core ---
[INFO] Copying 16 resources from src\test\resources to target\test-classes
[INFO] 
[INFO] --- compiler:3.13.0:testCompile (default-testCompile) @ quorus-core ---
[INFO] Recompiling the module because of changed dependency.
[INFO] Compiling 92 source files with javac [debug release 27] to target\test-classes
[INFO] /C:/Users/mraysmit/dev/idea-projects/quorus/quorus-core/src/test/java/dev/mars/quorus/connection/TlsTrustAnchorPolicyTest.java: Some input files use or override a deprecated API.
[INFO] /C:/Users/mraysmit/dev/idea-projects/quorus/quorus-core/src/test/java/dev/mars/quorus/connection/TlsTrustAnchorPolicyTest.java: Recompile with -Xlint:deprecation for details.
[INFO] 
[INFO] --- surefire:3.2.2:test (default-test) @ quorus-core ---
[INFO] Using auto detected provider org.apache.maven.surefire.junitplatform.JUnitPlatformProvider
[INFO] 
[INFO] -------------------------------------------------------
[INFO]  T E S T S
[INFO] -------------------------------------------------------
[INFO] Running dev.mars.quorus.protocol.FtpsTransferProtocolTest
10:21:55.290 [main] INFO  d.m.q.p.FtpsTransferProtocolTest - [FtpsTransferProtocolTest.testSupportsPauseReturnsFalse] Testing supportsPause() returns false
10:21:55.294 [main] INFO  d.m.q.p.FtpsTransferProtocolTest - [FtpsTransferProtocolTest.testSupportsPauseReturnsFalse] [PASS] supportsPause() is false
10:21:55.308 [main] INFO  d.m.q.p.FtpsTransferProtocolTest - [FtpsTransferProtocolTest.testCannotHandleNullRequest] Testing canHandle(null) returns false
10:21:55.309 [main] DEBUG d.m.q.protocol.FtpTransferProtocol - canHandle: request or sourceUri is null
10:21:55.309 [main] INFO  d.m.q.p.FtpsTransferProtocolTest - [FtpsTransferProtocolTest.testCannotHandleNullRequest] [PASS] canHandle(null) returns false
10:21:55.313 [main] INFO  d.m.q.p.FtpsTransferProtocolTest - [FtpsTransferProtocolTest.testCanStillHandlePlainFtp] Testing canHandle still accepts plain ftp://
10:21:55.315 [main] DEBUG d.m.q.protocol.FtpTransferProtocol - canHandle: FTP/FTPS download detected, sourceScheme=ftp
10:21:55.315 [main] INFO  d.m.q.p.FtpsTransferProtocolTest - [FtpsTransferProtocolTest.testCanStillHandlePlainFtp] [PASS] canHandle still accepts plain ftp://
10:21:55.321 [main] WARN  d.m.q.testing.ExpectsErrorExtension - 
========================================================================
  EXPECTED ERROR TEST: testFtpsConnectionTimeout
  Reason: Connection refused to unreachable server -- verifies TransferException
  Errors below are INTENTIONAL -- testing error handling paths
========================================================================
10:21:55.323 [main] INFO  d.m.q.p.FtpsTransferProtocolTest - [FtpsTransferProtocolTest.testFtpsConnectionTimeout] Testing connection timeout to unreachable FTPS server
10:21:55.323 [main] DEBUG d.m.q.protocol.FtpTransferProtocol - canHandle: FTP/FTPS download detected, sourceScheme=ftps
10:21:55.326 [main] INFO  d.m.q.protocol.FtpTransferProtocol - Starting FTP transfer: jobId=ftps-test-job, isUpload=false
10:21:55.327 [main] DEBUG d.m.q.protocol.FtpTransferProtocol - Transfer details: sourceUri=ftps://127.0.0.1:1/path/file.txt, destinationUri=file:///C:/Users/mraysmit/AppData/Local/Temp/junit7896694284974767562/file.txt
10:21:55.328 [main] DEBUG d.m.q.protocol.FtpTransferProtocol - Routing to FTP download handler
10:21:55.328 [main] INFO  d.m.q.protocol.FtpTransferProtocol - Starting FTP download: ftps://127.0.0.1:1/path/file.txt -> C:\Users\mraysmit\AppData\Local\Temp\junit7896694284974767562\file.txt
10:21:55.328 [main] DEBUG d.m.q.protocol.FtpTransferProtocol - Parsed URI: scheme=ftps, host=127.0.0.1, port=1, ftpsMode=EXPLICIT
10:21:55.329 [main] DEBUG d.m.q.protocol.FtpTransferProtocol - Connection info parsed: host=127.0.0.1, port=1, path=/path/file.txt
10:21:55.329 [main] DEBUG d.m.q.protocol.FtpTransferProtocol - Establishing FTP connection to 127.0.0.1:1
10:21:55.331 [main] DEBUG d.m.q.protocol.FtpTransferProtocol - Connecting to FTPS (EXPLICIT) server: 127.0.0.1:1
10:21:55.414 [main] DEBUG d.m.q.protocol.FtpTransferProtocol - Disconnecting FTP client
10:21:55.414 [main] DEBUG d.m.q.protocol.FtpTransferProtocol - Disconnecting from FTP server
10:21:55.414 [main] DEBUG d.m.q.protocol.FtpTransferProtocol - FTP disconnection complete
10:21:55.416 [main] ERROR d.m.q.protocol.FtpTransferProtocol - [QUORUS-1001] FTP download failed: requestId=test-ftps-timeout, error=Connection refused
10:21:55.417 [main] DEBUG d.m.q.protocol.FtpTransferProtocol - FTP download exception details for request: test-ftps-timeout
java.net.ConnectException: Connection refused
	at java.base/sun.nio.ch.Net.pollConnect(Native Method)
10:21:55.421 [main] INFO  d.m.q.p.FtpsTransferProtocolTest - [FtpsTransferProtocolTest.testFtpsConnectionTimeout] [PASS] unreachable server correctly throws TransferException
10:21:55.422 [main] WARN  d.m.q.testing.ExpectsErrorExtension - 
========================================================================
  END EXPECTED ERROR TEST: testFtpsConnectionTimeout -- PASSED
========================================================================
10:21:55.425 [main] INFO  d.m.q.p.FtpsTransferProtocolTest - [FtpsTransferProtocolTest.testGetMaxFileSizeReturnsUnlimited] Testing getMaxFileSize() returns -1 (unlimited)
10:21:55.426 [main] INFO  d.m.q.p.FtpsTransferProtocolTest - [FtpsTransferProtocolTest.testGetMaxFileSizeReturnsUnlimited] [PASS] maxFileSize is -1 (unlimited)
10:21:55.429 [main] INFO  d.m.q.p.FtpsTransferProtocolTest - [FtpsTransferProtocolTest.testCanHandleFtpsDownloadUri] Testing canHandle with ftps:// download URI
10:21:55.430 [main] DEBUG d.m.q.protocol.FtpTransferProtocol - canHandle: FTP/FTPS download detected, sourceScheme=ftps
10:21:55.431 [main] INFO  d.m.q.p.FtpsTransferProtocolTest - [FtpsTransferProtocolTest.testCanHandleFtpsDownloadUri] [PASS] canHandle accepts ftps:// download URI
10:21:55.434 [main] INFO  d.m.q.p.FtpsTransferProtocolTest - [FtpsTransferProtocolTest.testSupportsResumeReturnsFalse] Testing supportsResume() returns false
10:21:55.435 [main] INFO  d.m.q.p.FtpsTransferProtocolTest - [FtpsTransferProtocolTest.testSupportsResumeReturnsFalse] [PASS] supportsResume() is false
10:21:55.438 [main] WARN  d.m.q.testing.ExpectsErrorExtension - 
========================================================================
  EXPECTED ERROR TEST: testFtpsCustomPortUsesExplicitMode
  Reason: Connection refused on custom FTPS port -- verifies TransferException
  Errors below are INTENTIONAL -- testing error handling paths
========================================================================
10:21:55.439 [main] INFO  d.m.q.p.FtpsTransferProtocolTest - [FtpsTransferProtocolTest.testFtpsCustomPortUsesExplicitMode] Testing ftps://:2121 -> explicit FTPS mode
10:21:55.439 [main] DEBUG d.m.q.protocol.FtpTransferProtocol - canHandle: FTP/FTPS download detected, sourceScheme=ftps
10:21:55.440 [main] INFO  d.m.q.protocol.FtpTransferProtocol - Starting FTP transfer: jobId=ftps-test-job, isUpload=false
10:21:55.441 [main] DEBUG d.m.q.protocol.FtpTransferProtocol - Transfer details: sourceUri=ftps://127.0.0.1:2121/path/file.txt, destinationUri=file:///C:/Users/mraysmit/AppData/Local/Temp/junit10540101800971361627/file.txt
10:21:55.441 [main] DEBUG d.m.q.protocol.FtpTransferProtocol - Routing to FTP download handler
10:21:55.442 [main] INFO  d.m.q.protocol.FtpTransferProtocol - Starting FTP download: ftps://127.0.0.1:2121/path/file.txt -> C:\Users\mraysmit\AppData\Local\Temp\junit10540101800971361627\file.txt
10:21:55.442 [main] DEBUG d.m.q.protocol.FtpTransferProtocol - Parsed URI: scheme=ftps, host=127.0.0.1, port=2121, ftpsMode=EXPLICIT
10:21:55.442 [main] DEBUG d.m.q.protocol.FtpTransferProtocol - Connection info parsed: host=127.0.0.1, port=2121, path=/path/file.txt
10:21:55.442 [main] DEBUG d.m.q.protocol.FtpTransferProtocol - Establishing FTP connection to 127.0.0.1:2121
10:21:55.442 [main] DEBUG d.m.q.protocol.FtpTransferProtocol - Connecting to FTPS (EXPLICIT) server: 127.0.0.1:2121
10:21:55.455 [main] DEBUG d.m.q.protocol.FtpTransferProtocol - Disconnecting FTP client
10:21:55.455 [main] DEBUG d.m.q.protocol.FtpTransferProtocol - Disconnecting from FTP server
10:21:55.456 [main] DEBUG d.m.q.protocol.FtpTransferProtocol - FTP disconnection complete
10:21:55.456 [main] ERROR d.m.q.protocol.FtpTransferProtocol - [QUORUS-1001] FTP download failed: requestId=test-ftps-custom-port, error=Connection refused
10:21:55.456 [main] DEBUG d.m.q.protocol.FtpTransferProtocol - FTP download exception details for request: test-ftps-custom-port
java.net.ConnectException: Connection refused
	at java.base/sun.nio.ch.Net.pollConnect(Native Method)
10:21:55.457 [main] INFO  d.m.q.p.FtpsTransferProtocolTest - [FtpsTransferProtocolTest.testFtpsCustomPortUsesExplicitMode] [PASS] custom port correctly uses explicit FTPS
10:21:55.457 [main] WARN  d.m.q.testing.ExpectsErrorExtension - 
========================================================================
  END EXPECTED ERROR TEST: testFtpsCustomPortUsesExplicitMode -- PASSED
========================================================================
10:21:55.463 [main] INFO  d.m.q.p.FtpsTransferProtocolTest - [FtpsTransferProtocolTest.testFtpsUriWithAuthentication] [PASS] credential-bearing ftps:// URI rejected
10:21:55.467 [main] INFO  d.m.q.p.FtpsTransferProtocolTest - [FtpsTransferProtocolTest.testFtpsModeEnumValues] Testing FtpsMode enum has NONE, EXPLICIT, IMPLICIT
10:21:55.468 [main] INFO  d.m.q.p.FtpsTransferProtocolTest - [FtpsTransferProtocolTest.testFtpsModeEnumValues] [PASS] FtpsMode enum has 3 values: NONE, EXPLICIT, IMPLICIT
10:21:55.470 [main] INFO  d.m.q.p.FtpsTransferProtocolTest - [FtpsTransferProtocolTest.testCanHandleFtpsUploadUri] Testing canHandle with ftps:// upload URI
10:21:55.470 [main] DEBUG d.m.q.protocol.FtpTransferProtocol - canHandle: FTP/FTPS upload check, destScheme=ftps, canHandle=true
10:21:55.470 [main] INFO  d.m.q.p.FtpsTransferProtocolTest - [FtpsTransferProtocolTest.testCanHandleFtpsUploadUri] [PASS] canHandle accepts ftps:// upload URI
10:21:55.473 [main] WARN  d.m.q.testing.ExpectsErrorExtension - 
========================================================================
  EXPECTED ERROR TEST: testFtpsUploadSourceFileNotFound
  Reason: Upload with missing source file -- verifies TransferException
  Errors below are INTENTIONAL -- testing error handling paths
========================================================================
10:21:55.474 [main] INFO  d.m.q.p.FtpsTransferProtocolTest - [FtpsTransferProtocolTest.testFtpsUploadSourceFileNotFound] Testing upload of non-existent file throws TransferException
10:21:55.474 [main] DEBUG d.m.q.protocol.FtpTransferProtocol - canHandle: FTP/FTPS upload check, destScheme=ftps, canHandle=true
10:21:55.475 [main] INFO  d.m.q.protocol.FtpTransferProtocol - Starting FTP transfer: jobId=ftps-test-job, isUpload=true
10:21:55.475 [main] DEBUG d.m.q.protocol.FtpTransferProtocol - Transfer details: sourceUri=file:///C:/Users/mraysmit/AppData/Local/Temp/junit16450552665506116734/nonexistent-file.txt, destinationUri=ftps://127.0.0.1/uploads/file.txt
10:21:55.475 [main] DEBUG d.m.q.protocol.FtpTransferProtocol - Routing to FTP upload handler
10:21:55.475 [main] ERROR d.m.q.protocol.FtpTransferProtocol - [QUORUS-1003] FTP upload source file not found: C:\Users\mraysmit\AppData\Local\Temp\junit16450552665506116734\nonexistent-file.txt
10:21:55.475 [main] ERROR d.m.q.protocol.FtpTransferProtocol - [QUORUS-1002] FTP upload failed: requestId=test-ftps-upload-missing, error=Source file does not exist: C:\Users\mraysmit\AppData\Local\Temp\junit16450552665506116734\nonexistent-file.txt
10:21:55.476 [main] DEBUG d.m.q.protocol.FtpTransferProtocol - FTP upload exception details for request: test-ftps-upload-missing
java.io.IOException: Source file does not exist: C:\Users\mraysmit\AppData\Local\Temp\junit16450552665506116734\nonexistent-file.txt
	at dev.mars.quorus.protocol.FtpTransferProtocol.performFtpUpload(FtpTransferProtocol.java:297)
10:21:55.476 [main] INFO  d.m.q.p.FtpsTransferProtocolTest - [FtpsTransferProtocolTest.testFtpsUploadSourceFileNotFound] [PASS] non-existent file correctly throws TransferException
10:21:55.476 [main] WARN  d.m.q.testing.ExpectsErrorExtension - 
========================================================================
  END EXPECTED ERROR TEST: testFtpsUploadSourceFileNotFound -- PASSED
========================================================================
10:21:55.477 [main] WARN  d.m.q.testing.ExpectsErrorExtension - 
========================================================================
  EXPECTED ERROR TEST: testFtpsDefaultPortUsesExplicitMode
  Reason: Connection refused on default FTPS port -- verifies TransferException
  Errors below are INTENTIONAL -- testing error handling paths
========================================================================
10:21:55.478 [main] INFO  d.m.q.p.FtpsTransferProtocolTest - [FtpsTransferProtocolTest.testFtpsDefaultPortUsesExplicitMode] Testing ftps:// default port -> explicit FTPS mode
10:21:55.478 [main] DEBUG d.m.q.protocol.FtpTransferProtocol - canHandle: FTP/FTPS download detected, sourceScheme=ftps
10:21:55.479 [main] INFO  d.m.q.protocol.FtpTransferProtocol - Starting FTP transfer: jobId=ftps-test-job, isUpload=false
10:21:55.479 [main] DEBUG d.m.q.protocol.FtpTransferProtocol - Transfer details: sourceUri=ftps://127.0.0.1/path/file.txt, destinationUri=file:///C:/Users/mraysmit/AppData/Local/Temp/junit4691828576277503002/file.txt
10:21:55.479 [main] DEBUG d.m.q.protocol.FtpTransferProtocol - Routing to FTP download handler
10:21:55.480 [main] INFO  d.m.q.protocol.FtpTransferProtocol - Starting FTP download: ftps://127.0.0.1/path/file.txt -> C:\Users\mraysmit\AppData\Local\Temp\junit4691828576277503002\file.txt
10:21:55.480 [main] DEBUG d.m.q.protocol.FtpTransferProtocol - Parsed URI: scheme=ftps, host=127.0.0.1, port=21, ftpsMode=EXPLICIT
10:21:55.480 [main] DEBUG d.m.q.protocol.FtpTransferProtocol - Connection info parsed: host=127.0.0.1, port=21, path=/path/file.txt
10:21:55.480 [main] DEBUG d.m.q.protocol.FtpTransferProtocol - Establishing FTP connection to 127.0.0.1:21
10:21:55.480 [main] DEBUG d.m.q.protocol.FtpTransferProtocol - Connecting to FTPS (EXPLICIT) server: 127.0.0.1:21
10:21:55.492 [main] DEBUG d.m.q.protocol.FtpTransferProtocol - Disconnecting FTP client
10:21:55.492 [main] DEBUG d.m.q.protocol.FtpTransferProtocol - Disconnecting from FTP server
10:21:55.492 [main] DEBUG d.m.q.protocol.FtpTransferProtocol - FTP disconnection complete
10:21:55.492 [main] ERROR d.m.q.protocol.FtpTransferProtocol - [QUORUS-1001] FTP download failed: requestId=test-ftps-default-port, error=Connection refused
10:21:55.492 [main] DEBUG d.m.q.protocol.FtpTransferProtocol - FTP download exception details for request: test-ftps-default-port
java.net.ConnectException: Connection refused
	at java.base/sun.nio.ch.Net.pollConnect(Native Method)
10:21:55.493 [main] INFO  d.m.q.p.FtpsTransferProtocolTest - [FtpsTransferProtocolTest.testFtpsDefaultPortUsesExplicitMode] [PASS] default port correctly uses explicit FTPS
10:21:55.493 [main] WARN  d.m.q.testing.ExpectsErrorExtension - 
========================================================================
  END EXPECTED ERROR TEST: testFtpsDefaultPortUsesExplicitMode -- PASSED
========================================================================
10:21:55.496 [main] INFO  d.m.q.p.FtpsTransferProtocolTest - [FtpsTransferProtocolTest.testFtpsUriWithUsernameOnly] Testing ftps:// URI with username only (no password)
10:21:55.496 [main] INFO  d.m.q.p.FtpsTransferProtocolTest - [FtpsTransferProtocolTest.testFtpsUriWithUsernameOnly] [PASS] username-only URI rejected
10:21:55.498 [main] WARN  d.m.q.testing.ExpectsErrorExtension - 
========================================================================
  EXPECTED ERROR TEST: testFtpsPort990UsesImplicitMode
  Reason: Connection refused on implicit FTPS port 990 -- verifies TransferException
  Errors below are INTENTIONAL -- testing error handling paths
========================================================================
10:21:55.499 [main] INFO  d.m.q.p.FtpsTransferProtocolTest - [FtpsTransferProtocolTest.testFtpsPort990UsesImplicitMode] Testing ftps://:990 -> implicit FTPS mode
10:21:55.499 [main] DEBUG d.m.q.protocol.FtpTransferProtocol - canHandle: FTP/FTPS download detected, sourceScheme=ftps
10:21:55.500 [main] INFO  d.m.q.protocol.FtpTransferProtocol - Starting FTP transfer: jobId=ftps-test-job, isUpload=false
10:21:55.500 [main] DEBUG d.m.q.protocol.FtpTransferProtocol - Transfer details: sourceUri=ftps://127.0.0.1:990/path/file.txt, destinationUri=file:///C:/Users/mraysmit/AppData/Local/Temp/junit6657343526537209087/file.txt
10:21:55.500 [main] DEBUG d.m.q.protocol.FtpTransferProtocol - Routing to FTP download handler
10:21:55.500 [main] INFO  d.m.q.protocol.FtpTransferProtocol - Starting FTP download: ftps://127.0.0.1:990/path/file.txt -> C:\Users\mraysmit\AppData\Local\Temp\junit6657343526537209087\file.txt
10:21:55.500 [main] DEBUG d.m.q.protocol.FtpTransferProtocol - Parsed URI: scheme=ftps, host=127.0.0.1, port=990, ftpsMode=IMPLICIT
10:21:55.500 [main] DEBUG d.m.q.protocol.FtpTransferProtocol - Connection info parsed: host=127.0.0.1, port=990, path=/path/file.txt
10:21:55.500 [main] DEBUG d.m.q.protocol.FtpTransferProtocol - Establishing FTP connection to 127.0.0.1:990
10:21:55.500 [main] DEBUG d.m.q.protocol.FtpTransferProtocol - Connecting to FTPS (IMPLICIT) server: 127.0.0.1:990
10:21:55.501 [main] DEBUG d.m.q.protocol.FtpTransferProtocol - Implicit FTPS: establishing TLS connection to 127.0.0.1:990
10:21:55.513 [main] DEBUG d.m.q.protocol.FtpTransferProtocol - Disconnecting FTP client
10:21:55.513 [main] DEBUG d.m.q.protocol.FtpTransferProtocol - Disconnecting from FTP server
10:21:55.513 [main] DEBUG d.m.q.protocol.FtpTransferProtocol - FTP disconnection complete
10:21:55.513 [main] ERROR d.m.q.protocol.FtpTransferProtocol - [QUORUS-1001] FTP download failed: requestId=test-ftps-implicit, error=Connection refused
10:21:55.513 [main] DEBUG d.m.q.protocol.FtpTransferProtocol - FTP download exception details for request: test-ftps-implicit
java.net.ConnectException: Connection refused
	at java.base/sun.nio.ch.Net.pollConnect(Native Method)
10:21:55.514 [main] INFO  d.m.q.p.FtpsTransferProtocolTest - [FtpsTransferProtocolTest.testFtpsPort990UsesImplicitMode] [PASS] port 990 correctly uses implicit FTPS
10:21:55.514 [main] WARN  d.m.q.testing.ExpectsErrorExtension - 
========================================================================
  END EXPECTED ERROR TEST: testFtpsPort990UsesImplicitMode -- PASSED
========================================================================
10:21:55.516 [main] INFO  d.m.q.p.FtpsTransferProtocolTest - [FtpsTransferProtocolTest.testCannotHandleHttpUri] Testing canHandle rejects http://
10:21:55.517 [main] DEBUG d.m.q.protocol.FtpTransferProtocol - canHandle: FTP/FTPS upload check, destScheme=file, canHandle=false
10:21:55.517 [main] INFO  d.m.q.p.FtpsTransferProtocolTest - [FtpsTransferProtocolTest.testCannotHandleHttpUri] [PASS] canHandle correctly rejects http://
10:21:55.520 [main] INFO  d.m.q.p.FtpsTransferProtocolTest - [FtpsTransferProtocolTest.testFtpsAnonymousAccess] Testing ftps:// URI with no userInfo (anonymous)
10:21:55.520 [main] DEBUG d.m.q.protocol.FtpTransferProtocol - canHandle: FTP/FTPS download detected, sourceScheme=ftps
10:21:55.520 [main] INFO  d.m.q.p.FtpsTransferProtocolTest - [FtpsTransferProtocolTest.testFtpsAnonymousAccess] [PASS] anonymous ftps:// URI accepted
10:21:55.522 [main] INFO  d.m.q.p.FtpsTransferProtocolTest - [FtpsTransferProtocolTest.testCannotHandleSftpUri] Testing canHandle rejects sftp://
10:21:55.523 [main] DEBUG d.m.q.protocol.FtpTransferProtocol - canHandle: FTP/FTPS upload check, destScheme=file, canHandle=false
10:21:55.523 [main] INFO  d.m.q.p.FtpsTransferProtocolTest - [FtpsTransferProtocolTest.testCannotHandleSftpUri] [PASS] canHandle correctly rejects sftp://
10:21:55.525 [main] INFO  d.m.q.p.FtpsTransferProtocolTest - [FtpsTransferProtocolTest.testProtocolFactoryRegistersFtpsAlias] Testing ProtocolFactory registers 'ftps' as alias for 'ftp'
10:21:55.725 [main] DEBUG d.m.quorus.protocol.ProtocolFactory - Initializing ProtocolFactory
10:21:55.725 [main] DEBUG d.m.quorus.protocol.ProtocolFactory - Registering default transfer protocols
10:21:55.725 [main] DEBUG d.m.quorus.protocol.ProtocolFactory - Creating HttpTransferProtocol instance
10:21:55.729 [main] INFO  d.m.q.protocol.HttpTransferProtocol - HttpTransferProtocol initialized: connectTimeout=30 SECONDS, socketTimeout=60 SECONDS, maxFileSize=10737418240 bytes
10:21:55.729 [main] INFO  d.m.quorus.protocol.ProtocolFactory - Registered protocol: http
10:21:55.729 [main] DEBUG d.m.quorus.protocol.ProtocolFactory - Protocol details: name=http, class=HttpTransferProtocol, supportsResume=false, supportsPause=true
10:21:55.729 [main] INFO  d.m.quorus.protocol.ProtocolFactory - Registered protocol alias: https -> http
10:21:55.729 [main] DEBUG d.m.quorus.protocol.ProtocolFactory - Creating SmbTransferProtocol instance
10:21:55.730 [main] INFO  d.m.quorus.protocol.ProtocolFactory - Registered protocol: smb
10:21:55.730 [main] DEBUG d.m.quorus.protocol.ProtocolFactory - Protocol details: name=smb, class=SmbTransferProtocol, supportsResume=false, supportsPause=false
10:21:55.730 [main] INFO  d.m.quorus.protocol.ProtocolFactory - Registered protocol alias: cifs -> smb
10:21:55.730 [main] DEBUG d.m.quorus.protocol.ProtocolFactory - Creating FtpTransferProtocol instance
10:21:55.730 [main] INFO  d.m.quorus.protocol.ProtocolFactory - Registered protocol: ftp
10:21:55.730 [main] DEBUG d.m.quorus.protocol.ProtocolFactory - Protocol details: name=ftp, class=FtpTransferProtocol, supportsResume=false, supportsPause=false
10:21:55.730 [main] INFO  d.m.quorus.protocol.ProtocolFactory - Registered protocol alias: ftps -> ftp
10:21:55.730 [main] DEBUG d.m.quorus.protocol.ProtocolFactory - Creating SftpTransferProtocol instance
10:21:55.731 [main] INFO  d.m.quorus.protocol.ProtocolFactory - Registered protocol: sftp
10:21:55.731 [main] DEBUG d.m.quorus.protocol.ProtocolFactory - Protocol details: name=sftp, class=SftpTransferProtocol, supportsResume=false, supportsPause=false
10:21:55.732 [main] DEBUG d.m.quorus.protocol.ProtocolFactory - Creating NfsTransferProtocol instance
10:21:55.734 [main] DEBUG d.m.q.protocol.NfsTransferProtocol - NfsTransferProtocol initialized with mountRoot=C:\nfs
10:21:55.734 [main] INFO  d.m.quorus.protocol.ProtocolFactory - Registered protocol: nfs
10:21:55.734 [main] DEBUG d.m.quorus.protocol.ProtocolFactory - Protocol details: name=nfs, class=NfsTransferProtocol, supportsResume=false, supportsPause=false
10:21:55.735 [main] INFO  d.m.quorus.protocol.ProtocolFactory - Registered default transfer protocols: count=8, schemes=ftps, ftp, http, smb, sftp, nfs, https, cifs
10:21:55.735 [main] DEBUG d.m.quorus.protocol.ProtocolFactory - Protocol found: name=ftp, implementation=FtpTransferProtocol
10:21:55.735 [main] DEBUG d.m.quorus.protocol.ProtocolFactory - Protocol found: name=ftps, implementation=FtpTransferProtocol
10:21:55.736 [main] DEBUG d.m.quorus.protocol.ProtocolFactory - isProtocolSupported: protocol=ftps, supported=true
10:21:55.736 [main] INFO  d.m.q.p.FtpsTransferProtocolTest - [FtpsTransferProtocolTest.testProtocolFactoryRegistersFtpsAlias] [PASS] 'ftps' alias resolves to same FtpTransferProtocol instance
10:21:55.748 [main] INFO  d.m.q.p.FtpsTransferProtocolTest - [FtpsTransferProtocolTest.testCanHandleFtpsUppercaseScheme] Testing canHandle with FTPS:// (uppercase) URI
10:21:55.749 [main] DEBUG d.m.q.protocol.FtpTransferProtocol - canHandle: FTP/FTPS download detected, sourceScheme=FTPS
10:21:55.749 [main] INFO  d.m.q.p.FtpsTransferProtocolTest - [FtpsTransferProtocolTest.testCanHandleFtpsUppercaseScheme] [PASS] canHandle accepts uppercase FTPS:// scheme
10:21:55.751 [main] INFO  d.m.q.p.FtpsTransferProtocolTest - [FtpsTransferProtocolTest.testGetProtocolNameReturnsFtp] Testing getProtocolName() returns 'ftp'
10:21:55.751 [main] INFO  d.m.q.p.FtpsTransferProtocolTest - [FtpsTransferProtocolTest.testGetProtocolNameReturnsFtp] [PASS] protocol name is 'ftp'
[INFO] Tests run: 21, Failures: 0, Errors: 0, Skipped: 0, Time elapsed: 0.696 s -- in dev.mars.quorus.protocol.FtpsTransferProtocolTest
[INFO] Running dev.mars.quorus.protocol.NfsTransferProtocolTest
[INFO] Running dev.mars.quorus.protocol.NfsTransferProtocolTest$ProtocolFactoryIntegration
10:21:55.762 [main] DEBUG d.m.q.protocol.NfsTransferProtocol - NfsTransferProtocol initialized with mountRoot=C:\Users\mraysmit\AppData\Local\Temp\junit7082944050265804718
10:21:55.804 [main] DEBUG d.m.quorus.protocol.ProtocolFactory - Initializing ProtocolFactory
10:21:55.804 [main] DEBUG d.m.quorus.protocol.ProtocolFactory - Registering default transfer protocols
10:21:55.804 [main] DEBUG d.m.quorus.protocol.ProtocolFactory - Creating HttpTransferProtocol instance
10:21:55.804 [main] INFO  d.m.q.protocol.HttpTransferProtocol - HttpTransferProtocol initialized: connectTimeout=30 SECONDS, socketTimeout=60 SECONDS, maxFileSize=10737418240 bytes
10:21:55.804 [main] INFO  d.m.quorus.protocol.ProtocolFactory - Registered protocol: http
10:21:55.804 [main] DEBUG d.m.quorus.protocol.ProtocolFactory - Protocol details: name=http, class=HttpTransferProtocol, supportsResume=false, supportsPause=true
10:21:55.804 [main] INFO  d.m.quorus.protocol.ProtocolFactory - Registered protocol alias: https -> http
10:21:55.804 [main] DEBUG d.m.quorus.protocol.ProtocolFactory - Creating SmbTransferProtocol instance
10:21:55.804 [main] INFO  d.m.quorus.protocol.ProtocolFactory - Registered protocol: smb
10:21:55.804 [main] DEBUG d.m.quorus.protocol.ProtocolFactory - Protocol details: name=smb, class=SmbTransferProtocol, supportsResume=false, supportsPause=false
10:21:55.804 [main] INFO  d.m.quorus.protocol.ProtocolFactory - Registered protocol alias: cifs -> smb
10:21:55.804 [main] DEBUG d.m.quorus.protocol.ProtocolFactory - Creating FtpTransferProtocol instance
10:21:55.804 [main] INFO  d.m.quorus.protocol.ProtocolFactory - Registered protocol: ftp
10:21:55.804 [main] DEBUG d.m.quorus.protocol.ProtocolFactory - Protocol details: name=ftp, class=FtpTransferProtocol, supportsResume=false, supportsPause=false
10:21:55.804 [main] INFO  d.m.quorus.protocol.ProtocolFactory - Registered protocol alias: ftps -> ftp
10:21:55.804 [main] DEBUG d.m.quorus.protocol.ProtocolFactory - Creating SftpTransferProtocol instance
10:21:55.804 [main] INFO  d.m.quorus.protocol.ProtocolFactory - Registered protocol: sftp
10:21:55.804 [main] DEBUG d.m.quorus.protocol.ProtocolFactory - Protocol details: name=sftp, class=SftpTransferProtocol, supportsResume=false, supportsPause=false
10:21:55.806 [main] DEBUG d.m.quorus.protocol.ProtocolFactory - Creating NfsTransferProtocol instance
10:21:55.806 [main] DEBUG d.m.q.protocol.NfsTransferProtocol - NfsTransferProtocol initialized with mountRoot=C:\nfs
10:21:55.806 [main] INFO  d.m.quorus.protocol.ProtocolFactory - Registered protocol: nfs
10:21:55.806 [main] DEBUG d.m.quorus.protocol.ProtocolFactory - Protocol details: name=nfs, class=NfsTransferProtocol, supportsResume=false, supportsPause=false
10:21:55.806 [main] INFO  d.m.quorus.protocol.ProtocolFactory - Registered default transfer protocols: count=8, schemes=ftps, ftp, http, smb, sftp, nfs, https, cifs
10:21:55.806 [main] DEBUG d.m.quorus.protocol.ProtocolFactory - getProtocol(TransferRequest): DOWNLOAD - using source scheme: nfs
10:21:55.807 [main] DEBUG d.m.quorus.protocol.ProtocolFactory - Protocol found: name=nfs, implementation=NfsTransferProtocol
10:21:55.807 [main] DEBUG d.m.q.protocol.NfsTransferProtocol - canHandle: checking request=ced8efeb-9c19-449f-b4f0-415afa7266cb
10:21:55.807 [main] DEBUG d.m.q.protocol.NfsTransferProtocol - canHandle: direction=DOWNLOAD (Remote -> Local)
10:21:55.807 [main] DEBUG d.m.q.protocol.NfsTransferProtocol - canHandle: DOWNLOAD - sourceScheme=nfs
10:21:55.807 [main] DEBUG d.m.q.protocol.NfsTransferProtocol - canHandle: returning true for NFS download
10:21:55.807 [main] DEBUG d.m.quorus.protocol.ProtocolFactory - getProtocol(TransferRequest): found protocol nfs for DOWNLOAD (Remote -> Local) transfer
10:21:55.813 [main] DEBUG d.m.q.protocol.NfsTransferProtocol - NfsTransferProtocol initialized with mountRoot=C:\Users\mraysmit\AppData\Local\Temp\junit2493384854411405193
10:21:55.849 [main] DEBUG d.m.quorus.protocol.ProtocolFactory - Initializing ProtocolFactory
10:21:55.849 [main] DEBUG d.m.quorus.protocol.ProtocolFactory - Registering default transfer protocols
10:21:55.849 [main] DEBUG d.m.quorus.protocol.ProtocolFactory - Creating HttpTransferProtocol instance
10:21:55.849 [main] INFO  d.m.q.protocol.HttpTransferProtocol - HttpTransferProtocol initialized: connectTimeout=30 SECONDS, socketTimeout=60 SECONDS, maxFileSize=10737418240 bytes
10:21:55.849 [main] INFO  d.m.quorus.protocol.ProtocolFactory - Registered protocol: http
10:21:55.849 [main] DEBUG d.m.quorus.protocol.ProtocolFactory - Protocol details: name=http, class=HttpTransferProtocol, supportsResume=false, supportsPause=true
10:21:55.849 [main] INFO  d.m.quorus.protocol.ProtocolFactory - Registered protocol alias: https -> http
10:21:55.849 [main] DEBUG d.m.quorus.protocol.ProtocolFactory - Creating SmbTransferProtocol instance
10:21:55.849 [main] INFO  d.m.quorus.protocol.ProtocolFactory - Registered protocol: smb
10:21:55.849 [main] DEBUG d.m.quorus.protocol.ProtocolFactory - Protocol details: name=smb, class=SmbTransferProtocol, supportsResume=false, supportsPause=false
10:21:55.849 [main] INFO  d.m.quorus.protocol.ProtocolFactory - Registered protocol alias: cifs -> smb
10:21:55.849 [main] DEBUG d.m.quorus.protocol.ProtocolFactory - Creating FtpTransferProtocol instance
10:21:55.849 [main] INFO  d.m.quorus.protocol.ProtocolFactory - Registered protocol: ftp
10:21:55.849 [main] DEBUG d.m.quorus.protocol.ProtocolFactory - Protocol details: name=ftp, class=FtpTransferProtocol, supportsResume=false, supportsPause=false
10:21:55.849 [main] INFO  d.m.quorus.protocol.ProtocolFactory - Registered protocol alias: ftps -> ftp
10:21:55.849 [main] DEBUG d.m.quorus.protocol.ProtocolFactory - Creating SftpTransferProtocol instance
10:21:55.849 [main] INFO  d.m.quorus.protocol.ProtocolFactory - Registered protocol: sftp
10:21:55.849 [main] DEBUG d.m.quorus.protocol.ProtocolFactory - Protocol details: name=sftp, class=SftpTransferProtocol, supportsResume=false, supportsPause=false
10:21:55.850 [main] DEBUG d.m.quorus.protocol.ProtocolFactory - Creating NfsTransferProtocol instance
10:21:55.850 [main] DEBUG d.m.q.protocol.NfsTransferProtocol - NfsTransferProtocol initialized with mountRoot=C:\nfs
10:21:55.850 [main] INFO  d.m.quorus.protocol.ProtocolFactory - Registered protocol: nfs
10:21:55.850 [main] DEBUG d.m.quorus.protocol.ProtocolFactory - Protocol details: name=nfs, class=NfsTransferProtocol, supportsResume=false, supportsPause=false
10:21:55.850 [main] INFO  d.m.quorus.protocol.ProtocolFactory - Registered default transfer protocols: count=8, schemes=ftps, ftp, http, smb, sftp, nfs, https, cifs
10:21:55.850 [main] DEBUG d.m.quorus.protocol.ProtocolFactory - getProtocol(TransferRequest): UPLOAD - using destination scheme: nfs
10:21:55.851 [main] DEBUG d.m.quorus.protocol.ProtocolFactory - Protocol found: name=nfs, implementation=NfsTransferProtocol
10:21:55.851 [main] DEBUG d.m.q.protocol.NfsTransferProtocol - canHandle: checking request=c144d6ce-b587-40ea-bc1a-e273ff0206a5
10:21:55.851 [main] DEBUG d.m.q.protocol.NfsTransferProtocol - canHandle: direction=UPLOAD (Local -> Remote)
10:21:55.851 [main] DEBUG d.m.q.protocol.NfsTransferProtocol - canHandle: UPLOAD - destScheme=nfs
10:21:55.851 [main] DEBUG d.m.q.protocol.NfsTransferProtocol - canHandle: returning true for NFS upload
10:21:55.851 [main] DEBUG d.m.quorus.protocol.ProtocolFactory - getProtocol(TransferRequest): found protocol nfs for UPLOAD (Local -> Remote) transfer
10:21:55.853 [main] DEBUG d.m.q.protocol.NfsTransferProtocol - NfsTransferProtocol initialized with mountRoot=C:\Users\mraysmit\AppData\Local\Temp\junit12825124808973594091
10:21:55.885 [main] DEBUG d.m.quorus.protocol.ProtocolFactory - Initializing ProtocolFactory
10:21:55.886 [main] DEBUG d.m.quorus.protocol.ProtocolFactory - Registering default transfer protocols
10:21:55.886 [main] DEBUG d.m.quorus.protocol.ProtocolFactory - Creating HttpTransferProtocol instance
10:21:55.886 [main] INFO  d.m.q.protocol.HttpTransferProtocol - HttpTransferProtocol initialized: connectTimeout=30 SECONDS, socketTimeout=60 SECONDS, maxFileSize=10737418240 bytes
10:21:55.886 [main] INFO  d.m.quorus.protocol.ProtocolFactory - Registered protocol: http
10:21:55.886 [main] DEBUG d.m.quorus.protocol.ProtocolFactory - Protocol details: name=http, class=HttpTransferProtocol, supportsResume=false, supportsPause=true
10:21:55.886 [main] INFO  d.m.quorus.protocol.ProtocolFactory - Registered protocol alias: https -> http
10:21:55.886 [main] DEBUG d.m.quorus.protocol.ProtocolFactory - Creating SmbTransferProtocol instance
10:21:55.886 [main] INFO  d.m.quorus.protocol.ProtocolFactory - Registered protocol: smb
10:21:55.886 [main] DEBUG d.m.quorus.protocol.ProtocolFactory - Protocol details: name=smb, class=SmbTransferProtocol, supportsResume=false, supportsPause=false
10:21:55.886 [main] INFO  d.m.quorus.protocol.ProtocolFactory - Registered protocol alias: cifs -> smb
10:21:55.886 [main] DEBUG d.m.quorus.protocol.ProtocolFactory - Creating FtpTransferProtocol instance
10:21:55.886 [main] INFO  d.m.quorus.protocol.ProtocolFactory - Registered protocol: ftp
10:21:55.886 [main] DEBUG d.m.quorus.protocol.ProtocolFactory - Protocol details: name=ftp, class=FtpTransferProtocol, supportsResume=false, supportsPause=false
10:21:55.886 [main] INFO  d.m.quorus.protocol.ProtocolFactory - Registered protocol alias: ftps -> ftp
10:21:55.886 [main] DEBUG d.m.quorus.protocol.ProtocolFactory - Creating SftpTransferProtocol instance
10:21:55.886 [main] INFO  d.m.quorus.protocol.ProtocolFactory - Registered protocol: sftp
10:21:55.886 [main] DEBUG d.m.quorus.protocol.ProtocolFactory - Protocol details: name=sftp, class=SftpTransferProtocol, supportsResume=false, supportsPause=false
10:21:55.886 [main] DEBUG d.m.quorus.protocol.ProtocolFactory - Creating NfsTransferProtocol instance
10:21:55.886 [main] DEBUG d.m.q.protocol.NfsTransferProtocol - NfsTransferProtocol initialized with mountRoot=C:\Users\mraysmit\AppData\Local\Temp\junit12825124808973594091
10:21:55.886 [main] INFO  d.m.quorus.protocol.ProtocolFactory - Registered protocol: nfs
10:21:55.886 [main] DEBUG d.m.quorus.protocol.ProtocolFactory - Protocol details: name=nfs, class=NfsTransferProtocol, supportsResume=false, supportsPause=false
10:21:55.886 [main] INFO  d.m.quorus.protocol.ProtocolFactory - Registered default transfer protocols: count=8, schemes=ftps, ftp, http, smb, sftp, nfs, https, cifs
10:21:55.886 [main] DEBUG d.m.quorus.protocol.ProtocolFactory - Protocol found: name=nfs, implementation=NfsTransferProtocol
10:21:55.886 [main] DEBUG d.m.quorus.protocol.ProtocolFactory - Protocol found: name=smb, implementation=SmbTransferProtocol
10:21:55.888 [main] DEBUG d.m.q.protocol.NfsTransferProtocol - NfsTransferProtocol initialized with mountRoot=C:\Users\mraysmit\AppData\Local\Temp\junit9579320251143673371
10:21:55.918 [main] DEBUG d.m.quorus.protocol.ProtocolFactory - Initializing ProtocolFactory
10:21:55.918 [main] DEBUG d.m.quorus.protocol.ProtocolFactory - Registering default transfer protocols
10:21:55.918 [main] DEBUG d.m.quorus.protocol.ProtocolFactory - Creating HttpTransferProtocol instance
10:21:55.918 [main] INFO  d.m.q.protocol.HttpTransferProtocol - HttpTransferProtocol initialized: connectTimeout=30 SECONDS, socketTimeout=60 SECONDS, maxFileSize=10737418240 bytes
10:21:55.919 [main] INFO  d.m.quorus.protocol.ProtocolFactory - Registered protocol: http
10:21:55.919 [main] DEBUG d.m.quorus.protocol.ProtocolFactory - Protocol details: name=http, class=HttpTransferProtocol, supportsResume=false, supportsPause=true
10:21:55.919 [main] INFO  d.m.quorus.protocol.ProtocolFactory - Registered protocol alias: https -> http
10:21:55.919 [main] DEBUG d.m.quorus.protocol.ProtocolFactory - Creating SmbTransferProtocol instance
10:21:55.919 [main] INFO  d.m.quorus.protocol.ProtocolFactory - Registered protocol: smb
10:21:55.919 [main] DEBUG d.m.quorus.protocol.ProtocolFactory - Protocol details: name=smb, class=SmbTransferProtocol, supportsResume=false, supportsPause=false
10:21:55.919 [main] INFO  d.m.quorus.protocol.ProtocolFactory - Registered protocol alias: cifs -> smb
10:21:55.919 [main] DEBUG d.m.quorus.protocol.ProtocolFactory - Creating FtpTransferProtocol instance
10:21:55.919 [main] INFO  d.m.quorus.protocol.ProtocolFactory - Registered protocol: ftp
10:21:55.919 [main] DEBUG d.m.quorus.protocol.ProtocolFactory - Protocol details: name=ftp, class=FtpTransferProtocol, supportsResume=false, supportsPause=false
10:21:55.919 [main] INFO  d.m.quorus.protocol.ProtocolFactory - Registered protocol alias: ftps -> ftp
10:21:55.919 [main] DEBUG d.m.quorus.protocol.ProtocolFactory - Creating SftpTransferProtocol instance
10:21:55.919 [main] INFO  d.m.quorus.protocol.ProtocolFactory - Registered protocol: sftp
10:21:55.919 [main] DEBUG d.m.quorus.protocol.ProtocolFactory - Protocol details: name=sftp, class=SftpTransferProtocol, supportsResume=false, supportsPause=false
10:21:55.919 [main] DEBUG d.m.quorus.protocol.ProtocolFactory - Creating NfsTransferProtocol instance
10:21:55.919 [main] DEBUG d.m.q.protocol.NfsTransferProtocol - NfsTransferProtocol initialized with mountRoot=C:\nfs
10:21:55.919 [main] INFO  d.m.quorus.protocol.ProtocolFactory - Registered protocol: nfs
10:21:55.919 [main] DEBUG d.m.quorus.protocol.ProtocolFactory - Protocol details: name=nfs, class=NfsTransferProtocol, supportsResume=false, supportsPause=false
10:21:55.919 [main] INFO  d.m.quorus.protocol.ProtocolFactory - Registered default transfer protocols: count=8, schemes=ftps, ftp, http, smb, sftp, nfs, https, cifs
10:21:55.919 [main] DEBUG d.m.quorus.protocol.ProtocolFactory - isProtocolSupported: protocol=nfs, supported=true
10:21:55.919 [main] DEBUG d.m.quorus.protocol.ProtocolFactory - Protocol found: name=nfs, implementation=NfsTransferProtocol
[INFO] Tests run: 4, Failures: 0, Errors: 0, Skipped: 0, Time elapsed: 0.160 s -- in dev.mars.quorus.protocol.NfsTransferProtocolTest$ProtocolFactoryIntegration
[INFO] Running dev.mars.quorus.protocol.NfsTransferProtocolTest$UploadTransfers
10:21:55.924 [main] DEBUG d.m.q.protocol.NfsTransferProtocol - NfsTransferProtocol initialized with mountRoot=C:\Users\mraysmit\AppData\Local\Temp\junit17526480823832487077
10:21:55.927 [main] INFO  d.m.q.protocol.NfsTransferProtocol - Starting NFS transfer: jobId=test-job-nfs, isUpload=true
10:21:55.928 [main] DEBUG d.m.q.protocol.NfsTransferProtocol - Transfer details: sourceUri=file:///C:/Users/mraysmit/AppData/Local/Temp/junit17526480823832487077/upload-src.dat, destinationUri=nfs://nfshost/share/uploaded.dat
10:21:55.928 [main] DEBUG d.m.q.protocol.NfsTransferProtocol - Routing to NFS upload handler
10:21:55.928 [main] INFO  d.m.q.protocol.NfsTransferProtocol - Starting NFS upload: C:\Users\mraysmit\AppData\Local\Temp\junit17526480823832487077\upload-src.dat -> nfs://nfshost/share/uploaded.dat
10:21:55.928 [main] DEBUG d.m.q.protocol.NfsTransferProtocol - parseNfsUri: parsing URI=nfs://nfshost/share/uploaded.dat
10:21:55.928 [main] DEBUG d.m.q.protocol.NfsTransferProtocol - parseNfsUri: created connectionInfo=NfsConnectionInfo{host='nfshost', port=-1, exportPath='share', filePath='/uploaded.dat'}
10:21:55.930 [main] DEBUG d.m.q.protocol.NfsTransferProtocol - resolveNfsMountPath: NfsConnectionInfo{host='nfshost', port=-1, exportPath='share', filePath='/uploaded.dat'} -> C:\Users\mraysmit\AppData\Local\Temp\junit17526480823832487077\nfshost\share\uploaded.dat
10:21:55.930 [main] DEBUG d.m.q.protocol.NfsTransferProtocol - performNfsUpload: resolved destination path=C:\Users\mraysmit\AppData\Local\Temp\junit17526480823832487077\nfshost\share\uploaded.dat
10:21:55.930 [main] DEBUG d.m.q.protocol.NfsTransferProtocol - Creating remote directories: C:\Users\mraysmit\AppData\Local\Temp\junit17526480823832487077\nfshost\share
10:21:55.930 [main] DEBUG d.m.q.protocol.NfsTransferProtocol - transferFile: starting - source=C:\Users\mraysmit\AppData\Local\Temp\junit17526480823832487077\upload-src.dat, destination=C:\Users\mraysmit\AppData\Local\Temp\junit17526480823832487077\nfshost\share\uploaded.dat
10:21:55.931 [main] DEBUG d.m.q.protocol.NfsTransferProtocol - transferFile: totalBytes=16
10:21:55.932 [main] DEBUG d.m.q.protocol.NfsTransferProtocol - transferFile: completed - totalChunks=1, bytesTransferred=16
10:21:55.932 [main] DEBUG d.m.q.protocol.NfsTransferProtocol - performNfsUpload: file transfer complete, bytesTransferred=16
10:21:55.932 [main] INFO  d.m.q.protocol.NfsTransferProtocol - NFS upload completed: bytesTransferred=16, duration=4ms, throughput=4000 bytes/s
10:21:55.933 [main] DEBUG d.m.q.protocol.NfsTransferProtocol - transfer: completed successfully, bytesTransferred=16
10:21:55.936 [main] DEBUG d.m.q.protocol.NfsTransferProtocol - NfsTransferProtocol initialized with mountRoot=C:\Users\mraysmit\AppData\Local\Temp\junit595926403904384800
10:21:55.937 [main] INFO  d.m.q.protocol.NfsTransferProtocol - Starting NFS transfer: jobId=test-job-nfs, isUpload=true
10:21:55.937 [main] DEBUG d.m.q.protocol.NfsTransferProtocol - Transfer details: sourceUri=file:///C:/Users/mraysmit/AppData/Local/Temp/junit595926403904384800/does-not-exist.txt, destinationUri=nfs://server/export/dest.txt
10:21:55.937 [main] DEBUG d.m.q.protocol.NfsTransferProtocol - Routing to NFS upload handler
10:21:55.937 [main] ERROR d.m.q.protocol.NfsTransferProtocol - [QUORUS-1403] NFS upload source file not found: C:\Users\mraysmit\AppData\Local\Temp\junit595926403904384800\does-not-exist.txt
[INFO] Tests run: 2, Failures: 0, Errors: 0, Skipped: 0, Time elapsed: 0.016 s -- in dev.mars.quorus.protocol.NfsTransferProtocolTest$UploadTransfers
[INFO] Running dev.mars.quorus.protocol.NfsTransferProtocolTest$DownloadTransfers
10:21:55.939 [main] DEBUG d.m.q.protocol.NfsTransferProtocol - NfsTransferProtocol initialized with mountRoot=C:\Users\mraysmit\AppData\Local\Temp\junit10968244034529341712
10:21:55.941 [main] INFO  d.m.q.protocol.NfsTransferProtocol - Starting NFS transfer: jobId=test-job-nfs, isUpload=false
10:21:55.941 [main] DEBUG d.m.q.protocol.NfsTransferProtocol - Transfer details: sourceUri=nfs://fileserver/data/timed.txt, destinationUri=file:///C:/Users/mraysmit/AppData/Local/Temp/junit10968244034529341712/timed-out.txt
10:21:55.941 [main] DEBUG d.m.q.protocol.NfsTransferProtocol - Routing to NFS download handler
10:21:55.941 [main] DEBUG d.m.q.protocol.NfsTransferProtocol - performNfsDownload: starting for requestId=nfs-download-time
10:21:55.941 [main] INFO  d.m.q.protocol.NfsTransferProtocol - Starting NFS download: nfs://fileserver/data/timed.txt -> file:///C:/Users/mraysmit/AppData/Local/Temp/junit10968244034529341712/timed-out.txt
10:21:55.941 [main] DEBUG d.m.q.protocol.NfsTransferProtocol - parseNfsUri: parsing URI=nfs://fileserver/data/timed.txt
10:21:55.941 [main] DEBUG d.m.q.protocol.NfsTransferProtocol - parseNfsUri: created connectionInfo=NfsConnectionInfo{host='fileserver', port=-1, exportPath='data', filePath='/timed.txt'}
10:21:55.942 [main] DEBUG d.m.q.protocol.NfsTransferProtocol - performNfsDownload: parsed connection info - host=fileserver, export=data, path=/timed.txt
10:21:55.942 [main] DEBUG d.m.q.protocol.NfsTransferProtocol - resolveNfsMountPath: NfsConnectionInfo{host='fileserver', port=-1, exportPath='data', filePath='/timed.txt'} -> C:\Users\mraysmit\AppData\Local\Temp\junit10968244034529341712\fileserver\data\timed.txt
10:21:55.942 [main] DEBUG d.m.q.protocol.NfsTransferProtocol - performNfsDownload: resolved source path=C:\Users\mraysmit\AppData\Local\Temp\junit10968244034529341712\fileserver\data\timed.txt
10:21:55.942 [main] DEBUG d.m.q.protocol.NfsTransferProtocol - performNfsDownload: destination directory ensured
10:21:55.942 [main] DEBUG d.m.q.protocol.NfsTransferProtocol - transferFile: starting - source=C:\Users\mraysmit\AppData\Local\Temp\junit10968244034529341712\fileserver\data\timed.txt, destination=C:\Users\mraysmit\AppData\Local\Temp\junit10968244034529341712\timed-out.txt
10:21:55.942 [main] DEBUG d.m.q.protocol.NfsTransferProtocol - transferFile: totalBytes=11
10:21:55.948 [main] DEBUG d.m.q.protocol.NfsTransferProtocol - transferFile: completed - totalChunks=1, bytesTransferred=11
10:21:55.948 [main] DEBUG d.m.q.protocol.NfsTransferProtocol - performNfsDownload: file transfer complete, bytesTransferred=11
10:21:55.948 [main] INFO  d.m.q.protocol.NfsTransferProtocol - NFS download completed: bytesTransferred=11, duration=7ms, throughput=1571 bytes/s
10:21:55.948 [main] DEBUG d.m.q.protocol.NfsTransferProtocol - transfer: completed successfully, bytesTransferred=11
10:21:55.952 [main] DEBUG d.m.q.protocol.NfsTransferProtocol - NfsTransferProtocol initialized with mountRoot=C:\Users\mraysmit\AppData\Local\Temp\junit9335068239695783540
10:21:55.953 [main] INFO  d.m.q.protocol.NfsTransferProtocol - Starting NFS transfer: jobId=test-job-nfs, isUpload=false
10:21:55.953 [main] DEBUG d.m.q.protocol.NfsTransferProtocol - Transfer details: sourceUri=nfs://fileserver/export/file.dat, destinationUri=file:///C:/Users/mraysmit/AppData/Local/Temp/junit9335068239695783540/sub/dir/file.dat
10:21:55.953 [main] DEBUG d.m.q.protocol.NfsTransferProtocol - Routing to NFS download handler
10:21:55.953 [main] DEBUG d.m.q.protocol.NfsTransferProtocol - performNfsDownload: starting for requestId=nfs-download-mkdir
10:21:55.953 [main] INFO  d.m.q.protocol.NfsTransferProtocol - Starting NFS download: nfs://fileserver/export/file.dat -> file:///C:/Users/mraysmit/AppData/Local/Temp/junit9335068239695783540/sub/dir/file.dat
10:21:55.953 [main] DEBUG d.m.q.protocol.NfsTransferProtocol - parseNfsUri: parsing URI=nfs://fileserver/export/file.dat
10:21:55.954 [main] DEBUG d.m.q.protocol.NfsTransferProtocol - parseNfsUri: created connectionInfo=NfsConnectionInfo{host='fileserver', port=-1, exportPath='export', filePath='/file.dat'}
10:21:55.954 [main] DEBUG d.m.q.protocol.NfsTransferProtocol - performNfsDownload: parsed connection info - host=fileserver, export=export, path=/file.dat
10:21:55.954 [main] DEBUG d.m.q.protocol.NfsTransferProtocol - resolveNfsMountPath: NfsConnectionInfo{host='fileserver', port=-1, exportPath='export', filePath='/file.dat'} -> C:\Users\mraysmit\AppData\Local\Temp\junit9335068239695783540\fileserver\export\file.dat
10:21:55.954 [main] DEBUG d.m.q.protocol.NfsTransferProtocol - performNfsDownload: resolved source path=C:\Users\mraysmit\AppData\Local\Temp\junit9335068239695783540\fileserver\export\file.dat
10:21:55.954 [main] DEBUG d.m.q.protocol.NfsTransferProtocol - performNfsDownload: destination directory ensured
10:21:55.954 [main] DEBUG d.m.q.protocol.NfsTransferProtocol - transferFile: starting - source=C:\Users\mraysmit\AppData\Local\Temp\junit9335068239695783540\fileserver\export\file.dat, destination=C:\Users\mraysmit\AppData\Local\Temp\junit9335068239695783540\sub\dir\file.dat
10:21:55.954 [main] DEBUG d.m.q.protocol.NfsTransferProtocol - transferFile: totalBytes=4
10:21:55.955 [main] DEBUG d.m.q.protocol.NfsTransferProtocol - transferFile: completed - totalChunks=1, bytesTransferred=4
10:21:55.955 [main] DEBUG d.m.q.protocol.NfsTransferProtocol - performNfsDownload: file transfer complete, bytesTransferred=4
10:21:55.955 [main] INFO  d.m.q.protocol.NfsTransferProtocol - NFS download completed: bytesTransferred=4, duration=1ms, throughput=4000 bytes/s
10:21:55.955 [main] DEBUG d.m.q.protocol.NfsTransferProtocol - transfer: completed successfully, bytesTransferred=4
10:21:55.957 [main] DEBUG d.m.q.protocol.NfsTransferProtocol - NfsTransferProtocol initialized with mountRoot=C:\Users\mraysmit\AppData\Local\Temp\junit9704691826245307343
10:21:55.958 [main] INFO  d.m.q.protocol.NfsTransferProtocol - Starting NFS transfer: jobId=test-job-nfs, isUpload=false
10:21:55.958 [main] DEBUG d.m.q.protocol.NfsTransferProtocol - Transfer details: sourceUri=nfs://fileserver/data/large.bin, destinationUri=file:///C:/Users/mraysmit/AppData/Local/Temp/junit9704691826245307343/large-out.bin
10:21:55.958 [main] DEBUG d.m.q.protocol.NfsTransferProtocol - Routing to NFS download handler
10:21:55.958 [main] DEBUG d.m.q.protocol.NfsTransferProtocol - performNfsDownload: starting for requestId=nfs-download-large
10:21:55.959 [main] INFO  d.m.q.protocol.NfsTransferProtocol - Starting NFS download: nfs://fileserver/data/large.bin -> file:///C:/Users/mraysmit/AppData/Local/Temp/junit9704691826245307343/large-out.bin
10:21:55.959 [main] DEBUG d.m.q.protocol.NfsTransferProtocol - parseNfsUri: parsing URI=nfs://fileserver/data/large.bin
10:21:55.959 [main] DEBUG d.m.q.protocol.NfsTransferProtocol - parseNfsUri: created connectionInfo=NfsConnectionInfo{host='fileserver', port=-1, exportPath='data', filePath='/large.bin'}
10:21:55.959 [main] DEBUG d.m.q.protocol.NfsTransferProtocol - performNfsDownload: parsed connection info - host=fileserver, export=data, path=/large.bin
10:21:55.959 [main] DEBUG d.m.q.protocol.NfsTransferProtocol - resolveNfsMountPath: NfsConnectionInfo{host='fileserver', port=-1, exportPath='data', filePath='/large.bin'} -> C:\Users\mraysmit\AppData\Local\Temp\junit9704691826245307343\fileserver\data\large.bin
10:21:55.959 [main] DEBUG d.m.q.protocol.NfsTransferProtocol - performNfsDownload: resolved source path=C:\Users\mraysmit\AppData\Local\Temp\junit9704691826245307343\fileserver\data\large.bin
10:21:55.959 [main] DEBUG d.m.q.protocol.NfsTransferProtocol - performNfsDownload: destination directory ensured
10:21:55.959 [main] DEBUG d.m.q.protocol.NfsTransferProtocol - transferFile: starting - source=C:\Users\mraysmit\AppData\Local\Temp\junit9704691826245307343\fileserver\data\large.bin, destination=C:\Users\mraysmit\AppData\Local\Temp\junit9704691826245307343\large-out.bin
10:21:55.959 [main] DEBUG d.m.q.protocol.NfsTransferProtocol - transferFile: totalBytes=262144
10:21:56.049 [main] DEBUG d.m.q.protocol.NfsTransferProtocol - transferFile: completed - totalChunks=4, bytesTransferred=262144
10:21:56.049 [main] DEBUG d.m.q.protocol.NfsTransferProtocol - performNfsDownload: file transfer complete, bytesTransferred=262144
10:21:56.049 [main] INFO  d.m.q.protocol.NfsTransferProtocol - NFS download completed: bytesTransferred=262144, duration=90ms, throughput=2912711 bytes/s
10:21:56.049 [main] DEBUG d.m.q.protocol.NfsTransferProtocol - transfer: completed successfully, bytesTransferred=262144
10:21:56.054 [main] DEBUG d.m.q.protocol.NfsTransferProtocol - NfsTransferProtocol initialized with mountRoot=C:\Users\mraysmit\AppData\Local\Temp\junit5114454003626208883
10:21:56.057 [main] INFO  d.m.q.protocol.NfsTransferProtocol - Starting NFS transfer: jobId=test-job-nfs, isUpload=false
10:21:56.057 [main] DEBUG d.m.q.protocol.NfsTransferProtocol - Transfer details: sourceUri=nfs://fileserver/data/test-file.txt, destinationUri=file:///C:/Users/mraysmit/AppData/Local/Temp/junit5114454003626208883/downloaded.txt
10:21:56.057 [main] DEBUG d.m.q.protocol.NfsTransferProtocol - Routing to NFS download handler
10:21:56.057 [main] DEBUG d.m.q.protocol.NfsTransferProtocol - performNfsDownload: starting for requestId=nfs-download-1
10:21:56.057 [main] INFO  d.m.q.protocol.NfsTransferProtocol - Starting NFS download: nfs://fileserver/data/test-file.txt -> file:///C:/Users/mraysmit/AppData/Local/Temp/junit5114454003626208883/downloaded.txt
10:21:56.057 [main] DEBUG d.m.q.protocol.NfsTransferProtocol - parseNfsUri: parsing URI=nfs://fileserver/data/test-file.txt
10:21:56.057 [main] DEBUG d.m.q.protocol.NfsTransferProtocol - parseNfsUri: created connectionInfo=NfsConnectionInfo{host='fileserver', port=-1, exportPath='data', filePath='/test-file.txt'}
10:21:56.058 [main] DEBUG d.m.q.protocol.NfsTransferProtocol - performNfsDownload: parsed connection info - host=fileserver, export=data, path=/test-file.txt
10:21:56.058 [main] DEBUG d.m.q.protocol.NfsTransferProtocol - resolveNfsMountPath: NfsConnectionInfo{host='fileserver', port=-1, exportPath='data', filePath='/test-file.txt'} -> C:\Users\mraysmit\AppData\Local\Temp\junit5114454003626208883\fileserver\data\test-file.txt
10:21:56.058 [main] DEBUG d.m.q.protocol.NfsTransferProtocol - performNfsDownload: resolved source path=C:\Users\mraysmit\AppData\Local\Temp\junit5114454003626208883\fileserver\data\test-file.txt
10:21:56.058 [main] DEBUG d.m.q.protocol.NfsTransferProtocol - performNfsDownload: destination directory ensured
10:21:56.059 [main] DEBUG d.m.q.protocol.NfsTransferProtocol - transferFile: starting - source=C:\Users\mraysmit\AppData\Local\Temp\junit5114454003626208883\fileserver\data\test-file.txt, destination=C:\Users\mraysmit\AppData\Local\Temp\junit5114454003626208883\downloaded.txt
10:21:56.059 [main] DEBUG d.m.q.protocol.NfsTransferProtocol - transferFile: totalBytes=34
10:21:56.066 [main] DEBUG d.m.q.protocol.NfsTransferProtocol - transferFile: completed - totalChunks=1, bytesTransferred=34
10:21:56.067 [main] DEBUG d.m.q.protocol.NfsTransferProtocol - performNfsDownload: file transfer complete, bytesTransferred=34
10:21:56.067 [main] INFO  d.m.q.protocol.NfsTransferProtocol - NFS download completed: bytesTransferred=34, duration=10ms, throughput=3400 bytes/s
10:21:56.067 [main] DEBUG d.m.q.protocol.NfsTransferProtocol - transfer: completed successfully, bytesTransferred=34
10:21:56.073 [main] DEBUG d.m.q.protocol.NfsTransferProtocol - NfsTransferProtocol initialized with mountRoot=C:\Users\mraysmit\AppData\Local\Temp\junit10512867171672792524
10:21:56.074 [main] INFO  d.m.q.protocol.NfsTransferProtocol - Starting NFS transfer: jobId=test-job-nfs, isUpload=false
10:21:56.074 [main] DEBUG d.m.q.protocol.NfsTransferProtocol - Transfer details: sourceUri=nfs://fileserver/data/checksummed.bin, destinationUri=file:///C:/Users/mraysmit/AppData/Local/Temp/junit10512867171672792524/out.bin
10:21:56.074 [main] DEBUG d.m.q.protocol.NfsTransferProtocol - Routing to NFS download handler
10:21:56.074 [main] DEBUG d.m.q.protocol.NfsTransferProtocol - performNfsDownload: starting for requestId=nfs-download-checksum
10:21:56.074 [main] INFO  d.m.q.protocol.NfsTransferProtocol - Starting NFS download: nfs://fileserver/data/checksummed.bin -> file:///C:/Users/mraysmit/AppData/Local/Temp/junit10512867171672792524/out.bin
10:21:56.075 [main] DEBUG d.m.q.protocol.NfsTransferProtocol - parseNfsUri: parsing URI=nfs://fileserver/data/checksummed.bin
10:21:56.075 [main] DEBUG d.m.q.protocol.NfsTransferProtocol - parseNfsUri: created connectionInfo=NfsConnectionInfo{host='fileserver', port=-1, exportPath='data', filePath='/checksummed.bin'}
10:21:56.075 [main] DEBUG d.m.q.protocol.NfsTransferProtocol - performNfsDownload: parsed connection info - host=fileserver, export=data, path=/checksummed.bin
10:21:56.075 [main] DEBUG d.m.q.protocol.NfsTransferProtocol - resolveNfsMountPath: NfsConnectionInfo{host='fileserver', port=-1, exportPath='data', filePath='/checksummed.bin'} -> C:\Users\mraysmit\AppData\Local\Temp\junit10512867171672792524\fileserver\data\checksummed.bin
10:21:56.075 [main] DEBUG d.m.q.protocol.NfsTransferProtocol - performNfsDownload: resolved source path=C:\Users\mraysmit\AppData\Local\Temp\junit10512867171672792524\fileserver\data\checksummed.bin
10:21:56.075 [main] DEBUG d.m.q.protocol.NfsTransferProtocol - performNfsDownload: destination directory ensured
10:21:56.075 [main] DEBUG d.m.q.protocol.NfsTransferProtocol - transferFile: starting - source=C:\Users\mraysmit\AppData\Local\Temp\junit10512867171672792524\fileserver\data\checksummed.bin, destination=C:\Users\mraysmit\AppData\Local\Temp\junit10512867171672792524\out.bin
10:21:56.075 [main] DEBUG d.m.q.protocol.NfsTransferProtocol - transferFile: totalBytes=5
10:21:56.077 [main] DEBUG d.m.q.protocol.NfsTransferProtocol - transferFile: completed - totalChunks=1, bytesTransferred=5
10:21:56.077 [main] DEBUG d.m.q.protocol.NfsTransferProtocol - performNfsDownload: file transfer complete, bytesTransferred=5
10:21:56.077 [main] INFO  d.m.q.protocol.NfsTransferProtocol - Calculating checksum for transferred file
10:21:56.078 [main] INFO  d.m.q.protocol.NfsTransferProtocol - NFS download completed: bytesTransferred=5, duration=3ms, throughput=1666 bytes/s
10:21:56.078 [main] DEBUG d.m.q.protocol.NfsTransferProtocol - transfer: completed successfully, bytesTransferred=5
10:21:56.081 [main] DEBUG d.m.q.protocol.NfsTransferProtocol - NfsTransferProtocol initialized with mountRoot=C:\Users\mraysmit\AppData\Local\Temp\junit12467904826487229978
10:21:56.082 [main] INFO  d.m.q.protocol.NfsTransferProtocol - Starting NFS transfer: jobId=test-job-nfs, isUpload=false
10:21:56.082 [main] DEBUG d.m.q.protocol.NfsTransferProtocol - Transfer details: sourceUri=nfs://fileserver/data/missing.txt, destinationUri=file:///C:/Users/mraysmit/AppData/Local/Temp/junit12467904826487229978/out.txt
10:21:56.082 [main] DEBUG d.m.q.protocol.NfsTransferProtocol - Routing to NFS download handler
10:21:56.082 [main] DEBUG d.m.q.protocol.NfsTransferProtocol - performNfsDownload: starting for requestId=nfs-download-missing
10:21:56.082 [main] INFO  d.m.q.protocol.NfsTransferProtocol - Starting NFS download: nfs://fileserver/data/missing.txt -> file:///C:/Users/mraysmit/AppData/Local/Temp/junit12467904826487229978/out.txt
10:21:56.082 [main] DEBUG d.m.q.protocol.NfsTransferProtocol - parseNfsUri: parsing URI=nfs://fileserver/data/missing.txt
10:21:56.082 [main] DEBUG d.m.q.protocol.NfsTransferProtocol - parseNfsUri: created connectionInfo=NfsConnectionInfo{host='fileserver', port=-1, exportPath='data', filePath='/missing.txt'}
10:21:56.082 [main] DEBUG d.m.q.protocol.NfsTransferProtocol - performNfsDownload: parsed connection info - host=fileserver, export=data, path=/missing.txt
10:21:56.082 [main] DEBUG d.m.q.protocol.NfsTransferProtocol - resolveNfsMountPath: NfsConnectionInfo{host='fileserver', port=-1, exportPath='data', filePath='/missing.txt'} -> C:\Users\mraysmit\AppData\Local\Temp\junit12467904826487229978\fileserver\data\missing.txt
10:21:56.082 [main] DEBUG d.m.q.protocol.NfsTransferProtocol - performNfsDownload: resolved source path=C:\Users\mraysmit\AppData\Local\Temp\junit12467904826487229978\fileserver\data\missing.txt
[INFO] Tests run: 6, Failures: 0, Errors: 0, Skipped: 0, Time elapsed: 0.145 s -- in dev.mars.quorus.protocol.NfsTransferProtocolTest$DownloadTransfers
[INFO] Running dev.mars.quorus.protocol.NfsTransferProtocolTest$MountPathResolution
10:21:56.085 [main] DEBUG d.m.q.protocol.NfsTransferProtocol - NfsTransferProtocol initialized with mountRoot=C:\Users\mraysmit\AppData\Local\Temp\junit13574184756607668235
10:21:56.085 [main] DEBUG d.m.q.protocol.NfsTransferProtocol - resolveNfsMountPath: NfsConnectionInfo{host='server', port=-1, exportPath='export', filePath=''} -> C:\Users\mraysmit\AppData\Local\Temp\junit13574184756607668235\server\export
10:21:56.087 [main] DEBUG d.m.q.protocol.NfsTransferProtocol - NfsTransferProtocol initialized with mountRoot=C:\Users\mraysmit\AppData\Local\Temp\junit679479589209266771
10:21:56.087 [main] DEBUG d.m.q.protocol.NfsTransferProtocol - resolveNfsMountPath: NfsConnectionInfo{host='fileserver', port=-1, exportPath='data', filePath='/reports/q1.csv'} -> C:\Users\mraysmit\AppData\Local\Temp\junit679479589209266771\fileserver\data\reports\q1.csv
[INFO] Tests run: 2, Failures: 0, Errors: 0, Skipped: 0, Time elapsed: 0.005 s -- in dev.mars.quorus.protocol.NfsTransferProtocolTest$MountPathResolution
[INFO] Running dev.mars.quorus.protocol.NfsTransferProtocolTest$UriParsing
10:21:56.090 [main] DEBUG d.m.q.protocol.NfsTransferProtocol - NfsTransferProtocol initialized with mountRoot=C:\Users\mraysmit\AppData\Local\Temp\junit14105790932482670816
10:21:56.091 [main] DEBUG d.m.q.protocol.NfsTransferProtocol - parseNfsUri: parsing URI=smb://server/share/file.txt
10:21:56.093 [main] DEBUG d.m.q.protocol.NfsTransferProtocol - NfsTransferProtocol initialized with mountRoot=C:\Users\mraysmit\AppData\Local\Temp\junit10607555957223821976
10:21:56.093 [main] DEBUG d.m.q.protocol.NfsTransferProtocol - parseNfsUri: parsing URI=nfs:///export/file.txt
10:21:56.095 [main] DEBUG d.m.q.protocol.NfsTransferProtocol - NfsTransferProtocol initialized with mountRoot=C:\Users\mraysmit\AppData\Local\Temp\junit15556672261334787947
10:21:56.095 [main] DEBUG d.m.q.protocol.NfsTransferProtocol - parseNfsUri: parsing URI=nfs://server
10:21:56.097 [main] DEBUG d.m.q.protocol.NfsTransferProtocol - NfsTransferProtocol initialized with mountRoot=C:\Users\mraysmit\AppData\Local\Temp\junit16172770708265100574
10:21:56.097 [main] DEBUG d.m.q.protocol.NfsTransferProtocol - parseNfsUri: parsing URI=nfs://server/export/a/b/c/d/file.dat
10:21:56.097 [main] DEBUG d.m.q.protocol.NfsTransferProtocol - parseNfsUri: created connectionInfo=NfsConnectionInfo{host='server', port=-1, exportPath='export', filePath='/a/b/c/d/file.dat'}
10:21:56.099 [main] DEBUG d.m.q.protocol.NfsTransferProtocol - NfsTransferProtocol initialized with mountRoot=C:\Users\mraysmit\AppData\Local\Temp\junit1456302864088450336
10:21:56.099 [main] DEBUG d.m.q.protocol.NfsTransferProtocol - parseNfsUri: parsing URI=nfs://server/data/file.txt
10:21:56.099 [main] DEBUG d.m.q.protocol.NfsTransferProtocol - parseNfsUri: created connectionInfo=NfsConnectionInfo{host='server', port=-1, exportPath='data', filePath='/file.txt'}
10:21:56.100 [main] DEBUG d.m.q.protocol.NfsTransferProtocol - NfsTransferProtocol initialized with mountRoot=C:\Users\mraysmit\AppData\Local\Temp\junit14004069402161451482
10:21:56.101 [main] DEBUG d.m.q.protocol.NfsTransferProtocol - parseNfsUri: parsing URI=nfs://server/export
10:21:56.101 [main] DEBUG d.m.q.protocol.NfsTransferProtocol - parseNfsUri: created connectionInfo=NfsConnectionInfo{host='server', port=-1, exportPath='export', filePath=''}
10:21:56.102 [main] DEBUG d.m.q.protocol.NfsTransferProtocol - NfsTransferProtocol initialized with mountRoot=C:\Users\mraysmit\AppData\Local\Temp\junit13646062128435993214
10:21:56.103 [main] DEBUG d.m.q.protocol.NfsTransferProtocol - parseNfsUri: parsing URI=nfs://fileserver:2049/data/file.txt
10:21:56.103 [main] DEBUG d.m.q.protocol.NfsTransferProtocol - parseNfsUri: created connectionInfo=NfsConnectionInfo{host='fileserver', port=2049, exportPath='data', filePath='/file.txt'}
10:21:56.104 [main] DEBUG d.m.q.protocol.NfsTransferProtocol - NfsTransferProtocol initialized with mountRoot=C:\Users\mraysmit\AppData\Local\Temp\junit7664265737850165201
10:21:56.105 [main] DEBUG d.m.q.protocol.NfsTransferProtocol - parseNfsUri: parsing URI=nfs://fileserver/data/reports/q1.csv
10:21:56.105 [main] DEBUG d.m.q.protocol.NfsTransferProtocol - parseNfsUri: created connectionInfo=NfsConnectionInfo{host='fileserver', port=-1, exportPath='data', filePath='/reports/q1.csv'}
[INFO] Tests run: 8, Failures: 0, Errors: 0, Skipped: 0, Time elapsed: 0.017 s -- in dev.mars.quorus.protocol.NfsTransferProtocolTest$UriParsing
[INFO] Running dev.mars.quorus.protocol.NfsTransferProtocolTest$CanHandle
10:21:56.108 [main] DEBUG d.m.q.protocol.NfsTransferProtocol - NfsTransferProtocol initialized with mountRoot=C:\Users\mraysmit\AppData\Local\Temp\junit5598090993011693793
10:21:56.108 [main] DEBUG d.m.q.protocol.NfsTransferProtocol - canHandle: checking request=0ad9a624-12c6-48e9-ab61-586cf8ed5276
10:21:56.108 [main] DEBUG d.m.q.protocol.NfsTransferProtocol - canHandle: direction=DOWNLOAD (Remote -> Local)
10:21:56.108 [main] DEBUG d.m.q.protocol.NfsTransferProtocol - canHandle: DOWNLOAD - sourceScheme=nfs
10:21:56.108 [main] DEBUG d.m.q.protocol.NfsTransferProtocol - canHandle: returning true for NFS download
10:21:56.109 [main] DEBUG d.m.q.protocol.NfsTransferProtocol - NfsTransferProtocol initialized with mountRoot=C:\Users\mraysmit\AppData\Local\Temp\junit15289416836289984966
10:21:56.110 [main] DEBUG d.m.q.protocol.NfsTransferProtocol - canHandle: checking request=null
10:21:56.110 [main] DEBUG d.m.q.protocol.NfsTransferProtocol - canHandle: returning false - request or sourceUri is null
10:21:56.111 [main] DEBUG d.m.q.protocol.NfsTransferProtocol - NfsTransferProtocol initialized with mountRoot=C:\Users\mraysmit\AppData\Local\Temp\junit4312464984963982686
10:21:56.111 [main] DEBUG d.m.q.protocol.NfsTransferProtocol - canHandle: checking request=20cb9f72-8de8-4352-b961-dfc1a440358a
10:21:56.111 [main] DEBUG d.m.q.protocol.NfsTransferProtocol - canHandle: direction=DOWNLOAD (Remote -> Local)
10:21:56.111 [main] DEBUG d.m.q.protocol.NfsTransferProtocol - canHandle: DOWNLOAD - sourceScheme=http
10:21:56.111 [main] DEBUG d.m.q.protocol.NfsTransferProtocol - canHandle: returning false for NFS download
10:21:56.112 [main] DEBUG d.m.q.protocol.NfsTransferProtocol - NfsTransferProtocol initialized with mountRoot=C:\Users\mraysmit\AppData\Local\Temp\junit12850159721143332909
10:21:56.113 [main] DEBUG d.m.q.protocol.NfsTransferProtocol - canHandle: checking request=3bf2f01e-6217-44b4-9746-ae877a2805e6
10:21:56.113 [main] DEBUG d.m.q.protocol.NfsTransferProtocol - canHandle: direction=DOWNLOAD (Remote -> Local)
10:21:56.113 [main] DEBUG d.m.q.protocol.NfsTransferProtocol - canHandle: DOWNLOAD - sourceScheme=nfs
10:21:56.113 [main] DEBUG d.m.q.protocol.NfsTransferProtocol - canHandle: returning true for NFS download
10:21:56.114 [main] DEBUG d.m.q.protocol.NfsTransferProtocol - NfsTransferProtocol initialized with mountRoot=C:\Users\mraysmit\AppData\Local\Temp\junit15727580676372150961
10:21:56.116 [main] DEBUG d.m.q.protocol.NfsTransferProtocol - NfsTransferProtocol initialized with mountRoot=C:\Users\mraysmit\AppData\Local\Temp\junit9105927666281770217
10:21:56.116 [main] DEBUG d.m.q.protocol.NfsTransferProtocol - canHandle: checking request=9e002eba-c3ee-42a5-b84e-4b1f67282501
10:21:56.116 [main] DEBUG d.m.q.protocol.NfsTransferProtocol - canHandle: direction=UPLOAD (Local -> Remote)
10:21:56.116 [main] DEBUG d.m.q.protocol.NfsTransferProtocol - canHandle: UPLOAD - destScheme=nfs
10:21:56.116 [main] DEBUG d.m.q.protocol.NfsTransferProtocol - canHandle: returning true for NFS upload
10:21:56.117 [main] DEBUG d.m.q.protocol.NfsTransferProtocol - NfsTransferProtocol initialized with mountRoot=C:\Users\mraysmit\AppData\Local\Temp\junit15371516584001954365
10:21:56.117 [main] DEBUG d.m.q.protocol.NfsTransferProtocol - canHandle: checking request=f826af90-a340-41d5-a78e-79a1c11277e5
10:21:56.117 [main] DEBUG d.m.q.protocol.NfsTransferProtocol - canHandle: direction=DOWNLOAD (Remote -> Local)
10:21:56.117 [main] DEBUG d.m.q.protocol.NfsTransferProtocol - canHandle: DOWNLOAD - sourceScheme=smb
10:21:56.117 [main] DEBUG d.m.q.protocol.NfsTransferProtocol - canHandle: returning false for NFS download
[INFO] Tests run: 7, Failures: 0, Errors: 0, Skipped: 0, Time elapsed: 0.011 s -- in dev.mars.quorus.protocol.NfsTransferProtocolTest$CanHandle
[INFO] Running dev.mars.quorus.protocol.NfsTransferProtocolTest$ProtocolMetadata
10:21:56.119 [main] DEBUG d.m.q.protocol.NfsTransferProtocol - NfsTransferProtocol initialized with mountRoot=C:\Users\mraysmit\AppData\Local\Temp\junit3435194654523127859
10:21:56.119 [main] DEBUG d.m.q.protocol.NfsTransferProtocol - NfsTransferProtocol initialized with mountRoot=C:\nfs
10:21:56.121 [main] DEBUG d.m.q.protocol.NfsTransferProtocol - NfsTransferProtocol initialized with mountRoot=C:\Users\mraysmit\AppData\Local\Temp\junit4709259782530872541
10:21:56.122 [main] DEBUG d.m.q.protocol.NfsTransferProtocol - NfsTransferProtocol initialized with mountRoot=C:\Users\mraysmit\AppData\Local\Temp\junit9738266778054865553
10:21:56.123 [main] DEBUG d.m.q.protocol.NfsTransferProtocol - NfsTransferProtocol initialized with mountRoot=C:\Users\mraysmit\AppData\Local\Temp\junit7659817381515317417
10:21:56.125 [main] DEBUG d.m.q.protocol.NfsTransferProtocol - NfsTransferProtocol initialized with mountRoot=C:\Users\mraysmit\AppData\Local\Temp\junit6293791906481276461
10:21:56.127 [main] DEBUG d.m.q.protocol.NfsTransferProtocol - NfsTransferProtocol initialized with mountRoot=C:\Users\mraysmit\AppData\Local\Temp\junit7214951201540337796
10:21:56.128 [main] DEBUG d.m.q.protocol.NfsTransferProtocol - NfsTransferProtocol initialized with mountRoot=C:\Users\mraysmit\AppData\Local\Temp\junit9450561954739047126
10:21:56.129 [main] DEBUG d.m.q.protocol.NfsTransferProtocol - abort: NFS transfer abort requested
10:21:56.129 [main] DEBUG d.m.q.protocol.NfsTransferProtocol - abort: NFS abort relies on thread interruption
[INFO] Tests run: 7, Failures: 0, Errors: 0, Skipped: 0, Time elapsed: 0.012 s -- in dev.mars.quorus.protocol.NfsTransferProtocolTest$ProtocolMetadata
[INFO] Tests run: 0, Failures: 0, Errors: 0, Skipped: 0, Time elapsed: 0.372 s -- in dev.mars.quorus.protocol.NfsTransferProtocolTest
[INFO] Running dev.mars.quorus.protocol.ProtocolFactoryBidirectionalTest
[INFO] Running dev.mars.quorus.protocol.ProtocolFactoryBidirectionalTest$EdgeCasesAndErrorHandlingTests
10:21:56.162 [main] DEBUG d.m.quorus.protocol.ProtocolFactory - Initializing ProtocolFactory
10:21:56.162 [main] DEBUG d.m.quorus.protocol.ProtocolFactory - Registering default transfer protocols
10:21:56.162 [main] DEBUG d.m.quorus.protocol.ProtocolFactory - Creating HttpTransferProtocol instance
10:21:56.162 [main] INFO  d.m.q.protocol.HttpTransferProtocol - HttpTransferProtocol initialized: connectTimeout=30 SECONDS, socketTimeout=60 SECONDS, maxFileSize=10737418240 bytes
10:21:56.162 [main] INFO  d.m.quorus.protocol.ProtocolFactory - Registered protocol: http
10:21:56.162 [main] DEBUG d.m.quorus.protocol.ProtocolFactory - Protocol details: name=http, class=HttpTransferProtocol, supportsResume=false, supportsPause=true
10:21:56.162 [main] INFO  d.m.quorus.protocol.ProtocolFactory - Registered protocol alias: https -> http
10:21:56.162 [main] DEBUG d.m.quorus.protocol.ProtocolFactory - Creating SmbTransferProtocol instance
10:21:56.162 [main] INFO  d.m.quorus.protocol.ProtocolFactory - Registered protocol: smb
10:21:56.162 [main] DEBUG d.m.quorus.protocol.ProtocolFactory - Protocol details: name=smb, class=SmbTransferProtocol, supportsResume=false, supportsPause=false
10:21:56.162 [main] INFO  d.m.quorus.protocol.ProtocolFactory - Registered protocol alias: cifs -> smb
10:21:56.162 [main] DEBUG d.m.quorus.protocol.ProtocolFactory - Creating FtpTransferProtocol instance
10:21:56.162 [main] INFO  d.m.quorus.protocol.ProtocolFactory - Registered protocol: ftp
10:21:56.162 [main] DEBUG d.m.quorus.protocol.ProtocolFactory - Protocol details: name=ftp, class=FtpTransferProtocol, supportsResume=false, supportsPause=false
10:21:56.162 [main] INFO  d.m.quorus.protocol.ProtocolFactory - Registered protocol alias: ftps -> ftp
10:21:56.162 [main] DEBUG d.m.quorus.protocol.ProtocolFactory - Creating SftpTransferProtocol instance
10:21:56.162 [main] INFO  d.m.quorus.protocol.ProtocolFactory - Registered protocol: sftp
10:21:56.162 [main] DEBUG d.m.quorus.protocol.ProtocolFactory - Protocol details: name=sftp, class=SftpTransferProtocol, supportsResume=false, supportsPause=false
10:21:56.162 [main] DEBUG d.m.quorus.protocol.ProtocolFactory - Creating NfsTransferProtocol instance
10:21:56.162 [main] DEBUG d.m.q.protocol.NfsTransferProtocol - NfsTransferProtocol initialized with mountRoot=C:\nfs
10:21:56.163 [main] INFO  d.m.quorus.protocol.ProtocolFactory - Registered protocol: nfs
10:21:56.163 [main] DEBUG d.m.quorus.protocol.ProtocolFactory - Protocol details: name=nfs, class=NfsTransferProtocol, supportsResume=false, supportsPause=false
10:21:56.163 [main] INFO  d.m.quorus.protocol.ProtocolFactory - Registered default transfer protocols: count=8, schemes=ftps, ftp, http, smb, sftp, nfs, https, cifs
10:21:56.163 [main] DEBUG d.m.quorus.protocol.ProtocolFactory - getProtocol(TransferRequest): called with null request
10:21:56.199 [main] DEBUG d.m.quorus.protocol.ProtocolFactory - Initializing ProtocolFactory
10:21:56.199 [main] DEBUG d.m.quorus.protocol.ProtocolFactory - Registering default transfer protocols
10:21:56.199 [main] DEBUG d.m.quorus.protocol.ProtocolFactory - Creating HttpTransferProtocol instance
10:21:56.199 [main] INFO  d.m.q.protocol.HttpTransferProtocol - HttpTransferProtocol initialized: connectTimeout=30 SECONDS, socketTimeout=60 SECONDS, maxFileSize=10737418240 bytes
10:21:56.199 [main] INFO  d.m.quorus.protocol.ProtocolFactory - Registered protocol: http
10:21:56.199 [main] DEBUG d.m.quorus.protocol.ProtocolFactory - Protocol details: name=http, class=HttpTransferProtocol, supportsResume=false, supportsPause=true
10:21:56.199 [main] INFO  d.m.quorus.protocol.ProtocolFactory - Registered protocol alias: https -> http
10:21:56.199 [main] DEBUG d.m.quorus.protocol.ProtocolFactory - Creating SmbTransferProtocol instance
10:21:56.199 [main] INFO  d.m.quorus.protocol.ProtocolFactory - Registered protocol: smb
10:21:56.199 [main] DEBUG d.m.quorus.protocol.ProtocolFactory - Protocol details: name=smb, class=SmbTransferProtocol, supportsResume=false, supportsPause=false
10:21:56.199 [main] INFO  d.m.quorus.protocol.ProtocolFactory - Registered protocol alias: cifs -> smb
10:21:56.200 [main] DEBUG d.m.quorus.protocol.ProtocolFactory - Creating FtpTransferProtocol instance
10:21:56.200 [main] INFO  d.m.quorus.protocol.ProtocolFactory - Registered protocol: ftp
10:21:56.200 [main] DEBUG d.m.quorus.protocol.ProtocolFactory - Protocol details: name=ftp, class=FtpTransferProtocol, supportsResume=false, supportsPause=false
10:21:56.200 [main] INFO  d.m.quorus.protocol.ProtocolFactory - Registered protocol alias: ftps -> ftp
10:21:56.200 [main] DEBUG d.m.quorus.protocol.ProtocolFactory - Creating SftpTransferProtocol instance
10:21:56.200 [main] INFO  d.m.quorus.protocol.ProtocolFactory - Registered protocol: sftp
10:21:56.200 [main] DEBUG d.m.quorus.protocol.ProtocolFactory - Protocol details: name=sftp, class=SftpTransferProtocol, supportsResume=false, supportsPause=false
10:21:56.200 [main] DEBUG d.m.quorus.protocol.ProtocolFactory - Creating NfsTransferProtocol instance
10:21:56.200 [main] DEBUG d.m.q.protocol.NfsTransferProtocol - NfsTransferProtocol initialized with mountRoot=C:\nfs
10:21:56.200 [main] INFO  d.m.quorus.protocol.ProtocolFactory - Registered protocol: nfs
10:21:56.200 [main] DEBUG d.m.quorus.protocol.ProtocolFactory - Protocol details: name=nfs, class=NfsTransferProtocol, supportsResume=false, supportsPause=false
10:21:56.200 [main] INFO  d.m.quorus.protocol.ProtocolFactory - Registered default transfer protocols: count=8, schemes=ftps, ftp, http, smb, sftp, nfs, https, cifs
10:21:56.200 [main] DEBUG d.m.quorus.protocol.ProtocolFactory - getProtocol(TransferRequest): DOWNLOAD - using source scheme: SFTP
10:21:56.200 [main] DEBUG d.m.quorus.protocol.ProtocolFactory - Protocol found: name=SFTP, implementation=SftpTransferProtocol
10:21:56.200 [main] DEBUG d.m.q.protocol.SftpTransferProtocol - canHandle: checking request=case-test
10:21:56.200 [main] DEBUG d.m.q.protocol.SftpTransferProtocol - canHandle: sourceScheme=SFTP
10:21:56.200 [main] DEBUG d.m.q.protocol.SftpTransferProtocol - canHandle: returning true - SFTP download detected
10:21:56.200 [main] DEBUG d.m.quorus.protocol.ProtocolFactory - getProtocol(TransferRequest): found protocol sftp for DOWNLOAD (Remote -> Local) transfer
[INFO] Tests run: 2, Failures: 0, Errors: 0, Skipped: 0, Time elapsed: 0.070 s -- in dev.mars.quorus.protocol.ProtocolFactoryBidirectionalTest$EdgeCasesAndErrorHandlingTests
[INFO] Running dev.mars.quorus.protocol.ProtocolFactoryBidirectionalTest$UploadProtocolSelectionTests
10:21:56.234 [main] DEBUG d.m.quorus.protocol.ProtocolFactory - Initializing ProtocolFactory
10:21:56.234 [main] DEBUG d.m.quorus.protocol.ProtocolFactory - Registering default transfer protocols
10:21:56.234 [main] DEBUG d.m.quorus.protocol.ProtocolFactory - Creating HttpTransferProtocol instance
10:21:56.234 [main] INFO  d.m.q.protocol.HttpTransferProtocol - HttpTransferProtocol initialized: connectTimeout=30 SECONDS, socketTimeout=60 SECONDS, maxFileSize=10737418240 bytes
10:21:56.234 [main] INFO  d.m.quorus.protocol.ProtocolFactory - Registered protocol: http
10:21:56.234 [main] DEBUG d.m.quorus.protocol.ProtocolFactory - Protocol details: name=http, class=HttpTransferProtocol, supportsResume=false, supportsPause=true
10:21:56.234 [main] INFO  d.m.quorus.protocol.ProtocolFactory - Registered protocol alias: https -> http
10:21:56.234 [main] DEBUG d.m.quorus.protocol.ProtocolFactory - Creating SmbTransferProtocol instance
10:21:56.234 [main] INFO  d.m.quorus.protocol.ProtocolFactory - Registered protocol: smb
10:21:56.234 [main] DEBUG d.m.quorus.protocol.ProtocolFactory - Protocol details: name=smb, class=SmbTransferProtocol, supportsResume=false, supportsPause=false
10:21:56.235 [main] INFO  d.m.quorus.protocol.ProtocolFactory - Registered protocol alias: cifs -> smb
10:21:56.235 [main] DEBUG d.m.quorus.protocol.ProtocolFactory - Creating FtpTransferProtocol instance
10:21:56.235 [main] INFO  d.m.quorus.protocol.ProtocolFactory - Registered protocol: ftp
10:21:56.235 [main] DEBUG d.m.quorus.protocol.ProtocolFactory - Protocol details: name=ftp, class=FtpTransferProtocol, supportsResume=false, supportsPause=false
10:21:56.235 [main] INFO  d.m.quorus.protocol.ProtocolFactory - Registered protocol alias: ftps -> ftp
10:21:56.235 [main] DEBUG d.m.quorus.protocol.ProtocolFactory - Creating SftpTransferProtocol instance
10:21:56.235 [main] INFO  d.m.quorus.protocol.ProtocolFactory - Registered protocol: sftp
10:21:56.235 [main] DEBUG d.m.quorus.protocol.ProtocolFactory - Protocol details: name=sftp, class=SftpTransferProtocol, supportsResume=false, supportsPause=false
10:21:56.235 [main] DEBUG d.m.quorus.protocol.ProtocolFactory - Creating NfsTransferProtocol instance
10:21:56.235 [main] DEBUG d.m.q.protocol.NfsTransferProtocol - NfsTransferProtocol initialized with mountRoot=C:\nfs
10:21:56.235 [main] INFO  d.m.quorus.protocol.ProtocolFactory - Registered protocol: nfs
10:21:56.235 [main] DEBUG d.m.quorus.protocol.ProtocolFactory - Protocol details: name=nfs, class=NfsTransferProtocol, supportsResume=false, supportsPause=false
10:21:56.235 [main] INFO  d.m.quorus.protocol.ProtocolFactory - Registered default transfer protocols: count=8, schemes=ftps, ftp, http, smb, sftp, nfs, https, cifs
10:21:56.235 [main] DEBUG d.m.quorus.protocol.ProtocolFactory - getProtocol(TransferRequest): UPLOAD - using destination scheme: http
10:21:56.235 [main] DEBUG d.m.quorus.protocol.ProtocolFactory - Protocol found: name=http, implementation=HttpTransferProtocol
10:21:56.235 [main] DEBUG d.m.quorus.protocol.ProtocolFactory - getProtocol(TransferRequest): found protocol http for UPLOAD (Local -> Remote) transfer
10:21:56.268 [main] DEBUG d.m.quorus.protocol.ProtocolFactory - Initializing ProtocolFactory
10:21:56.269 [main] DEBUG d.m.quorus.protocol.ProtocolFactory - Registering default transfer protocols
10:21:56.269 [main] DEBUG d.m.quorus.protocol.ProtocolFactory - Creating HttpTransferProtocol instance
10:21:56.269 [main] INFO  d.m.q.protocol.HttpTransferProtocol - HttpTransferProtocol initialized: connectTimeout=30 SECONDS, socketTimeout=60 SECONDS, maxFileSize=10737418240 bytes
10:21:56.269 [main] INFO  d.m.quorus.protocol.ProtocolFactory - Registered protocol: http
10:21:56.269 [main] DEBUG d.m.quorus.protocol.ProtocolFactory - Protocol details: name=http, class=HttpTransferProtocol, supportsResume=false, supportsPause=true
10:21:56.269 [main] INFO  d.m.quorus.protocol.ProtocolFactory - Registered protocol alias: https -> http
10:21:56.269 [main] DEBUG d.m.quorus.protocol.ProtocolFactory - Creating SmbTransferProtocol instance
10:21:56.269 [main] INFO  d.m.quorus.protocol.ProtocolFactory - Registered protocol: smb
10:21:56.270 [main] DEBUG d.m.quorus.protocol.ProtocolFactory - Protocol details: name=smb, class=SmbTransferProtocol, supportsResume=false, supportsPause=false
10:21:56.270 [main] INFO  d.m.quorus.protocol.ProtocolFactory - Registered protocol alias: cifs -> smb
10:21:56.270 [main] DEBUG d.m.quorus.protocol.ProtocolFactory - Creating FtpTransferProtocol instance
10:21:56.270 [main] INFO  d.m.quorus.protocol.ProtocolFactory - Registered protocol: ftp
10:21:56.270 [main] DEBUG d.m.quorus.protocol.ProtocolFactory - Protocol details: name=ftp, class=FtpTransferProtocol, supportsResume=false, supportsPause=false
10:21:56.270 [main] INFO  d.m.quorus.protocol.ProtocolFactory - Registered protocol alias: ftps -> ftp
10:21:56.270 [main] DEBUG d.m.quorus.protocol.ProtocolFactory - Creating SftpTransferProtocol instance
10:21:56.270 [main] INFO  d.m.quorus.protocol.ProtocolFactory - Registered protocol: sftp
10:21:56.270 [main] DEBUG d.m.quorus.protocol.ProtocolFactory - Protocol details: name=sftp, class=SftpTransferProtocol, supportsResume=false, supportsPause=false
10:21:56.270 [main] DEBUG d.m.quorus.protocol.ProtocolFactory - Creating NfsTransferProtocol instance
10:21:56.270 [main] DEBUG d.m.q.protocol.NfsTransferProtocol - NfsTransferProtocol initialized with mountRoot=C:\nfs
10:21:56.270 [main] INFO  d.m.quorus.protocol.ProtocolFactory - Registered protocol: nfs
10:21:56.270 [main] DEBUG d.m.quorus.protocol.ProtocolFactory - Protocol details: name=nfs, class=NfsTransferProtocol, supportsResume=false, supportsPause=false
10:21:56.270 [main] INFO  d.m.quorus.protocol.ProtocolFactory - Registered default transfer protocols: count=8, schemes=ftps, ftp, http, smb, sftp, nfs, https, cifs
10:21:56.270 [main] DEBUG d.m.quorus.protocol.ProtocolFactory - getProtocol(TransferRequest): UPLOAD - using destination scheme: sftp
10:21:56.270 [main] DEBUG d.m.quorus.protocol.ProtocolFactory - Protocol found: name=sftp, implementation=SftpTransferProtocol
10:21:56.270 [main] DEBUG d.m.q.protocol.SftpTransferProtocol - canHandle: checking request=sftp-upload-test
10:21:56.270 [main] DEBUG d.m.q.protocol.SftpTransferProtocol - canHandle: sourceScheme=file
10:21:56.270 [main] DEBUG d.m.q.protocol.SftpTransferProtocol - canHandle: destScheme=sftp
10:21:56.270 [main] DEBUG d.m.q.protocol.SftpTransferProtocol - canHandle: returning true - SFTP upload detected
10:21:56.270 [main] DEBUG d.m.quorus.protocol.ProtocolFactory - getProtocol(TransferRequest): found protocol sftp for UPLOAD (Local -> Remote) transfer
10:21:56.299 [main] DEBUG d.m.quorus.protocol.ProtocolFactory - Initializing ProtocolFactory
10:21:56.299 [main] DEBUG d.m.quorus.protocol.ProtocolFactory - Registering default transfer protocols
10:21:56.299 [main] DEBUG d.m.quorus.protocol.ProtocolFactory - Creating HttpTransferProtocol instance
10:21:56.299 [main] INFO  d.m.q.protocol.HttpTransferProtocol - HttpTransferProtocol initialized: connectTimeout=30 SECONDS, socketTimeout=60 SECONDS, maxFileSize=10737418240 bytes
10:21:56.299 [main] INFO  d.m.quorus.protocol.ProtocolFactory - Registered protocol: http
10:21:56.299 [main] DEBUG d.m.quorus.protocol.ProtocolFactory - Protocol details: name=http, class=HttpTransferProtocol, supportsResume=false, supportsPause=true
10:21:56.299 [main] INFO  d.m.quorus.protocol.ProtocolFactory - Registered protocol alias: https -> http
10:21:56.299 [main] DEBUG d.m.quorus.protocol.ProtocolFactory - Creating SmbTransferProtocol instance
10:21:56.299 [main] INFO  d.m.quorus.protocol.ProtocolFactory - Registered protocol: smb
10:21:56.299 [main] DEBUG d.m.quorus.protocol.ProtocolFactory - Protocol details: name=smb, class=SmbTransferProtocol, supportsResume=false, supportsPause=false
10:21:56.299 [main] INFO  d.m.quorus.protocol.ProtocolFactory - Registered protocol alias: cifs -> smb
10:21:56.299 [main] DEBUG d.m.quorus.protocol.ProtocolFactory - Creating FtpTransferProtocol instance
10:21:56.299 [main] INFO  d.m.quorus.protocol.ProtocolFactory - Registered protocol: ftp
10:21:56.299 [main] DEBUG d.m.quorus.protocol.ProtocolFactory - Protocol details: name=ftp, class=FtpTransferProtocol, supportsResume=false, supportsPause=false
10:21:56.299 [main] INFO  d.m.quorus.protocol.ProtocolFactory - Registered protocol alias: ftps -> ftp
10:21:56.299 [main] DEBUG d.m.quorus.protocol.ProtocolFactory - Creating SftpTransferProtocol instance
10:21:56.299 [main] INFO  d.m.quorus.protocol.ProtocolFactory - Registered protocol: sftp
10:21:56.299 [main] DEBUG d.m.quorus.protocol.ProtocolFactory - Protocol details: name=sftp, class=SftpTransferProtocol, supportsResume=false, supportsPause=false
10:21:56.299 [main] DEBUG d.m.quorus.protocol.ProtocolFactory - Creating NfsTransferProtocol instance
10:21:56.299 [main] DEBUG d.m.q.protocol.NfsTransferProtocol - NfsTransferProtocol initialized with mountRoot=C:\nfs
10:21:56.299 [main] INFO  d.m.quorus.protocol.ProtocolFactory - Registered protocol: nfs
10:21:56.299 [main] DEBUG d.m.quorus.protocol.ProtocolFactory - Protocol details: name=nfs, class=NfsTransferProtocol, supportsResume=false, supportsPause=false
10:21:56.299 [main] INFO  d.m.quorus.protocol.ProtocolFactory - Registered default transfer protocols: count=8, schemes=ftps, ftp, http, smb, sftp, nfs, https, cifs
10:21:56.300 [main] DEBUG d.m.quorus.protocol.ProtocolFactory - getProtocol(TransferRequest): UPLOAD - using destination scheme: ftp
10:21:56.300 [main] DEBUG d.m.quorus.protocol.ProtocolFactory - Protocol found: name=ftp, implementation=FtpTransferProtocol
10:21:56.300 [main] DEBUG d.m.q.protocol.FtpTransferProtocol - canHandle: FTP/FTPS upload check, destScheme=ftp, canHandle=true
10:21:56.300 [main] DEBUG d.m.quorus.protocol.ProtocolFactory - getProtocol(TransferRequest): found protocol ftp for UPLOAD (Local -> Remote) transfer
10:21:56.329 [main] DEBUG d.m.quorus.protocol.ProtocolFactory - Initializing ProtocolFactory
10:21:56.329 [main] DEBUG d.m.quorus.protocol.ProtocolFactory - Registering default transfer protocols
10:21:56.330 [main] DEBUG d.m.quorus.protocol.ProtocolFactory - Creating HttpTransferProtocol instance
10:21:56.330 [main] INFO  d.m.q.protocol.HttpTransferProtocol - HttpTransferProtocol initialized: connectTimeout=30 SECONDS, socketTimeout=60 SECONDS, maxFileSize=10737418240 bytes
10:21:56.330 [main] INFO  d.m.quorus.protocol.ProtocolFactory - Registered protocol: http
10:21:56.330 [main] DEBUG d.m.quorus.protocol.ProtocolFactory - Protocol details: name=http, class=HttpTransferProtocol, supportsResume=false, supportsPause=true
10:21:56.330 [main] INFO  d.m.quorus.protocol.ProtocolFactory - Registered protocol alias: https -> http
10:21:56.330 [main] DEBUG d.m.quorus.protocol.ProtocolFactory - Creating SmbTransferProtocol instance
10:21:56.330 [main] INFO  d.m.quorus.protocol.ProtocolFactory - Registered protocol: smb
10:21:56.330 [main] DEBUG d.m.quorus.protocol.ProtocolFactory - Protocol details: name=smb, class=SmbTransferProtocol, supportsResume=false, supportsPause=false
10:21:56.330 [main] INFO  d.m.quorus.protocol.ProtocolFactory - Registered protocol alias: cifs -> smb
10:21:56.330 [main] DEBUG d.m.quorus.protocol.ProtocolFactory - Creating FtpTransferProtocol instance
10:21:56.330 [main] INFO  d.m.quorus.protocol.ProtocolFactory - Registered protocol: ftp
10:21:56.330 [main] DEBUG d.m.quorus.protocol.ProtocolFactory - Protocol details: name=ftp, class=FtpTransferProtocol, supportsResume=false, supportsPause=false
10:21:56.330 [main] INFO  d.m.quorus.protocol.ProtocolFactory - Registered protocol alias: ftps -> ftp
10:21:56.330 [main] DEBUG d.m.quorus.protocol.ProtocolFactory - Creating SftpTransferProtocol instance
10:21:56.330 [main] INFO  d.m.quorus.protocol.ProtocolFactory - Registered protocol: sftp
10:21:56.330 [main] DEBUG d.m.quorus.protocol.ProtocolFactory - Protocol details: name=sftp, class=SftpTransferProtocol, supportsResume=false, supportsPause=false
10:21:56.330 [main] DEBUG d.m.quorus.protocol.ProtocolFactory - Creating NfsTransferProtocol instance
10:21:56.330 [main] DEBUG d.m.q.protocol.NfsTransferProtocol - NfsTransferProtocol initialized with mountRoot=C:\nfs
10:21:56.330 [main] INFO  d.m.quorus.protocol.ProtocolFactory - Registered protocol: nfs
10:21:56.330 [main] DEBUG d.m.quorus.protocol.ProtocolFactory - Protocol details: name=nfs, class=NfsTransferProtocol, supportsResume=false, supportsPause=false
10:21:56.330 [main] INFO  d.m.quorus.protocol.ProtocolFactory - Registered default transfer protocols: count=8, schemes=ftps, ftp, http, smb, sftp, nfs, https, cifs
10:21:56.330 [main] DEBUG d.m.quorus.protocol.ProtocolFactory - getProtocol(TransferRequest): UPLOAD - using destination scheme: smb
10:21:56.330 [main] DEBUG d.m.quorus.protocol.ProtocolFactory - Protocol found: name=smb, implementation=SmbTransferProtocol
10:21:56.330 [main] DEBUG d.m.q.protocol.SmbTransferProtocol - canHandle: checking request=smb-upload-test
10:21:56.330 [main] DEBUG d.m.q.protocol.SmbTransferProtocol - canHandle: direction=UPLOAD (Local -> Remote)
10:21:56.330 [main] DEBUG d.m.q.protocol.SmbTransferProtocol - canHandle: UPLOAD - destScheme=smb
10:21:56.330 [main] DEBUG d.m.q.protocol.SmbTransferProtocol - canHandle: returning true for SMB upload
10:21:56.330 [main] DEBUG d.m.quorus.protocol.ProtocolFactory - getProtocol(TransferRequest): found protocol smb for UPLOAD (Local -> Remote) transfer
[INFO] Tests run: 4, Failures: 0, Errors: 0, Skipped: 0, Time elapsed: 0.130 s -- in dev.mars.quorus.protocol.ProtocolFactoryBidirectionalTest$UploadProtocolSelectionTests
[INFO] Running dev.mars.quorus.protocol.ProtocolFactoryBidirectionalTest$DownloadProtocolSelectionTests
10:21:56.360 [main] DEBUG d.m.quorus.protocol.ProtocolFactory - Initializing ProtocolFactory
10:21:56.361 [main] DEBUG d.m.quorus.protocol.ProtocolFactory - Registering default transfer protocols
10:21:56.361 [main] DEBUG d.m.quorus.protocol.ProtocolFactory - Creating HttpTransferProtocol instance
10:21:56.361 [main] INFO  d.m.q.protocol.HttpTransferProtocol - HttpTransferProtocol initialized: connectTimeout=30 SECONDS, socketTimeout=60 SECONDS, maxFileSize=10737418240 bytes
10:21:56.361 [main] INFO  d.m.quorus.protocol.ProtocolFactory - Registered protocol: http
10:21:56.361 [main] DEBUG d.m.quorus.protocol.ProtocolFactory - Protocol details: name=http, class=HttpTransferProtocol, supportsResume=false, supportsPause=true
10:21:56.361 [main] INFO  d.m.quorus.protocol.ProtocolFactory - Registered protocol alias: https -> http
10:21:56.361 [main] DEBUG d.m.quorus.protocol.ProtocolFactory - Creating SmbTransferProtocol instance
10:21:56.361 [main] INFO  d.m.quorus.protocol.ProtocolFactory - Registered protocol: smb
10:21:56.361 [main] DEBUG d.m.quorus.protocol.ProtocolFactory - Protocol details: name=smb, class=SmbTransferProtocol, supportsResume=false, supportsPause=false
10:21:56.361 [main] INFO  d.m.quorus.protocol.ProtocolFactory - Registered protocol alias: cifs -> smb
10:21:56.361 [main] DEBUG d.m.quorus.protocol.ProtocolFactory - Creating FtpTransferProtocol instance
10:21:56.361 [main] INFO  d.m.quorus.protocol.ProtocolFactory - Registered protocol: ftp
10:21:56.361 [main] DEBUG d.m.quorus.protocol.ProtocolFactory - Protocol details: name=ftp, class=FtpTransferProtocol, supportsResume=false, supportsPause=false
10:21:56.361 [main] INFO  d.m.quorus.protocol.ProtocolFactory - Registered protocol alias: ftps -> ftp
10:21:56.361 [main] DEBUG d.m.quorus.protocol.ProtocolFactory - Creating SftpTransferProtocol instance
10:21:56.361 [main] INFO  d.m.quorus.protocol.ProtocolFactory - Registered protocol: sftp
10:21:56.361 [main] DEBUG d.m.quorus.protocol.ProtocolFactory - Protocol details: name=sftp, class=SftpTransferProtocol, supportsResume=false, supportsPause=false
10:21:56.361 [main] DEBUG d.m.quorus.protocol.ProtocolFactory - Creating NfsTransferProtocol instance
10:21:56.361 [main] DEBUG d.m.q.protocol.NfsTransferProtocol - NfsTransferProtocol initialized with mountRoot=C:\nfs
10:21:56.361 [main] INFO  d.m.quorus.protocol.ProtocolFactory - Registered protocol: nfs
10:21:56.361 [main] DEBUG d.m.quorus.protocol.ProtocolFactory - Protocol details: name=nfs, class=NfsTransferProtocol, supportsResume=false, supportsPause=false
10:21:56.361 [main] INFO  d.m.quorus.protocol.ProtocolFactory - Registered default transfer protocols: count=8, schemes=ftps, ftp, http, smb, sftp, nfs, https, cifs
10:21:56.361 [main] DEBUG d.m.quorus.protocol.ProtocolFactory - getProtocol(TransferRequest): DOWNLOAD - using source scheme: http
10:21:56.361 [main] DEBUG d.m.quorus.protocol.ProtocolFactory - Protocol found: name=http, implementation=HttpTransferProtocol
10:21:56.361 [main] DEBUG d.m.quorus.protocol.ProtocolFactory - getProtocol(TransferRequest): found protocol http for DOWNLOAD (Remote -> Local) transfer
10:21:56.391 [main] DEBUG d.m.quorus.protocol.ProtocolFactory - Initializing ProtocolFactory
10:21:56.392 [main] DEBUG d.m.quorus.protocol.ProtocolFactory - Registering default transfer protocols
10:21:56.392 [main] DEBUG d.m.quorus.protocol.ProtocolFactory - Creating HttpTransferProtocol instance
10:21:56.392 [main] INFO  d.m.q.protocol.HttpTransferProtocol - HttpTransferProtocol initialized: connectTimeout=30 SECONDS, socketTimeout=60 SECONDS, maxFileSize=10737418240 bytes
10:21:56.392 [main] INFO  d.m.quorus.protocol.ProtocolFactory - Registered protocol: http
10:21:56.392 [main] DEBUG d.m.quorus.protocol.ProtocolFactory - Protocol details: name=http, class=HttpTransferProtocol, supportsResume=false, supportsPause=true
10:21:56.392 [main] INFO  d.m.quorus.protocol.ProtocolFactory - Registered protocol alias: https -> http
10:21:56.392 [main] DEBUG d.m.quorus.protocol.ProtocolFactory - Creating SmbTransferProtocol instance
10:21:56.392 [main] INFO  d.m.quorus.protocol.ProtocolFactory - Registered protocol: smb
10:21:56.392 [main] DEBUG d.m.quorus.protocol.ProtocolFactory - Protocol details: name=smb, class=SmbTransferProtocol, supportsResume=false, supportsPause=false
10:21:56.392 [main] INFO  d.m.quorus.protocol.ProtocolFactory - Registered protocol alias: cifs -> smb
10:21:56.392 [main] DEBUG d.m.quorus.protocol.ProtocolFactory - Creating FtpTransferProtocol instance
10:21:56.392 [main] INFO  d.m.quorus.protocol.ProtocolFactory - Registered protocol: ftp
10:21:56.392 [main] DEBUG d.m.quorus.protocol.ProtocolFactory - Protocol details: name=ftp, class=FtpTransferProtocol, supportsResume=false, supportsPause=false
10:21:56.392 [main] INFO  d.m.quorus.protocol.ProtocolFactory - Registered protocol alias: ftps -> ftp
10:21:56.392 [main] DEBUG d.m.quorus.protocol.ProtocolFactory - Creating SftpTransferProtocol instance
10:21:56.392 [main] INFO  d.m.quorus.protocol.ProtocolFactory - Registered protocol: sftp
10:21:56.392 [main] DEBUG d.m.quorus.protocol.ProtocolFactory - Protocol details: name=sftp, class=SftpTransferProtocol, supportsResume=false, supportsPause=false
10:21:56.392 [main] DEBUG d.m.quorus.protocol.ProtocolFactory - Creating NfsTransferProtocol instance
10:21:56.392 [main] DEBUG d.m.q.protocol.NfsTransferProtocol - NfsTransferProtocol initialized with mountRoot=C:\nfs
10:21:56.392 [main] INFO  d.m.quorus.protocol.ProtocolFactory - Registered protocol: nfs
10:21:56.392 [main] DEBUG d.m.quorus.protocol.ProtocolFactory - Protocol details: name=nfs, class=NfsTransferProtocol, supportsResume=false, supportsPause=false
10:21:56.392 [main] INFO  d.m.quorus.protocol.ProtocolFactory - Registered default transfer protocols: count=8, schemes=ftps, ftp, http, smb, sftp, nfs, https, cifs
10:21:56.392 [main] DEBUG d.m.quorus.protocol.ProtocolFactory - getProtocol(TransferRequest): DOWNLOAD - using source scheme: ftp
10:21:56.392 [main] DEBUG d.m.quorus.protocol.ProtocolFactory - Protocol found: name=ftp, implementation=FtpTransferProtocol
10:21:56.392 [main] DEBUG d.m.q.protocol.FtpTransferProtocol - canHandle: FTP/FTPS download detected, sourceScheme=ftp
10:21:56.392 [main] DEBUG d.m.quorus.protocol.ProtocolFactory - getProtocol(TransferRequest): found protocol ftp for DOWNLOAD (Remote -> Local) transfer
10:21:56.419 [main] DEBUG d.m.quorus.protocol.ProtocolFactory - Initializing ProtocolFactory
10:21:56.419 [main] DEBUG d.m.quorus.protocol.ProtocolFactory - Registering default transfer protocols
10:21:56.419 [main] DEBUG d.m.quorus.protocol.ProtocolFactory - Creating HttpTransferProtocol instance
10:21:56.419 [main] INFO  d.m.q.protocol.HttpTransferProtocol - HttpTransferProtocol initialized: connectTimeout=30 SECONDS, socketTimeout=60 SECONDS, maxFileSize=10737418240 bytes
10:21:56.419 [main] INFO  d.m.quorus.protocol.ProtocolFactory - Registered protocol: http
10:21:56.419 [main] DEBUG d.m.quorus.protocol.ProtocolFactory - Protocol details: name=http, class=HttpTransferProtocol, supportsResume=false, supportsPause=true
10:21:56.419 [main] INFO  d.m.quorus.protocol.ProtocolFactory - Registered protocol alias: https -> http
10:21:56.419 [main] DEBUG d.m.quorus.protocol.ProtocolFactory - Creating SmbTransferProtocol instance
10:21:56.420 [main] INFO  d.m.quorus.protocol.ProtocolFactory - Registered protocol: smb
10:21:56.420 [main] DEBUG d.m.quorus.protocol.ProtocolFactory - Protocol details: name=smb, class=SmbTransferProtocol, supportsResume=false, supportsPause=false
10:21:56.420 [main] INFO  d.m.quorus.protocol.ProtocolFactory - Registered protocol alias: cifs -> smb
10:21:56.420 [main] DEBUG d.m.quorus.protocol.ProtocolFactory - Creating FtpTransferProtocol instance
10:21:56.420 [main] INFO  d.m.quorus.protocol.ProtocolFactory - Registered protocol: ftp
10:21:56.420 [main] DEBUG d.m.quorus.protocol.ProtocolFactory - Protocol details: name=ftp, class=FtpTransferProtocol, supportsResume=false, supportsPause=false
10:21:56.420 [main] INFO  d.m.quorus.protocol.ProtocolFactory - Registered protocol alias: ftps -> ftp
10:21:56.420 [main] DEBUG d.m.quorus.protocol.ProtocolFactory - Creating SftpTransferProtocol instance
10:21:56.420 [main] INFO  d.m.quorus.protocol.ProtocolFactory - Registered protocol: sftp
10:21:56.420 [main] DEBUG d.m.quorus.protocol.ProtocolFactory - Protocol details: name=sftp, class=SftpTransferProtocol, supportsResume=false, supportsPause=false
10:21:56.420 [main] DEBUG d.m.quorus.protocol.ProtocolFactory - Creating NfsTransferProtocol instance
10:21:56.420 [main] DEBUG d.m.q.protocol.NfsTransferProtocol - NfsTransferProtocol initialized with mountRoot=C:\nfs
10:21:56.420 [main] INFO  d.m.quorus.protocol.ProtocolFactory - Registered protocol: nfs
10:21:56.420 [main] DEBUG d.m.quorus.protocol.ProtocolFactory - Protocol details: name=nfs, class=NfsTransferProtocol, supportsResume=false, supportsPause=false
10:21:56.420 [main] INFO  d.m.quorus.protocol.ProtocolFactory - Registered default transfer protocols: count=8, schemes=ftps, ftp, http, smb, sftp, nfs, https, cifs
10:21:56.420 [main] DEBUG d.m.quorus.protocol.ProtocolFactory - getProtocol(TransferRequest): DOWNLOAD - using source scheme: https
10:21:56.420 [main] DEBUG d.m.quorus.protocol.ProtocolFactory - Protocol found: name=https, implementation=HttpTransferProtocol
10:21:56.420 [main] DEBUG d.m.quorus.protocol.ProtocolFactory - getProtocol(TransferRequest): found protocol http for DOWNLOAD (Remote -> Local) transfer
10:21:56.447 [main] DEBUG d.m.quorus.protocol.ProtocolFactory - Initializing ProtocolFactory
10:21:56.447 [main] DEBUG d.m.quorus.protocol.ProtocolFactory - Registering default transfer protocols
10:21:56.447 [main] DEBUG d.m.quorus.protocol.ProtocolFactory - Creating HttpTransferProtocol instance
10:21:56.447 [main] INFO  d.m.q.protocol.HttpTransferProtocol - HttpTransferProtocol initialized: connectTimeout=30 SECONDS, socketTimeout=60 SECONDS, maxFileSize=10737418240 bytes
10:21:56.447 [main] INFO  d.m.quorus.protocol.ProtocolFactory - Registered protocol: http
10:21:56.447 [main] DEBUG d.m.quorus.protocol.ProtocolFactory - Protocol details: name=http, class=HttpTransferProtocol, supportsResume=false, supportsPause=true
10:21:56.447 [main] INFO  d.m.quorus.protocol.ProtocolFactory - Registered protocol alias: https -> http
10:21:56.447 [main] DEBUG d.m.quorus.protocol.ProtocolFactory - Creating SmbTransferProtocol instance
10:21:56.447 [main] INFO  d.m.quorus.protocol.ProtocolFactory - Registered protocol: smb
10:21:56.447 [main] DEBUG d.m.quorus.protocol.ProtocolFactory - Protocol details: name=smb, class=SmbTransferProtocol, supportsResume=false, supportsPause=false
10:21:56.447 [main] INFO  d.m.quorus.protocol.ProtocolFactory - Registered protocol alias: cifs -> smb
10:21:56.447 [main] DEBUG d.m.quorus.protocol.ProtocolFactory - Creating FtpTransferProtocol instance
10:21:56.447 [main] INFO  d.m.quorus.protocol.ProtocolFactory - Registered protocol: ftp
10:21:56.447 [main] DEBUG d.m.quorus.protocol.ProtocolFactory - Protocol details: name=ftp, class=FtpTransferProtocol, supportsResume=false, supportsPause=false
10:21:56.447 [main] INFO  d.m.quorus.protocol.ProtocolFactory - Registered protocol alias: ftps -> ftp
10:21:56.447 [main] DEBUG d.m.quorus.protocol.ProtocolFactory - Creating SftpTransferProtocol instance
10:21:56.447 [main] INFO  d.m.quorus.protocol.ProtocolFactory - Registered protocol: sftp
10:21:56.447 [main] DEBUG d.m.quorus.protocol.ProtocolFactory - Protocol details: name=sftp, class=SftpTransferProtocol, supportsResume=false, supportsPause=false
10:21:56.447 [main] DEBUG d.m.quorus.protocol.ProtocolFactory - Creating NfsTransferProtocol instance
10:21:56.447 [main] DEBUG d.m.q.protocol.NfsTransferProtocol - NfsTransferProtocol initialized with mountRoot=C:\nfs
10:21:56.448 [main] INFO  d.m.quorus.protocol.ProtocolFactory - Registered protocol: nfs
10:21:56.448 [main] DEBUG d.m.quorus.protocol.ProtocolFactory - Protocol details: name=nfs, class=NfsTransferProtocol, supportsResume=false, supportsPause=false
10:21:56.448 [main] INFO  d.m.quorus.protocol.ProtocolFactory - Registered default transfer protocols: count=8, schemes=ftps, ftp, http, smb, sftp, nfs, https, cifs
10:21:56.448 [main] DEBUG d.m.quorus.protocol.ProtocolFactory - getProtocol(TransferRequest): DOWNLOAD - using source scheme: sftp
10:21:56.448 [main] DEBUG d.m.quorus.protocol.ProtocolFactory - Protocol found: name=sftp, implementation=SftpTransferProtocol
10:21:56.448 [main] DEBUG d.m.q.protocol.SftpTransferProtocol - canHandle: checking request=sftp-download-test
10:21:56.448 [main] DEBUG d.m.q.protocol.SftpTransferProtocol - canHandle: sourceScheme=sftp
10:21:56.448 [main] DEBUG d.m.q.protocol.SftpTransferProtocol - canHandle: returning true - SFTP download detected
10:21:56.448 [main] DEBUG d.m.quorus.protocol.ProtocolFactory - getProtocol(TransferRequest): found protocol sftp for DOWNLOAD (Remote -> Local) transfer
10:21:56.481 [main] DEBUG d.m.quorus.protocol.ProtocolFactory - Initializing ProtocolFactory
10:21:56.481 [main] DEBUG d.m.quorus.protocol.ProtocolFactory - Registering default transfer protocols
10:21:56.481 [main] DEBUG d.m.quorus.protocol.ProtocolFactory - Creating HttpTransferProtocol instance
10:21:56.481 [main] INFO  d.m.q.protocol.HttpTransferProtocol - HttpTransferProtocol initialized: connectTimeout=30 SECONDS, socketTimeout=60 SECONDS, maxFileSize=10737418240 bytes
10:21:56.481 [main] INFO  d.m.quorus.protocol.ProtocolFactory - Registered protocol: http
10:21:56.481 [main] DEBUG d.m.quorus.protocol.ProtocolFactory - Protocol details: name=http, class=HttpTransferProtocol, supportsResume=false, supportsPause=true
10:21:56.481 [main] INFO  d.m.quorus.protocol.ProtocolFactory - Registered protocol alias: https -> http
10:21:56.481 [main] DEBUG d.m.quorus.protocol.ProtocolFactory - Creating SmbTransferProtocol instance
10:21:56.481 [main] INFO  d.m.quorus.protocol.ProtocolFactory - Registered protocol: smb
10:21:56.481 [main] DEBUG d.m.quorus.protocol.ProtocolFactory - Protocol details: name=smb, class=SmbTransferProtocol, supportsResume=false, supportsPause=false
10:21:56.481 [main] INFO  d.m.quorus.protocol.ProtocolFactory - Registered protocol alias: cifs -> smb
10:21:56.481 [main] DEBUG d.m.quorus.protocol.ProtocolFactory - Creating FtpTransferProtocol instance
10:21:56.481 [main] INFO  d.m.quorus.protocol.ProtocolFactory - Registered protocol: ftp
10:21:56.481 [main] DEBUG d.m.quorus.protocol.ProtocolFactory - Protocol details: name=ftp, class=FtpTransferProtocol, supportsResume=false, supportsPause=false
10:21:56.481 [main] INFO  d.m.quorus.protocol.ProtocolFactory - Registered protocol alias: ftps -> ftp
10:21:56.481 [main] DEBUG d.m.quorus.protocol.ProtocolFactory - Creating SftpTransferProtocol instance
10:21:56.481 [main] INFO  d.m.quorus.protocol.ProtocolFactory - Registered protocol: sftp
10:21:56.481 [main] DEBUG d.m.quorus.protocol.ProtocolFactory - Protocol details: name=sftp, class=SftpTransferProtocol, supportsResume=false, supportsPause=false
10:21:56.481 [main] DEBUG d.m.quorus.protocol.ProtocolFactory - Creating NfsTransferProtocol instance
10:21:56.481 [main] DEBUG d.m.q.protocol.NfsTransferProtocol - NfsTransferProtocol initialized with mountRoot=C:\nfs
10:21:56.481 [main] INFO  d.m.quorus.protocol.ProtocolFactory - Registered protocol: nfs
10:21:56.481 [main] DEBUG d.m.quorus.protocol.ProtocolFactory - Protocol details: name=nfs, class=NfsTransferProtocol, supportsResume=false, supportsPause=false
10:21:56.481 [main] INFO  d.m.quorus.protocol.ProtocolFactory - Registered default transfer protocols: count=8, schemes=ftps, ftp, http, smb, sftp, nfs, https, cifs
10:21:56.481 [main] DEBUG d.m.quorus.protocol.ProtocolFactory - getProtocol(TransferRequest): DOWNLOAD - using source scheme: smb
10:21:56.481 [main] DEBUG d.m.quorus.protocol.ProtocolFactory - Protocol found: name=smb, implementation=SmbTransferProtocol
10:21:56.481 [main] DEBUG d.m.q.protocol.SmbTransferProtocol - canHandle: checking request=smb-download-test
10:21:56.481 [main] DEBUG d.m.q.protocol.SmbTransferProtocol - canHandle: direction=DOWNLOAD (Remote -> Local)
10:21:56.482 [main] DEBUG d.m.q.protocol.SmbTransferProtocol - canHandle: DOWNLOAD - sourceScheme=smb
10:21:56.482 [main] DEBUG d.m.q.protocol.SmbTransferProtocol - canHandle: returning true for SMB download
10:21:56.482 [main] DEBUG d.m.quorus.protocol.ProtocolFactory - getProtocol(TransferRequest): found protocol smb for DOWNLOAD (Remote -> Local) transfer
[INFO] Tests run: 5, Failures: 0, Errors: 0, Skipped: 0, Time elapsed: 0.151 s -- in dev.mars.quorus.protocol.ProtocolFactoryBidirectionalTest$DownloadProtocolSelectionTests
[INFO] Tests run: 0, Failures: 0, Errors: 0, Skipped: 0, Time elapsed: 0.351 s -- in dev.mars.quorus.protocol.ProtocolFactoryBidirectionalTest
[INFO] Running dev.mars.quorus.protocol.ProtocolFactoryTest
10:21:56.509 [main] DEBUG d.m.quorus.protocol.ProtocolFactory - Initializing ProtocolFactory
10:21:56.511 [main] DEBUG d.m.quorus.protocol.ProtocolFactory - Registering default transfer protocols
10:21:56.511 [main] DEBUG d.m.quorus.protocol.ProtocolFactory - Creating HttpTransferProtocol instance
10:21:56.511 [main] INFO  d.m.q.protocol.HttpTransferProtocol - HttpTransferProtocol initialized: connectTimeout=30 SECONDS, socketTimeout=60 SECONDS, maxFileSize=10737418240 bytes
10:21:56.511 [main] INFO  d.m.quorus.protocol.ProtocolFactory - Registered protocol: http
10:21:56.511 [main] DEBUG d.m.quorus.protocol.ProtocolFactory - Protocol details: name=http, class=HttpTransferProtocol, supportsResume=false, supportsPause=true
10:21:56.511 [main] INFO  d.m.quorus.protocol.ProtocolFactory - Registered protocol alias: https -> http
10:21:56.511 [main] DEBUG d.m.quorus.protocol.ProtocolFactory - Creating SmbTransferProtocol instance
10:21:56.511 [main] INFO  d.m.quorus.protocol.ProtocolFactory - Registered protocol: smb
10:21:56.511 [main] DEBUG d.m.quorus.protocol.ProtocolFactory - Protocol details: name=smb, class=SmbTransferProtocol, supportsResume=false, supportsPause=false
10:21:56.511 [main] INFO  d.m.quorus.protocol.ProtocolFactory - Registered protocol alias: cifs -> smb
10:21:56.511 [main] DEBUG d.m.quorus.protocol.ProtocolFactory - Creating FtpTransferProtocol instance
10:21:56.511 [main] INFO  d.m.quorus.protocol.ProtocolFactory - Registered protocol: ftp
10:21:56.511 [main] DEBUG d.m.quorus.protocol.ProtocolFactory - Protocol details: name=ftp, class=FtpTransferProtocol, supportsResume=false, supportsPause=false
10:21:56.511 [main] INFO  d.m.quorus.protocol.ProtocolFactory - Registered protocol alias: ftps -> ftp
10:21:56.511 [main] DEBUG d.m.quorus.protocol.ProtocolFactory - Creating SftpTransferProtocol instance
10:21:56.511 [main] INFO  d.m.quorus.protocol.ProtocolFactory - Registered protocol: sftp
10:21:56.511 [main] DEBUG d.m.quorus.protocol.ProtocolFactory - Protocol details: name=sftp, class=SftpTransferProtocol, supportsResume=false, supportsPause=false
10:21:56.511 [main] DEBUG d.m.quorus.protocol.ProtocolFactory - Creating NfsTransferProtocol instance
10:21:56.511 [main] DEBUG d.m.q.protocol.NfsTransferProtocol - NfsTransferProtocol initialized with mountRoot=C:\nfs
10:21:56.511 [main] INFO  d.m.quorus.protocol.ProtocolFactory - Registered protocol: nfs
10:21:56.511 [main] DEBUG d.m.quorus.protocol.ProtocolFactory - Protocol details: name=nfs, class=NfsTransferProtocol, supportsResume=false, supportsPause=false
10:21:56.511 [main] INFO  d.m.quorus.protocol.ProtocolFactory - Registered default transfer protocols: count=8, schemes=ftps, ftp, http, smb, sftp, nfs, https, cifs
10:21:56.511 [main] DEBUG d.m.quorus.protocol.ProtocolFactory - Protocol found: name=http, implementation=HttpTransferProtocol
10:21:56.511 [main] DEBUG d.m.quorus.protocol.ProtocolFactory - Protocol found: name=http, implementation=HttpTransferProtocol
10:21:56.537 [main] DEBUG d.m.quorus.protocol.ProtocolFactory - Initializing ProtocolFactory
10:21:56.537 [main] DEBUG d.m.quorus.protocol.ProtocolFactory - Registering default transfer protocols
10:21:56.537 [main] DEBUG d.m.quorus.protocol.ProtocolFactory - Creating HttpTransferProtocol instance
10:21:56.537 [main] INFO  d.m.q.protocol.HttpTransferProtocol - HttpTransferProtocol initialized: connectTimeout=30 SECONDS, socketTimeout=60 SECONDS, maxFileSize=10737418240 bytes
10:21:56.537 [main] INFO  d.m.quorus.protocol.ProtocolFactory - Registered protocol: http
10:21:56.537 [main] DEBUG d.m.quorus.protocol.ProtocolFactory - Protocol details: name=http, class=HttpTransferProtocol, supportsResume=false, supportsPause=true
10:21:56.537 [main] INFO  d.m.quorus.protocol.ProtocolFactory - Registered protocol alias: https -> http
10:21:56.537 [main] DEBUG d.m.quorus.protocol.ProtocolFactory - Creating SmbTransferProtocol instance
10:21:56.537 [main] INFO  d.m.quorus.protocol.ProtocolFactory - Registered protocol: smb
10:21:56.537 [main] DEBUG d.m.quorus.protocol.ProtocolFactory - Protocol details: name=smb, class=SmbTransferProtocol, supportsResume=false, supportsPause=false
10:21:56.537 [main] INFO  d.m.quorus.protocol.ProtocolFactory - Registered protocol alias: cifs -> smb
10:21:56.537 [main] DEBUG d.m.quorus.protocol.ProtocolFactory - Creating FtpTransferProtocol instance
10:21:56.537 [main] INFO  d.m.quorus.protocol.ProtocolFactory - Registered protocol: ftp
10:21:56.537 [main] DEBUG d.m.quorus.protocol.ProtocolFactory - Protocol details: name=ftp, class=FtpTransferProtocol, supportsResume=false, supportsPause=false
10:21:56.537 [main] INFO  d.m.quorus.protocol.ProtocolFactory - Registered protocol alias: ftps -> ftp
10:21:56.537 [main] DEBUG d.m.quorus.protocol.ProtocolFactory - Creating SftpTransferProtocol instance
10:21:56.537 [main] INFO  d.m.quorus.protocol.ProtocolFactory - Registered protocol: sftp
10:21:56.537 [main] DEBUG d.m.quorus.protocol.ProtocolFactory - Protocol details: name=sftp, class=SftpTransferProtocol, supportsResume=false, supportsPause=false
10:21:56.537 [main] DEBUG d.m.quorus.protocol.ProtocolFactory - Creating NfsTransferProtocol instance
10:21:56.537 [main] DEBUG d.m.q.protocol.NfsTransferProtocol - NfsTransferProtocol initialized with mountRoot=C:\nfs
10:21:56.537 [main] INFO  d.m.quorus.protocol.ProtocolFactory - Registered protocol: nfs
10:21:56.537 [main] DEBUG d.m.quorus.protocol.ProtocolFactory - Protocol details: name=nfs, class=NfsTransferProtocol, supportsResume=false, supportsPause=false
10:21:56.537 [main] INFO  d.m.quorus.protocol.ProtocolFactory - Registered default transfer protocols: count=8, schemes=ftps, ftp, http, smb, sftp, nfs, https, cifs
10:21:56.537 [main] DEBUG d.m.quorus.protocol.ProtocolFactory - Protocol found: name=https, implementation=HttpTransferProtocol
10:21:56.564 [main] DEBUG d.m.quorus.protocol.ProtocolFactory - Initializing ProtocolFactory
10:21:56.564 [main] DEBUG d.m.quorus.protocol.ProtocolFactory - Registering default transfer protocols
10:21:56.564 [main] DEBUG d.m.quorus.protocol.ProtocolFactory - Creating HttpTransferProtocol instance
10:21:56.564 [main] INFO  d.m.q.protocol.HttpTransferProtocol - HttpTransferProtocol initialized: connectTimeout=30 SECONDS, socketTimeout=60 SECONDS, maxFileSize=10737418240 bytes
10:21:56.564 [main] INFO  d.m.quorus.protocol.ProtocolFactory - Registered protocol: http
10:21:56.564 [main] DEBUG d.m.quorus.protocol.ProtocolFactory - Protocol details: name=http, class=HttpTransferProtocol, supportsResume=false, supportsPause=true
10:21:56.564 [main] INFO  d.m.quorus.protocol.ProtocolFactory - Registered protocol alias: https -> http
10:21:56.564 [main] DEBUG d.m.quorus.protocol.ProtocolFactory - Creating SmbTransferProtocol instance
10:21:56.564 [main] INFO  d.m.quorus.protocol.ProtocolFactory - Registered protocol: smb
10:21:56.564 [main] DEBUG d.m.quorus.protocol.ProtocolFactory - Protocol details: name=smb, class=SmbTransferProtocol, supportsResume=false, supportsPause=false
10:21:56.564 [main] INFO  d.m.quorus.protocol.ProtocolFactory - Registered protocol alias: cifs -> smb
10:21:56.564 [main] DEBUG d.m.quorus.protocol.ProtocolFactory - Creating FtpTransferProtocol instance
10:21:56.564 [main] INFO  d.m.quorus.protocol.ProtocolFactory - Registered protocol: ftp
10:21:56.564 [main] DEBUG d.m.quorus.protocol.ProtocolFactory - Protocol details: name=ftp, class=FtpTransferProtocol, supportsResume=false, supportsPause=false
10:21:56.564 [main] INFO  d.m.quorus.protocol.ProtocolFactory - Registered protocol alias: ftps -> ftp
10:21:56.564 [main] DEBUG d.m.quorus.protocol.ProtocolFactory - Creating SftpTransferProtocol instance
10:21:56.564 [main] INFO  d.m.quorus.protocol.ProtocolFactory - Registered protocol: sftp
10:21:56.564 [main] DEBUG d.m.quorus.protocol.ProtocolFactory - Protocol details: name=sftp, class=SftpTransferProtocol, supportsResume=false, supportsPause=false
10:21:56.564 [main] DEBUG d.m.quorus.protocol.ProtocolFactory - Creating NfsTransferProtocol instance
10:21:56.564 [main] DEBUG d.m.q.protocol.NfsTransferProtocol - NfsTransferProtocol initialized with mountRoot=C:\nfs
10:21:56.564 [main] INFO  d.m.quorus.protocol.ProtocolFactory - Registered protocol: nfs
10:21:56.564 [main] DEBUG d.m.quorus.protocol.ProtocolFactory - Protocol details: name=nfs, class=NfsTransferProtocol, supportsResume=false, supportsPause=false
10:21:56.564 [main] INFO  d.m.quorus.protocol.ProtocolFactory - Registered default transfer protocols: count=8, schemes=ftps, ftp, http, smb, sftp, nfs, https, cifs
10:21:56.565 [main] DEBUG d.m.quorus.protocol.ProtocolFactory - Protocol not found: name=unsupported
10:21:56.592 [main] DEBUG d.m.quorus.protocol.ProtocolFactory - Initializing ProtocolFactory
10:21:56.592 [main] DEBUG d.m.quorus.protocol.ProtocolFactory - Registering default transfer protocols
10:21:56.592 [main] DEBUG d.m.quorus.protocol.ProtocolFactory - Creating HttpTransferProtocol instance
10:21:56.592 [main] INFO  d.m.q.protocol.HttpTransferProtocol - HttpTransferProtocol initialized: connectTimeout=30 SECONDS, socketTimeout=60 SECONDS, maxFileSize=10737418240 bytes
10:21:56.592 [main] INFO  d.m.quorus.protocol.ProtocolFactory - Registered protocol: http
10:21:56.592 [main] DEBUG d.m.quorus.protocol.ProtocolFactory - Protocol details: name=http, class=HttpTransferProtocol, supportsResume=false, supportsPause=true
10:21:56.593 [main] INFO  d.m.quorus.protocol.ProtocolFactory - Registered protocol alias: https -> http
10:21:56.593 [main] DEBUG d.m.quorus.protocol.ProtocolFactory - Creating SmbTransferProtocol instance
10:21:56.593 [main] INFO  d.m.quorus.protocol.ProtocolFactory - Registered protocol: smb
10:21:56.593 [main] DEBUG d.m.quorus.protocol.ProtocolFactory - Protocol details: name=smb, class=SmbTransferProtocol, supportsResume=false, supportsPause=false
10:21:56.593 [main] INFO  d.m.quorus.protocol.ProtocolFactory - Registered protocol alias: cifs -> smb
10:21:56.593 [main] DEBUG d.m.quorus.protocol.ProtocolFactory - Creating FtpTransferProtocol instance
10:21:56.593 [main] INFO  d.m.quorus.protocol.ProtocolFactory - Registered protocol: ftp
10:21:56.593 [main] DEBUG d.m.quorus.protocol.ProtocolFactory - Protocol details: name=ftp, class=FtpTransferProtocol, supportsResume=false, supportsPause=false
10:21:56.593 [main] INFO  d.m.quorus.protocol.ProtocolFactory - Registered protocol alias: ftps -> ftp
10:21:56.593 [main] DEBUG d.m.quorus.protocol.ProtocolFactory - Creating SftpTransferProtocol instance
10:21:56.593 [main] INFO  d.m.quorus.protocol.ProtocolFactory - Registered protocol: sftp
10:21:56.593 [main] DEBUG d.m.quorus.protocol.ProtocolFactory - Protocol details: name=sftp, class=SftpTransferProtocol, supportsResume=false, supportsPause=false
10:21:56.593 [main] DEBUG d.m.quorus.protocol.ProtocolFactory - Creating NfsTransferProtocol instance
10:21:56.593 [main] DEBUG d.m.q.protocol.NfsTransferProtocol - NfsTransferProtocol initialized with mountRoot=C:\nfs
10:21:56.593 [main] INFO  d.m.quorus.protocol.ProtocolFactory - Registered protocol: nfs
10:21:56.593 [main] DEBUG d.m.quorus.protocol.ProtocolFactory - Protocol details: name=nfs, class=NfsTransferProtocol, supportsResume=false, supportsPause=false
10:21:56.593 [main] INFO  d.m.quorus.protocol.ProtocolFactory - Registered default transfer protocols: count=8, schemes=ftps, ftp, http, smb, sftp, nfs, https, cifs
10:21:56.593 [main] DEBUG d.m.quorus.protocol.ProtocolFactory - Protocol found: name=http, implementation=HttpTransferProtocol
10:21:56.593 [main] DEBUG d.m.quorus.protocol.ProtocolFactory - Protocol found: name=smb, implementation=SmbTransferProtocol
10:21:56.593 [main] DEBUG d.m.quorus.protocol.ProtocolFactory - Protocol found: name=ftp, implementation=FtpTransferProtocol
10:21:56.593 [main] DEBUG d.m.quorus.protocol.ProtocolFactory - Protocol found: name=sftp, implementation=SftpTransferProtocol
10:21:56.620 [main] DEBUG d.m.quorus.protocol.ProtocolFactory - Initializing ProtocolFactory
10:21:56.620 [main] DEBUG d.m.quorus.protocol.ProtocolFactory - Registering default transfer protocols
10:21:56.620 [main] DEBUG d.m.quorus.protocol.ProtocolFactory - Creating HttpTransferProtocol instance
10:21:56.620 [main] INFO  d.m.q.protocol.HttpTransferProtocol - HttpTransferProtocol initialized: connectTimeout=30 SECONDS, socketTimeout=60 SECONDS, maxFileSize=10737418240 bytes
10:21:56.620 [main] INFO  d.m.quorus.protocol.ProtocolFactory - Registered protocol: http
10:21:56.620 [main] DEBUG d.m.quorus.protocol.ProtocolFactory - Protocol details: name=http, class=HttpTransferProtocol, supportsResume=false, supportsPause=true
10:21:56.620 [main] INFO  d.m.quorus.protocol.ProtocolFactory - Registered protocol alias: https -> http
10:21:56.620 [main] DEBUG d.m.quorus.protocol.ProtocolFactory - Creating SmbTransferProtocol instance
10:21:56.620 [main] INFO  d.m.quorus.protocol.ProtocolFactory - Registered protocol: smb
10:21:56.620 [main] DEBUG d.m.quorus.protocol.ProtocolFactory - Protocol details: name=smb, class=SmbTransferProtocol, supportsResume=false, supportsPause=false
10:21:56.620 [main] INFO  d.m.quorus.protocol.ProtocolFactory - Registered protocol alias: cifs -> smb
10:21:56.620 [main] DEBUG d.m.quorus.protocol.ProtocolFactory - Creating FtpTransferProtocol instance
10:21:56.620 [main] INFO  d.m.quorus.protocol.ProtocolFactory - Registered protocol: ftp
10:21:56.620 [main] DEBUG d.m.quorus.protocol.ProtocolFactory - Protocol details: name=ftp, class=FtpTransferProtocol, supportsResume=false, supportsPause=false
10:21:56.620 [main] INFO  d.m.quorus.protocol.ProtocolFactory - Registered protocol alias: ftps -> ftp
10:21:56.620 [main] DEBUG d.m.quorus.protocol.ProtocolFactory - Creating SftpTransferProtocol instance
10:21:56.620 [main] INFO  d.m.quorus.protocol.ProtocolFactory - Registered protocol: sftp
10:21:56.620 [main] DEBUG d.m.quorus.protocol.ProtocolFactory - Protocol details: name=sftp, class=SftpTransferProtocol, supportsResume=false, supportsPause=false
10:21:56.620 [main] DEBUG d.m.quorus.protocol.ProtocolFactory - Creating NfsTransferProtocol instance
10:21:56.620 [main] DEBUG d.m.q.protocol.NfsTransferProtocol - NfsTransferProtocol initialized with mountRoot=C:\nfs
10:21:56.620 [main] INFO  d.m.quorus.protocol.ProtocolFactory - Registered protocol: nfs
10:21:56.620 [main] DEBUG d.m.quorus.protocol.ProtocolFactory - Protocol details: name=nfs, class=NfsTransferProtocol, supportsResume=false, supportsPause=false
10:21:56.621 [main] INFO  d.m.quorus.protocol.ProtocolFactory - Registered default transfer protocols: count=8, schemes=ftps, ftp, http, smb, sftp, nfs, https, cifs
10:21:56.621 [main] DEBUG d.m.quorus.protocol.ProtocolFactory - getProtocol called with null protocol name
10:21:56.647 [main] DEBUG d.m.quorus.protocol.ProtocolFactory - Initializing ProtocolFactory
10:21:56.647 [main] DEBUG d.m.quorus.protocol.ProtocolFactory - Registering default transfer protocols
10:21:56.647 [main] DEBUG d.m.quorus.protocol.ProtocolFactory - Creating HttpTransferProtocol instance
10:21:56.647 [main] INFO  d.m.q.protocol.HttpTransferProtocol - HttpTransferProtocol initialized: connectTimeout=30 SECONDS, socketTimeout=60 SECONDS, maxFileSize=10737418240 bytes
10:21:56.647 [main] INFO  d.m.quorus.protocol.ProtocolFactory - Registered protocol: http
10:21:56.647 [main] DEBUG d.m.quorus.protocol.ProtocolFactory - Protocol details: name=http, class=HttpTransferProtocol, supportsResume=false, supportsPause=true
10:21:56.647 [main] INFO  d.m.quorus.protocol.ProtocolFactory - Registered protocol alias: https -> http
10:21:56.647 [main] DEBUG d.m.quorus.protocol.ProtocolFactory - Creating SmbTransferProtocol instance
10:21:56.647 [main] INFO  d.m.quorus.protocol.ProtocolFactory - Registered protocol: smb
10:21:56.647 [main] DEBUG d.m.quorus.protocol.ProtocolFactory - Protocol details: name=smb, class=SmbTransferProtocol, supportsResume=false, supportsPause=false
10:21:56.647 [main] INFO  d.m.quorus.protocol.ProtocolFactory - Registered protocol alias: cifs -> smb
10:21:56.647 [main] DEBUG d.m.quorus.protocol.ProtocolFactory - Creating FtpTransferProtocol instance
10:21:56.647 [main] INFO  d.m.quorus.protocol.ProtocolFactory - Registered protocol: ftp
10:21:56.647 [main] DEBUG d.m.quorus.protocol.ProtocolFactory - Protocol details: name=ftp, class=FtpTransferProtocol, supportsResume=false, supportsPause=false
10:21:56.647 [main] INFO  d.m.quorus.protocol.ProtocolFactory - Registered protocol alias: ftps -> ftp
10:21:56.647 [main] DEBUG d.m.quorus.protocol.ProtocolFactory - Creating SftpTransferProtocol instance
10:21:56.647 [main] INFO  d.m.quorus.protocol.ProtocolFactory - Registered protocol: sftp
10:21:56.648 [main] DEBUG d.m.quorus.protocol.ProtocolFactory - Protocol details: name=sftp, class=SftpTransferProtocol, supportsResume=false, supportsPause=false
10:21:56.648 [main] DEBUG d.m.quorus.protocol.ProtocolFactory - Creating NfsTransferProtocol instance
10:21:56.648 [main] DEBUG d.m.q.protocol.NfsTransferProtocol - NfsTransferProtocol initialized with mountRoot=C:\nfs
10:21:56.648 [main] INFO  d.m.quorus.protocol.ProtocolFactory - Registered protocol: nfs
10:21:56.648 [main] DEBUG d.m.quorus.protocol.ProtocolFactory - Protocol details: name=nfs, class=NfsTransferProtocol, supportsResume=false, supportsPause=false
10:21:56.648 [main] INFO  d.m.quorus.protocol.ProtocolFactory - Registered default transfer protocols: count=8, schemes=ftps, ftp, http, smb, sftp, nfs, https, cifs
10:21:56.648 [main] DEBUG d.m.quorus.protocol.ProtocolFactory - Protocol found: name=smb, implementation=SmbTransferProtocol
10:21:56.674 [main] DEBUG d.m.quorus.protocol.ProtocolFactory - Initializing ProtocolFactory
10:21:56.674 [main] DEBUG d.m.quorus.protocol.ProtocolFactory - Registering default transfer protocols
10:21:56.674 [main] DEBUG d.m.quorus.protocol.ProtocolFactory - Creating HttpTransferProtocol instance
10:21:56.674 [main] INFO  d.m.q.protocol.HttpTransferProtocol - HttpTransferProtocol initialized: connectTimeout=30 SECONDS, socketTimeout=60 SECONDS, maxFileSize=10737418240 bytes
10:21:56.674 [main] INFO  d.m.quorus.protocol.ProtocolFactory - Registered protocol: http
10:21:56.674 [main] DEBUG d.m.quorus.protocol.ProtocolFactory - Protocol details: name=http, class=HttpTransferProtocol, supportsResume=false, supportsPause=true
10:21:56.674 [main] INFO  d.m.quorus.protocol.ProtocolFactory - Registered protocol alias: https -> http
10:21:56.675 [main] DEBUG d.m.quorus.protocol.ProtocolFactory - Creating SmbTransferProtocol instance
10:21:56.675 [main] INFO  d.m.quorus.protocol.ProtocolFactory - Registered protocol: smb
10:21:56.675 [main] DEBUG d.m.quorus.protocol.ProtocolFactory - Protocol details: name=smb, class=SmbTransferProtocol, supportsResume=false, supportsPause=false
10:21:56.675 [main] INFO  d.m.quorus.protocol.ProtocolFactory - Registered protocol alias: cifs -> smb
10:21:56.675 [main] DEBUG d.m.quorus.protocol.ProtocolFactory - Creating FtpTransferProtocol instance
10:21:56.675 [main] INFO  d.m.quorus.protocol.ProtocolFactory - Registered protocol: ftp
10:21:56.675 [main] DEBUG d.m.quorus.protocol.ProtocolFactory - Protocol details: name=ftp, class=FtpTransferProtocol, supportsResume=false, supportsPause=false
10:21:56.675 [main] INFO  d.m.quorus.protocol.ProtocolFactory - Registered protocol alias: ftps -> ftp
10:21:56.675 [main] DEBUG d.m.quorus.protocol.ProtocolFactory - Creating SftpTransferProtocol instance
10:21:56.675 [main] INFO  d.m.quorus.protocol.ProtocolFactory - Registered protocol: sftp
10:21:56.675 [main] DEBUG d.m.quorus.protocol.ProtocolFactory - Protocol details: name=sftp, class=SftpTransferProtocol, supportsResume=false, supportsPause=false
10:21:56.675 [main] DEBUG d.m.quorus.protocol.ProtocolFactory - Creating NfsTransferProtocol instance
10:21:56.675 [main] DEBUG d.m.q.protocol.NfsTransferProtocol - NfsTransferProtocol initialized with mountRoot=C:\nfs
10:21:56.675 [main] INFO  d.m.quorus.protocol.ProtocolFactory - Registered protocol: nfs
10:21:56.675 [main] DEBUG d.m.quorus.protocol.ProtocolFactory - Protocol details: name=nfs, class=NfsTransferProtocol, supportsResume=false, supportsPause=false
10:21:56.675 [main] INFO  d.m.quorus.protocol.ProtocolFactory - Registered default transfer protocols: count=8, schemes=ftps, ftp, http, smb, sftp, nfs, https, cifs
10:21:56.675 [main] DEBUG d.m.quorus.protocol.ProtocolFactory - Protocol found: name=http, implementation=HttpTransferProtocol
10:21:56.675 [main] DEBUG d.m.quorus.protocol.ProtocolFactory - Protocol found: name=smb, implementation=SmbTransferProtocol
10:21:56.675 [main] DEBUG d.m.q.protocol.SmbTransferProtocol - canHandle: checking request=a2766693-0d61-4b1e-a07c-5c4a746a2663
10:21:56.675 [main] DEBUG d.m.q.protocol.SmbTransferProtocol - canHandle: direction=DOWNLOAD (Remote -> Local)
10:21:56.675 [main] DEBUG d.m.q.protocol.SmbTransferProtocol - canHandle: DOWNLOAD - sourceScheme=smb
10:21:56.675 [main] DEBUG d.m.q.protocol.SmbTransferProtocol - canHandle: returning true for SMB download
10:21:56.675 [main] DEBUG d.m.quorus.protocol.ProtocolFactory - Protocol found: name=ftp, implementation=FtpTransferProtocol
10:21:56.675 [main] DEBUG d.m.q.protocol.FtpTransferProtocol - canHandle: FTP/FTPS download detected, sourceScheme=ftp
10:21:56.675 [main] DEBUG d.m.quorus.protocol.ProtocolFactory - Protocol found: name=sftp, implementation=SftpTransferProtocol
10:21:56.675 [main] DEBUG d.m.q.protocol.SftpTransferProtocol - canHandle: checking request=ec27e6ce-cc19-43bf-8d3a-d38fd2be60f8
10:21:56.675 [main] DEBUG d.m.q.protocol.SftpTransferProtocol - canHandle: sourceScheme=sftp
10:21:56.675 [main] DEBUG d.m.q.protocol.SftpTransferProtocol - canHandle: returning true - SFTP download detected
10:21:56.708 [main] DEBUG d.m.quorus.protocol.ProtocolFactory - Initializing ProtocolFactory
10:21:56.708 [main] DEBUG d.m.quorus.protocol.ProtocolFactory - Registering default transfer protocols
10:21:56.708 [main] DEBUG d.m.quorus.protocol.ProtocolFactory - Creating HttpTransferProtocol instance
10:21:56.708 [main] INFO  d.m.q.protocol.HttpTransferProtocol - HttpTransferProtocol initialized: connectTimeout=30 SECONDS, socketTimeout=60 SECONDS, maxFileSize=10737418240 bytes
10:21:56.709 [main] INFO  d.m.quorus.protocol.ProtocolFactory - Registered protocol: http
10:21:56.709 [main] DEBUG d.m.quorus.protocol.ProtocolFactory - Protocol details: name=http, class=HttpTransferProtocol, supportsResume=false, supportsPause=true
10:21:56.709 [main] INFO  d.m.quorus.protocol.ProtocolFactory - Registered protocol alias: https -> http
10:21:56.709 [main] DEBUG d.m.quorus.protocol.ProtocolFactory - Creating SmbTransferProtocol instance
10:21:56.709 [main] INFO  d.m.quorus.protocol.ProtocolFactory - Registered protocol: smb
10:21:56.709 [main] DEBUG d.m.quorus.protocol.ProtocolFactory - Protocol details: name=smb, class=SmbTransferProtocol, supportsResume=false, supportsPause=false
10:21:56.709 [main] INFO  d.m.quorus.protocol.ProtocolFactory - Registered protocol alias: cifs -> smb
10:21:56.709 [main] DEBUG d.m.quorus.protocol.ProtocolFactory - Creating FtpTransferProtocol instance
10:21:56.709 [main] INFO  d.m.quorus.protocol.ProtocolFactory - Registered protocol: ftp
10:21:56.709 [main] DEBUG d.m.quorus.protocol.ProtocolFactory - Protocol details: name=ftp, class=FtpTransferProtocol, supportsResume=false, supportsPause=false
10:21:56.709 [main] INFO  d.m.quorus.protocol.ProtocolFactory - Registered protocol alias: ftps -> ftp
10:21:56.709 [main] DEBUG d.m.quorus.protocol.ProtocolFactory - Creating SftpTransferProtocol instance
10:21:56.709 [main] INFO  d.m.quorus.protocol.ProtocolFactory - Registered protocol: sftp
10:21:56.709 [main] DEBUG d.m.quorus.protocol.ProtocolFactory - Protocol details: name=sftp, class=SftpTransferProtocol, supportsResume=false, supportsPause=false
10:21:56.709 [main] DEBUG d.m.quorus.protocol.ProtocolFactory - Creating NfsTransferProtocol instance
10:21:56.709 [main] DEBUG d.m.q.protocol.NfsTransferProtocol - NfsTransferProtocol initialized with mountRoot=C:\nfs
10:21:56.709 [main] INFO  d.m.quorus.protocol.ProtocolFactory - Registered protocol: nfs
10:21:56.709 [main] DEBUG d.m.quorus.protocol.ProtocolFactory - Protocol details: name=nfs, class=NfsTransferProtocol, supportsResume=false, supportsPause=false
10:21:56.709 [main] INFO  d.m.quorus.protocol.ProtocolFactory - Registered default transfer protocols: count=8, schemes=ftps, ftp, http, smb, sftp, nfs, https, cifs
10:21:56.710 [main] DEBUG d.m.quorus.protocol.ProtocolFactory - Protocol found: name=cifs, implementation=SmbTransferProtocol
10:21:56.744 [main] DEBUG d.m.quorus.protocol.ProtocolFactory - Initializing ProtocolFactory
10:21:56.744 [main] DEBUG d.m.quorus.protocol.ProtocolFactory - Registering default transfer protocols
10:21:56.744 [main] DEBUG d.m.quorus.protocol.ProtocolFactory - Creating HttpTransferProtocol instance
10:21:56.744 [main] INFO  d.m.q.protocol.HttpTransferProtocol - HttpTransferProtocol initialized: connectTimeout=30 SECONDS, socketTimeout=60 SECONDS, maxFileSize=10737418240 bytes
10:21:56.744 [main] INFO  d.m.quorus.protocol.ProtocolFactory - Registered protocol: http
10:21:56.744 [main] DEBUG d.m.quorus.protocol.ProtocolFactory - Protocol details: name=http, class=HttpTransferProtocol, supportsResume=false, supportsPause=true
10:21:56.744 [main] INFO  d.m.quorus.protocol.ProtocolFactory - Registered protocol alias: https -> http
10:21:56.744 [main] DEBUG d.m.quorus.protocol.ProtocolFactory - Creating SmbTransferProtocol instance
10:21:56.744 [main] INFO  d.m.quorus.protocol.ProtocolFactory - Registered protocol: smb
10:21:56.744 [main] DEBUG d.m.quorus.protocol.ProtocolFactory - Protocol details: name=smb, class=SmbTransferProtocol, supportsResume=false, supportsPause=false
10:21:56.744 [main] INFO  d.m.quorus.protocol.ProtocolFactory - Registered protocol alias: cifs -> smb
10:21:56.744 [main] DEBUG d.m.quorus.protocol.ProtocolFactory - Creating FtpTransferProtocol instance
10:21:56.744 [main] INFO  d.m.quorus.protocol.ProtocolFactory - Registered protocol: ftp
10:21:56.744 [main] DEBUG d.m.quorus.protocol.ProtocolFactory - Protocol details: name=ftp, class=FtpTransferProtocol, supportsResume=false, supportsPause=false
10:21:56.744 [main] INFO  d.m.quorus.protocol.ProtocolFactory - Registered protocol alias: ftps -> ftp
10:21:56.744 [main] DEBUG d.m.quorus.protocol.ProtocolFactory - Creating SftpTransferProtocol instance
10:21:56.744 [main] INFO  d.m.quorus.protocol.ProtocolFactory - Registered protocol: sftp
10:21:56.744 [main] DEBUG d.m.quorus.protocol.ProtocolFactory - Protocol details: name=sftp, class=SftpTransferProtocol, supportsResume=false, supportsPause=false
10:21:56.744 [main] DEBUG d.m.quorus.protocol.ProtocolFactory - Creating NfsTransferProtocol instance
10:21:56.744 [main] DEBUG d.m.q.protocol.NfsTransferProtocol - NfsTransferProtocol initialized with mountRoot=C:\nfs
10:21:56.745 [main] INFO  d.m.quorus.protocol.ProtocolFactory - Registered protocol: nfs
10:21:56.745 [main] DEBUG d.m.quorus.protocol.ProtocolFactory - Protocol details: name=nfs, class=NfsTransferProtocol, supportsResume=false, supportsPause=false
10:21:56.745 [main] INFO  d.m.quorus.protocol.ProtocolFactory - Registered default transfer protocols: count=8, schemes=ftps, ftp, http, smb, sftp, nfs, https, cifs
10:21:56.745 [main] DEBUG d.m.quorus.protocol.ProtocolFactory - Protocol found: name=http, implementation=HttpTransferProtocol
10:21:56.745 [main] DEBUG d.m.quorus.protocol.ProtocolFactory - Protocol found: name=smb, implementation=SmbTransferProtocol
10:21:56.745 [main] DEBUG d.m.quorus.protocol.ProtocolFactory - Protocol found: name=ftp, implementation=FtpTransferProtocol
10:21:56.745 [main] DEBUG d.m.quorus.protocol.ProtocolFactory - Protocol found: name=sftp, implementation=SftpTransferProtocol
10:21:56.772 [main] DEBUG d.m.quorus.protocol.ProtocolFactory - Initializing ProtocolFactory
10:21:56.773 [main] DEBUG d.m.quorus.protocol.ProtocolFactory - Registering default transfer protocols
10:21:56.773 [main] DEBUG d.m.quorus.protocol.ProtocolFactory - Creating HttpTransferProtocol instance
10:21:56.773 [main] INFO  d.m.q.protocol.HttpTransferProtocol - HttpTransferProtocol initialized: connectTimeout=30 SECONDS, socketTimeout=60 SECONDS, maxFileSize=10737418240 bytes
10:21:56.773 [main] INFO  d.m.quorus.protocol.ProtocolFactory - Registered protocol: http
10:21:56.773 [main] DEBUG d.m.quorus.protocol.ProtocolFactory - Protocol details: name=http, class=HttpTransferProtocol, supportsResume=false, supportsPause=true
10:21:56.773 [main] INFO  d.m.quorus.protocol.ProtocolFactory - Registered protocol alias: https -> http
10:21:56.773 [main] DEBUG d.m.quorus.protocol.ProtocolFactory - Creating SmbTransferProtocol instance
10:21:56.773 [main] INFO  d.m.quorus.protocol.ProtocolFactory - Registered protocol: smb
10:21:56.773 [main] DEBUG d.m.quorus.protocol.ProtocolFactory - Protocol details: name=smb, class=SmbTransferProtocol, supportsResume=false, supportsPause=false
10:21:56.773 [main] INFO  d.m.quorus.protocol.ProtocolFactory - Registered protocol alias: cifs -> smb
10:21:56.773 [main] DEBUG d.m.quorus.protocol.ProtocolFactory - Creating FtpTransferProtocol instance
10:21:56.773 [main] INFO  d.m.quorus.protocol.ProtocolFactory - Registered protocol: ftp
10:21:56.773 [main] DEBUG d.m.quorus.protocol.ProtocolFactory - Protocol details: name=ftp, class=FtpTransferProtocol, supportsResume=false, supportsPause=false
10:21:56.773 [main] INFO  d.m.quorus.protocol.ProtocolFactory - Registered protocol alias: ftps -> ftp
10:21:56.773 [main] DEBUG d.m.quorus.protocol.ProtocolFactory - Creating SftpTransferProtocol instance
10:21:56.773 [main] INFO  d.m.quorus.protocol.ProtocolFactory - Registered protocol: sftp
10:21:56.773 [main] DEBUG d.m.quorus.protocol.ProtocolFactory - Protocol details: name=sftp, class=SftpTransferProtocol, supportsResume=false, supportsPause=false
10:21:56.773 [main] DEBUG d.m.quorus.protocol.ProtocolFactory - Creating NfsTransferProtocol instance
10:21:56.773 [main] DEBUG d.m.q.protocol.NfsTransferProtocol - NfsTransferProtocol initialized with mountRoot=C:\nfs
10:21:56.773 [main] INFO  d.m.quorus.protocol.ProtocolFactory - Registered protocol: nfs
10:21:56.773 [main] DEBUG d.m.quorus.protocol.ProtocolFactory - Protocol details: name=nfs, class=NfsTransferProtocol, supportsResume=false, supportsPause=false
10:21:56.773 [main] INFO  d.m.quorus.protocol.ProtocolFactory - Registered default transfer protocols: count=8, schemes=ftps, ftp, http, smb, sftp, nfs, https, cifs
10:21:56.773 [main] DEBUG d.m.quorus.protocol.ProtocolFactory - Protocol found: name=http, implementation=HttpTransferProtocol
10:21:56.773 [main] DEBUG d.m.quorus.protocol.ProtocolFactory - Protocol found: name=https, implementation=HttpTransferProtocol
10:21:56.773 [main] DEBUG d.m.quorus.protocol.ProtocolFactory - Protocol found: name=smb, implementation=SmbTransferProtocol
10:21:56.773 [main] DEBUG d.m.quorus.protocol.ProtocolFactory - Protocol found: name=cifs, implementation=SmbTransferProtocol
10:21:56.773 [main] DEBUG d.m.quorus.protocol.ProtocolFactory - Protocol found: name=ftp, implementation=FtpTransferProtocol
10:21:56.773 [main] DEBUG d.m.quorus.protocol.ProtocolFactory - Protocol found: name=sftp, implementation=SftpTransferProtocol
10:21:56.804 [main] DEBUG d.m.quorus.protocol.ProtocolFactory - Initializing ProtocolFactory
10:21:56.804 [main] DEBUG d.m.quorus.protocol.ProtocolFactory - Registering default transfer protocols
10:21:56.804 [main] DEBUG d.m.quorus.protocol.ProtocolFactory - Creating HttpTransferProtocol instance
10:21:56.804 [main] INFO  d.m.q.protocol.HttpTransferProtocol - HttpTransferProtocol initialized: connectTimeout=30 SECONDS, socketTimeout=60 SECONDS, maxFileSize=10737418240 bytes
10:21:56.804 [main] INFO  d.m.quorus.protocol.ProtocolFactory - Registered protocol: http
10:21:56.804 [main] DEBUG d.m.quorus.protocol.ProtocolFactory - Protocol details: name=http, class=HttpTransferProtocol, supportsResume=false, supportsPause=true
10:21:56.804 [main] INFO  d.m.quorus.protocol.ProtocolFactory - Registered protocol alias: https -> http
10:21:56.804 [main] DEBUG d.m.quorus.protocol.ProtocolFactory - Creating SmbTransferProtocol instance
10:21:56.804 [main] INFO  d.m.quorus.protocol.ProtocolFactory - Registered protocol: smb
10:21:56.804 [main] DEBUG d.m.quorus.protocol.ProtocolFactory - Protocol details: name=smb, class=SmbTransferProtocol, supportsResume=false, supportsPause=false
10:21:56.804 [main] INFO  d.m.quorus.protocol.ProtocolFactory - Registered protocol alias: cifs -> smb
10:21:56.804 [main] DEBUG d.m.quorus.protocol.ProtocolFactory - Creating FtpTransferProtocol instance
10:21:56.804 [main] INFO  d.m.quorus.protocol.ProtocolFactory - Registered protocol: ftp
10:21:56.804 [main] DEBUG d.m.quorus.protocol.ProtocolFactory - Protocol details: name=ftp, class=FtpTransferProtocol, supportsResume=false, supportsPause=false
10:21:56.804 [main] INFO  d.m.quorus.protocol.ProtocolFactory - Registered protocol alias: ftps -> ftp
10:21:56.804 [main] DEBUG d.m.quorus.protocol.ProtocolFactory - Creating SftpTransferProtocol instance
10:21:56.804 [main] INFO  d.m.quorus.protocol.ProtocolFactory - Registered protocol: sftp
10:21:56.804 [main] DEBUG d.m.quorus.protocol.ProtocolFactory - Protocol details: name=sftp, class=SftpTransferProtocol, supportsResume=false, supportsPause=false
10:21:56.804 [main] DEBUG d.m.quorus.protocol.ProtocolFactory - Creating NfsTransferProtocol instance
10:21:56.804 [main] DEBUG d.m.q.protocol.NfsTransferProtocol - NfsTransferProtocol initialized with mountRoot=C:\nfs
10:21:56.804 [main] INFO  d.m.quorus.protocol.ProtocolFactory - Registered protocol: nfs
10:21:56.804 [main] DEBUG d.m.quorus.protocol.ProtocolFactory - Protocol details: name=nfs, class=NfsTransferProtocol, supportsResume=false, supportsPause=false
10:21:56.804 [main] INFO  d.m.quorus.protocol.ProtocolFactory - Registered default transfer protocols: count=8, schemes=ftps, ftp, http, smb, sftp, nfs, https, cifs
10:21:56.804 [main] DEBUG d.m.quorus.protocol.ProtocolFactory - Protocol found: name=ftp, implementation=FtpTransferProtocol
10:21:56.832 [main] DEBUG d.m.quorus.protocol.ProtocolFactory - Initializing ProtocolFactory
10:21:56.832 [main] DEBUG d.m.quorus.protocol.ProtocolFactory - Registering default transfer protocols
10:21:56.832 [main] DEBUG d.m.quorus.protocol.ProtocolFactory - Creating HttpTransferProtocol instance
10:21:56.832 [main] INFO  d.m.q.protocol.HttpTransferProtocol - HttpTransferProtocol initialized: connectTimeout=30 SECONDS, socketTimeout=60 SECONDS, maxFileSize=10737418240 bytes
10:21:56.832 [main] INFO  d.m.quorus.protocol.ProtocolFactory - Registered protocol: http
10:21:56.832 [main] DEBUG d.m.quorus.protocol.ProtocolFactory - Protocol details: name=http, class=HttpTransferProtocol, supportsResume=false, supportsPause=true
10:21:56.832 [main] INFO  d.m.quorus.protocol.ProtocolFactory - Registered protocol alias: https -> http
10:21:56.832 [main] DEBUG d.m.quorus.protocol.ProtocolFactory - Creating SmbTransferProtocol instance
10:21:56.832 [main] INFO  d.m.quorus.protocol.ProtocolFactory - Registered protocol: smb
10:21:56.832 [main] DEBUG d.m.quorus.protocol.ProtocolFactory - Protocol details: name=smb, class=SmbTransferProtocol, supportsResume=false, supportsPause=false
10:21:56.832 [main] INFO  d.m.quorus.protocol.ProtocolFactory - Registered protocol alias: cifs -> smb
10:21:56.832 [main] DEBUG d.m.quorus.protocol.ProtocolFactory - Creating FtpTransferProtocol instance
10:21:56.832 [main] INFO  d.m.quorus.protocol.ProtocolFactory - Registered protocol: ftp
10:21:56.832 [main] DEBUG d.m.quorus.protocol.ProtocolFactory - Protocol details: name=ftp, class=FtpTransferProtocol, supportsResume=false, supportsPause=false
10:21:56.832 [main] INFO  d.m.quorus.protocol.ProtocolFactory - Registered protocol alias: ftps -> ftp
10:21:56.832 [main] DEBUG d.m.quorus.protocol.ProtocolFactory - Creating SftpTransferProtocol instance
10:21:56.832 [main] INFO  d.m.quorus.protocol.ProtocolFactory - Registered protocol: sftp
10:21:56.832 [main] DEBUG d.m.quorus.protocol.ProtocolFactory - Protocol details: name=sftp, class=SftpTransferProtocol, supportsResume=false, supportsPause=false
10:21:56.832 [main] DEBUG d.m.quorus.protocol.ProtocolFactory - Creating NfsTransferProtocol instance
10:21:56.832 [main] DEBUG d.m.q.protocol.NfsTransferProtocol - NfsTransferProtocol initialized with mountRoot=C:\nfs
10:21:56.832 [main] INFO  d.m.quorus.protocol.ProtocolFactory - Registered protocol: nfs
10:21:56.832 [main] DEBUG d.m.quorus.protocol.ProtocolFactory - Protocol details: name=nfs, class=NfsTransferProtocol, supportsResume=false, supportsPause=false
10:21:56.832 [main] INFO  d.m.quorus.protocol.ProtocolFactory - Registered default transfer protocols: count=8, schemes=ftps, ftp, http, smb, sftp, nfs, https, cifs
10:21:56.832 [main] DEBUG d.m.quorus.protocol.ProtocolFactory - Protocol found: name=HTTP, implementation=HttpTransferProtocol
10:21:56.833 [main] DEBUG d.m.quorus.protocol.ProtocolFactory - Protocol found: name=SMB, implementation=SmbTransferProtocol
10:21:56.833 [main] DEBUG d.m.quorus.protocol.ProtocolFactory - Protocol found: name=FTP, implementation=FtpTransferProtocol
10:21:56.833 [main] DEBUG d.m.quorus.protocol.ProtocolFactory - Protocol found: name=SFTP, implementation=SftpTransferProtocol
10:21:56.863 [main] DEBUG d.m.quorus.protocol.ProtocolFactory - Initializing ProtocolFactory
10:21:56.863 [main] DEBUG d.m.quorus.protocol.ProtocolFactory - Registering default transfer protocols
10:21:56.863 [main] DEBUG d.m.quorus.protocol.ProtocolFactory - Creating HttpTransferProtocol instance
10:21:56.863 [main] INFO  d.m.q.protocol.HttpTransferProtocol - HttpTransferProtocol initialized: connectTimeout=30 SECONDS, socketTimeout=60 SECONDS, maxFileSize=10737418240 bytes
10:21:56.863 [main] INFO  d.m.quorus.protocol.ProtocolFactory - Registered protocol: http
10:21:56.863 [main] DEBUG d.m.quorus.protocol.ProtocolFactory - Protocol details: name=http, class=HttpTransferProtocol, supportsResume=false, supportsPause=true
10:21:56.863 [main] INFO  d.m.quorus.protocol.ProtocolFactory - Registered protocol alias: https -> http
10:21:56.863 [main] DEBUG d.m.quorus.protocol.ProtocolFactory - Creating SmbTransferProtocol instance
10:21:56.863 [main] INFO  d.m.quorus.protocol.ProtocolFactory - Registered protocol: smb
10:21:56.863 [main] DEBUG d.m.quorus.protocol.ProtocolFactory - Protocol details: name=smb, class=SmbTransferProtocol, supportsResume=false, supportsPause=false
10:21:56.863 [main] INFO  d.m.quorus.protocol.ProtocolFactory - Registered protocol alias: cifs -> smb
10:21:56.863 [main] DEBUG d.m.quorus.protocol.ProtocolFactory - Creating FtpTransferProtocol instance
10:21:56.863 [main] INFO  d.m.quorus.protocol.ProtocolFactory - Registered protocol: ftp
10:21:56.863 [main] DEBUG d.m.quorus.protocol.ProtocolFactory - Protocol details: name=ftp, class=FtpTransferProtocol, supportsResume=false, supportsPause=false
10:21:56.863 [main] INFO  d.m.quorus.protocol.ProtocolFactory - Registered protocol alias: ftps -> ftp
10:21:56.863 [main] DEBUG d.m.quorus.protocol.ProtocolFactory - Creating SftpTransferProtocol instance
10:21:56.863 [main] INFO  d.m.quorus.protocol.ProtocolFactory - Registered protocol: sftp
10:21:56.863 [main] DEBUG d.m.quorus.protocol.ProtocolFactory - Protocol details: name=sftp, class=SftpTransferProtocol, supportsResume=false, supportsPause=false
10:21:56.863 [main] DEBUG d.m.quorus.protocol.ProtocolFactory - Creating NfsTransferProtocol instance
10:21:56.863 [main] DEBUG d.m.q.protocol.NfsTransferProtocol - NfsTransferProtocol initialized with mountRoot=C:\nfs
10:21:56.863 [main] INFO  d.m.quorus.protocol.ProtocolFactory - Registered protocol: nfs
10:21:56.863 [main] DEBUG d.m.quorus.protocol.ProtocolFactory - Protocol details: name=nfs, class=NfsTransferProtocol, supportsResume=false, supportsPause=false
10:21:56.863 [main] INFO  d.m.quorus.protocol.ProtocolFactory - Registered default transfer protocols: count=8, schemes=ftps, ftp, http, smb, sftp, nfs, https, cifs
10:21:56.863 [main] DEBUG d.m.quorus.protocol.ProtocolFactory - Protocol found: name=http, implementation=HttpTransferProtocol
10:21:56.889 [main] DEBUG d.m.quorus.protocol.ProtocolFactory - Initializing ProtocolFactory
10:21:56.889 [main] DEBUG d.m.quorus.protocol.ProtocolFactory - Registering default transfer protocols
10:21:56.889 [main] DEBUG d.m.quorus.protocol.ProtocolFactory - Creating HttpTransferProtocol instance
10:21:56.889 [main] INFO  d.m.q.protocol.HttpTransferProtocol - HttpTransferProtocol initialized: connectTimeout=30 SECONDS, socketTimeout=60 SECONDS, maxFileSize=10737418240 bytes
10:21:56.889 [main] INFO  d.m.quorus.protocol.ProtocolFactory - Registered protocol: http
10:21:56.889 [main] DEBUG d.m.quorus.protocol.ProtocolFactory - Protocol details: name=http, class=HttpTransferProtocol, supportsResume=false, supportsPause=true
10:21:56.889 [main] INFO  d.m.quorus.protocol.ProtocolFactory - Registered protocol alias: https -> http
10:21:56.889 [main] DEBUG d.m.quorus.protocol.ProtocolFactory - Creating SmbTransferProtocol instance
10:21:56.889 [main] INFO  d.m.quorus.protocol.ProtocolFactory - Registered protocol: smb
10:21:56.889 [main] DEBUG d.m.quorus.protocol.ProtocolFactory - Protocol details: name=smb, class=SmbTransferProtocol, supportsResume=false, supportsPause=false
10:21:56.889 [main] INFO  d.m.quorus.protocol.ProtocolFactory - Registered protocol alias: cifs -> smb
10:21:56.889 [main] DEBUG d.m.quorus.protocol.ProtocolFactory - Creating FtpTransferProtocol instance
10:21:56.889 [main] INFO  d.m.quorus.protocol.ProtocolFactory - Registered protocol: ftp
10:21:56.889 [main] DEBUG d.m.quorus.protocol.ProtocolFactory - Protocol details: name=ftp, class=FtpTransferProtocol, supportsResume=false, supportsPause=false
10:21:56.889 [main] INFO  d.m.quorus.protocol.ProtocolFactory - Registered protocol alias: ftps -> ftp
10:21:56.889 [main] DEBUG d.m.quorus.protocol.ProtocolFactory - Creating SftpTransferProtocol instance
10:21:56.889 [main] INFO  d.m.quorus.protocol.ProtocolFactory - Registered protocol: sftp
10:21:56.889 [main] DEBUG d.m.quorus.protocol.ProtocolFactory - Protocol details: name=sftp, class=SftpTransferProtocol, supportsResume=false, supportsPause=false
10:21:56.889 [main] DEBUG d.m.quorus.protocol.ProtocolFactory - Creating NfsTransferProtocol instance
10:21:56.889 [main] DEBUG d.m.q.protocol.NfsTransferProtocol - NfsTransferProtocol initialized with mountRoot=C:\nfs
10:21:56.889 [main] INFO  d.m.quorus.protocol.ProtocolFactory - Registered protocol: nfs
10:21:56.889 [main] DEBUG d.m.quorus.protocol.ProtocolFactory - Protocol details: name=nfs, class=NfsTransferProtocol, supportsResume=false, supportsPause=false
10:21:56.889 [main] INFO  d.m.quorus.protocol.ProtocolFactory - Registered default transfer protocols: count=8, schemes=ftps, ftp, http, smb, sftp, nfs, https, cifs
10:21:56.889 [main] DEBUG d.m.quorus.protocol.ProtocolFactory - getSupportedProtocols: count=8
10:21:56.914 [main] DEBUG d.m.quorus.protocol.ProtocolFactory - Initializing ProtocolFactory
10:21:56.914 [main] DEBUG d.m.quorus.protocol.ProtocolFactory - Registering default transfer protocols
10:21:56.914 [main] DEBUG d.m.quorus.protocol.ProtocolFactory - Creating HttpTransferProtocol instance
10:21:56.914 [main] INFO  d.m.q.protocol.HttpTransferProtocol - HttpTransferProtocol initialized: connectTimeout=30 SECONDS, socketTimeout=60 SECONDS, maxFileSize=10737418240 bytes
10:21:56.914 [main] INFO  d.m.quorus.protocol.ProtocolFactory - Registered protocol: http
10:21:56.914 [main] DEBUG d.m.quorus.protocol.ProtocolFactory - Protocol details: name=http, class=HttpTransferProtocol, supportsResume=false, supportsPause=true
10:21:56.914 [main] INFO  d.m.quorus.protocol.ProtocolFactory - Registered protocol alias: https -> http
10:21:56.914 [main] DEBUG d.m.quorus.protocol.ProtocolFactory - Creating SmbTransferProtocol instance
10:21:56.914 [main] INFO  d.m.quorus.protocol.ProtocolFactory - Registered protocol: smb
10:21:56.914 [main] DEBUG d.m.quorus.protocol.ProtocolFactory - Protocol details: name=smb, class=SmbTransferProtocol, supportsResume=false, supportsPause=false
10:21:56.914 [main] INFO  d.m.quorus.protocol.ProtocolFactory - Registered protocol alias: cifs -> smb
10:21:56.914 [main] DEBUG d.m.quorus.protocol.ProtocolFactory - Creating FtpTransferProtocol instance
10:21:56.914 [main] INFO  d.m.quorus.protocol.ProtocolFactory - Registered protocol: ftp
10:21:56.914 [main] DEBUG d.m.quorus.protocol.ProtocolFactory - Protocol details: name=ftp, class=FtpTransferProtocol, supportsResume=false, supportsPause=false
10:21:56.914 [main] INFO  d.m.quorus.protocol.ProtocolFactory - Registered protocol alias: ftps -> ftp
10:21:56.915 [main] DEBUG d.m.quorus.protocol.ProtocolFactory - Creating SftpTransferProtocol instance
10:21:56.915 [main] INFO  d.m.quorus.protocol.ProtocolFactory - Registered protocol: sftp
10:21:56.915 [main] DEBUG d.m.quorus.protocol.ProtocolFactory - Protocol details: name=sftp, class=SftpTransferProtocol, supportsResume=false, supportsPause=false
10:21:56.915 [main] DEBUG d.m.quorus.protocol.ProtocolFactory - Creating NfsTransferProtocol instance
10:21:56.915 [main] DEBUG d.m.q.protocol.NfsTransferProtocol - NfsTransferProtocol initialized with mountRoot=C:\nfs
10:21:56.915 [main] INFO  d.m.quorus.protocol.ProtocolFactory - Registered protocol: nfs
10:21:56.915 [main] DEBUG d.m.quorus.protocol.ProtocolFactory - Protocol details: name=nfs, class=NfsTransferProtocol, supportsResume=false, supportsPause=false
10:21:56.915 [main] INFO  d.m.quorus.protocol.ProtocolFactory - Registered default transfer protocols: count=8, schemes=ftps, ftp, http, smb, sftp, nfs, https, cifs
10:21:56.915 [main] DEBUG d.m.quorus.protocol.ProtocolFactory - Protocol found: name=sftp, implementation=SftpTransferProtocol
10:21:56.940 [main] DEBUG d.m.quorus.protocol.ProtocolFactory - Initializing ProtocolFactory
10:21:56.941 [main] DEBUG d.m.quorus.protocol.ProtocolFactory - Registering default transfer protocols
10:21:56.941 [main] DEBUG d.m.quorus.protocol.ProtocolFactory - Creating HttpTransferProtocol instance
10:21:56.941 [main] INFO  d.m.q.protocol.HttpTransferProtocol - HttpTransferProtocol initialized: connectTimeout=30 SECONDS, socketTimeout=60 SECONDS, maxFileSize=10737418240 bytes
10:21:56.941 [main] INFO  d.m.quorus.protocol.ProtocolFactory - Registered protocol: http
10:21:56.941 [main] DEBUG d.m.quorus.protocol.ProtocolFactory - Protocol details: name=http, class=HttpTransferProtocol, supportsResume=false, supportsPause=true
10:21:56.941 [main] INFO  d.m.quorus.protocol.ProtocolFactory - Registered protocol alias: https -> http
10:21:56.941 [main] DEBUG d.m.quorus.protocol.ProtocolFactory - Creating SmbTransferProtocol instance
10:21:56.941 [main] INFO  d.m.quorus.protocol.ProtocolFactory - Registered protocol: smb
10:21:56.941 [main] DEBUG d.m.quorus.protocol.ProtocolFactory - Protocol details: name=smb, class=SmbTransferProtocol, supportsResume=false, supportsPause=false
10:21:56.941 [main] INFO  d.m.quorus.protocol.ProtocolFactory - Registered protocol alias: cifs -> smb
10:21:56.941 [main] DEBUG d.m.quorus.protocol.ProtocolFactory - Creating FtpTransferProtocol instance
10:21:56.941 [main] INFO  d.m.quorus.protocol.ProtocolFactory - Registered protocol: ftp
10:21:56.941 [main] DEBUG d.m.quorus.protocol.ProtocolFactory - Protocol details: name=ftp, class=FtpTransferProtocol, supportsResume=false, supportsPause=false
10:21:56.941 [main] INFO  d.m.quorus.protocol.ProtocolFactory - Registered protocol alias: ftps -> ftp
10:21:56.941 [main] DEBUG d.m.quorus.protocol.ProtocolFactory - Creating SftpTransferProtocol instance
10:21:56.941 [main] INFO  d.m.quorus.protocol.ProtocolFactory - Registered protocol: sftp
10:21:56.941 [main] DEBUG d.m.quorus.protocol.ProtocolFactory - Protocol details: name=sftp, class=SftpTransferProtocol, supportsResume=false, supportsPause=false
10:21:56.941 [main] DEBUG d.m.quorus.protocol.ProtocolFactory - Creating NfsTransferProtocol instance
10:21:56.941 [main] DEBUG d.m.q.protocol.NfsTransferProtocol - NfsTransferProtocol initialized with mountRoot=C:\nfs
10:21:56.941 [main] INFO  d.m.quorus.protocol.ProtocolFactory - Registered protocol: nfs
10:21:56.941 [main] DEBUG d.m.quorus.protocol.ProtocolFactory - Protocol details: name=nfs, class=NfsTransferProtocol, supportsResume=false, supportsPause=false
10:21:56.941 [main] INFO  d.m.quorus.protocol.ProtocolFactory - Registered default transfer protocols: count=8, schemes=ftps, ftp, http, smb, sftp, nfs, https, cifs
10:21:56.941 [main] DEBUG d.m.quorus.protocol.ProtocolFactory - Protocol not found: name=
[INFO] Tests run: 16, Failures: 0, Errors: 0, Skipped: 0, Time elapsed: 0.459 s -- in dev.mars.quorus.protocol.ProtocolFactoryTest
[INFO] Running dev.mars.quorus.transfer.SimpleTransferEngineBidirectionalTest
[INFO] Running dev.mars.quorus.transfer.SimpleTransferEngineBidirectionalTest$HealthCheckTests
10:21:56.972 [main] DEBUG d.m.q.transfer.SimpleTransferEngine - Initializing SimpleTransferEngine: maxConcurrent=5, maxRetries=3, retryDelay=1000ms
10:21:56.972 [main] DEBUG d.m.quorus.protocol.ProtocolFactory - Initializing ProtocolFactory
10:21:56.972 [main] DEBUG d.m.quorus.protocol.ProtocolFactory - Registering default transfer protocols
10:21:56.972 [main] DEBUG d.m.quorus.protocol.ProtocolFactory - Creating HttpTransferProtocol instance
10:21:56.972 [main] INFO  d.m.q.protocol.HttpTransferProtocol - HttpTransferProtocol initialized: connectTimeout=30 SECONDS, socketTimeout=60 SECONDS, maxFileSize=10737418240 bytes
10:21:56.972 [main] INFO  d.m.quorus.protocol.ProtocolFactory - Registered protocol: http
10:21:56.972 [main] DEBUG d.m.quorus.protocol.ProtocolFactory - Protocol details: name=http, class=HttpTransferProtocol, supportsResume=false, supportsPause=true
10:21:56.972 [main] INFO  d.m.quorus.protocol.ProtocolFactory - Registered protocol alias: https -> http
10:21:56.972 [main] DEBUG d.m.quorus.protocol.ProtocolFactory - Creating SmbTransferProtocol instance
10:21:56.972 [main] INFO  d.m.quorus.protocol.ProtocolFactory - Registered protocol: smb
10:21:56.972 [main] DEBUG d.m.quorus.protocol.ProtocolFactory - Protocol details: name=smb, class=SmbTransferProtocol, supportsResume=false, supportsPause=false
10:21:56.972 [main] INFO  d.m.quorus.protocol.ProtocolFactory - Registered protocol alias: cifs -> smb
10:21:56.972 [main] DEBUG d.m.quorus.protocol.ProtocolFactory - Creating FtpTransferProtocol instance
10:21:56.972 [main] INFO  d.m.quorus.protocol.ProtocolFactory - Registered protocol: ftp
10:21:56.972 [main] DEBUG d.m.quorus.protocol.ProtocolFactory - Protocol details: name=ftp, class=FtpTransferProtocol, supportsResume=false, supportsPause=false
10:21:56.972 [main] INFO  d.m.quorus.protocol.ProtocolFactory - Registered protocol alias: ftps -> ftp
10:21:56.972 [main] DEBUG d.m.quorus.protocol.ProtocolFactory - Creating SftpTransferProtocol instance
10:21:56.972 [main] INFO  d.m.quorus.protocol.ProtocolFactory - Registered protocol: sftp
10:21:56.972 [main] DEBUG d.m.quorus.protocol.ProtocolFactory - Protocol details: name=sftp, class=SftpTransferProtocol, supportsResume=false, supportsPause=false
10:21:56.972 [main] DEBUG d.m.quorus.protocol.ProtocolFactory - Creating NfsTransferProtocol instance
10:21:56.972 [main] DEBUG d.m.q.protocol.NfsTransferProtocol - NfsTransferProtocol initialized with mountRoot=C:\nfs
10:21:56.972 [main] INFO  d.m.quorus.protocol.ProtocolFactory - Registered protocol: nfs
10:21:56.972 [main] DEBUG d.m.quorus.protocol.ProtocolFactory - Protocol details: name=nfs, class=NfsTransferProtocol, supportsResume=false, supportsPause=false
10:21:56.972 [main] INFO  d.m.quorus.protocol.ProtocolFactory - Registered default transfer protocols: count=8, schemes=ftps, ftp, http, smb, sftp, nfs, https, cifs
10:21:56.981 [main] INFO  d.m.q.t.o.TransferTelemetryMetrics - TransferTelemetryMetrics initialized
10:21:56.981 [main] INFO  d.m.q.transfer.SimpleTransferEngine - SimpleTransferEngine initialized with 5 max concurrent transfers (reactive mode, OpenTelemetry enabled)
10:21:56.981 [main] DEBUG d.m.q.transfer.SimpleTransferEngine - SimpleTransferEngine initialization complete - startTime=2026-09-27T09:21:56.972544300Z
10:21:56.984 [main] DEBUG d.m.q.transfer.SimpleTransferEngine - shutdown: initiating with timeout=5s
10:21:56.984 [main] INFO  d.m.q.transfer.SimpleTransferEngine - Shutting down transfer engine...
10:21:56.984 [main] DEBUG d.m.q.transfer.SimpleTransferEngine - shutdown: cancelling 0 active transfers
10:21:56.984 [main] DEBUG d.m.q.transfer.SimpleTransferEngine - awaitActiveTransfers: no active transfers
10:21:56.985 [main] INFO  d.m.q.transfer.SimpleTransferEngine - Transfer engine shutdown completed
[INFO] Tests run: 1, Failures: 0, Errors: 0, Skipped: 0, Time elapsed: 0.042 s -- in dev.mars.quorus.transfer.SimpleTransferEngineBidirectionalTest$HealthCheckTests
[INFO] Running dev.mars.quorus.transfer.SimpleTransferEngineBidirectionalTest$TransferRequestValidationTests
10:21:57.010 [main] DEBUG d.m.q.transfer.SimpleTransferEngine - Initializing SimpleTransferEngine: maxConcurrent=5, maxRetries=3, retryDelay=1000ms
10:21:57.010 [main] DEBUG d.m.quorus.protocol.ProtocolFactory - Initializing ProtocolFactory
10:21:57.010 [main] DEBUG d.m.quorus.protocol.ProtocolFactory - Registering default transfer protocols
10:21:57.010 [main] DEBUG d.m.quorus.protocol.ProtocolFactory - Creating HttpTransferProtocol instance
10:21:57.010 [main] INFO  d.m.q.protocol.HttpTransferProtocol - HttpTransferProtocol initialized: connectTimeout=30 SECONDS, socketTimeout=60 SECONDS, maxFileSize=10737418240 bytes
10:21:57.010 [main] INFO  d.m.quorus.protocol.ProtocolFactory - Registered protocol: http
10:21:57.010 [main] DEBUG d.m.quorus.protocol.ProtocolFactory - Protocol details: name=http, class=HttpTransferProtocol, supportsResume=false, supportsPause=true
10:21:57.010 [main] INFO  d.m.quorus.protocol.ProtocolFactory - Registered protocol alias: https -> http
10:21:57.010 [main] DEBUG d.m.quorus.protocol.ProtocolFactory - Creating SmbTransferProtocol instance
10:21:57.010 [main] INFO  d.m.quorus.protocol.ProtocolFactory - Registered protocol: smb
10:21:57.010 [main] DEBUG d.m.quorus.protocol.ProtocolFactory - Protocol details: name=smb, class=SmbTransferProtocol, supportsResume=false, supportsPause=false
10:21:57.010 [main] INFO  d.m.quorus.protocol.ProtocolFactory - Registered protocol alias: cifs -> smb
10:21:57.010 [main] DEBUG d.m.quorus.protocol.ProtocolFactory - Creating FtpTransferProtocol instance
10:21:57.010 [main] INFO  d.m.quorus.protocol.ProtocolFactory - Registered protocol: ftp
10:21:57.010 [main] DEBUG d.m.quorus.protocol.ProtocolFactory - Protocol details: name=ftp, class=FtpTransferProtocol, supportsResume=false, supportsPause=false
10:21:57.010 [main] INFO  d.m.quorus.protocol.ProtocolFactory - Registered protocol alias: ftps -> ftp
10:21:57.010 [main] DEBUG d.m.quorus.protocol.ProtocolFactory - Creating SftpTransferProtocol instance
10:21:57.010 [main] INFO  d.m.quorus.protocol.ProtocolFactory - Registered protocol: sftp
10:21:57.010 [main] DEBUG d.m.quorus.protocol.ProtocolFactory - Protocol details: name=sftp, class=SftpTransferProtocol, supportsResume=false, supportsPause=false
10:21:57.010 [main] DEBUG d.m.quorus.protocol.ProtocolFactory - Creating NfsTransferProtocol instance
10:21:57.010 [main] DEBUG d.m.q.protocol.NfsTransferProtocol - NfsTransferProtocol initialized with mountRoot=C:\nfs
10:21:57.010 [main] INFO  d.m.quorus.protocol.ProtocolFactory - Registered protocol: nfs
10:21:57.010 [main] DEBUG d.m.quorus.protocol.ProtocolFactory - Protocol details: name=nfs, class=NfsTransferProtocol, supportsResume=false, supportsPause=false
10:21:57.010 [main] INFO  d.m.quorus.protocol.ProtocolFactory - Registered default transfer protocols: count=8, schemes=ftps, ftp, http, smb, sftp, nfs, https, cifs
10:21:57.010 [main] INFO  d.m.q.transfer.SimpleTransferEngine - SimpleTransferEngine initialized with 5 max concurrent transfers (reactive mode, OpenTelemetry enabled)
10:21:57.010 [main] DEBUG d.m.q.transfer.SimpleTransferEngine - SimpleTransferEngine initialization complete - startTime=2026-09-27T09:21:57.010884500Z
10:21:57.010 [main] DEBUG d.m.q.transfer.SimpleTransferEngine - shutdown: initiating with timeout=5s
10:21:57.010 [main] INFO  d.m.q.transfer.SimpleTransferEngine - Shutting down transfer engine...
10:21:57.010 [main] DEBUG d.m.q.transfer.SimpleTransferEngine - shutdown: cancelling 0 active transfers
10:21:57.010 [main] DEBUG d.m.q.transfer.SimpleTransferEngine - awaitActiveTransfers: no active transfers
10:21:57.010 [main] INFO  d.m.q.transfer.SimpleTransferEngine - Transfer engine shutdown completed
10:21:57.036 [main] DEBUG d.m.q.transfer.SimpleTransferEngine - Initializing SimpleTransferEngine: maxConcurrent=5, maxRetries=3, retryDelay=1000ms
10:21:57.037 [main] DEBUG d.m.quorus.protocol.ProtocolFactory - Initializing ProtocolFactory
10:21:57.037 [main] DEBUG d.m.quorus.protocol.ProtocolFactory - Registering default transfer protocols
10:21:57.037 [main] DEBUG d.m.quorus.protocol.ProtocolFactory - Creating HttpTransferProtocol instance
10:21:57.037 [main] INFO  d.m.q.protocol.HttpTransferProtocol - HttpTransferProtocol initialized: connectTimeout=30 SECONDS, socketTimeout=60 SECONDS, maxFileSize=10737418240 bytes
10:21:57.037 [main] INFO  d.m.quorus.protocol.ProtocolFactory - Registered protocol: http
10:21:57.037 [main] DEBUG d.m.quorus.protocol.ProtocolFactory - Protocol details: name=http, class=HttpTransferProtocol, supportsResume=false, supportsPause=true
10:21:57.037 [main] INFO  d.m.quorus.protocol.ProtocolFactory - Registered protocol alias: https -> http
10:21:57.037 [main] DEBUG d.m.quorus.protocol.ProtocolFactory - Creating SmbTransferProtocol instance
10:21:57.037 [main] INFO  d.m.quorus.protocol.ProtocolFactory - Registered protocol: smb
10:21:57.037 [main] DEBUG d.m.quorus.protocol.ProtocolFactory - Protocol details: name=smb, class=SmbTransferProtocol, supportsResume=false, supportsPause=false
10:21:57.037 [main] INFO  d.m.quorus.protocol.ProtocolFactory - Registered protocol alias: cifs -> smb
10:21:57.037 [main] DEBUG d.m.quorus.protocol.ProtocolFactory - Creating FtpTransferProtocol instance
10:21:57.037 [main] INFO  d.m.quorus.protocol.ProtocolFactory - Registered protocol: ftp
10:21:57.037 [main] DEBUG d.m.quorus.protocol.ProtocolFactory - Protocol details: name=ftp, class=FtpTransferProtocol, supportsResume=false, supportsPause=false
10:21:57.037 [main] INFO  d.m.quorus.protocol.ProtocolFactory - Registered protocol alias: ftps -> ftp
10:21:57.037 [main] DEBUG d.m.quorus.protocol.ProtocolFactory - Creating SftpTransferProtocol instance
10:21:57.037 [main] INFO  d.m.quorus.protocol.ProtocolFactory - Registered protocol: sftp
10:21:57.037 [main] DEBUG d.m.quorus.protocol.ProtocolFactory - Protocol details: name=sftp, class=SftpTransferProtocol, supportsResume=false, supportsPause=false
10:21:57.037 [main] DEBUG d.m.quorus.protocol.ProtocolFactory - Creating NfsTransferProtocol instance
10:21:57.037 [main] DEBUG d.m.q.protocol.NfsTransferProtocol - NfsTransferProtocol initialized with mountRoot=C:\nfs
10:21:57.037 [main] INFO  d.m.quorus.protocol.ProtocolFactory - Registered protocol: nfs
10:21:57.037 [main] DEBUG d.m.quorus.protocol.ProtocolFactory - Protocol details: name=nfs, class=NfsTransferProtocol, supportsResume=false, supportsPause=false
10:21:57.037 [main] INFO  d.m.quorus.protocol.ProtocolFactory - Registered default transfer protocols: count=8, schemes=ftps, ftp, http, smb, sftp, nfs, https, cifs
10:21:57.037 [main] INFO  d.m.q.transfer.SimpleTransferEngine - SimpleTransferEngine initialized with 5 max concurrent transfers (reactive mode, OpenTelemetry enabled)
10:21:57.037 [main] DEBUG d.m.q.transfer.SimpleTransferEngine - SimpleTransferEngine initialization complete - startTime=2026-09-27T09:21:57.037659500Z
10:21:57.037 [main] DEBUG d.m.q.transfer.SimpleTransferEngine - shutdown: initiating with timeout=5s
10:21:57.037 [main] INFO  d.m.q.transfer.SimpleTransferEngine - Shutting down transfer engine...
10:21:57.037 [main] DEBUG d.m.q.transfer.SimpleTransferEngine - shutdown: cancelling 0 active transfers
10:21:57.037 [main] DEBUG d.m.q.transfer.SimpleTransferEngine - awaitActiveTransfers: no active transfers
10:21:57.037 [main] INFO  d.m.q.transfer.SimpleTransferEngine - Transfer engine shutdown completed
10:21:57.062 [main] DEBUG d.m.q.transfer.SimpleTransferEngine - Initializing SimpleTransferEngine: maxConcurrent=5, maxRetries=3, retryDelay=1000ms
10:21:57.062 [main] DEBUG d.m.quorus.protocol.ProtocolFactory - Initializing ProtocolFactory
10:21:57.062 [main] DEBUG d.m.quorus.protocol.ProtocolFactory - Registering default transfer protocols
10:21:57.062 [main] DEBUG d.m.quorus.protocol.ProtocolFactory - Creating HttpTransferProtocol instance
10:21:57.062 [main] INFO  d.m.q.protocol.HttpTransferProtocol - HttpTransferProtocol initialized: connectTimeout=30 SECONDS, socketTimeout=60 SECONDS, maxFileSize=10737418240 bytes
10:21:57.062 [main] INFO  d.m.quorus.protocol.ProtocolFactory - Registered protocol: http
10:21:57.062 [main] DEBUG d.m.quorus.protocol.ProtocolFactory - Protocol details: name=http, class=HttpTransferProtocol, supportsResume=false, supportsPause=true
10:21:57.062 [main] INFO  d.m.quorus.protocol.ProtocolFactory - Registered protocol alias: https -> http
10:21:57.063 [main] DEBUG d.m.quorus.protocol.ProtocolFactory - Creating SmbTransferProtocol instance
10:21:57.063 [main] INFO  d.m.quorus.protocol.ProtocolFactory - Registered protocol: smb
10:21:57.063 [main] DEBUG d.m.quorus.protocol.ProtocolFactory - Protocol details: name=smb, class=SmbTransferProtocol, supportsResume=false, supportsPause=false
10:21:57.063 [main] INFO  d.m.quorus.protocol.ProtocolFactory - Registered protocol alias: cifs -> smb
10:21:57.063 [main] DEBUG d.m.quorus.protocol.ProtocolFactory - Creating FtpTransferProtocol instance
10:21:57.063 [main] INFO  d.m.quorus.protocol.ProtocolFactory - Registered protocol: ftp
10:21:57.063 [main] DEBUG d.m.quorus.protocol.ProtocolFactory - Protocol details: name=ftp, class=FtpTransferProtocol, supportsResume=false, supportsPause=false
10:21:57.063 [main] INFO  d.m.quorus.protocol.ProtocolFactory - Registered protocol alias: ftps -> ftp
10:21:57.063 [main] DEBUG d.m.quorus.protocol.ProtocolFactory - Creating SftpTransferProtocol instance
10:21:57.063 [main] INFO  d.m.quorus.protocol.ProtocolFactory - Registered protocol: sftp
10:21:57.063 [main] DEBUG d.m.quorus.protocol.ProtocolFactory - Protocol details: name=sftp, class=SftpTransferProtocol, supportsResume=false, supportsPause=false
10:21:57.063 [main] DEBUG d.m.quorus.protocol.ProtocolFactory - Creating NfsTransferProtocol instance
10:21:57.063 [main] DEBUG d.m.q.protocol.NfsTransferProtocol - NfsTransferProtocol initialized with mountRoot=C:\nfs
10:21:57.063 [main] INFO  d.m.quorus.protocol.ProtocolFactory - Registered protocol: nfs
10:21:57.063 [main] DEBUG d.m.quorus.protocol.ProtocolFactory - Protocol details: name=nfs, class=NfsTransferProtocol, supportsResume=false, supportsPause=false
10:21:57.063 [main] INFO  d.m.quorus.protocol.ProtocolFactory - Registered default transfer protocols: count=8, schemes=ftps, ftp, http, smb, sftp, nfs, https, cifs
10:21:57.063 [main] INFO  d.m.q.transfer.SimpleTransferEngine - SimpleTransferEngine initialized with 5 max concurrent transfers (reactive mode, OpenTelemetry enabled)
10:21:57.063 [main] DEBUG d.m.q.transfer.SimpleTransferEngine - SimpleTransferEngine initialization complete - startTime=2026-09-27T09:21:57.063266500Z
10:21:57.063 [main] DEBUG d.m.q.transfer.SimpleTransferEngine - shutdown: initiating with timeout=5s
10:21:57.063 [main] INFO  d.m.q.transfer.SimpleTransferEngine - Shutting down transfer engine...
10:21:57.063 [main] DEBUG d.m.q.transfer.SimpleTransferEngine - shutdown: cancelling 0 active transfers
10:21:57.063 [main] DEBUG d.m.q.transfer.SimpleTransferEngine - awaitActiveTransfers: no active transfers
10:21:57.063 [main] INFO  d.m.q.transfer.SimpleTransferEngine - Transfer engine shutdown completed
10:21:57.088 [main] DEBUG d.m.q.transfer.SimpleTransferEngine - Initializing SimpleTransferEngine: maxConcurrent=5, maxRetries=3, retryDelay=1000ms
10:21:57.088 [main] DEBUG d.m.quorus.protocol.ProtocolFactory - Initializing ProtocolFactory
10:21:57.088 [main] DEBUG d.m.quorus.protocol.ProtocolFactory - Registering default transfer protocols
10:21:57.088 [main] DEBUG d.m.quorus.protocol.ProtocolFactory - Creating HttpTransferProtocol instance
10:21:57.088 [main] INFO  d.m.q.protocol.HttpTransferProtocol - HttpTransferProtocol initialized: connectTimeout=30 SECONDS, socketTimeout=60 SECONDS, maxFileSize=10737418240 bytes
10:21:57.088 [main] INFO  d.m.quorus.protocol.ProtocolFactory - Registered protocol: http
10:21:57.088 [main] DEBUG d.m.quorus.protocol.ProtocolFactory - Protocol details: name=http, class=HttpTransferProtocol, supportsResume=false, supportsPause=true
10:21:57.088 [main] INFO  d.m.quorus.protocol.ProtocolFactory - Registered protocol alias: https -> http
10:21:57.088 [main] DEBUG d.m.quorus.protocol.ProtocolFactory - Creating SmbTransferProtocol instance
10:21:57.088 [main] INFO  d.m.quorus.protocol.ProtocolFactory - Registered protocol: smb
10:21:57.088 [main] DEBUG d.m.quorus.protocol.ProtocolFactory - Protocol details: name=smb, class=SmbTransferProtocol, supportsResume=false, supportsPause=false
10:21:57.088 [main] INFO  d.m.quorus.protocol.ProtocolFactory - Registered protocol alias: cifs -> smb
10:21:57.088 [main] DEBUG d.m.quorus.protocol.ProtocolFactory - Creating FtpTransferProtocol instance
10:21:57.088 [main] INFO  d.m.quorus.protocol.ProtocolFactory - Registered protocol: ftp
10:21:57.088 [main] DEBUG d.m.quorus.protocol.ProtocolFactory - Protocol details: name=ftp, class=FtpTransferProtocol, supportsResume=false, supportsPause=false
10:21:57.088 [main] INFO  d.m.quorus.protocol.ProtocolFactory - Registered protocol alias: ftps -> ftp
10:21:57.088 [main] DEBUG d.m.quorus.protocol.ProtocolFactory - Creating SftpTransferProtocol instance
10:21:57.088 [main] INFO  d.m.quorus.protocol.ProtocolFactory - Registered protocol: sftp
10:21:57.088 [main] DEBUG d.m.quorus.protocol.ProtocolFactory - Protocol details: name=sftp, class=SftpTransferProtocol, supportsResume=false, supportsPause=false
10:21:57.088 [main] DEBUG d.m.quorus.protocol.ProtocolFactory - Creating NfsTransferProtocol instance
10:21:57.088 [main] DEBUG d.m.q.protocol.NfsTransferProtocol - NfsTransferProtocol initialized with mountRoot=C:\nfs
10:21:57.088 [main] INFO  d.m.quorus.protocol.ProtocolFactory - Registered protocol: nfs
10:21:57.088 [main] DEBUG d.m.quorus.protocol.ProtocolFactory - Protocol details: name=nfs, class=NfsTransferProtocol, supportsResume=false, supportsPause=false
10:21:57.089 [main] INFO  d.m.quorus.protocol.ProtocolFactory - Registered default transfer protocols: count=8, schemes=ftps, ftp, http, smb, sftp, nfs, https, cifs
10:21:57.089 [main] INFO  d.m.q.transfer.SimpleTransferEngine - SimpleTransferEngine initialized with 5 max concurrent transfers (reactive mode, OpenTelemetry enabled)
10:21:57.089 [main] DEBUG d.m.q.transfer.SimpleTransferEngine - SimpleTransferEngine initialization complete - startTime=2026-09-27T09:21:57.089265600Z
10:21:57.089 [main] DEBUG d.m.q.transfer.SimpleTransferEngine - shutdown: initiating with timeout=5s
10:21:57.089 [main] INFO  d.m.q.transfer.SimpleTransferEngine - Shutting down transfer engine...
10:21:57.089 [main] DEBUG d.m.q.transfer.SimpleTransferEngine - shutdown: cancelling 0 active transfers
10:21:57.089 [main] DEBUG d.m.q.transfer.SimpleTransferEngine - awaitActiveTransfers: no active transfers
10:21:57.089 [main] INFO  d.m.q.transfer.SimpleTransferEngine - Transfer engine shutdown completed
[INFO] Tests run: 4, Failures: 0, Errors: 0, Skipped: 0, Time elapsed: 0.104 s -- in dev.mars.quorus.transfer.SimpleTransferEngineBidirectionalTest$TransferRequestValidationTests
[INFO] Tests run: 0, Failures: 0, Errors: 0, Skipped: 0, Time elapsed: 0.146 s -- in dev.mars.quorus.transfer.SimpleTransferEngineBidirectionalTest
[INFO] Running dev.mars.quorus.transfer.SimpleTransferEngineTest
10:21:57.124 [main] DEBUG d.m.q.transfer.SimpleTransferEngine - Initializing SimpleTransferEngine: maxConcurrent=5, maxRetries=3, retryDelay=100ms
10:21:57.124 [main] DEBUG d.m.quorus.protocol.ProtocolFactory - Initializing ProtocolFactory
10:21:57.124 [main] DEBUG d.m.quorus.protocol.ProtocolFactory - Registering default transfer protocols
10:21:57.124 [main] DEBUG d.m.quorus.protocol.ProtocolFactory - Creating HttpTransferProtocol instance
10:21:57.124 [main] INFO  d.m.q.protocol.HttpTransferProtocol - HttpTransferProtocol initialized: connectTimeout=30 SECONDS, socketTimeout=60 SECONDS, maxFileSize=10737418240 bytes
10:21:57.124 [main] INFO  d.m.quorus.protocol.ProtocolFactory - Registered protocol: http
10:21:57.124 [main] DEBUG d.m.quorus.protocol.ProtocolFactory - Protocol details: name=http, class=HttpTransferProtocol, supportsResume=false, supportsPause=true
10:21:57.124 [main] INFO  d.m.quorus.protocol.ProtocolFactory - Registered protocol alias: https -> http
10:21:57.124 [main] DEBUG d.m.quorus.protocol.ProtocolFactory - Creating SmbTransferProtocol instance
10:21:57.124 [main] INFO  d.m.quorus.protocol.ProtocolFactory - Registered protocol: smb
10:21:57.124 [main] DEBUG d.m.quorus.protocol.ProtocolFactory - Protocol details: name=smb, class=SmbTransferProtocol, supportsResume=false, supportsPause=false
10:21:57.124 [main] INFO  d.m.quorus.protocol.ProtocolFactory - Registered protocol alias: cifs -> smb
10:21:57.124 [main] DEBUG d.m.quorus.protocol.ProtocolFactory - Creating FtpTransferProtocol instance
10:21:57.124 [main] INFO  d.m.quorus.protocol.ProtocolFactory - Registered protocol: ftp
10:21:57.124 [main] DEBUG d.m.quorus.protocol.ProtocolFactory - Protocol details: name=ftp, class=FtpTransferProtocol, supportsResume=false, supportsPause=false
10:21:57.124 [main] INFO  d.m.quorus.protocol.ProtocolFactory - Registered protocol alias: ftps -> ftp
10:21:57.124 [main] DEBUG d.m.quorus.protocol.ProtocolFactory - Creating SftpTransferProtocol instance
10:21:57.125 [main] INFO  d.m.quorus.protocol.ProtocolFactory - Registered protocol: sftp
10:21:57.125 [main] DEBUG d.m.quorus.protocol.ProtocolFactory - Protocol details: name=sftp, class=SftpTransferProtocol, supportsResume=false, supportsPause=false
10:21:57.125 [main] DEBUG d.m.quorus.protocol.ProtocolFactory - Creating NfsTransferProtocol instance
10:21:57.125 [main] DEBUG d.m.q.protocol.NfsTransferProtocol - NfsTransferProtocol initialized with mountRoot=C:\nfs
10:21:57.125 [main] INFO  d.m.quorus.protocol.ProtocolFactory - Registered protocol: nfs
10:21:57.125 [main] DEBUG d.m.quorus.protocol.ProtocolFactory - Protocol details: name=nfs, class=NfsTransferProtocol, supportsResume=false, supportsPause=false
10:21:57.125 [main] INFO  d.m.quorus.protocol.ProtocolFactory - Registered default transfer protocols: count=8, schemes=ftps, ftp, http, smb, sftp, nfs, https, cifs
10:21:57.125 [main] INFO  d.m.q.transfer.SimpleTransferEngine - SimpleTransferEngine initialized with 5 max concurrent transfers (reactive mode, OpenTelemetry enabled)
10:21:57.125 [main] DEBUG d.m.q.transfer.SimpleTransferEngine - SimpleTransferEngine initialization complete - startTime=2026-09-27T09:21:57.125264Z
10:21:57.126 [main] DEBUG d.m.q.transfer.SimpleTransferEngine - getTransferJob: looking up jobId=nonexistent-job
10:21:57.126 [main] DEBUG d.m.q.transfer.SimpleTransferEngine - getTransferJob: found=false
10:21:57.126 [main] DEBUG d.m.q.transfer.SimpleTransferEngine - shutdown: initiating with timeout=5s
10:21:57.127 [main] INFO  d.m.q.transfer.SimpleTransferEngine - Shutting down transfer engine...
10:21:57.127 [main] DEBUG d.m.q.transfer.SimpleTransferEngine - shutdown: cancelling 0 active transfers
10:21:57.127 [main] DEBUG d.m.q.transfer.SimpleTransferEngine - awaitActiveTransfers: no active transfers
10:21:57.127 [main] INFO  d.m.q.transfer.SimpleTransferEngine - Transfer engine shutdown completed
10:21:57.151 [main] DEBUG d.m.q.transfer.SimpleTransferEngine - Initializing SimpleTransferEngine: maxConcurrent=5, maxRetries=3, retryDelay=100ms
10:21:57.151 [main] DEBUG d.m.quorus.protocol.ProtocolFactory - Initializing ProtocolFactory
10:21:57.151 [main] DEBUG d.m.quorus.protocol.ProtocolFactory - Registering default transfer protocols
10:21:57.151 [main] DEBUG d.m.quorus.protocol.ProtocolFactory - Creating HttpTransferProtocol instance
10:21:57.151 [main] INFO  d.m.q.protocol.HttpTransferProtocol - HttpTransferProtocol initialized: connectTimeout=30 SECONDS, socketTimeout=60 SECONDS, maxFileSize=10737418240 bytes
10:21:57.151 [main] INFO  d.m.quorus.protocol.ProtocolFactory - Registered protocol: http
10:21:57.151 [main] DEBUG d.m.quorus.protocol.ProtocolFactory - Protocol details: name=http, class=HttpTransferProtocol, supportsResume=false, supportsPause=true
10:21:57.151 [main] INFO  d.m.quorus.protocol.ProtocolFactory - Registered protocol alias: https -> http
10:21:57.151 [main] DEBUG d.m.quorus.protocol.ProtocolFactory - Creating SmbTransferProtocol instance
10:21:57.151 [main] INFO  d.m.quorus.protocol.ProtocolFactory - Registered protocol: smb
10:21:57.151 [main] DEBUG d.m.quorus.protocol.ProtocolFactory - Protocol details: name=smb, class=SmbTransferProtocol, supportsResume=false, supportsPause=false
10:21:57.151 [main] INFO  d.m.quorus.protocol.ProtocolFactory - Registered protocol alias: cifs -> smb
10:21:57.151 [main] DEBUG d.m.quorus.protocol.ProtocolFactory - Creating FtpTransferProtocol instance
10:21:57.151 [main] INFO  d.m.quorus.protocol.ProtocolFactory - Registered protocol: ftp
10:21:57.151 [main] DEBUG d.m.quorus.protocol.ProtocolFactory - Protocol details: name=ftp, class=FtpTransferProtocol, supportsResume=false, supportsPause=false
10:21:57.151 [main] INFO  d.m.quorus.protocol.ProtocolFactory - Registered protocol alias: ftps -> ftp
10:21:57.151 [main] DEBUG d.m.quorus.protocol.ProtocolFactory - Creating SftpTransferProtocol instance
10:21:57.151 [main] INFO  d.m.quorus.protocol.ProtocolFactory - Registered protocol: sftp
10:21:57.151 [main] DEBUG d.m.quorus.protocol.ProtocolFactory - Protocol details: name=sftp, class=SftpTransferProtocol, supportsResume=false, supportsPause=false
10:21:57.151 [main] DEBUG d.m.quorus.protocol.ProtocolFactory - Creating NfsTransferProtocol instance
10:21:57.151 [main] DEBUG d.m.q.protocol.NfsTransferProtocol - NfsTransferProtocol initialized with mountRoot=C:\nfs
10:21:57.151 [main] INFO  d.m.quorus.protocol.ProtocolFactory - Registered protocol: nfs
10:21:57.151 [main] DEBUG d.m.quorus.protocol.ProtocolFactory - Protocol details: name=nfs, class=NfsTransferProtocol, supportsResume=false, supportsPause=false
10:21:57.151 [main] INFO  d.m.quorus.protocol.ProtocolFactory - Registered default transfer protocols: count=8, schemes=ftps, ftp, http, smb, sftp, nfs, https, cifs
10:21:57.151 [main] INFO  d.m.q.transfer.SimpleTransferEngine - SimpleTransferEngine initialized with 5 max concurrent transfers (reactive mode, OpenTelemetry enabled)
10:21:57.151 [main] DEBUG d.m.q.transfer.SimpleTransferEngine - SimpleTransferEngine initialization complete - startTime=2026-09-27T09:21:57.151780100Z
10:21:57.151 [main] DEBUG d.m.q.transfer.SimpleTransferEngine - shutdown: initiating with timeout=5s
10:21:57.151 [main] INFO  d.m.q.transfer.SimpleTransferEngine - Shutting down transfer engine...
10:21:57.152 [main] DEBUG d.m.q.transfer.SimpleTransferEngine - shutdown: cancelling 0 active transfers
10:21:57.152 [main] DEBUG d.m.q.transfer.SimpleTransferEngine - awaitActiveTransfers: no active transfers
10:21:57.152 [main] INFO  d.m.q.transfer.SimpleTransferEngine - Transfer engine shutdown completed
10:21:57.152 [main] DEBUG d.m.q.transfer.SimpleTransferEngine - shutdown: initiating with timeout=5s
10:21:57.152 [main] DEBUG d.m.q.transfer.SimpleTransferEngine - shutdown: already shutdown
10:21:57.152 [main] DEBUG d.m.q.transfer.SimpleTransferEngine - shutdown: initiating with timeout=5s
10:21:57.152 [main] DEBUG d.m.q.transfer.SimpleTransferEngine - shutdown: already shutdown
10:21:57.180 [main] DEBUG d.m.q.transfer.SimpleTransferEngine - Initializing SimpleTransferEngine: maxConcurrent=5, maxRetries=3, retryDelay=100ms
10:21:57.180 [main] DEBUG d.m.quorus.protocol.ProtocolFactory - Initializing ProtocolFactory
10:21:57.180 [main] DEBUG d.m.quorus.protocol.ProtocolFactory - Registering default transfer protocols
10:21:57.180 [main] DEBUG d.m.quorus.protocol.ProtocolFactory - Creating HttpTransferProtocol instance
10:21:57.180 [main] INFO  d.m.q.protocol.HttpTransferProtocol - HttpTransferProtocol initialized: connectTimeout=30 SECONDS, socketTimeout=60 SECONDS, maxFileSize=10737418240 bytes
10:21:57.180 [main] INFO  d.m.quorus.protocol.ProtocolFactory - Registered protocol: http
10:21:57.180 [main] DEBUG d.m.quorus.protocol.ProtocolFactory - Protocol details: name=http, class=HttpTransferProtocol, supportsResume=false, supportsPause=true
10:21:57.180 [main] INFO  d.m.quorus.protocol.ProtocolFactory - Registered protocol alias: https -> http
10:21:57.180 [main] DEBUG d.m.quorus.protocol.ProtocolFactory - Creating SmbTransferProtocol instance
10:21:57.180 [main] INFO  d.m.quorus.protocol.ProtocolFactory - Registered protocol: smb
10:21:57.180 [main] DEBUG d.m.quorus.protocol.ProtocolFactory - Protocol details: name=smb, class=SmbTransferProtocol, supportsResume=false, supportsPause=false
10:21:57.180 [main] INFO  d.m.quorus.protocol.ProtocolFactory - Registered protocol alias: cifs -> smb
10:21:57.180 [main] DEBUG d.m.quorus.protocol.ProtocolFactory - Creating FtpTransferProtocol instance
10:21:57.180 [main] INFO  d.m.quorus.protocol.ProtocolFactory - Registered protocol: ftp
10:21:57.180 [main] DEBUG d.m.quorus.protocol.ProtocolFactory - Protocol details: name=ftp, class=FtpTransferProtocol, supportsResume=false, supportsPause=false
10:21:57.180 [main] INFO  d.m.quorus.protocol.ProtocolFactory - Registered protocol alias: ftps -> ftp
10:21:57.180 [main] DEBUG d.m.quorus.protocol.ProtocolFactory - Creating SftpTransferProtocol instance
10:21:57.180 [main] INFO  d.m.quorus.protocol.ProtocolFactory - Registered protocol: sftp
10:21:57.180 [main] DEBUG d.m.quorus.protocol.ProtocolFactory - Protocol details: name=sftp, class=SftpTransferProtocol, supportsResume=false, supportsPause=false
10:21:57.180 [main] DEBUG d.m.quorus.protocol.ProtocolFactory - Creating NfsTransferProtocol instance
10:21:57.180 [main] DEBUG d.m.q.protocol.NfsTransferProtocol - NfsTransferProtocol initialized with mountRoot=C:\nfs
10:21:57.180 [main] INFO  d.m.quorus.protocol.ProtocolFactory - Registered protocol: nfs
10:21:57.180 [main] DEBUG d.m.quorus.protocol.ProtocolFactory - Protocol details: name=nfs, class=NfsTransferProtocol, supportsResume=false, supportsPause=false
10:21:57.180 [main] INFO  d.m.quorus.protocol.ProtocolFactory - Registered default transfer protocols: count=8, schemes=ftps, ftp, http, smb, sftp, nfs, https, cifs
10:21:57.180 [main] INFO  d.m.q.transfer.SimpleTransferEngine - SimpleTransferEngine initialized with 5 max concurrent transfers (reactive mode, OpenTelemetry enabled)
10:21:57.180 [main] DEBUG d.m.q.transfer.SimpleTransferEngine - SimpleTransferEngine initialization complete - startTime=2026-09-27T09:21:57.180696900Z
10:21:57.181 [main] DEBUG d.m.q.transfer.SimpleTransferEngine - resumeTransfer: attempting to resume jobId=nonexistent-job
10:21:57.181 [main] DEBUG d.m.q.transfer.SimpleTransferEngine - resumeTransfer: no active context found for jobId=nonexistent-job
10:21:57.181 [main] DEBUG d.m.q.transfer.SimpleTransferEngine - shutdown: initiating with timeout=5s
10:21:57.181 [main] INFO  d.m.q.transfer.SimpleTransferEngine - Shutting down transfer engine...
10:21:57.181 [main] DEBUG d.m.q.transfer.SimpleTransferEngine - shutdown: cancelling 0 active transfers
10:21:57.181 [main] DEBUG d.m.q.transfer.SimpleTransferEngine - awaitActiveTransfers: no active transfers
10:21:57.181 [main] INFO  d.m.q.transfer.SimpleTransferEngine - Transfer engine shutdown completed
10:21:57.205 [main] DEBUG d.m.q.transfer.SimpleTransferEngine - Initializing SimpleTransferEngine: maxConcurrent=5, maxRetries=3, retryDelay=100ms
10:21:57.205 [main] DEBUG d.m.quorus.protocol.ProtocolFactory - Initializing ProtocolFactory
10:21:57.205 [main] DEBUG d.m.quorus.protocol.ProtocolFactory - Registering default transfer protocols
10:21:57.205 [main] DEBUG d.m.quorus.protocol.ProtocolFactory - Creating HttpTransferProtocol instance
10:21:57.205 [main] INFO  d.m.q.protocol.HttpTransferProtocol - HttpTransferProtocol initialized: connectTimeout=30 SECONDS, socketTimeout=60 SECONDS, maxFileSize=10737418240 bytes
10:21:57.205 [main] INFO  d.m.quorus.protocol.ProtocolFactory - Registered protocol: http
10:21:57.205 [main] DEBUG d.m.quorus.protocol.ProtocolFactory - Protocol details: name=http, class=HttpTransferProtocol, supportsResume=false, supportsPause=true
10:21:57.205 [main] INFO  d.m.quorus.protocol.ProtocolFactory - Registered protocol alias: https -> http
10:21:57.205 [main] DEBUG d.m.quorus.protocol.ProtocolFactory - Creating SmbTransferProtocol instance
10:21:57.205 [main] INFO  d.m.quorus.protocol.ProtocolFactory - Registered protocol: smb
10:21:57.205 [main] DEBUG d.m.quorus.protocol.ProtocolFactory - Protocol details: name=smb, class=SmbTransferProtocol, supportsResume=false, supportsPause=false
10:21:57.205 [main] INFO  d.m.quorus.protocol.ProtocolFactory - Registered protocol alias: cifs -> smb
10:21:57.205 [main] DEBUG d.m.quorus.protocol.ProtocolFactory - Creating FtpTransferProtocol instance
10:21:57.205 [main] INFO  d.m.quorus.protocol.ProtocolFactory - Registered protocol: ftp
10:21:57.205 [main] DEBUG d.m.quorus.protocol.ProtocolFactory - Protocol details: name=ftp, class=FtpTransferProtocol, supportsResume=false, supportsPause=false
10:21:57.205 [main] INFO  d.m.quorus.protocol.ProtocolFactory - Registered protocol alias: ftps -> ftp
10:21:57.205 [main] DEBUG d.m.quorus.protocol.ProtocolFactory - Creating SftpTransferProtocol instance
10:21:57.205 [main] INFO  d.m.quorus.protocol.ProtocolFactory - Registered protocol: sftp
10:21:57.206 [main] DEBUG d.m.quorus.protocol.ProtocolFactory - Protocol details: name=sftp, class=SftpTransferProtocol, supportsResume=false, supportsPause=false
10:21:57.206 [main] DEBUG d.m.quorus.protocol.ProtocolFactory - Creating NfsTransferProtocol instance
10:21:57.206 [main] DEBUG d.m.q.protocol.NfsTransferProtocol - NfsTransferProtocol initialized with mountRoot=C:\nfs
10:21:57.206 [main] INFO  d.m.quorus.protocol.ProtocolFactory - Registered protocol: nfs
10:21:57.206 [main] DEBUG d.m.quorus.protocol.ProtocolFactory - Protocol details: name=nfs, class=NfsTransferProtocol, supportsResume=false, supportsPause=false
10:21:57.206 [main] INFO  d.m.quorus.protocol.ProtocolFactory - Registered default transfer protocols: count=8, schemes=ftps, ftp, http, smb, sftp, nfs, https, cifs
10:21:57.206 [main] INFO  d.m.q.transfer.SimpleTransferEngine - SimpleTransferEngine initialized with 5 max concurrent transfers (reactive mode, OpenTelemetry enabled)
10:21:57.206 [main] DEBUG d.m.q.transfer.SimpleTransferEngine - SimpleTransferEngine initialization complete - startTime=2026-09-27T09:21:57.206813200Z
10:21:57.206 [main] DEBUG d.m.q.transfer.SimpleTransferEngine - getActiveTransferCount: count=0
10:21:57.206 [main] DEBUG d.m.q.transfer.SimpleTransferEngine - shutdown: initiating with timeout=5s
10:21:57.206 [main] INFO  d.m.q.transfer.SimpleTransferEngine - Shutting down transfer engine...
10:21:57.206 [main] DEBUG d.m.q.transfer.SimpleTransferEngine - shutdown: cancelling 0 active transfers
10:21:57.206 [main] DEBUG d.m.q.transfer.SimpleTransferEngine - awaitActiveTransfers: no active transfers
10:21:57.206 [main] INFO  d.m.q.transfer.SimpleTransferEngine - Transfer engine shutdown completed
10:21:57.232 [main] DEBUG d.m.q.transfer.SimpleTransferEngine - Initializing SimpleTransferEngine: maxConcurrent=5, maxRetries=3, retryDelay=100ms
10:21:57.232 [main] DEBUG d.m.quorus.protocol.ProtocolFactory - Initializing ProtocolFactory
10:21:57.232 [main] DEBUG d.m.quorus.protocol.ProtocolFactory - Registering default transfer protocols
10:21:57.232 [main] DEBUG d.m.quorus.protocol.ProtocolFactory - Creating HttpTransferProtocol instance
10:21:57.232 [main] INFO  d.m.q.protocol.HttpTransferProtocol - HttpTransferProtocol initialized: connectTimeout=30 SECONDS, socketTimeout=60 SECONDS, maxFileSize=10737418240 bytes
10:21:57.232 [main] INFO  d.m.quorus.protocol.ProtocolFactory - Registered protocol: http
10:21:57.232 [main] DEBUG d.m.quorus.protocol.ProtocolFactory - Protocol details: name=http, class=HttpTransferProtocol, supportsResume=false, supportsPause=true
10:21:57.232 [main] INFO  d.m.quorus.protocol.ProtocolFactory - Registered protocol alias: https -> http
10:21:57.232 [main] DEBUG d.m.quorus.protocol.ProtocolFactory - Creating SmbTransferProtocol instance
10:21:57.232 [main] INFO  d.m.quorus.protocol.ProtocolFactory - Registered protocol: smb
10:21:57.232 [main] DEBUG d.m.quorus.protocol.ProtocolFactory - Protocol details: name=smb, class=SmbTransferProtocol, supportsResume=false, supportsPause=false
10:21:57.232 [main] INFO  d.m.quorus.protocol.ProtocolFactory - Registered protocol alias: cifs -> smb
10:21:57.232 [main] DEBUG d.m.quorus.protocol.ProtocolFactory - Creating FtpTransferProtocol instance
10:21:57.232 [main] INFO  d.m.quorus.protocol.ProtocolFactory - Registered protocol: ftp
10:21:57.232 [main] DEBUG d.m.quorus.protocol.ProtocolFactory - Protocol details: name=ftp, class=FtpTransferProtocol, supportsResume=false, supportsPause=false
10:21:57.232 [main] INFO  d.m.quorus.protocol.ProtocolFactory - Registered protocol alias: ftps -> ftp
10:21:57.232 [main] DEBUG d.m.quorus.protocol.ProtocolFactory - Creating SftpTransferProtocol instance
10:21:57.232 [main] INFO  d.m.quorus.protocol.ProtocolFactory - Registered protocol: sftp
10:21:57.232 [main] DEBUG d.m.quorus.protocol.ProtocolFactory - Protocol details: name=sftp, class=SftpTransferProtocol, supportsResume=false, supportsPause=false
10:21:57.232 [main] DEBUG d.m.quorus.protocol.ProtocolFactory - Creating NfsTransferProtocol instance
10:21:57.232 [main] DEBUG d.m.q.protocol.NfsTransferProtocol - NfsTransferProtocol initialized with mountRoot=C:\nfs
10:21:57.232 [main] INFO  d.m.quorus.protocol.ProtocolFactory - Registered protocol: nfs
10:21:57.232 [main] DEBUG d.m.quorus.protocol.ProtocolFactory - Protocol details: name=nfs, class=NfsTransferProtocol, supportsResume=false, supportsPause=false
10:21:57.232 [main] INFO  d.m.quorus.protocol.ProtocolFactory - Registered default transfer protocols: count=8, schemes=ftps, ftp, http, smb, sftp, nfs, https, cifs
10:21:57.232 [main] INFO  d.m.q.transfer.SimpleTransferEngine - SimpleTransferEngine initialized with 5 max concurrent transfers (reactive mode, OpenTelemetry enabled)
10:21:57.232 [main] DEBUG d.m.q.transfer.SimpleTransferEngine - SimpleTransferEngine initialization complete - startTime=2026-09-27T09:21:57.232590300Z
10:21:57.233 [main] INFO  d.m.q.transfer.SimpleTransferEngine - Waiting for 1 active transfers to complete (timeout=150ms)
10:21:57.386 [globalEventExecutor-1-2] WARN  d.m.q.transfer.SimpleTransferEngine - Timeout waiting for transfers, 1 still active
10:21:57.386 [main] DEBUG d.m.q.transfer.SimpleTransferEngine - shutdown: initiating with timeout=5s
10:21:57.386 [main] INFO  d.m.q.transfer.SimpleTransferEngine - Shutting down transfer engine...
10:21:57.386 [main] DEBUG d.m.q.transfer.SimpleTransferEngine - shutdown: cancelling 1 active transfers
10:21:57.387 [main] INFO  d.m.q.transfer.SimpleTransferEngine - Waiting for 1 active transfers to complete (timeout=5000ms)
10:22:02.388 [globalEventExecutor-1-2] WARN  d.m.q.transfer.SimpleTransferEngine - Timeout waiting for transfers, 1 still active
10:22:02.388 [globalEventExecutor-1-2] INFO  d.m.q.transfer.SimpleTransferEngine - Transfer engine shutdown completed
10:22:02.416 [main] DEBUG d.m.q.transfer.SimpleTransferEngine - Initializing SimpleTransferEngine: maxConcurrent=5, maxRetries=3, retryDelay=100ms
10:22:02.416 [main] DEBUG d.m.quorus.protocol.ProtocolFactory - Initializing ProtocolFactory
10:22:02.416 [main] DEBUG d.m.quorus.protocol.ProtocolFactory - Registering default transfer protocols
10:22:02.416 [main] DEBUG d.m.quorus.protocol.ProtocolFactory - Creating HttpTransferProtocol instance
10:22:02.416 [main] INFO  d.m.q.protocol.HttpTransferProtocol - HttpTransferProtocol initialized: connectTimeout=30 SECONDS, socketTimeout=60 SECONDS, maxFileSize=10737418240 bytes
10:22:02.416 [main] INFO  d.m.quorus.protocol.ProtocolFactory - Registered protocol: http
10:22:02.416 [main] DEBUG d.m.quorus.protocol.ProtocolFactory - Protocol details: name=http, class=HttpTransferProtocol, supportsResume=false, supportsPause=true
10:22:02.416 [main] INFO  d.m.quorus.protocol.ProtocolFactory - Registered protocol alias: https -> http
10:22:02.416 [main] DEBUG d.m.quorus.protocol.ProtocolFactory - Creating SmbTransferProtocol instance
10:22:02.416 [main] INFO  d.m.quorus.protocol.ProtocolFactory - Registered protocol: smb
10:22:02.416 [main] DEBUG d.m.quorus.protocol.ProtocolFactory - Protocol details: name=smb, class=SmbTransferProtocol, supportsResume=false, supportsPause=false
10:22:02.416 [main] INFO  d.m.quorus.protocol.ProtocolFactory - Registered protocol alias: cifs -> smb
10:22:02.416 [main] DEBUG d.m.quorus.protocol.ProtocolFactory - Creating FtpTransferProtocol instance
10:22:02.416 [main] INFO  d.m.quorus.protocol.ProtocolFactory - Registered protocol: ftp
10:22:02.416 [main] DEBUG d.m.quorus.protocol.ProtocolFactory - Protocol details: name=ftp, class=FtpTransferProtocol, supportsResume=false, supportsPause=false
10:22:02.416 [main] INFO  d.m.quorus.protocol.ProtocolFactory - Registered protocol alias: ftps -> ftp
10:22:02.416 [main] DEBUG d.m.quorus.protocol.ProtocolFactory - Creating SftpTransferProtocol instance
10:22:02.416 [main] INFO  d.m.quorus.protocol.ProtocolFactory - Registered protocol: sftp
10:22:02.416 [main] DEBUG d.m.quorus.protocol.ProtocolFactory - Protocol details: name=sftp, class=SftpTransferProtocol, supportsResume=false, supportsPause=false
10:22:02.416 [main] DEBUG d.m.quorus.protocol.ProtocolFactory - Creating NfsTransferProtocol instance
10:22:02.416 [main] DEBUG d.m.q.protocol.NfsTransferProtocol - NfsTransferProtocol initialized with mountRoot=C:\nfs
10:22:02.416 [main] INFO  d.m.quorus.protocol.ProtocolFactory - Registered protocol: nfs
10:22:02.416 [main] DEBUG d.m.quorus.protocol.ProtocolFactory - Protocol details: name=nfs, class=NfsTransferProtocol, supportsResume=false, supportsPause=false
10:22:02.416 [main] INFO  d.m.quorus.protocol.ProtocolFactory - Registered default transfer protocols: count=8, schemes=ftps, ftp, http, smb, sftp, nfs, https, cifs
10:22:02.416 [main] INFO  d.m.q.transfer.SimpleTransferEngine - SimpleTransferEngine initialized with 5 max concurrent transfers (reactive mode, OpenTelemetry enabled)
10:22:02.416 [main] DEBUG d.m.q.transfer.SimpleTransferEngine - SimpleTransferEngine initialization complete - startTime=2026-09-27T09:22:02.416080900Z
10:22:02.416 [main] DEBUG d.m.q.transfer.SimpleTransferEngine - shutdown: initiating with timeout=5s
10:22:02.416 [main] INFO  d.m.q.transfer.SimpleTransferEngine - Shutting down transfer engine...
10:22:02.416 [main] DEBUG d.m.q.transfer.SimpleTransferEngine - shutdown: cancelling 0 active transfers
10:22:02.416 [main] DEBUG d.m.q.transfer.SimpleTransferEngine - awaitActiveTransfers: no active transfers
10:22:02.416 [main] INFO  d.m.q.transfer.SimpleTransferEngine - Transfer engine shutdown completed
10:22:02.417 [main] DEBUG d.m.q.transfer.SimpleTransferEngine - shutdown: initiating with timeout=5s
10:22:02.417 [main] DEBUG d.m.q.transfer.SimpleTransferEngine - shutdown: already shutdown
10:22:02.439 [main] DEBUG d.m.q.transfer.SimpleTransferEngine - Initializing SimpleTransferEngine: maxConcurrent=5, maxRetries=3, retryDelay=100ms
10:22:02.439 [main] DEBUG d.m.quorus.protocol.ProtocolFactory - Initializing ProtocolFactory
10:22:02.439 [main] DEBUG d.m.quorus.protocol.ProtocolFactory - Registering default transfer protocols
10:22:02.439 [main] DEBUG d.m.quorus.protocol.ProtocolFactory - Creating HttpTransferProtocol instance
10:22:02.439 [main] INFO  d.m.q.protocol.HttpTransferProtocol - HttpTransferProtocol initialized: connectTimeout=30 SECONDS, socketTimeout=60 SECONDS, maxFileSize=10737418240 bytes
10:22:02.439 [main] INFO  d.m.quorus.protocol.ProtocolFactory - Registered protocol: http
10:22:02.439 [main] DEBUG d.m.quorus.protocol.ProtocolFactory - Protocol details: name=http, class=HttpTransferProtocol, supportsResume=false, supportsPause=true
10:22:02.439 [main] INFO  d.m.quorus.protocol.ProtocolFactory - Registered protocol alias: https -> http
10:22:02.439 [main] DEBUG d.m.quorus.protocol.ProtocolFactory - Creating SmbTransferProtocol instance
10:22:02.439 [main] INFO  d.m.quorus.protocol.ProtocolFactory - Registered protocol: smb
10:22:02.439 [main] DEBUG d.m.quorus.protocol.ProtocolFactory - Protocol details: name=smb, class=SmbTransferProtocol, supportsResume=false, supportsPause=false
10:22:02.439 [main] INFO  d.m.quorus.protocol.ProtocolFactory - Registered protocol alias: cifs -> smb
10:22:02.439 [main] DEBUG d.m.quorus.protocol.ProtocolFactory - Creating FtpTransferProtocol instance
10:22:02.439 [main] INFO  d.m.quorus.protocol.ProtocolFactory - Registered protocol: ftp
10:22:02.439 [main] DEBUG d.m.quorus.protocol.ProtocolFactory - Protocol details: name=ftp, class=FtpTransferProtocol, supportsResume=false, supportsPause=false
10:22:02.439 [main] INFO  d.m.quorus.protocol.ProtocolFactory - Registered protocol alias: ftps -> ftp
10:22:02.439 [main] DEBUG d.m.quorus.protocol.ProtocolFactory - Creating SftpTransferProtocol instance
10:22:02.439 [main] INFO  d.m.quorus.protocol.ProtocolFactory - Registered protocol: sftp
10:22:02.439 [main] DEBUG d.m.quorus.protocol.ProtocolFactory - Protocol details: name=sftp, class=SftpTransferProtocol, supportsResume=false, supportsPause=false
10:22:02.439 [main] DEBUG d.m.quorus.protocol.ProtocolFactory - Creating NfsTransferProtocol instance
10:22:02.439 [main] DEBUG d.m.q.protocol.NfsTransferProtocol - NfsTransferProtocol initialized with mountRoot=C:\nfs
10:22:02.439 [main] INFO  d.m.quorus.protocol.ProtocolFactory - Registered protocol: nfs
10:22:02.439 [main] DEBUG d.m.quorus.protocol.ProtocolFactory - Protocol details: name=nfs, class=NfsTransferProtocol, supportsResume=false, supportsPause=false
10:22:02.439 [main] INFO  d.m.quorus.protocol.ProtocolFactory - Registered default transfer protocols: count=8, schemes=ftps, ftp, http, smb, sftp, nfs, https, cifs
10:22:02.439 [main] INFO  d.m.q.transfer.SimpleTransferEngine - SimpleTransferEngine initialized with 5 max concurrent transfers (reactive mode, OpenTelemetry enabled)
10:22:02.439 [main] DEBUG d.m.q.transfer.SimpleTransferEngine - SimpleTransferEngine initialization complete - startTime=2026-09-27T09:22:02.439976100Z
10:22:02.439 [main] DEBUG d.m.q.transfer.SimpleTransferEngine - pauseTransfer: attempting to pause jobId=nonexistent-job
10:22:02.440 [main] DEBUG d.m.q.transfer.SimpleTransferEngine - pauseTransfer: no active context found for jobId=nonexistent-job
10:22:02.440 [main] DEBUG d.m.q.transfer.SimpleTransferEngine - shutdown: initiating with timeout=5s
10:22:02.440 [main] INFO  d.m.q.transfer.SimpleTransferEngine - Shutting down transfer engine...
10:22:02.440 [main] DEBUG d.m.q.transfer.SimpleTransferEngine - shutdown: cancelling 0 active transfers
10:22:02.440 [main] DEBUG d.m.q.transfer.SimpleTransferEngine - awaitActiveTransfers: no active transfers
10:22:02.440 [main] INFO  d.m.q.transfer.SimpleTransferEngine - Transfer engine shutdown completed
10:22:02.466 [main] DEBUG d.m.q.transfer.SimpleTransferEngine - Initializing SimpleTransferEngine: maxConcurrent=5, maxRetries=3, retryDelay=100ms
10:22:02.466 [main] DEBUG d.m.quorus.protocol.ProtocolFactory - Initializing ProtocolFactory
10:22:02.466 [main] DEBUG d.m.quorus.protocol.ProtocolFactory - Registering default transfer protocols
10:22:02.466 [main] DEBUG d.m.quorus.protocol.ProtocolFactory - Creating HttpTransferProtocol instance
10:22:02.466 [main] INFO  d.m.q.protocol.HttpTransferProtocol - HttpTransferProtocol initialized: connectTimeout=30 SECONDS, socketTimeout=60 SECONDS, maxFileSize=10737418240 bytes
10:22:02.466 [main] INFO  d.m.quorus.protocol.ProtocolFactory - Registered protocol: http
10:22:02.466 [main] DEBUG d.m.quorus.protocol.ProtocolFactory - Protocol details: name=http, class=HttpTransferProtocol, supportsResume=false, supportsPause=true
10:22:02.466 [main] INFO  d.m.quorus.protocol.ProtocolFactory - Registered protocol alias: https -> http
10:22:02.466 [main] DEBUG d.m.quorus.protocol.ProtocolFactory - Creating SmbTransferProtocol instance
10:22:02.466 [main] INFO  d.m.quorus.protocol.ProtocolFactory - Registered protocol: smb
10:22:02.466 [main] DEBUG d.m.quorus.protocol.ProtocolFactory - Protocol details: name=smb, class=SmbTransferProtocol, supportsResume=false, supportsPause=false
10:22:02.466 [main] INFO  d.m.quorus.protocol.ProtocolFactory - Registered protocol alias: cifs -> smb
10:22:02.466 [main] DEBUG d.m.quorus.protocol.ProtocolFactory - Creating FtpTransferProtocol instance
10:22:02.466 [main] INFO  d.m.quorus.protocol.ProtocolFactory - Registered protocol: ftp
10:22:02.466 [main] DEBUG d.m.quorus.protocol.ProtocolFactory - Protocol details: name=ftp, class=FtpTransferProtocol, supportsResume=false, supportsPause=false
10:22:02.466 [main] INFO  d.m.quorus.protocol.ProtocolFactory - Registered protocol alias: ftps -> ftp
10:22:02.466 [main] DEBUG d.m.quorus.protocol.ProtocolFactory - Creating SftpTransferProtocol instance
10:22:02.466 [main] INFO  d.m.quorus.protocol.ProtocolFactory - Registered protocol: sftp
10:22:02.466 [main] DEBUG d.m.quorus.protocol.ProtocolFactory - Protocol details: name=sftp, class=SftpTransferProtocol, supportsResume=false, supportsPause=false
10:22:02.466 [main] DEBUG d.m.quorus.protocol.ProtocolFactory - Creating NfsTransferProtocol instance
10:22:02.466 [main] DEBUG d.m.q.protocol.NfsTransferProtocol - NfsTransferProtocol initialized with mountRoot=C:\nfs
10:22:02.466 [main] INFO  d.m.quorus.protocol.ProtocolFactory - Registered protocol: nfs
10:22:02.466 [main] DEBUG d.m.quorus.protocol.ProtocolFactory - Protocol details: name=nfs, class=NfsTransferProtocol, supportsResume=false, supportsPause=false
10:22:02.466 [main] INFO  d.m.quorus.protocol.ProtocolFactory - Registered default transfer protocols: count=8, schemes=ftps, ftp, http, smb, sftp, nfs, https, cifs
10:22:02.466 [main] INFO  d.m.q.transfer.SimpleTransferEngine - SimpleTransferEngine initialized with 5 max concurrent transfers (reactive mode, OpenTelemetry enabled)
10:22:02.466 [main] DEBUG d.m.q.transfer.SimpleTransferEngine - SimpleTransferEngine initialization complete - startTime=2026-09-27T09:22:02.466778300Z
10:22:02.466 [main] DEBUG d.m.q.transfer.SimpleTransferEngine - shutdown: initiating with timeout=5s
10:22:02.466 [main] INFO  d.m.q.transfer.SimpleTransferEngine - Shutting down transfer engine...
10:22:02.466 [main] DEBUG d.m.q.transfer.SimpleTransferEngine - shutdown: cancelling 0 active transfers
10:22:02.466 [main] DEBUG d.m.q.transfer.SimpleTransferEngine - awaitActiveTransfers: no active transfers
10:22:02.467 [main] INFO  d.m.q.transfer.SimpleTransferEngine - Transfer engine shutdown completed
10:22:02.495 [main] DEBUG d.m.q.transfer.SimpleTransferEngine - Initializing SimpleTransferEngine: maxConcurrent=5, maxRetries=3, retryDelay=100ms
10:22:02.496 [main] DEBUG d.m.quorus.protocol.ProtocolFactory - Initializing ProtocolFactory
10:22:02.496 [main] DEBUG d.m.quorus.protocol.ProtocolFactory - Registering default transfer protocols
10:22:02.496 [main] DEBUG d.m.quorus.protocol.ProtocolFactory - Creating HttpTransferProtocol instance
10:22:02.496 [main] INFO  d.m.q.protocol.HttpTransferProtocol - HttpTransferProtocol initialized: connectTimeout=30 SECONDS, socketTimeout=60 SECONDS, maxFileSize=10737418240 bytes
10:22:02.496 [main] INFO  d.m.quorus.protocol.ProtocolFactory - Registered protocol: http
10:22:02.496 [main] DEBUG d.m.quorus.protocol.ProtocolFactory - Protocol details: name=http, class=HttpTransferProtocol, supportsResume=false, supportsPause=true
10:22:02.496 [main] INFO  d.m.quorus.protocol.ProtocolFactory - Registered protocol alias: https -> http
10:22:02.496 [main] DEBUG d.m.quorus.protocol.ProtocolFactory - Creating SmbTransferProtocol instance
10:22:02.496 [main] INFO  d.m.quorus.protocol.ProtocolFactory - Registered protocol: smb
10:22:02.496 [main] DEBUG d.m.quorus.protocol.ProtocolFactory - Protocol details: name=smb, class=SmbTransferProtocol, supportsResume=false, supportsPause=false
10:22:02.496 [main] INFO  d.m.quorus.protocol.ProtocolFactory - Registered protocol alias: cifs -> smb
10:22:02.496 [main] DEBUG d.m.quorus.protocol.ProtocolFactory - Creating FtpTransferProtocol instance
10:22:02.496 [main] INFO  d.m.quorus.protocol.ProtocolFactory - Registered protocol: ftp
10:22:02.496 [main] DEBUG d.m.quorus.protocol.ProtocolFactory - Protocol details: name=ftp, class=FtpTransferProtocol, supportsResume=false, supportsPause=false
10:22:02.496 [main] INFO  d.m.quorus.protocol.ProtocolFactory - Registered protocol alias: ftps -> ftp
10:22:02.496 [main] DEBUG d.m.quorus.protocol.ProtocolFactory - Creating SftpTransferProtocol instance
10:22:02.496 [main] INFO  d.m.quorus.protocol.ProtocolFactory - Registered protocol: sftp
10:22:02.496 [main] DEBUG d.m.quorus.protocol.ProtocolFactory - Protocol details: name=sftp, class=SftpTransferProtocol, supportsResume=false, supportsPause=false
10:22:02.496 [main] DEBUG d.m.quorus.protocol.ProtocolFactory - Creating NfsTransferProtocol instance
10:22:02.496 [main] DEBUG d.m.q.protocol.NfsTransferProtocol - NfsTransferProtocol initialized with mountRoot=C:\nfs
10:22:02.496 [main] INFO  d.m.quorus.protocol.ProtocolFactory - Registered protocol: nfs
10:22:02.496 [main] DEBUG d.m.quorus.protocol.ProtocolFactory - Protocol details: name=nfs, class=NfsTransferProtocol, supportsResume=false, supportsPause=false
10:22:02.496 [main] INFO  d.m.quorus.protocol.ProtocolFactory - Registered default transfer protocols: count=8, schemes=ftps, ftp, http, smb, sftp, nfs, https, cifs
10:22:02.496 [main] INFO  d.m.q.transfer.SimpleTransferEngine - SimpleTransferEngine initialized with 5 max concurrent transfers (reactive mode, OpenTelemetry enabled)
10:22:02.496 [main] DEBUG d.m.q.transfer.SimpleTransferEngine - SimpleTransferEngine initialization complete - startTime=2026-09-27T09:22:02.496078600Z
10:22:02.496 [main] DEBUG d.m.q.transfer.SimpleTransferEngine - cancelTransfer: attempting to cancel jobId=nonexistent-job
10:22:02.497 [main] DEBUG d.m.q.transfer.SimpleTransferEngine - cancelTransfer: no active context found for jobId=nonexistent-job
10:22:02.497 [main] DEBUG d.m.q.transfer.SimpleTransferEngine - shutdown: initiating with timeout=5s
10:22:02.497 [main] INFO  d.m.q.transfer.SimpleTransferEngine - Shutting down transfer engine...
10:22:02.497 [main] DEBUG d.m.q.transfer.SimpleTransferEngine - shutdown: cancelling 0 active transfers
10:22:02.497 [main] DEBUG d.m.q.transfer.SimpleTransferEngine - awaitActiveTransfers: no active transfers
10:22:02.497 [main] INFO  d.m.q.transfer.SimpleTransferEngine - Transfer engine shutdown completed
10:22:02.532 [main] DEBUG d.m.q.transfer.SimpleTransferEngine - Initializing SimpleTransferEngine: maxConcurrent=5, maxRetries=3, retryDelay=100ms
10:22:02.532 [main] DEBUG d.m.quorus.protocol.ProtocolFactory - Initializing ProtocolFactory
10:22:02.532 [main] DEBUG d.m.quorus.protocol.ProtocolFactory - Registering default transfer protocols
10:22:02.532 [main] DEBUG d.m.quorus.protocol.ProtocolFactory - Creating HttpTransferProtocol instance
10:22:02.532 [main] INFO  d.m.q.protocol.HttpTransferProtocol - HttpTransferProtocol initialized: connectTimeout=30 SECONDS, socketTimeout=60 SECONDS, maxFileSize=10737418240 bytes
10:22:02.532 [main] INFO  d.m.quorus.protocol.ProtocolFactory - Registered protocol: http
10:22:02.532 [main] DEBUG d.m.quorus.protocol.ProtocolFactory - Protocol details: name=http, class=HttpTransferProtocol, supportsResume=false, supportsPause=true
10:22:02.532 [main] INFO  d.m.quorus.protocol.ProtocolFactory - Registered protocol alias: https -> http
10:22:02.533 [main] DEBUG d.m.quorus.protocol.ProtocolFactory - Creating SmbTransferProtocol instance
10:22:02.533 [main] INFO  d.m.quorus.protocol.ProtocolFactory - Registered protocol: smb
10:22:02.533 [main] DEBUG d.m.quorus.protocol.ProtocolFactory - Protocol details: name=smb, class=SmbTransferProtocol, supportsResume=false, supportsPause=false
10:22:02.533 [main] INFO  d.m.quorus.protocol.ProtocolFactory - Registered protocol alias: cifs -> smb
10:22:02.533 [main] DEBUG d.m.quorus.protocol.ProtocolFactory - Creating FtpTransferProtocol instance
10:22:02.533 [main] INFO  d.m.quorus.protocol.ProtocolFactory - Registered protocol: ftp
10:22:02.533 [main] DEBUG d.m.quorus.protocol.ProtocolFactory - Protocol details: name=ftp, class=FtpTransferProtocol, supportsResume=false, supportsPause=false
10:22:02.533 [main] INFO  d.m.quorus.protocol.ProtocolFactory - Registered protocol alias: ftps -> ftp
10:22:02.533 [main] DEBUG d.m.quorus.protocol.ProtocolFactory - Creating SftpTransferProtocol instance
10:22:02.533 [main] INFO  d.m.quorus.protocol.ProtocolFactory - Registered protocol: sftp
10:22:02.533 [main] DEBUG d.m.quorus.protocol.ProtocolFactory - Protocol details: name=sftp, class=SftpTransferProtocol, supportsResume=false, supportsPause=false
10:22:02.533 [main] DEBUG d.m.quorus.protocol.ProtocolFactory - Creating NfsTransferProtocol instance
10:22:02.533 [main] DEBUG d.m.q.protocol.NfsTransferProtocol - NfsTransferProtocol initialized with mountRoot=C:\nfs
10:22:02.533 [main] INFO  d.m.quorus.protocol.ProtocolFactory - Registered protocol: nfs
10:22:02.533 [main] DEBUG d.m.quorus.protocol.ProtocolFactory - Protocol details: name=nfs, class=NfsTransferProtocol, supportsResume=false, supportsPause=false
10:22:02.533 [main] INFO  d.m.quorus.protocol.ProtocolFactory - Registered default transfer protocols: count=8, schemes=ftps, ftp, http, smb, sftp, nfs, https, cifs
10:22:02.533 [main] INFO  d.m.q.transfer.SimpleTransferEngine - SimpleTransferEngine initialized with 5 max concurrent transfers (reactive mode, OpenTelemetry enabled)
10:22:02.533 [main] DEBUG d.m.q.transfer.SimpleTransferEngine - SimpleTransferEngine initialization complete - startTime=2026-09-27T09:22:02.533852600Z
10:22:02.533 [main] DEBUG d.m.q.transfer.SimpleTransferEngine - shutdown: initiating with timeout=5s
10:22:02.533 [main] INFO  d.m.q.transfer.SimpleTransferEngine - Shutting down transfer engine...
10:22:02.533 [main] DEBUG d.m.q.transfer.SimpleTransferEngine - shutdown: cancelling 0 active transfers
10:22:02.533 [main] DEBUG d.m.q.transfer.SimpleTransferEngine - awaitActiveTransfers: no active transfers
10:22:02.533 [main] INFO  d.m.q.transfer.SimpleTransferEngine - Transfer engine shutdown completed
10:22:02.569 [main] DEBUG d.m.q.transfer.SimpleTransferEngine - Initializing SimpleTransferEngine: maxConcurrent=5, maxRetries=3, retryDelay=100ms
10:22:02.569 [main] DEBUG d.m.quorus.protocol.ProtocolFactory - Initializing ProtocolFactory
10:22:02.569 [main] DEBUG d.m.quorus.protocol.ProtocolFactory - Registering default transfer protocols
10:22:02.569 [main] DEBUG d.m.quorus.protocol.ProtocolFactory - Creating HttpTransferProtocol instance
10:22:02.569 [main] INFO  d.m.q.protocol.HttpTransferProtocol - HttpTransferProtocol initialized: connectTimeout=30 SECONDS, socketTimeout=60 SECONDS, maxFileSize=10737418240 bytes
10:22:02.569 [main] INFO  d.m.quorus.protocol.ProtocolFactory - Registered protocol: http
10:22:02.569 [main] DEBUG d.m.quorus.protocol.ProtocolFactory - Protocol details: name=http, class=HttpTransferProtocol, supportsResume=false, supportsPause=true
10:22:02.569 [main] INFO  d.m.quorus.protocol.ProtocolFactory - Registered protocol alias: https -> http
10:22:02.569 [main] DEBUG d.m.quorus.protocol.ProtocolFactory - Creating SmbTransferProtocol instance
10:22:02.569 [main] INFO  d.m.quorus.protocol.ProtocolFactory - Registered protocol: smb
10:22:02.569 [main] DEBUG d.m.quorus.protocol.ProtocolFactory - Protocol details: name=smb, class=SmbTransferProtocol, supportsResume=false, supportsPause=false
10:22:02.569 [main] INFO  d.m.quorus.protocol.ProtocolFactory - Registered protocol alias: cifs -> smb
10:22:02.569 [main] DEBUG d.m.quorus.protocol.ProtocolFactory - Creating FtpTransferProtocol instance
10:22:02.569 [main] INFO  d.m.quorus.protocol.ProtocolFactory - Registered protocol: ftp
10:22:02.569 [main] DEBUG d.m.quorus.protocol.ProtocolFactory - Protocol details: name=ftp, class=FtpTransferProtocol, supportsResume=false, supportsPause=false
10:22:02.569 [main] INFO  d.m.quorus.protocol.ProtocolFactory - Registered protocol alias: ftps -> ftp
10:22:02.569 [main] DEBUG d.m.quorus.protocol.ProtocolFactory - Creating SftpTransferProtocol instance
10:22:02.569 [main] INFO  d.m.quorus.protocol.ProtocolFactory - Registered protocol: sftp
10:22:02.569 [main] DEBUG d.m.quorus.protocol.ProtocolFactory - Protocol details: name=sftp, class=SftpTransferProtocol, supportsResume=false, supportsPause=false
10:22:02.569 [main] DEBUG d.m.quorus.protocol.ProtocolFactory - Creating NfsTransferProtocol instance
10:22:02.569 [main] DEBUG d.m.q.protocol.NfsTransferProtocol - NfsTransferProtocol initialized with mountRoot=C:\nfs
10:22:02.569 [main] INFO  d.m.quorus.protocol.ProtocolFactory - Registered protocol: nfs
10:22:02.570 [main] DEBUG d.m.quorus.protocol.ProtocolFactory - Protocol details: name=nfs, class=NfsTransferProtocol, supportsResume=false, supportsPause=false
10:22:02.570 [main] INFO  d.m.quorus.protocol.ProtocolFactory - Registered default transfer protocols: count=8, schemes=ftps, ftp, http, smb, sftp, nfs, https, cifs
10:22:02.570 [main] INFO  d.m.q.transfer.SimpleTransferEngine - SimpleTransferEngine initialized with 5 max concurrent transfers (reactive mode, OpenTelemetry enabled)
10:22:02.570 [main] DEBUG d.m.q.transfer.SimpleTransferEngine - SimpleTransferEngine initialization complete - startTime=2026-09-27T09:22:02.570987500Z
10:22:02.571 [main] DEBUG d.m.q.transfer.SimpleTransferEngine - submitTransfer: request=retry-backoff-test, protocol=ftp, direction=UPLOAD (Local -> Remote)
10:22:02.571 [main] DEBUG d.m.quorus.protocol.ProtocolFactory - isProtocolSupported: protocol=ftp, supported=true
10:22:02.571 [main] DEBUG d.m.quorus.protocol.ProtocolFactory - Protocol found: name=ftp, implementation=FtpTransferProtocol
10:22:02.571 [main] DEBUG d.m.q.protocol.FtpTransferProtocol - canHandle: FTP/FTPS upload check, destScheme=ftp, canHandle=true
10:22:02.571 [main] DEBUG d.m.q.transfer.SimpleTransferEngine - validateTransferRequest: request retry-backoff-test validated successfully (direction=UPLOAD (Local -> Remote), protocol=ftp)
10:22:02.571 [main] DEBUG d.m.q.transfer.SimpleTransferEngine - submitTransfer: creating job and context
10:22:02.571 [main] DEBUG d.m.q.transfer.SimpleTransferEngine - submitTransfer: job registered, activeJobs=1
10:22:02.575 [main] DEBUG d.m.q.transfer.SimpleTransferEngine - submitTransfer: executing transfer via reactive pipeline
10:22:02.577 [vert.x-eventloop-thread-0] INFO  d.m.q.transfer.SimpleTransferEngine - Starting UPLOAD (Local -> Remote) transfer: retry-backoff-test
10:22:02.577 [vert.x-eventloop-thread-0] DEBUG d.m.q.transfer.SimpleTransferEngine - executeTransfer: starting for jobId=retry-backoff-test, protocol=ftp, direction=UPLOAD (Local -> Remote), sourceUri=file:///C:/Users/mraysmit/AppData/Local/Temp/retry-failure15248595707161234225.txt, destinationUri=ftp://127.0.0.1:1/unreachable.txt
10:22:02.578 [main] INFO  d.m.q.transfer.SimpleTransferEngine - Transfer submitted: retry-backoff-test
10:22:02.578 [main] DEBUG d.m.q.transfer.SimpleTransferEngine - submitTransfer: complete, future registered
10:22:02.586 [vert.x-eventloop-thread-0] DEBUG d.m.q.transfer.SimpleTransferEngine - executeTransfer: attempt 1 of 4 for jobId=retry-backoff-test
10:22:02.586 [vert.x-eventloop-thread-0] DEBUG d.m.quorus.protocol.ProtocolFactory - Protocol found: name=ftp, implementation=FtpTransferProtocol
10:22:02.586 [vert.x-eventloop-thread-0] DEBUG d.m.q.protocol.FtpTransferProtocol - canHandle: FTP/FTPS upload check, destScheme=ftp, canHandle=true
10:22:02.587 [vert.x-worker-thread-0] INFO  d.m.q.protocol.FtpTransferProtocol - Starting FTP transfer: jobId=retry-backoff-test, isUpload=true
10:22:02.587 [vert.x-worker-thread-0] DEBUG d.m.q.protocol.FtpTransferProtocol - Transfer details: sourceUri=file:///C:/Users/mraysmit/AppData/Local/Temp/retry-failure15248595707161234225.txt, destinationUri=ftp://127.0.0.1:1/unreachable.txt
10:22:02.587 [vert.x-worker-thread-0] DEBUG d.m.q.protocol.FtpTransferProtocol - Routing to FTP upload handler
10:22:02.587 [vert.x-worker-thread-0] INFO  d.m.q.protocol.FtpTransferProtocol - Starting FTP upload: C:\Users\mraysmit\AppData\Local\Temp\retry-failure15248595707161234225.txt -> ftp://127.0.0.1:1/unreachable.txt
10:22:02.587 [vert.x-worker-thread-0] DEBUG d.m.q.protocol.FtpTransferProtocol - Parsed URI: scheme=ftp, host=127.0.0.1, port=1, ftpsMode=NONE
10:22:02.587 [vert.x-worker-thread-0] DEBUG d.m.q.protocol.FtpTransferProtocol - Connection info parsed: host=127.0.0.1, port=1, path=/unreachable.txt
10:22:02.587 [vert.x-worker-thread-0] DEBUG d.m.q.protocol.FtpTransferProtocol - Source file size: 8 bytes
10:22:02.587 [vert.x-worker-thread-0] DEBUG d.m.q.protocol.FtpTransferProtocol - Establishing FTP connection to 127.0.0.1:1
10:22:02.587 [vert.x-worker-thread-0] DEBUG d.m.q.protocol.FtpTransferProtocol - Connecting to FTP server: 127.0.0.1:1
10:22:02.598 [vert.x-worker-thread-0] DEBUG d.m.q.protocol.FtpTransferProtocol - Disconnecting FTP client
10:22:02.598 [vert.x-worker-thread-0] DEBUG d.m.q.protocol.FtpTransferProtocol - Disconnecting from FTP server
10:22:02.598 [vert.x-worker-thread-0] DEBUG d.m.q.protocol.FtpTransferProtocol - FTP disconnection complete
10:22:02.598 [vert.x-worker-thread-0] ERROR d.m.q.protocol.FtpTransferProtocol - [QUORUS-1002] FTP upload failed: requestId=retry-backoff-test, error=Connection refused
10:22:02.598 [vert.x-worker-thread-0] DEBUG d.m.q.protocol.FtpTransferProtocol - FTP upload exception details for request: retry-backoff-test
java.net.ConnectException: Connection refused
	at java.base/sun.nio.ch.Net.pollConnect(Native Method)
10:22:02.599 [vert.x-eventloop-thread-0] WARN  d.m.q.transfer.SimpleTransferEngine - Transfer attempt 1 failed for job retry-backoff-test: Transfer retry-backoff-test failed: FTP upload failed
10:22:02.599 [vert.x-eventloop-thread-0] DEBUG d.m.q.transfer.SimpleTransferEngine - Stack trace for failed attempt 1 on job retry-backoff-test
dev.mars.quorus.core.exceptions.TransferException: Transfer retry-backoff-test failed: FTP upload failed
	at dev.mars.quorus.protocol.FtpTransferProtocol.performFtpUpload(FtpTransferProtocol.java:367)
Caused by: java.net.ConnectException: Connection refused
	at java.base/sun.nio.ch.Net.pollConnect(Native Method)
10:22:02.599 [vert.x-eventloop-thread-0] DEBUG d.m.q.transfer.SimpleTransferEngine - executeTransfer: scheduling retry after 100ms
10:22:02.701 [vert.x-eventloop-thread-0] DEBUG d.m.q.transfer.SimpleTransferEngine - executeTransfer: attempt 2 of 4 for jobId=retry-backoff-test
10:22:02.701 [vert.x-eventloop-thread-0] DEBUG d.m.quorus.protocol.ProtocolFactory - Protocol found: name=ftp, implementation=FtpTransferProtocol
10:22:02.701 [vert.x-eventloop-thread-0] DEBUG d.m.q.protocol.FtpTransferProtocol - canHandle: FTP/FTPS upload check, destScheme=ftp, canHandle=true
10:22:02.702 [vert.x-worker-thread-1] INFO  d.m.q.protocol.FtpTransferProtocol - Starting FTP transfer: jobId=retry-backoff-test, isUpload=true
10:22:02.702 [vert.x-worker-thread-1] DEBUG d.m.q.protocol.FtpTransferProtocol - Transfer details: sourceUri=file:///C:/Users/mraysmit/AppData/Local/Temp/retry-failure15248595707161234225.txt, destinationUri=ftp://127.0.0.1:1/unreachable.txt
10:22:02.702 [vert.x-worker-thread-1] DEBUG d.m.q.protocol.FtpTransferProtocol - Routing to FTP upload handler
10:22:02.702 [vert.x-worker-thread-1] INFO  d.m.q.protocol.FtpTransferProtocol - Starting FTP upload: C:\Users\mraysmit\AppData\Local\Temp\retry-failure15248595707161234225.txt -> ftp://127.0.0.1:1/unreachable.txt
10:22:02.702 [vert.x-worker-thread-1] DEBUG d.m.q.protocol.FtpTransferProtocol - Parsed URI: scheme=ftp, host=127.0.0.1, port=1, ftpsMode=NONE
10:22:02.702 [vert.x-worker-thread-1] DEBUG d.m.q.protocol.FtpTransferProtocol - Connection info parsed: host=127.0.0.1, port=1, path=/unreachable.txt
10:22:02.702 [vert.x-worker-thread-1] DEBUG d.m.q.protocol.FtpTransferProtocol - Source file size: 8 bytes
10:22:02.702 [vert.x-worker-thread-1] DEBUG d.m.q.protocol.FtpTransferProtocol - Establishing FTP connection to 127.0.0.1:1
10:22:02.702 [vert.x-worker-thread-1] DEBUG d.m.q.protocol.FtpTransferProtocol - Connecting to FTP server: 127.0.0.1:1
10:22:02.714 [vert.x-worker-thread-1] DEBUG d.m.q.protocol.FtpTransferProtocol - Disconnecting FTP client
10:22:02.714 [vert.x-worker-thread-1] DEBUG d.m.q.protocol.FtpTransferProtocol - Disconnecting from FTP server
10:22:02.714 [vert.x-worker-thread-1] DEBUG d.m.q.protocol.FtpTransferProtocol - FTP disconnection complete
10:22:02.714 [vert.x-worker-thread-1] ERROR d.m.q.protocol.FtpTransferProtocol - [QUORUS-1002] FTP upload failed: requestId=retry-backoff-test, error=Connection refused
10:22:02.714 [vert.x-worker-thread-1] DEBUG d.m.q.protocol.FtpTransferProtocol - FTP upload exception details for request: retry-backoff-test
java.net.ConnectException: Connection refused
	at java.base/sun.nio.ch.Net.pollConnect(Native Method)
10:22:02.714 [vert.x-eventloop-thread-0] WARN  d.m.q.transfer.SimpleTransferEngine - Transfer attempt 2 failed for job retry-backoff-test: Transfer retry-backoff-test failed: FTP upload failed
10:22:02.714 [vert.x-eventloop-thread-0] DEBUG d.m.q.transfer.SimpleTransferEngine - Stack trace for failed attempt 2 on job retry-backoff-test
dev.mars.quorus.core.exceptions.TransferException: Transfer retry-backoff-test failed: FTP upload failed
	at dev.mars.quorus.protocol.FtpTransferProtocol.performFtpUpload(FtpTransferProtocol.java:367)
Caused by: java.net.ConnectException: Connection refused
	at java.base/sun.nio.ch.Net.pollConnect(Native Method)
10:22:02.714 [vert.x-eventloop-thread-0] DEBUG d.m.q.transfer.SimpleTransferEngine - executeTransfer: scheduling retry after 200ms
10:22:02.916 [vert.x-eventloop-thread-0] DEBUG d.m.q.transfer.SimpleTransferEngine - executeTransfer: attempt 3 of 4 for jobId=retry-backoff-test
10:22:02.916 [vert.x-eventloop-thread-0] DEBUG d.m.quorus.protocol.ProtocolFactory - Protocol found: name=ftp, implementation=FtpTransferProtocol
10:22:02.916 [vert.x-eventloop-thread-0] DEBUG d.m.q.protocol.FtpTransferProtocol - canHandle: FTP/FTPS upload check, destScheme=ftp, canHandle=true
10:22:02.917 [vert.x-worker-thread-2] INFO  d.m.q.protocol.FtpTransferProtocol - Starting FTP transfer: jobId=retry-backoff-test, isUpload=true
10:22:02.917 [vert.x-worker-thread-2] DEBUG d.m.q.protocol.FtpTransferProtocol - Transfer details: sourceUri=file:///C:/Users/mraysmit/AppData/Local/Temp/retry-failure15248595707161234225.txt, destinationUri=ftp://127.0.0.1:1/unreachable.txt
10:22:02.917 [vert.x-worker-thread-2] DEBUG d.m.q.protocol.FtpTransferProtocol - Routing to FTP upload handler
10:22:02.917 [vert.x-worker-thread-2] INFO  d.m.q.protocol.FtpTransferProtocol - Starting FTP upload: C:\Users\mraysmit\AppData\Local\Temp\retry-failure15248595707161234225.txt -> ftp://127.0.0.1:1/unreachable.txt
10:22:02.917 [vert.x-worker-thread-2] DEBUG d.m.q.protocol.FtpTransferProtocol - Parsed URI: scheme=ftp, host=127.0.0.1, port=1, ftpsMode=NONE
10:22:02.917 [vert.x-worker-thread-2] DEBUG d.m.q.protocol.FtpTransferProtocol - Connection info parsed: host=127.0.0.1, port=1, path=/unreachable.txt
10:22:02.917 [vert.x-worker-thread-2] DEBUG d.m.q.protocol.FtpTransferProtocol - Source file size: 8 bytes
10:22:02.917 [vert.x-worker-thread-2] DEBUG d.m.q.protocol.FtpTransferProtocol - Establishing FTP connection to 127.0.0.1:1
10:22:02.918 [vert.x-worker-thread-2] DEBUG d.m.q.protocol.FtpTransferProtocol - Connecting to FTP server: 127.0.0.1:1
10:22:02.930 [vert.x-worker-thread-2] DEBUG d.m.q.protocol.FtpTransferProtocol - Disconnecting FTP client
10:22:02.930 [vert.x-worker-thread-2] DEBUG d.m.q.protocol.FtpTransferProtocol - Disconnecting from FTP server
10:22:02.930 [vert.x-worker-thread-2] DEBUG d.m.q.protocol.FtpTransferProtocol - FTP disconnection complete
10:22:02.930 [vert.x-worker-thread-2] ERROR d.m.q.protocol.FtpTransferProtocol - [QUORUS-1002] FTP upload failed: requestId=retry-backoff-test, error=Connection refused
10:22:02.930 [vert.x-worker-thread-2] DEBUG d.m.q.protocol.FtpTransferProtocol - FTP upload exception details for request: retry-backoff-test
java.net.ConnectException: Connection refused
	at java.base/sun.nio.ch.Net.pollConnect(Native Method)
10:22:02.930 [vert.x-eventloop-thread-0] WARN  d.m.q.transfer.SimpleTransferEngine - Transfer attempt 3 failed for job retry-backoff-test: Transfer retry-backoff-test failed: FTP upload failed
10:22:02.930 [vert.x-eventloop-thread-0] DEBUG d.m.q.transfer.SimpleTransferEngine - Stack trace for failed attempt 3 on job retry-backoff-test
dev.mars.quorus.core.exceptions.TransferException: Transfer retry-backoff-test failed: FTP upload failed
	at dev.mars.quorus.protocol.FtpTransferProtocol.performFtpUpload(FtpTransferProtocol.java:367)
Caused by: java.net.ConnectException: Connection refused
	at java.base/sun.nio.ch.Net.pollConnect(Native Method)
10:22:02.930 [vert.x-eventloop-thread-0] DEBUG d.m.q.transfer.SimpleTransferEngine - executeTransfer: scheduling retry after 300ms
10:22:03.231 [vert.x-eventloop-thread-0] DEBUG d.m.q.transfer.SimpleTransferEngine - executeTransfer: attempt 4 of 4 for jobId=retry-backoff-test
10:22:03.231 [vert.x-eventloop-thread-0] DEBUG d.m.quorus.protocol.ProtocolFactory - Protocol found: name=ftp, implementation=FtpTransferProtocol
10:22:03.231 [vert.x-eventloop-thread-0] DEBUG d.m.q.protocol.FtpTransferProtocol - canHandle: FTP/FTPS upload check, destScheme=ftp, canHandle=true
10:22:03.231 [vert.x-worker-thread-3] INFO  d.m.q.protocol.FtpTransferProtocol - Starting FTP transfer: jobId=retry-backoff-test, isUpload=true
10:22:03.232 [vert.x-worker-thread-3] DEBUG d.m.q.protocol.FtpTransferProtocol - Transfer details: sourceUri=file:///C:/Users/mraysmit/AppData/Local/Temp/retry-failure15248595707161234225.txt, destinationUri=ftp://127.0.0.1:1/unreachable.txt
10:22:03.232 [vert.x-worker-thread-3] DEBUG d.m.q.protocol.FtpTransferProtocol - Routing to FTP upload handler
10:22:03.232 [vert.x-worker-thread-3] INFO  d.m.q.protocol.FtpTransferProtocol - Starting FTP upload: C:\Users\mraysmit\AppData\Local\Temp\retry-failure15248595707161234225.txt -> ftp://127.0.0.1:1/unreachable.txt
10:22:03.232 [vert.x-worker-thread-3] DEBUG d.m.q.protocol.FtpTransferProtocol - Parsed URI: scheme=ftp, host=127.0.0.1, port=1, ftpsMode=NONE
10:22:03.232 [vert.x-worker-thread-3] DEBUG d.m.q.protocol.FtpTransferProtocol - Connection info parsed: host=127.0.0.1, port=1, path=/unreachable.txt
10:22:03.232 [vert.x-worker-thread-3] DEBUG d.m.q.protocol.FtpTransferProtocol - Source file size: 8 bytes
10:22:03.232 [vert.x-worker-thread-3] DEBUG d.m.q.protocol.FtpTransferProtocol - Establishing FTP connection to 127.0.0.1:1
10:22:03.232 [vert.x-worker-thread-3] DEBUG d.m.q.protocol.FtpTransferProtocol - Connecting to FTP server: 127.0.0.1:1
10:22:03.233 [vert.x-worker-thread-3] DEBUG d.m.q.protocol.FtpTransferProtocol - Disconnecting FTP client
10:22:03.233 [vert.x-worker-thread-3] DEBUG d.m.q.protocol.FtpTransferProtocol - Disconnecting from FTP server
10:22:03.233 [vert.x-worker-thread-3] DEBUG d.m.q.protocol.FtpTransferProtocol - FTP disconnection complete
10:22:03.233 [vert.x-worker-thread-3] ERROR d.m.q.protocol.FtpTransferProtocol - [QUORUS-1002] FTP upload failed: requestId=retry-backoff-test, error=Connection refused
10:22:03.233 [vert.x-worker-thread-3] DEBUG d.m.q.protocol.FtpTransferProtocol - FTP upload exception details for request: retry-backoff-test
java.net.ConnectException: Connection refused
	at java.base/sun.nio.ch.Net.pollConnect(Native Method)
10:22:03.234 [vert.x-eventloop-thread-0] WARN  d.m.q.transfer.SimpleTransferEngine - Transfer attempt 4 failed for job retry-backoff-test: Transfer retry-backoff-test failed: FTP upload failed
10:22:03.234 [vert.x-eventloop-thread-0] DEBUG d.m.q.transfer.SimpleTransferEngine - Stack trace for failed attempt 4 on job retry-backoff-test
dev.mars.quorus.core.exceptions.TransferException: Transfer retry-backoff-test failed: FTP upload failed
	at dev.mars.quorus.protocol.FtpTransferProtocol.performFtpUpload(FtpTransferProtocol.java:367)
Caused by: java.net.ConnectException: Connection refused
	at java.base/sun.nio.ch.Net.pollConnect(Native Method)
10:22:03.234 [vert.x-eventloop-thread-0] DEBUG d.m.q.transfer.SimpleTransferEngine - executeTransfer: all attempts exhausted for jobId=retry-backoff-test, direction=UPLOAD (Local -> Remote)
10:22:03.235 [vert.x-eventloop-thread-0] ERROR d.m.q.transfer.SimpleTransferEngine - UPLOAD (Local -> Remote) transfer failed permanently: retry-backoff-test - Transfer retry-backoff-test failed: FTP upload failed
10:22:03.235 [vert.x-eventloop-thread-0] DEBUG d.m.q.transfer.SimpleTransferEngine - submitTransfer: cleaning up job retry-backoff-test from active collections
10:22:03.236 [main] DEBUG d.m.q.transfer.SimpleTransferEngine - shutdown: initiating with timeout=5s
10:22:03.236 [main] INFO  d.m.q.transfer.SimpleTransferEngine - Shutting down transfer engine...
10:22:03.236 [main] DEBUG d.m.q.transfer.SimpleTransferEngine - shutdown: cancelling 0 active transfers
10:22:03.236 [main] DEBUG d.m.q.transfer.SimpleTransferEngine - awaitActiveTransfers: no active transfers
10:22:03.236 [main] INFO  d.m.q.transfer.SimpleTransferEngine - Transfer engine shutdown completed
10:22:03.272 [main] DEBUG d.m.q.transfer.SimpleTransferEngine - Initializing SimpleTransferEngine: maxConcurrent=5, maxRetries=3, retryDelay=100ms
10:22:03.272 [main] DEBUG d.m.quorus.protocol.ProtocolFactory - Initializing ProtocolFactory
10:22:03.272 [main] DEBUG d.m.quorus.protocol.ProtocolFactory - Registering default transfer protocols
10:22:03.272 [main] DEBUG d.m.quorus.protocol.ProtocolFactory - Creating HttpTransferProtocol instance
10:22:03.272 [main] INFO  d.m.q.protocol.HttpTransferProtocol - HttpTransferProtocol initialized: connectTimeout=30 SECONDS, socketTimeout=60 SECONDS, maxFileSize=10737418240 bytes
10:22:03.272 [main] INFO  d.m.quorus.protocol.ProtocolFactory - Registered protocol: http
10:22:03.272 [main] DEBUG d.m.quorus.protocol.ProtocolFactory - Protocol details: name=http, class=HttpTransferProtocol, supportsResume=false, supportsPause=true
10:22:03.273 [main] INFO  d.m.quorus.protocol.ProtocolFactory - Registered protocol alias: https -> http
10:22:03.273 [main] DEBUG d.m.quorus.protocol.ProtocolFactory - Creating SmbTransferProtocol instance
10:22:03.273 [main] INFO  d.m.quorus.protocol.ProtocolFactory - Registered protocol: smb
10:22:03.273 [main] DEBUG d.m.quorus.protocol.ProtocolFactory - Protocol details: name=smb, class=SmbTransferProtocol, supportsResume=false, supportsPause=false
10:22:03.273 [main] INFO  d.m.quorus.protocol.ProtocolFactory - Registered protocol alias: cifs -> smb
10:22:03.273 [main] DEBUG d.m.quorus.protocol.ProtocolFactory - Creating FtpTransferProtocol instance
10:22:03.273 [main] INFO  d.m.quorus.protocol.ProtocolFactory - Registered protocol: ftp
10:22:03.273 [main] DEBUG d.m.quorus.protocol.ProtocolFactory - Protocol details: name=ftp, class=FtpTransferProtocol, supportsResume=false, supportsPause=false
10:22:03.273 [main] INFO  d.m.quorus.protocol.ProtocolFactory - Registered protocol alias: ftps -> ftp
10:22:03.273 [main] DEBUG d.m.quorus.protocol.ProtocolFactory - Creating SftpTransferProtocol instance
10:22:03.273 [main] INFO  d.m.quorus.protocol.ProtocolFactory - Registered protocol: sftp
10:22:03.273 [main] DEBUG d.m.quorus.protocol.ProtocolFactory - Protocol details: name=sftp, class=SftpTransferProtocol, supportsResume=false, supportsPause=false
10:22:03.273 [main] DEBUG d.m.quorus.protocol.ProtocolFactory - Creating NfsTransferProtocol instance
10:22:03.273 [main] DEBUG d.m.q.protocol.NfsTransferProtocol - NfsTransferProtocol initialized with mountRoot=C:\nfs
10:22:03.273 [main] INFO  d.m.quorus.protocol.ProtocolFactory - Registered protocol: nfs
10:22:03.273 [main] DEBUG d.m.quorus.protocol.ProtocolFactory - Protocol details: name=nfs, class=NfsTransferProtocol, supportsResume=false, supportsPause=false
10:22:03.273 [main] INFO  d.m.quorus.protocol.ProtocolFactory - Registered default transfer protocols: count=8, schemes=ftps, ftp, http, smb, sftp, nfs, https, cifs
10:22:03.273 [main] INFO  d.m.q.transfer.SimpleTransferEngine - SimpleTransferEngine initialized with 5 max concurrent transfers (reactive mode, OpenTelemetry enabled)
10:22:03.273 [main] DEBUG d.m.q.transfer.SimpleTransferEngine - SimpleTransferEngine initialization complete - startTime=2026-09-27T09:22:03.273302500Z
10:22:03.275 [main] DEBUG d.m.q.transfer.SimpleTransferEngine - shutdown: initiating with timeout=5s
10:22:03.275 [main] INFO  d.m.q.transfer.SimpleTransferEngine - Shutting down transfer engine...
10:22:03.275 [main] DEBUG d.m.q.transfer.SimpleTransferEngine - shutdown: cancelling 0 active transfers
10:22:03.276 [main] DEBUG d.m.q.transfer.SimpleTransferEngine - awaitActiveTransfers: no active transfers
10:22:03.276 [main] INFO  d.m.q.transfer.SimpleTransferEngine - Transfer engine shutdown completed
10:22:03.309 [main] DEBUG d.m.q.transfer.SimpleTransferEngine - Initializing SimpleTransferEngine: maxConcurrent=5, maxRetries=3, retryDelay=100ms
10:22:03.309 [main] DEBUG d.m.quorus.protocol.ProtocolFactory - Initializing ProtocolFactory
10:22:03.309 [main] DEBUG d.m.quorus.protocol.ProtocolFactory - Registering default transfer protocols
10:22:03.309 [main] DEBUG d.m.quorus.protocol.ProtocolFactory - Creating HttpTransferProtocol instance
10:22:03.309 [main] INFO  d.m.q.protocol.HttpTransferProtocol - HttpTransferProtocol initialized: connectTimeout=30 SECONDS, socketTimeout=60 SECONDS, maxFileSize=10737418240 bytes
10:22:03.309 [main] INFO  d.m.quorus.protocol.ProtocolFactory - Registered protocol: http
10:22:03.309 [main] DEBUG d.m.quorus.protocol.ProtocolFactory - Protocol details: name=http, class=HttpTransferProtocol, supportsResume=false, supportsPause=true
10:22:03.309 [main] INFO  d.m.quorus.protocol.ProtocolFactory - Registered protocol alias: https -> http
10:22:03.309 [main] DEBUG d.m.quorus.protocol.ProtocolFactory - Creating SmbTransferProtocol instance
10:22:03.309 [main] INFO  d.m.quorus.protocol.ProtocolFactory - Registered protocol: smb
10:22:03.309 [main] DEBUG d.m.quorus.protocol.ProtocolFactory - Protocol details: name=smb, class=SmbTransferProtocol, supportsResume=false, supportsPause=false
10:22:03.309 [main] INFO  d.m.quorus.protocol.ProtocolFactory - Registered protocol alias: cifs -> smb
10:22:03.309 [main] DEBUG d.m.quorus.protocol.ProtocolFactory - Creating FtpTransferProtocol instance
10:22:03.309 [main] INFO  d.m.quorus.protocol.ProtocolFactory - Registered protocol: ftp
10:22:03.309 [main] DEBUG d.m.quorus.protocol.ProtocolFactory - Protocol details: name=ftp, class=FtpTransferProtocol, supportsResume=false, supportsPause=false
10:22:03.309 [main] INFO  d.m.quorus.protocol.ProtocolFactory - Registered protocol alias: ftps -> ftp
10:22:03.309 [main] DEBUG d.m.quorus.protocol.ProtocolFactory - Creating SftpTransferProtocol instance
10:22:03.309 [main] INFO  d.m.quorus.protocol.ProtocolFactory - Registered protocol: sftp
10:22:03.309 [main] DEBUG d.m.quorus.protocol.ProtocolFactory - Protocol details: name=sftp, class=SftpTransferProtocol, supportsResume=false, supportsPause=false
10:22:03.309 [main] DEBUG d.m.quorus.protocol.ProtocolFactory - Creating NfsTransferProtocol instance
10:22:03.309 [main] DEBUG d.m.q.protocol.NfsTransferProtocol - NfsTransferProtocol initialized with mountRoot=C:\nfs
10:22:03.309 [main] INFO  d.m.quorus.protocol.ProtocolFactory - Registered protocol: nfs
10:22:03.309 [main] DEBUG d.m.quorus.protocol.ProtocolFactory - Protocol details: name=nfs, class=NfsTransferProtocol, supportsResume=false, supportsPause=false
10:22:03.309 [main] INFO  d.m.quorus.protocol.ProtocolFactory - Registered default transfer protocols: count=8, schemes=ftps, ftp, http, smb, sftp, nfs, https, cifs
10:22:03.309 [main] INFO  d.m.q.transfer.SimpleTransferEngine - SimpleTransferEngine initialized with 5 max concurrent transfers (reactive mode, OpenTelemetry enabled)
10:22:03.311 [main] DEBUG d.m.q.transfer.SimpleTransferEngine - SimpleTransferEngine initialization complete - startTime=2026-09-27T09:22:03.309451200Z
10:22:03.311 [main] DEBUG d.m.q.transfer.SimpleTransferEngine - shutdown: initiating with timeout=5s
10:22:03.311 [main] INFO  d.m.q.transfer.SimpleTransferEngine - Shutting down transfer engine...
10:22:03.311 [main] DEBUG d.m.q.transfer.SimpleTransferEngine - shutdown: cancelling 0 active transfers
10:22:03.311 [main] DEBUG d.m.q.transfer.SimpleTransferEngine - awaitActiveTransfers: no active transfers
10:22:03.311 [main] INFO  d.m.q.transfer.SimpleTransferEngine - Transfer engine shutdown completed
10:22:03.311 [main] DEBUG d.m.q.transfer.SimpleTransferEngine - submitTransfer: request=test-job-1, protocol=http, direction=DOWNLOAD (Remote -> Local)
10:22:03.312 [main] DEBUG d.m.q.transfer.SimpleTransferEngine - submitTransfer: rejected - engine is shutdown
10:22:03.312 [main] DEBUG d.m.q.transfer.SimpleTransferEngine - shutdown: initiating with timeout=5s
10:22:03.312 [main] DEBUG d.m.q.transfer.SimpleTransferEngine - shutdown: already shutdown
10:22:03.355 [main] DEBUG d.m.q.transfer.SimpleTransferEngine - Initializing SimpleTransferEngine: maxConcurrent=5, maxRetries=3, retryDelay=100ms
10:22:03.355 [main] DEBUG d.m.quorus.protocol.ProtocolFactory - Initializing ProtocolFactory
10:22:03.357 [main] DEBUG d.m.quorus.protocol.ProtocolFactory - Registering default transfer protocols
10:22:03.357 [main] DEBUG d.m.quorus.protocol.ProtocolFactory - Creating HttpTransferProtocol instance
10:22:03.357 [main] INFO  d.m.q.protocol.HttpTransferProtocol - HttpTransferProtocol initialized: connectTimeout=30 SECONDS, socketTimeout=60 SECONDS, maxFileSize=10737418240 bytes
10:22:03.357 [main] INFO  d.m.quorus.protocol.ProtocolFactory - Registered protocol: http
10:22:03.357 [main] DEBUG d.m.quorus.protocol.ProtocolFactory - Protocol details: name=http, class=HttpTransferProtocol, supportsResume=false, supportsPause=true
10:22:03.357 [main] INFO  d.m.quorus.protocol.ProtocolFactory - Registered protocol alias: https -> http
10:22:03.357 [main] DEBUG d.m.quorus.protocol.ProtocolFactory - Creating SmbTransferProtocol instance
10:22:03.357 [main] INFO  d.m.quorus.protocol.ProtocolFactory - Registered protocol: smb
10:22:03.357 [main] DEBUG d.m.quorus.protocol.ProtocolFactory - Protocol details: name=smb, class=SmbTransferProtocol, supportsResume=false, supportsPause=false
10:22:03.357 [main] INFO  d.m.quorus.protocol.ProtocolFactory - Registered protocol alias: cifs -> smb
10:22:03.357 [main] DEBUG d.m.quorus.protocol.ProtocolFactory - Creating FtpTransferProtocol instance
10:22:03.357 [main] INFO  d.m.quorus.protocol.ProtocolFactory - Registered protocol: ftp
10:22:03.357 [main] DEBUG d.m.quorus.protocol.ProtocolFactory - Protocol details: name=ftp, class=FtpTransferProtocol, supportsResume=false, supportsPause=false
10:22:03.357 [main] INFO  d.m.quorus.protocol.ProtocolFactory - Registered protocol alias: ftps -> ftp
10:22:03.357 [main] DEBUG d.m.quorus.protocol.ProtocolFactory - Creating SftpTransferProtocol instance
10:22:03.357 [main] INFO  d.m.quorus.protocol.ProtocolFactory - Registered protocol: sftp
10:22:03.357 [main] DEBUG d.m.quorus.protocol.ProtocolFactory - Protocol details: name=sftp, class=SftpTransferProtocol, supportsResume=false, supportsPause=false
10:22:03.357 [main] DEBUG d.m.quorus.protocol.ProtocolFactory - Creating NfsTransferProtocol instance
10:22:03.357 [main] DEBUG d.m.q.protocol.NfsTransferProtocol - NfsTransferProtocol initialized with mountRoot=C:\nfs
10:22:03.357 [main] INFO  d.m.quorus.protocol.ProtocolFactory - Registered protocol: nfs
10:22:03.357 [main] DEBUG d.m.quorus.protocol.ProtocolFactory - Protocol details: name=nfs, class=NfsTransferProtocol, supportsResume=false, supportsPause=false
10:22:03.357 [main] INFO  d.m.quorus.protocol.ProtocolFactory - Registered default transfer protocols: count=8, schemes=ftps, ftp, http, smb, sftp, nfs, https, cifs
10:22:03.357 [main] INFO  d.m.q.transfer.SimpleTransferEngine - SimpleTransferEngine initialized with 5 max concurrent transfers (reactive mode, OpenTelemetry enabled)
10:22:03.357 [main] DEBUG d.m.q.transfer.SimpleTransferEngine - SimpleTransferEngine initialization complete - startTime=2026-09-27T09:22:03.357005100Z
10:22:03.357 [main] DEBUG d.m.q.transfer.SimpleTransferEngine - shutdown: initiating with timeout=5s
10:22:03.357 [main] INFO  d.m.q.transfer.SimpleTransferEngine - Shutting down transfer engine...
10:22:03.357 [main] DEBUG d.m.q.transfer.SimpleTransferEngine - shutdown: cancelling 0 active transfers
10:22:03.357 [main] DEBUG d.m.q.transfer.SimpleTransferEngine - awaitActiveTransfers: no active transfers
10:22:03.357 [main] INFO  d.m.q.transfer.SimpleTransferEngine - Transfer engine shutdown completed
10:22:03.401 [main] DEBUG d.m.q.transfer.SimpleTransferEngine - Initializing SimpleTransferEngine: maxConcurrent=5, maxRetries=3, retryDelay=100ms
10:22:03.401 [main] DEBUG d.m.quorus.protocol.ProtocolFactory - Initializing ProtocolFactory
10:22:03.401 [main] DEBUG d.m.quorus.protocol.ProtocolFactory - Registering default transfer protocols
10:22:03.401 [main] DEBUG d.m.quorus.protocol.ProtocolFactory - Creating HttpTransferProtocol instance
10:22:03.401 [main] INFO  d.m.q.protocol.HttpTransferProtocol - HttpTransferProtocol initialized: connectTimeout=30 SECONDS, socketTimeout=60 SECONDS, maxFileSize=10737418240 bytes
10:22:03.401 [main] INFO  d.m.quorus.protocol.ProtocolFactory - Registered protocol: http
10:22:03.401 [main] DEBUG d.m.quorus.protocol.ProtocolFactory - Protocol details: name=http, class=HttpTransferProtocol, supportsResume=false, supportsPause=true
10:22:03.401 [main] INFO  d.m.quorus.protocol.ProtocolFactory - Registered protocol alias: https -> http
10:22:03.401 [main] DEBUG d.m.quorus.protocol.ProtocolFactory - Creating SmbTransferProtocol instance
10:22:03.401 [main] INFO  d.m.quorus.protocol.ProtocolFactory - Registered protocol: smb
10:22:03.401 [main] DEBUG d.m.quorus.protocol.ProtocolFactory - Protocol details: name=smb, class=SmbTransferProtocol, supportsResume=false, supportsPause=false
10:22:03.401 [main] INFO  d.m.quorus.protocol.ProtocolFactory - Registered protocol alias: cifs -> smb
10:22:03.401 [main] DEBUG d.m.quorus.protocol.ProtocolFactory - Creating FtpTransferProtocol instance
10:22:03.402 [main] INFO  d.m.quorus.protocol.ProtocolFactory - Registered protocol: ftp
10:22:03.402 [main] DEBUG d.m.quorus.protocol.ProtocolFactory - Protocol details: name=ftp, class=FtpTransferProtocol, supportsResume=false, supportsPause=false
10:22:03.402 [main] INFO  d.m.quorus.protocol.ProtocolFactory - Registered protocol alias: ftps -> ftp
10:22:03.402 [main] DEBUG d.m.quorus.protocol.ProtocolFactory - Creating SftpTransferProtocol instance
10:22:03.402 [main] INFO  d.m.quorus.protocol.ProtocolFactory - Registered protocol: sftp
10:22:03.402 [main] DEBUG d.m.quorus.protocol.ProtocolFactory - Protocol details: name=sftp, class=SftpTransferProtocol, supportsResume=false, supportsPause=false
10:22:03.402 [main] DEBUG d.m.quorus.protocol.ProtocolFactory - Creating NfsTransferProtocol instance
10:22:03.402 [main] DEBUG d.m.q.protocol.NfsTransferProtocol - NfsTransferProtocol initialized with mountRoot=C:\nfs
10:22:03.402 [main] INFO  d.m.quorus.protocol.ProtocolFactory - Registered protocol: nfs
10:22:03.402 [main] DEBUG d.m.quorus.protocol.ProtocolFactory - Protocol details: name=nfs, class=NfsTransferProtocol, supportsResume=false, supportsPause=false
10:22:03.402 [main] INFO  d.m.quorus.protocol.ProtocolFactory - Registered default transfer protocols: count=8, schemes=ftps, ftp, http, smb, sftp, nfs, https, cifs
10:22:03.402 [main] INFO  d.m.q.transfer.SimpleTransferEngine - SimpleTransferEngine initialized with 5 max concurrent transfers (reactive mode, OpenTelemetry enabled)
10:22:03.402 [main] DEBUG d.m.q.transfer.SimpleTransferEngine - SimpleTransferEngine initialization complete - startTime=2026-09-27T09:22:03.402007900Z
10:22:03.402 [main] DEBUG d.m.q.transfer.SimpleTransferEngine - getActiveTransferCount: count=0
10:22:03.402 [main] DEBUG d.m.q.transfer.SimpleTransferEngine - shutdown: initiating with timeout=5s
10:22:03.403 [main] INFO  d.m.q.transfer.SimpleTransferEngine - Shutting down transfer engine...
10:22:03.403 [main] DEBUG d.m.q.transfer.SimpleTransferEngine - shutdown: cancelling 0 active transfers
10:22:03.403 [main] DEBUG d.m.q.transfer.SimpleTransferEngine - awaitActiveTransfers: no active transfers
10:22:03.403 [main] INFO  d.m.q.transfer.SimpleTransferEngine - Transfer engine shutdown completed
[INFO] Tests run: 15, Failures: 0, Errors: 0, Skipped: 0, Time elapsed: 6.309 s -- in dev.mars.quorus.transfer.SimpleTransferEngineTest
[INFO] 
[INFO] Results:
[INFO] 
[INFO] Tests run: 104, Failures: 0, Errors: 0, Skipped: 0
[INFO] 
[INFO] 
[INFO] --- jacoco:0.8.15:report (report) @ quorus-core ---
[INFO] Skipping JaCoCo execution because property jacoco.skip is set.
[INFO] ------------------------------------------------------------------------
[INFO] BUILD SUCCESS
[INFO] ------------------------------------------------------------------------
[INFO] Total time:  16.238 s
[INFO] Finished at: 2026-09-27T10:22:03+01:00
[INFO] ------------------------------------------------------------------------
