WARNING: A terminally deprecated method in sun.misc.Unsafe has been called
WARNING: sun.misc.Unsafe::staticFieldBase has been called by com.google.inject.internal.aop.HiddenClassDefiner (file:/C:/Users/mraysmit/scoop/apps/maven/current/lib/guice-5.1.0-classes.jar)
WARNING: Please consider reporting this to the maintainers of class com.google.inject.internal.aop.HiddenClassDefiner
WARNING: sun.misc.Unsafe::staticFieldBase will be removed in a future release
WARNING: Final field _cipher in class org.sonatype.plexus.components.sec.dispatcher.DefaultSecDispatcher has been mutated reflectively by class org.eclipse.sisu.bean.BeanPropertyField in unnamed module @1e802ef9 (file:/C:/Users/mraysmit/scoop/apps/maven/current/lib/org.eclipse.sisu.inject-0.9.0.M4.jar)
WARNING: Use --enable-final-field-mutation=ALL-UNNAMED to avoid a warning
WARNING: Mutating final fields will be blocked in a future release unless final field mutation is enabled
[INFO] Scanning for projects...
[INFO] 
[INFO] ------------------------< dev.mars:quorus-core >------------------------
[INFO] Building Quorus Core 1.0-SNAPSHOT
[INFO]   from pom.xml
[INFO] --------------------------------[ jar ]---------------------------------
[INFO] 
[INFO] --- jacoco:0.8.15:prepare-agent (prepare-agent) @ quorus-core ---
[INFO] Skipping JaCoCo execution because property jacoco.skip is set.
[INFO] argLine set to empty
[INFO] 
[INFO] --- resources:3.3.1:resources (default-resources) @ quorus-core ---
[INFO] Copying 1 resource from src\main\resources to target\classes
[INFO] 
[INFO] --- compiler:3.13.0:compile (default-compile) @ quorus-core ---
[INFO] Nothing to compile - all classes are up to date.
[INFO] 
[INFO] --- resources:3.3.1:testResources (default-testResources) @ quorus-core ---
[INFO] Copying 16 resources from src\test\resources to target\test-classes
[INFO] 
[INFO] --- compiler:3.13.0:testCompile (default-testCompile) @ quorus-core ---
[INFO] Recompiling the module because of changed source code.
[INFO] Compiling 93 source files with javac [debug release 27] to target\test-classes
[INFO] /C:/Users/mraysmit/dev/idea-projects/quorus/quorus-core/src/test/java/dev/mars/quorus/connection/TlsTrustAnchorPolicyTest.java: Some input files use or override a deprecated API.
[INFO] /C:/Users/mraysmit/dev/idea-projects/quorus/quorus-core/src/test/java/dev/mars/quorus/connection/TlsTrustAnchorPolicyTest.java: Recompile with -Xlint:deprecation for details.
[INFO] 
[INFO] --- surefire:3.2.2:test (default-test) @ quorus-core ---
[INFO] Using auto detected provider org.apache.maven.surefire.junitplatform.JUnitPlatformProvider
[INFO] 
[INFO] -------------------------------------------------------
[INFO]  T E S T S
[INFO] -------------------------------------------------------
[INFO] Running dev.mars.quorus.transfer.SimpleTransferEngineBlockingTest
10:22:21.262 [junit-timeout-thread-1] DEBUG d.m.q.transfer.SimpleTransferEngine - Initializing SimpleTransferEngine: maxConcurrent=1, maxRetries=2, retryDelay=1ms
10:22:21.267 [junit-timeout-thread-1] DEBUG d.m.quorus.protocol.ProtocolFactory - Initializing ProtocolFactory
10:22:21.267 [junit-timeout-thread-1] DEBUG d.m.quorus.protocol.ProtocolFactory - Registering default transfer protocols
10:22:21.267 [junit-timeout-thread-1] DEBUG d.m.quorus.protocol.ProtocolFactory - Creating HttpTransferProtocol instance
10:22:21.279 [junit-timeout-thread-1] INFO  d.m.q.protocol.HttpTransferProtocol - HttpTransferProtocol initialized: connectTimeout=30 SECONDS, socketTimeout=60 SECONDS, maxFileSize=10737418240 bytes
10:22:21.279 [junit-timeout-thread-1] INFO  d.m.quorus.protocol.ProtocolFactory - Registered protocol: http
10:22:21.279 [junit-timeout-thread-1] DEBUG d.m.quorus.protocol.ProtocolFactory - Protocol details: name=http, class=HttpTransferProtocol, supportsResume=false, supportsPause=true
10:22:21.279 [junit-timeout-thread-1] INFO  d.m.quorus.protocol.ProtocolFactory - Registered protocol alias: https -> http
10:22:21.279 [junit-timeout-thread-1] DEBUG d.m.quorus.protocol.ProtocolFactory - Creating SmbTransferProtocol instance
10:22:21.280 [junit-timeout-thread-1] INFO  d.m.quorus.protocol.ProtocolFactory - Registered protocol: smb
10:22:21.280 [junit-timeout-thread-1] DEBUG d.m.quorus.protocol.ProtocolFactory - Protocol details: name=smb, class=SmbTransferProtocol, supportsResume=false, supportsPause=false
10:22:21.280 [junit-timeout-thread-1] INFO  d.m.quorus.protocol.ProtocolFactory - Registered protocol alias: cifs -> smb
10:22:21.280 [junit-timeout-thread-1] DEBUG d.m.quorus.protocol.ProtocolFactory - Creating FtpTransferProtocol instance
10:22:21.281 [junit-timeout-thread-1] INFO  d.m.quorus.protocol.ProtocolFactory - Registered protocol: ftp
10:22:21.281 [junit-timeout-thread-1] DEBUG d.m.quorus.protocol.ProtocolFactory - Protocol details: name=ftp, class=FtpTransferProtocol, supportsResume=false, supportsPause=false
10:22:21.281 [junit-timeout-thread-1] INFO  d.m.quorus.protocol.ProtocolFactory - Registered protocol alias: ftps -> ftp
10:22:21.281 [junit-timeout-thread-1] DEBUG d.m.quorus.protocol.ProtocolFactory - Creating SftpTransferProtocol instance
10:22:21.282 [junit-timeout-thread-1] INFO  d.m.quorus.protocol.ProtocolFactory - Registered protocol: sftp
10:22:21.282 [junit-timeout-thread-1] DEBUG d.m.quorus.protocol.ProtocolFactory - Protocol details: name=sftp, class=SftpTransferProtocol, supportsResume=false, supportsPause=false
10:22:21.282 [junit-timeout-thread-1] DEBUG d.m.quorus.protocol.ProtocolFactory - Creating NfsTransferProtocol instance
10:22:21.283 [junit-timeout-thread-1] DEBUG d.m.q.protocol.NfsTransferProtocol - NfsTransferProtocol initialized with mountRoot=C:\nfs
10:22:21.283 [junit-timeout-thread-1] INFO  d.m.quorus.protocol.ProtocolFactory - Registered protocol: nfs
10:22:21.284 [junit-timeout-thread-1] DEBUG d.m.quorus.protocol.ProtocolFactory - Protocol details: name=nfs, class=NfsTransferProtocol, supportsResume=false, supportsPause=false
10:22:21.284 [junit-timeout-thread-1] INFO  d.m.quorus.protocol.ProtocolFactory - Registered default transfer protocols: count=8, schemes=ftps, ftp, http, smb, sftp, nfs, https, cifs
10:22:21.292 [junit-timeout-thread-1] INFO  d.m.q.t.o.TransferTelemetryMetrics - TransferTelemetryMetrics initialized
10:22:21.293 [junit-timeout-thread-1] INFO  d.m.q.transfer.SimpleTransferEngine - SimpleTransferEngine initialized with 1 max concurrent transfers (reactive mode, OpenTelemetry enabled)
10:22:21.293 [junit-timeout-thread-1] DEBUG d.m.q.transfer.SimpleTransferEngine - SimpleTransferEngine initialization complete - startTime=2026-09-27T09:22:21.284738Z
10:22:21.324 [junit-timeout-thread-2] DEBUG d.m.q.transfer.SimpleTransferEngine - Initializing SimpleTransferEngine: maxConcurrent=2, maxRetries=3, retryDelay=1ms
10:22:21.324 [junit-timeout-thread-2] DEBUG d.m.quorus.protocol.ProtocolFactory - Initializing ProtocolFactory
10:22:21.325 [junit-timeout-thread-2] DEBUG d.m.quorus.protocol.ProtocolFactory - Registering default transfer protocols
10:22:21.325 [junit-timeout-thread-2] DEBUG d.m.quorus.protocol.ProtocolFactory - Creating HttpTransferProtocol instance
10:22:21.325 [junit-timeout-thread-2] INFO  d.m.q.protocol.HttpTransferProtocol - HttpTransferProtocol initialized: connectTimeout=30 SECONDS, socketTimeout=60 SECONDS, maxFileSize=10737418240 bytes
10:22:21.325 [junit-timeout-thread-2] INFO  d.m.quorus.protocol.ProtocolFactory - Registered protocol: http
10:22:21.326 [junit-timeout-thread-2] DEBUG d.m.quorus.protocol.ProtocolFactory - Protocol details: name=http, class=HttpTransferProtocol, supportsResume=false, supportsPause=true
10:22:21.326 [junit-timeout-thread-2] INFO  d.m.quorus.protocol.ProtocolFactory - Registered protocol alias: https -> http
10:22:21.326 [junit-timeout-thread-2] DEBUG d.m.quorus.protocol.ProtocolFactory - Creating SmbTransferProtocol instance
10:22:21.326 [junit-timeout-thread-2] INFO  d.m.quorus.protocol.ProtocolFactory - Registered protocol: smb
10:22:21.326 [junit-timeout-thread-2] DEBUG d.m.quorus.protocol.ProtocolFactory - Protocol details: name=smb, class=SmbTransferProtocol, supportsResume=false, supportsPause=false
10:22:21.326 [junit-timeout-thread-2] INFO  d.m.quorus.protocol.ProtocolFactory - Registered protocol alias: cifs -> smb
10:22:21.326 [junit-timeout-thread-2] DEBUG d.m.quorus.protocol.ProtocolFactory - Creating FtpTransferProtocol instance
10:22:21.327 [junit-timeout-thread-2] INFO  d.m.quorus.protocol.ProtocolFactory - Registered protocol: ftp
10:22:21.327 [junit-timeout-thread-2] DEBUG d.m.quorus.protocol.ProtocolFactory - Protocol details: name=ftp, class=FtpTransferProtocol, supportsResume=false, supportsPause=false
10:22:21.327 [junit-timeout-thread-2] INFO  d.m.quorus.protocol.ProtocolFactory - Registered protocol alias: ftps -> ftp
10:22:21.327 [junit-timeout-thread-2] DEBUG d.m.quorus.protocol.ProtocolFactory - Creating SftpTransferProtocol instance
10:22:21.327 [junit-timeout-thread-2] INFO  d.m.quorus.protocol.ProtocolFactory - Registered protocol: sftp
10:22:21.327 [junit-timeout-thread-2] DEBUG d.m.quorus.protocol.ProtocolFactory - Protocol details: name=sftp, class=SftpTransferProtocol, supportsResume=false, supportsPause=false
10:22:21.327 [junit-timeout-thread-2] DEBUG d.m.quorus.protocol.ProtocolFactory - Creating NfsTransferProtocol instance
10:22:21.327 [junit-timeout-thread-2] DEBUG d.m.q.protocol.NfsTransferProtocol - NfsTransferProtocol initialized with mountRoot=C:\nfs
10:22:21.327 [junit-timeout-thread-2] INFO  d.m.quorus.protocol.ProtocolFactory - Registered protocol: nfs
10:22:21.327 [junit-timeout-thread-2] DEBUG d.m.quorus.protocol.ProtocolFactory - Protocol details: name=nfs, class=NfsTransferProtocol, supportsResume=false, supportsPause=false
10:22:21.328 [junit-timeout-thread-2] INFO  d.m.quorus.protocol.ProtocolFactory - Registered default transfer protocols: count=8, schemes=ftps, ftp, http, smb, sftp, nfs, https, cifs
10:22:21.328 [junit-timeout-thread-2] INFO  d.m.q.transfer.SimpleTransferEngine - SimpleTransferEngine initialized with 2 max concurrent transfers (reactive mode, OpenTelemetry enabled)
10:22:21.328 [junit-timeout-thread-2] DEBUG d.m.q.transfer.SimpleTransferEngine - SimpleTransferEngine initialization complete - startTime=2026-09-27T09:22:21.328811800Z
10:22:51.335 [junit-timeout-thread-3] DEBUG d.m.q.transfer.SimpleTransferEngine - Initializing SimpleTransferEngine: maxConcurrent=1, maxRetries=2, retryDelay=1ms
10:22:51.335 [junit-timeout-thread-3] DEBUG d.m.quorus.protocol.ProtocolFactory - Initializing ProtocolFactory
10:22:51.335 [junit-timeout-thread-3] DEBUG d.m.quorus.protocol.ProtocolFactory - Registering default transfer protocols
10:22:51.335 [junit-timeout-thread-3] DEBUG d.m.quorus.protocol.ProtocolFactory - Creating HttpTransferProtocol instance
10:22:51.335 [junit-timeout-thread-3] INFO  d.m.q.protocol.HttpTransferProtocol - HttpTransferProtocol initialized: connectTimeout=30 SECONDS, socketTimeout=60 SECONDS, maxFileSize=10737418240 bytes
10:22:51.335 [junit-timeout-thread-3] INFO  d.m.quorus.protocol.ProtocolFactory - Registered protocol: http
10:22:51.336 [junit-timeout-thread-3] DEBUG d.m.quorus.protocol.ProtocolFactory - Protocol details: name=http, class=HttpTransferProtocol, supportsResume=false, supportsPause=true
10:22:51.336 [junit-timeout-thread-3] INFO  d.m.quorus.protocol.ProtocolFactory - Registered protocol alias: https -> http
10:22:51.336 [junit-timeout-thread-3] DEBUG d.m.quorus.protocol.ProtocolFactory - Creating SmbTransferProtocol instance
10:22:51.336 [junit-timeout-thread-3] INFO  d.m.quorus.protocol.ProtocolFactory - Registered protocol: smb
10:22:51.336 [junit-timeout-thread-3] DEBUG d.m.quorus.protocol.ProtocolFactory - Protocol details: name=smb, class=SmbTransferProtocol, supportsResume=false, supportsPause=false
10:22:51.336 [junit-timeout-thread-3] INFO  d.m.quorus.protocol.ProtocolFactory - Registered protocol alias: cifs -> smb
10:22:51.336 [junit-timeout-thread-3] DEBUG d.m.quorus.protocol.ProtocolFactory - Creating FtpTransferProtocol instance
10:22:51.336 [junit-timeout-thread-3] INFO  d.m.quorus.protocol.ProtocolFactory - Registered protocol: ftp
10:22:51.336 [junit-timeout-thread-3] DEBUG d.m.quorus.protocol.ProtocolFactory - Protocol details: name=ftp, class=FtpTransferProtocol, supportsResume=false, supportsPause=false
10:22:51.336 [junit-timeout-thread-3] INFO  d.m.quorus.protocol.ProtocolFactory - Registered protocol alias: ftps -> ftp
10:22:51.336 [junit-timeout-thread-3] DEBUG d.m.quorus.protocol.ProtocolFactory - Creating SftpTransferProtocol instance
10:22:51.336 [junit-timeout-thread-3] INFO  d.m.quorus.protocol.ProtocolFactory - Registered protocol: sftp
10:22:51.336 [junit-timeout-thread-3] DEBUG d.m.quorus.protocol.ProtocolFactory - Protocol details: name=sftp, class=SftpTransferProtocol, supportsResume=false, supportsPause=false
10:22:51.336 [junit-timeout-thread-3] DEBUG d.m.quorus.protocol.ProtocolFactory - Creating NfsTransferProtocol instance
10:22:51.337 [junit-timeout-thread-3] DEBUG d.m.q.protocol.NfsTransferProtocol - NfsTransferProtocol initialized with mountRoot=C:\nfs
10:22:51.337 [junit-timeout-thread-3] INFO  d.m.quorus.protocol.ProtocolFactory - Registered protocol: nfs
10:22:51.337 [junit-timeout-thread-3] DEBUG d.m.quorus.protocol.ProtocolFactory - Protocol details: name=nfs, class=NfsTransferProtocol, supportsResume=false, supportsPause=false
10:22:51.337 [junit-timeout-thread-3] INFO  d.m.quorus.protocol.ProtocolFactory - Registered default transfer protocols: count=8, schemes=ftps, ftp, http, smb, sftp, nfs, https, cifs
10:22:51.337 [junit-timeout-thread-3] INFO  d.m.q.transfer.SimpleTransferEngine - SimpleTransferEngine initialized with 1 max concurrent transfers (reactive mode, OpenTelemetry enabled)
10:22:51.337 [junit-timeout-thread-3] DEBUG d.m.q.transfer.SimpleTransferEngine - SimpleTransferEngine initialization complete - startTime=2026-09-27T09:22:51.337967900Z
10:22:51.343 [junit-timeout-thread-4] DEBUG d.m.q.transfer.SimpleTransferEngine - Initializing SimpleTransferEngine: maxConcurrent=1, maxRetries=0, retryDelay=1ms
10:22:51.343 [junit-timeout-thread-4] DEBUG d.m.quorus.protocol.ProtocolFactory - Initializing ProtocolFactory
10:22:51.344 [junit-timeout-thread-4] DEBUG d.m.quorus.protocol.ProtocolFactory - Registering default transfer protocols
10:22:51.344 [junit-timeout-thread-4] DEBUG d.m.quorus.protocol.ProtocolFactory - Creating HttpTransferProtocol instance
10:22:51.344 [junit-timeout-thread-4] INFO  d.m.q.protocol.HttpTransferProtocol - HttpTransferProtocol initialized: connectTimeout=30 SECONDS, socketTimeout=60 SECONDS, maxFileSize=10737418240 bytes
10:22:51.344 [junit-timeout-thread-4] INFO  d.m.quorus.protocol.ProtocolFactory - Registered protocol: http
10:22:51.344 [junit-timeout-thread-4] DEBUG d.m.quorus.protocol.ProtocolFactory - Protocol details: name=http, class=HttpTransferProtocol, supportsResume=false, supportsPause=true
10:22:51.344 [junit-timeout-thread-4] INFO  d.m.quorus.protocol.ProtocolFactory - Registered protocol alias: https -> http
10:22:51.344 [junit-timeout-thread-4] DEBUG d.m.quorus.protocol.ProtocolFactory - Creating SmbTransferProtocol instance
10:22:51.344 [junit-timeout-thread-4] INFO  d.m.quorus.protocol.ProtocolFactory - Registered protocol: smb
10:22:51.344 [junit-timeout-thread-4] DEBUG d.m.quorus.protocol.ProtocolFactory - Protocol details: name=smb, class=SmbTransferProtocol, supportsResume=false, supportsPause=false
10:22:51.344 [junit-timeout-thread-4] INFO  d.m.quorus.protocol.ProtocolFactory - Registered protocol alias: cifs -> smb
10:22:51.344 [junit-timeout-thread-4] DEBUG d.m.quorus.protocol.ProtocolFactory - Creating FtpTransferProtocol instance
10:22:51.344 [junit-timeout-thread-4] INFO  d.m.quorus.protocol.ProtocolFactory - Registered protocol: ftp
10:22:51.344 [junit-timeout-thread-4] DEBUG d.m.quorus.protocol.ProtocolFactory - Protocol details: name=ftp, class=FtpTransferProtocol, supportsResume=false, supportsPause=false
10:22:51.344 [junit-timeout-thread-4] INFO  d.m.quorus.protocol.ProtocolFactory - Registered protocol alias: ftps -> ftp
10:22:51.344 [junit-timeout-thread-4] DEBUG d.m.quorus.protocol.ProtocolFactory - Creating SftpTransferProtocol instance
10:22:51.344 [junit-timeout-thread-4] INFO  d.m.quorus.protocol.ProtocolFactory - Registered protocol: sftp
10:22:51.344 [junit-timeout-thread-4] DEBUG d.m.quorus.protocol.ProtocolFactory - Protocol details: name=sftp, class=SftpTransferProtocol, supportsResume=false, supportsPause=false
10:22:51.345 [junit-timeout-thread-4] DEBUG d.m.quorus.protocol.ProtocolFactory - Creating NfsTransferProtocol instance
10:22:51.345 [junit-timeout-thread-4] DEBUG d.m.q.protocol.NfsTransferProtocol - NfsTransferProtocol initialized with mountRoot=C:\nfs
10:22:51.345 [junit-timeout-thread-4] INFO  d.m.quorus.protocol.ProtocolFactory - Registered protocol: nfs
10:22:51.345 [junit-timeout-thread-4] DEBUG d.m.quorus.protocol.ProtocolFactory - Protocol details: name=nfs, class=NfsTransferProtocol, supportsResume=false, supportsPause=false
10:22:51.345 [junit-timeout-thread-4] INFO  d.m.quorus.protocol.ProtocolFactory - Registered default transfer protocols: count=8, schemes=ftps, ftp, http, smb, sftp, nfs, https, cifs
10:22:51.345 [junit-timeout-thread-4] INFO  d.m.q.transfer.SimpleTransferEngine - SimpleTransferEngine initialized with 1 max concurrent transfers (reactive mode, OpenTelemetry enabled)
10:22:51.345 [junit-timeout-thread-4] DEBUG d.m.q.transfer.SimpleTransferEngine - SimpleTransferEngine initialization complete - startTime=2026-09-27T09:22:51.345967700Z
10:23:21.353 [junit-timeout-thread-5] DEBUG d.m.q.transfer.SimpleTransferEngine - Initializing SimpleTransferEngine: maxConcurrent=2, maxRetries=3, retryDelay=1ms
10:23:21.354 [junit-timeout-thread-5] DEBUG d.m.quorus.protocol.ProtocolFactory - Initializing ProtocolFactory
10:23:21.354 [junit-timeout-thread-5] DEBUG d.m.quorus.protocol.ProtocolFactory - Registering default transfer protocols
10:23:21.354 [junit-timeout-thread-5] DEBUG d.m.quorus.protocol.ProtocolFactory - Creating HttpTransferProtocol instance
10:23:21.354 [junit-timeout-thread-5] INFO  d.m.q.protocol.HttpTransferProtocol - HttpTransferProtocol initialized: connectTimeout=30 SECONDS, socketTimeout=60 SECONDS, maxFileSize=10737418240 bytes
10:23:21.354 [junit-timeout-thread-5] INFO  d.m.quorus.protocol.ProtocolFactory - Registered protocol: http
10:23:21.355 [junit-timeout-thread-5] DEBUG d.m.quorus.protocol.ProtocolFactory - Protocol details: name=http, class=HttpTransferProtocol, supportsResume=false, supportsPause=true
10:23:21.355 [junit-timeout-thread-5] INFO  d.m.quorus.protocol.ProtocolFactory - Registered protocol alias: https -> http
10:23:21.355 [junit-timeout-thread-5] DEBUG d.m.quorus.protocol.ProtocolFactory - Creating SmbTransferProtocol instance
10:23:21.355 [junit-timeout-thread-5] INFO  d.m.quorus.protocol.ProtocolFactory - Registered protocol: smb
10:23:21.355 [junit-timeout-thread-5] DEBUG d.m.quorus.protocol.ProtocolFactory - Protocol details: name=smb, class=SmbTransferProtocol, supportsResume=false, supportsPause=false
10:23:21.355 [junit-timeout-thread-5] INFO  d.m.quorus.protocol.ProtocolFactory - Registered protocol alias: cifs -> smb
10:23:21.355 [junit-timeout-thread-5] DEBUG d.m.quorus.protocol.ProtocolFactory - Creating FtpTransferProtocol instance
10:23:21.355 [junit-timeout-thread-5] INFO  d.m.quorus.protocol.ProtocolFactory - Registered protocol: ftp
10:23:21.355 [junit-timeout-thread-5] DEBUG d.m.quorus.protocol.ProtocolFactory - Protocol details: name=ftp, class=FtpTransferProtocol, supportsResume=false, supportsPause=false
10:23:21.356 [junit-timeout-thread-5] INFO  d.m.quorus.protocol.ProtocolFactory - Registered protocol alias: ftps -> ftp
10:23:21.356 [junit-timeout-thread-5] DEBUG d.m.quorus.protocol.ProtocolFactory - Creating SftpTransferProtocol instance
10:23:21.356 [junit-timeout-thread-5] INFO  d.m.quorus.protocol.ProtocolFactory - Registered protocol: sftp
10:23:21.356 [junit-timeout-thread-5] DEBUG d.m.quorus.protocol.ProtocolFactory - Protocol details: name=sftp, class=SftpTransferProtocol, supportsResume=false, supportsPause=false
10:23:21.356 [junit-timeout-thread-5] DEBUG d.m.quorus.protocol.ProtocolFactory - Creating NfsTransferProtocol instance
10:23:21.356 [junit-timeout-thread-5] DEBUG d.m.q.protocol.NfsTransferProtocol - NfsTransferProtocol initialized with mountRoot=C:\nfs
10:23:21.356 [junit-timeout-thread-5] INFO  d.m.quorus.protocol.ProtocolFactory - Registered protocol: nfs
10:23:21.357 [junit-timeout-thread-5] DEBUG d.m.quorus.protocol.ProtocolFactory - Protocol details: name=nfs, class=NfsTransferProtocol, supportsResume=false, supportsPause=false
10:23:21.357 [junit-timeout-thread-5] INFO  d.m.quorus.protocol.ProtocolFactory - Registered default transfer protocols: count=8, schemes=ftps, ftp, http, smb, sftp, nfs, https, cifs
10:23:21.357 [junit-timeout-thread-5] INFO  d.m.q.transfer.SimpleTransferEngine - SimpleTransferEngine initialized with 2 max concurrent transfers (reactive mode, OpenTelemetry enabled)
10:23:21.357 [junit-timeout-thread-5] DEBUG d.m.q.transfer.SimpleTransferEngine - SimpleTransferEngine initialization complete - startTime=2026-09-27T09:23:21.357566800Z
10:23:51.358 [junit-timeout-thread-6] DEBUG d.m.q.transfer.SimpleTransferEngine - Initializing SimpleTransferEngine: maxConcurrent=2, maxRetries=0, retryDelay=1ms
10:23:51.359 [junit-timeout-thread-6] DEBUG d.m.quorus.protocol.ProtocolFactory - Initializing ProtocolFactory
10:23:51.359 [junit-timeout-thread-6] DEBUG d.m.quorus.protocol.ProtocolFactory - Registering default transfer protocols
10:23:51.360 [junit-timeout-thread-6] DEBUG d.m.quorus.protocol.ProtocolFactory - Creating HttpTransferProtocol instance
10:23:51.360 [junit-timeout-thread-6] INFO  d.m.q.protocol.HttpTransferProtocol - HttpTransferProtocol initialized: connectTimeout=30 SECONDS, socketTimeout=60 SECONDS, maxFileSize=10737418240 bytes
10:23:51.360 [junit-timeout-thread-6] INFO  d.m.quorus.protocol.ProtocolFactory - Registered protocol: http
10:23:51.360 [junit-timeout-thread-6] DEBUG d.m.quorus.protocol.ProtocolFactory - Protocol details: name=http, class=HttpTransferProtocol, supportsResume=false, supportsPause=true
10:23:51.360 [junit-timeout-thread-6] INFO  d.m.quorus.protocol.ProtocolFactory - Registered protocol alias: https -> http
10:23:51.360 [junit-timeout-thread-6] DEBUG d.m.quorus.protocol.ProtocolFactory - Creating SmbTransferProtocol instance
10:23:51.360 [junit-timeout-thread-6] INFO  d.m.quorus.protocol.ProtocolFactory - Registered protocol: smb
10:23:51.360 [junit-timeout-thread-6] DEBUG d.m.quorus.protocol.ProtocolFactory - Protocol details: name=smb, class=SmbTransferProtocol, supportsResume=false, supportsPause=false
10:23:51.361 [junit-timeout-thread-6] INFO  d.m.quorus.protocol.ProtocolFactory - Registered protocol alias: cifs -> smb
10:23:51.361 [junit-timeout-thread-6] DEBUG d.m.quorus.protocol.ProtocolFactory - Creating FtpTransferProtocol instance
10:23:51.361 [junit-timeout-thread-6] INFO  d.m.quorus.protocol.ProtocolFactory - Registered protocol: ftp
10:23:51.361 [junit-timeout-thread-6] DEBUG d.m.quorus.protocol.ProtocolFactory - Protocol details: name=ftp, class=FtpTransferProtocol, supportsResume=false, supportsPause=false
10:23:51.361 [junit-timeout-thread-6] INFO  d.m.quorus.protocol.ProtocolFactory - Registered protocol alias: ftps -> ftp
10:23:51.361 [junit-timeout-thread-6] DEBUG d.m.quorus.protocol.ProtocolFactory - Creating SftpTransferProtocol instance
10:23:51.361 [junit-timeout-thread-6] INFO  d.m.quorus.protocol.ProtocolFactory - Registered protocol: sftp
10:23:51.361 [junit-timeout-thread-6] DEBUG d.m.quorus.protocol.ProtocolFactory - Protocol details: name=sftp, class=SftpTransferProtocol, supportsResume=false, supportsPause=false
10:23:51.361 [junit-timeout-thread-6] DEBUG d.m.quorus.protocol.ProtocolFactory - Creating NfsTransferProtocol instance
10:23:51.361 [junit-timeout-thread-6] DEBUG d.m.q.protocol.NfsTransferProtocol - NfsTransferProtocol initialized with mountRoot=C:\nfs
10:23:51.362 [junit-timeout-thread-6] INFO  d.m.quorus.protocol.ProtocolFactory - Registered protocol: nfs
10:23:51.362 [junit-timeout-thread-6] DEBUG d.m.quorus.protocol.ProtocolFactory - Protocol details: name=nfs, class=NfsTransferProtocol, supportsResume=false, supportsPause=false
10:23:51.362 [junit-timeout-thread-6] INFO  d.m.quorus.protocol.ProtocolFactory - Registered default transfer protocols: count=8, schemes=ftps, ftp, http, smb, sftp, nfs, https, cifs
10:23:51.362 [junit-timeout-thread-6] INFO  d.m.q.transfer.SimpleTransferEngine - SimpleTransferEngine initialized with 2 max concurrent transfers (reactive mode, OpenTelemetry enabled)
10:23:51.362 [junit-timeout-thread-6] DEBUG d.m.q.transfer.SimpleTransferEngine - SimpleTransferEngine initialization complete - startTime=2026-09-27T09:23:51.362286Z
10:23:51.368 [junit-timeout-thread-7] DEBUG d.m.q.transfer.SimpleTransferEngine - Initializing SimpleTransferEngine: maxConcurrent=2, maxRetries=3, retryDelay=1ms
10:23:51.368 [junit-timeout-thread-7] DEBUG d.m.quorus.protocol.ProtocolFactory - Initializing ProtocolFactory
10:23:51.368 [junit-timeout-thread-7] DEBUG d.m.quorus.protocol.ProtocolFactory - Registering default transfer protocols
10:23:51.368 [junit-timeout-thread-7] DEBUG d.m.quorus.protocol.ProtocolFactory - Creating HttpTransferProtocol instance
10:23:51.368 [junit-timeout-thread-7] INFO  d.m.q.protocol.HttpTransferProtocol - HttpTransferProtocol initialized: connectTimeout=30 SECONDS, socketTimeout=60 SECONDS, maxFileSize=10737418240 bytes
10:23:51.368 [junit-timeout-thread-7] INFO  d.m.quorus.protocol.ProtocolFactory - Registered protocol: http
10:23:51.368 [junit-timeout-thread-7] DEBUG d.m.quorus.protocol.ProtocolFactory - Protocol details: name=http, class=HttpTransferProtocol, supportsResume=false, supportsPause=true
10:23:51.368 [junit-timeout-thread-7] INFO  d.m.quorus.protocol.ProtocolFactory - Registered protocol alias: https -> http
10:23:51.368 [junit-timeout-thread-7] DEBUG d.m.quorus.protocol.ProtocolFactory - Creating SmbTransferProtocol instance
10:23:51.368 [junit-timeout-thread-7] INFO  d.m.quorus.protocol.ProtocolFactory - Registered protocol: smb
10:23:51.368 [junit-timeout-thread-7] DEBUG d.m.quorus.protocol.ProtocolFactory - Protocol details: name=smb, class=SmbTransferProtocol, supportsResume=false, supportsPause=false
10:23:51.368 [junit-timeout-thread-7] INFO  d.m.quorus.protocol.ProtocolFactory - Registered protocol alias: cifs -> smb
10:23:51.368 [junit-timeout-thread-7] DEBUG d.m.quorus.protocol.ProtocolFactory - Creating FtpTransferProtocol instance
10:23:51.368 [junit-timeout-thread-7] INFO  d.m.quorus.protocol.ProtocolFactory - Registered protocol: ftp
10:23:51.368 [junit-timeout-thread-7] DEBUG d.m.quorus.protocol.ProtocolFactory - Protocol details: name=ftp, class=FtpTransferProtocol, supportsResume=false, supportsPause=false
10:23:51.368 [junit-timeout-thread-7] INFO  d.m.quorus.protocol.ProtocolFactory - Registered protocol alias: ftps -> ftp
10:23:51.368 [junit-timeout-thread-7] DEBUG d.m.quorus.protocol.ProtocolFactory - Creating SftpTransferProtocol instance
10:23:51.369 [junit-timeout-thread-7] INFO  d.m.quorus.protocol.ProtocolFactory - Registered protocol: sftp
10:23:51.369 [junit-timeout-thread-7] DEBUG d.m.quorus.protocol.ProtocolFactory - Protocol details: name=sftp, class=SftpTransferProtocol, supportsResume=false, supportsPause=false
10:23:51.369 [junit-timeout-thread-7] DEBUG d.m.quorus.protocol.ProtocolFactory - Creating NfsTransferProtocol instance
10:23:51.369 [junit-timeout-thread-7] DEBUG d.m.q.protocol.NfsTransferProtocol - NfsTransferProtocol initialized with mountRoot=C:\nfs
10:23:51.369 [junit-timeout-thread-7] INFO  d.m.quorus.protocol.ProtocolFactory - Registered protocol: nfs
10:23:51.369 [junit-timeout-thread-7] DEBUG d.m.quorus.protocol.ProtocolFactory - Protocol details: name=nfs, class=NfsTransferProtocol, supportsResume=false, supportsPause=false
10:23:51.369 [junit-timeout-thread-7] INFO  d.m.quorus.protocol.ProtocolFactory - Registered default transfer protocols: count=8, schemes=ftps, ftp, http, smb, sftp, nfs, https, cifs
10:23:51.369 [junit-timeout-thread-7] INFO  d.m.q.transfer.SimpleTransferEngine - SimpleTransferEngine initialized with 2 max concurrent transfers (reactive mode, OpenTelemetry enabled)
10:23:51.369 [junit-timeout-thread-7] DEBUG d.m.q.transfer.SimpleTransferEngine - SimpleTransferEngine initialization complete - startTime=2026-09-27T09:23:51.369285800Z
10:24:21.377 [junit-timeout-thread-8] DEBUG d.m.q.transfer.SimpleTransferEngine - Initializing SimpleTransferEngine: maxConcurrent=2, maxRetries=0, retryDelay=1ms
10:24:21.377 [junit-timeout-thread-8] DEBUG d.m.quorus.protocol.ProtocolFactory - Initializing ProtocolFactory
10:24:21.377 [junit-timeout-thread-8] DEBUG d.m.quorus.protocol.ProtocolFactory - Registering default transfer protocols
10:24:21.378 [junit-timeout-thread-8] DEBUG d.m.quorus.protocol.ProtocolFactory - Creating HttpTransferProtocol instance
10:24:21.378 [junit-timeout-thread-8] INFO  d.m.q.protocol.HttpTransferProtocol - HttpTransferProtocol initialized: connectTimeout=30 SECONDS, socketTimeout=60 SECONDS, maxFileSize=10737418240 bytes
10:24:21.378 [junit-timeout-thread-8] INFO  d.m.quorus.protocol.ProtocolFactory - Registered protocol: http
10:24:21.378 [junit-timeout-thread-8] DEBUG d.m.quorus.protocol.ProtocolFactory - Protocol details: name=http, class=HttpTransferProtocol, supportsResume=false, supportsPause=true
10:24:21.378 [junit-timeout-thread-8] INFO  d.m.quorus.protocol.ProtocolFactory - Registered protocol alias: https -> http
10:24:21.378 [junit-timeout-thread-8] DEBUG d.m.quorus.protocol.ProtocolFactory - Creating SmbTransferProtocol instance
10:24:21.378 [junit-timeout-thread-8] INFO  d.m.quorus.protocol.ProtocolFactory - Registered protocol: smb
10:24:21.378 [junit-timeout-thread-8] DEBUG d.m.quorus.protocol.ProtocolFactory - Protocol details: name=smb, class=SmbTransferProtocol, supportsResume=false, supportsPause=false
10:24:21.379 [junit-timeout-thread-8] INFO  d.m.quorus.protocol.ProtocolFactory - Registered protocol alias: cifs -> smb
10:24:21.379 [junit-timeout-thread-8] DEBUG d.m.quorus.protocol.ProtocolFactory - Creating FtpTransferProtocol instance
10:24:21.379 [junit-timeout-thread-8] INFO  d.m.quorus.protocol.ProtocolFactory - Registered protocol: ftp
10:24:21.379 [junit-timeout-thread-8] DEBUG d.m.quorus.protocol.ProtocolFactory - Protocol details: name=ftp, class=FtpTransferProtocol, supportsResume=false, supportsPause=false
10:24:21.379 [junit-timeout-thread-8] INFO  d.m.quorus.protocol.ProtocolFactory - Registered protocol alias: ftps -> ftp
10:24:21.379 [junit-timeout-thread-8] DEBUG d.m.quorus.protocol.ProtocolFactory - Creating SftpTransferProtocol instance
10:24:21.379 [junit-timeout-thread-8] INFO  d.m.quorus.protocol.ProtocolFactory - Registered protocol: sftp
10:24:21.379 [junit-timeout-thread-8] DEBUG d.m.quorus.protocol.ProtocolFactory - Protocol details: name=sftp, class=SftpTransferProtocol, supportsResume=false, supportsPause=false
10:24:21.379 [junit-timeout-thread-8] DEBUG d.m.quorus.protocol.ProtocolFactory - Creating NfsTransferProtocol instance
10:24:21.380 [junit-timeout-thread-8] DEBUG d.m.q.protocol.NfsTransferProtocol - NfsTransferProtocol initialized with mountRoot=C:\nfs
10:24:21.380 [junit-timeout-thread-8] INFO  d.m.quorus.protocol.ProtocolFactory - Registered protocol: nfs
10:24:21.380 [junit-timeout-thread-8] DEBUG d.m.quorus.protocol.ProtocolFactory - Protocol details: name=nfs, class=NfsTransferProtocol, supportsResume=false, supportsPause=false
10:24:21.380 [junit-timeout-thread-8] INFO  d.m.quorus.protocol.ProtocolFactory - Registered default transfer protocols: count=8, schemes=ftps, ftp, http, smb, sftp, nfs, https, cifs
10:24:21.380 [junit-timeout-thread-8] INFO  d.m.q.transfer.SimpleTransferEngine - SimpleTransferEngine initialized with 2 max concurrent transfers (reactive mode, OpenTelemetry enabled)
10:24:21.380 [junit-timeout-thread-8] DEBUG d.m.q.transfer.SimpleTransferEngine - SimpleTransferEngine initialization complete - startTime=2026-09-27T09:24:21.380988500Z
[ERROR] Tests run: 8, Failures: 0, Errors: 8, Skipped: 0, Time elapsed: 150.4 s <<< FAILURE! -- in dev.mars.quorus.transfer.SimpleTransferEngineBlockingTest
[ERROR] dev.mars.quorus.transfer.SimpleTransferEngineBlockingTest.retriesAFailedAttemptAndSucceeds -- Time elapsed: 0.295 s <<< ERROR!
java.lang.UnsupportedOperationException: RT-03c: blocking transfer not implemented
	at dev.mars.quorus.transfer.SimpleTransferEngine.transfer(SimpleTransferEngine.java:107)
	at dev.mars.quorus.transfer.SimpleTransferEngineBlockingTest.retriesAFailedAttemptAndSucceeds(SimpleTransferEngineBlockingTest.java:120)
	at java.base/jdk.internal.reflect.DirectMethodHandleAccessor.invoke(DirectMethodHandleAccessor.java:104)
	at java.base/java.lang.reflect.Method.invoke(Method.java:583)
	at org.junit.platform.commons.util.ReflectionUtils.invokeMethod(ReflectionUtils.java:727)
	at org.junit.jupiter.engine.execution.MethodInvocation.proceed(MethodInvocation.java:60)
	at org.junit.jupiter.engine.execution.InvocationInterceptorChain$ValidatingInvocation.proceed(InvocationInterceptorChain.java:131)
	at org.junit.jupiter.api.AssertTimeoutPreemptively.lambda$submitTask$3(AssertTimeoutPreemptively.java:95)
	at java.base/java.util.concurrent.FutureTask.run(FutureTask.java:330)
	at java.base/java.util.concurrent.ThreadPoolExecutor.runWorker(ThreadPoolExecutor.java:1090)
	at java.base/java.util.concurrent.ThreadPoolExecutor$Worker.run(ThreadPoolExecutor.java:614)
	at java.base/java.lang.Thread.run(Thread.java:1527)
	Suppressed: java.lang.UnsupportedOperationException: RT-03c: blocking shutdown not implemented
		at dev.mars.quorus.transfer.SimpleTransferEngine.shutdown(SimpleTransferEngine.java:112)
		at dev.mars.quorus.transfer.SimpleTransferEngineBlockingTest.tearDown(SimpleTransferEngineBlockingTest.java:72)
		at java.base/jdk.internal.reflect.DirectMethodHandleAccessor.invoke(DirectMethodHandleAccessor.java:104)
		at java.base/java.lang.reflect.Method.invoke(Method.java:583)
		at org.junit.platform.commons.util.ReflectionUtils.invokeMethod(ReflectionUtils.java:727)
		at org.junit.jupiter.engine.execution.MethodInvocation.proceed(MethodInvocation.java:60)
		at org.junit.jupiter.engine.execution.InvocationInterceptorChain$ValidatingInvocation.proceed(InvocationInterceptorChain.java:131)
		at org.junit.jupiter.engine.extension.TimeoutExtension.intercept(TimeoutExtension.java:156)
		at org.junit.jupiter.engine.extension.TimeoutExtension.interceptLifecycleMethod(TimeoutExtension.java:128)
		at org.junit.jupiter.engine.extension.TimeoutExtension.interceptAfterEachMethod(TimeoutExtension.java:110)
		at org.junit.jupiter.engine.execution.InterceptingExecutableInvoker$ReflectiveInterceptorCall.lambda$ofVoidMethod$0(InterceptingExecutableInvoker.java:103)
		at org.junit.jupiter.engine.execution.InterceptingExecutableInvoker.lambda$invoke$0(InterceptingExecutableInvoker.java:93)
		at org.junit.jupiter.engine.execution.InvocationInterceptorChain$InterceptedInvocation.proceed(InvocationInterceptorChain.java:106)
		at org.junit.jupiter.engine.execution.InvocationInterceptorChain.proceed(InvocationInterceptorChain.java:64)
		at org.junit.jupiter.engine.execution.InvocationInterceptorChain.chainAndInvoke(InvocationInterceptorChain.java:45)
		at org.junit.jupiter.engine.execution.InvocationInterceptorChain.invoke(InvocationInterceptorChain.java:37)
		at org.junit.jupiter.engine.execution.InterceptingExecutableInvoker.invoke(InterceptingExecutableInvoker.java:92)
		at org.junit.jupiter.engine.execution.InterceptingExecutableInvoker.invoke(InterceptingExecutableInvoker.java:86)
		at org.junit.jupiter.engine.descriptor.ClassBasedTestDescriptor.invokeMethodInExtensionContext(ClassBasedTestDescriptor.java:520)
		at org.junit.jupiter.engine.descriptor.ClassBasedTestDescriptor.lambda$synthesizeAfterEachMethodAdapter$24(ClassBasedTestDescriptor.java:510)
		at org.junit.jupiter.engine.descriptor.TestMethodTestDescriptor.lambda$invokeAfterEachMethods$10(TestMethodTestDescriptor.java:243)
		at org.junit.jupiter.engine.descriptor.TestMethodTestDescriptor.lambda$invokeAllAfterMethodsOrCallbacks$13(TestMethodTestDescriptor.java:276)
		at org.junit.platform.engine.support.hierarchical.ThrowableCollector.execute(ThrowableCollector.java:73)
		at org.junit.jupiter.engine.descriptor.TestMethodTestDescriptor.lambda$invokeAllAfterMethodsOrCallbacks$14(TestMethodTestDescriptor.java:276)
		at java.base/java.util.ArrayList.forEach(ArrayList.java:1612)
		at org.junit.jupiter.engine.descriptor.TestMethodTestDescriptor.invokeAllAfterMethodsOrCallbacks(TestMethodTestDescriptor.java:275)
		at org.junit.jupiter.engine.descriptor.TestMethodTestDescriptor.invokeAfterEachMethods(TestMethodTestDescriptor.java:241)
		at org.junit.jupiter.engine.descriptor.TestMethodTestDescriptor.execute(TestMethodTestDescriptor.java:142)
		at org.junit.jupiter.engine.descriptor.TestMethodTestDescriptor.execute(TestMethodTestDescriptor.java:68)
		at org.junit.platform.engine.support.hierarchical.NodeTestTask.lambda$executeRecursively$6(NodeTestTask.java:151)
		at org.junit.platform.engine.support.hierarchical.ThrowableCollector.execute(ThrowableCollector.java:73)
		at org.junit.platform.engine.support.hierarchical.NodeTestTask.lambda$executeRecursively$8(NodeTestTask.java:141)
		at org.junit.platform.engine.support.hierarchical.Node.around(Node.java:137)
		at org.junit.platform.engine.support.hierarchical.NodeTestTask.lambda$executeRecursively$9(NodeTestTask.java:139)
		at org.junit.platform.engine.support.hierarchical.ThrowableCollector.execute(ThrowableCollector.java:73)
		at org.junit.platform.engine.support.hierarchical.NodeTestTask.executeRecursively(NodeTestTask.java:138)
		at org.junit.platform.engine.support.hierarchical.NodeTestTask.execute(NodeTestTask.java:95)
		at java.base/java.util.ArrayList.forEach(ArrayList.java:1612)
		at org.junit.platform.engine.support.hierarchical.SameThreadHierarchicalTestExecutorService.invokeAll(SameThreadHierarchicalTestExecutorService.java:41)
		at org.junit.platform.engine.support.hierarchical.NodeTestTask.lambda$executeRecursively$6(NodeTestTask.java:155)
		at org.junit.platform.engine.support.hierarchical.ThrowableCollector.execute(ThrowableCollector.java:73)
		at org.junit.platform.engine.support.hierarchical.NodeTestTask.lambda$executeRecursively$8(NodeTestTask.java:141)
		at org.junit.platform.engine.support.hierarchical.Node.around(Node.java:137)
		at org.junit.platform.engine.support.hierarchical.NodeTestTask.lambda$executeRecursively$9(NodeTestTask.java:139)
		at org.junit.platform.engine.support.hierarchical.ThrowableCollector.execute(ThrowableCollector.java:73)
		at org.junit.platform.engine.support.hierarchical.NodeTestTask.executeRecursively(NodeTestTask.java:138)
		at org.junit.platform.engine.support.hierarchical.NodeTestTask.execute(NodeTestTask.java:95)
		at java.base/java.util.ArrayList.forEach(ArrayList.java:1612)
		at org.junit.platform.engine.support.hierarchical.SameThreadHierarchicalTestExecutorService.invokeAll(SameThreadHierarchicalTestExecutorService.java:41)
		at org.junit.platform.engine.support.hierarchical.NodeTestTask.lambda$executeRecursively$6(NodeTestTask.java:155)
		at org.junit.platform.engine.support.hierarchical.ThrowableCollector.execute(ThrowableCollector.java:73)
		at org.junit.platform.engine.support.hierarchical.NodeTestTask.lambda$executeRecursively$8(NodeTestTask.java:141)
		at org.junit.platform.engine.support.hierarchical.Node.around(Node.java:137)
		at org.junit.platform.engine.support.hierarchical.NodeTestTask.lambda$executeRecursively$9(NodeTestTask.java:139)
		at org.junit.platform.engine.support.hierarchical.ThrowableCollector.execute(ThrowableCollector.java:73)
		at org.junit.platform.engine.support.hierarchical.NodeTestTask.executeRecursively(NodeTestTask.java:138)
		at org.junit.platform.engine.support.hierarchical.NodeTestTask.execute(NodeTestTask.java:95)
		at org.junit.platform.engine.support.hierarchical.SameThreadHierarchicalTestExecutorService.submit(SameThreadHierarchicalTestExecutorService.java:35)
		at org.junit.platform.engine.support.hierarchical.HierarchicalTestExecutor.execute(HierarchicalTestExecutor.java:57)
		at org.junit.platform.engine.support.hierarchical.HierarchicalTestEngine.execute(HierarchicalTestEngine.java:54)
		at org.junit.platform.launcher.core.EngineExecutionOrchestrator.execute(EngineExecutionOrchestrator.java:147)
		at org.junit.platform.launcher.core.EngineExecutionOrchestrator.execute(EngineExecutionOrchestrator.java:127)
		at org.junit.platform.launcher.core.EngineExecutionOrchestrator.execute(EngineExecutionOrchestrator.java:90)
		at org.junit.platform.launcher.core.EngineExecutionOrchestrator.lambda$execute$0(EngineExecutionOrchestrator.java:55)
		at org.junit.platform.launcher.core.EngineExecutionOrchestrator.withInterceptedStreams(EngineExecutionOrchestrator.java:102)
		at org.junit.platform.launcher.core.EngineExecutionOrchestrator.execute(EngineExecutionOrchestrator.java:54)
		at org.junit.platform.launcher.core.DefaultLauncher.execute(DefaultLauncher.java:114)
		at org.junit.platform.launcher.core.DefaultLauncher.execute(DefaultLauncher.java:86)
		at org.junit.platform.launcher.core.DefaultLauncherSession$DelegatingLauncher.execute(DefaultLauncherSession.java:86)
		at org.apache.maven.surefire.junitplatform.LazyLauncher.execute(LazyLauncher.java:56)
		at org.apache.maven.surefire.junitplatform.JUnitPlatformProvider.execute(JUnitPlatformProvider.java:184)
		at org.apache.maven.surefire.junitplatform.JUnitPlatformProvider.invokeAllTests(JUnitPlatformProvider.java:148)
		at org.apache.maven.surefire.junitplatform.JUnitPlatformProvider.invoke(JUnitPlatformProvider.java:122)
		at org.apache.maven.surefire.booter.ForkedBooter.runSuitesInProcess(ForkedBooter.java:385)
		at org.apache.maven.surefire.booter.ForkedBooter.execute(ForkedBooter.java:162)
		at org.apache.maven.surefire.booter.ForkedBooter.run(ForkedBooter.java:507)
		at org.apache.maven.surefire.booter.ForkedBooter.main(ForkedBooter.java:495)

[ERROR] dev.mars.quorus.transfer.SimpleTransferEngineBlockingTest.cancellingARunningTransferEndsItAsCancelled -- Time elapsed: 30.01 s <<< ERROR!
java.util.concurrent.TimeoutException: cancellingARunningTransferEndsItAsCancelled() timed out after 30 seconds
	at org.junit.jupiter.engine.extension.TimeoutExceptionFactory.create(TimeoutExceptionFactory.java:29)
	at org.junit.jupiter.engine.extension.SeparateThreadTimeoutInvocation.lambda$proceed$0(SeparateThreadTimeoutInvocation.java:40)
	at org.junit.jupiter.api.AssertTimeoutPreemptively.resolveFutureAndHandleException(AssertTimeoutPreemptively.java:116)
	at org.junit.jupiter.api.AssertTimeoutPreemptively.assertTimeoutPreemptively(AssertTimeoutPreemptively.java:82)
	at org.junit.jupiter.api.Assertions.assertTimeoutPreemptively(Assertions.java:3556)
	at org.junit.jupiter.engine.extension.SeparateThreadTimeoutInvocation.proceed(SeparateThreadTimeoutInvocation.java:38)
	at org.junit.jupiter.engine.extension.TimeoutExtension.intercept(TimeoutExtension.java:156)
	at org.junit.jupiter.engine.extension.TimeoutExtension.interceptTestableMethod(TimeoutExtension.java:147)
	at org.junit.jupiter.engine.extension.TimeoutExtension.interceptTestMethod(TimeoutExtension.java:86)
	at org.junit.jupiter.engine.execution.InterceptingExecutableInvoker$ReflectiveInterceptorCall.lambda$ofVoidMethod$0(InterceptingExecutableInvoker.java:103)
	at org.junit.jupiter.engine.execution.InterceptingExecutableInvoker.lambda$invoke$0(InterceptingExecutableInvoker.java:93)
	at org.junit.jupiter.engine.execution.InvocationInterceptorChain$InterceptedInvocation.proceed(InvocationInterceptorChain.java:106)
	at org.junit.jupiter.engine.execution.InvocationInterceptorChain.proceed(InvocationInterceptorChain.java:64)
	at org.junit.jupiter.engine.execution.InvocationInterceptorChain.chainAndInvoke(InvocationInterceptorChain.java:45)
	at org.junit.jupiter.engine.execution.InvocationInterceptorChain.invoke(InvocationInterceptorChain.java:37)
	at org.junit.jupiter.engine.execution.InterceptingExecutableInvoker.invoke(InterceptingExecutableInvoker.java:92)
	at org.junit.jupiter.engine.execution.InterceptingExecutableInvoker.invoke(InterceptingExecutableInvoker.java:86)
	at org.junit.jupiter.engine.descriptor.TestMethodTestDescriptor.lambda$invokeTestMethod$7(TestMethodTestDescriptor.java:217)
	at org.junit.platform.engine.support.hierarchical.ThrowableCollector.execute(ThrowableCollector.java:73)
	at org.junit.jupiter.engine.descriptor.TestMethodTestDescriptor.invokeTestMethod(TestMethodTestDescriptor.java:213)
	at org.junit.jupiter.engine.descriptor.TestMethodTestDescriptor.execute(TestMethodTestDescriptor.java:138)
	at org.junit.jupiter.engine.descriptor.TestMethodTestDescriptor.execute(TestMethodTestDescriptor.java:68)
	at org.junit.platform.engine.support.hierarchical.NodeTestTask.lambda$executeRecursively$6(NodeTestTask.java:151)
	at org.junit.platform.engine.support.hierarchical.ThrowableCollector.execute(ThrowableCollector.java:73)
	at org.junit.platform.engine.support.hierarchical.NodeTestTask.lambda$executeRecursively$8(NodeTestTask.java:141)
	at org.junit.platform.engine.support.hierarchical.Node.around(Node.java:137)
	at org.junit.platform.engine.support.hierarchical.NodeTestTask.lambda$executeRecursively$9(NodeTestTask.java:139)
	at org.junit.platform.engine.support.hierarchical.ThrowableCollector.execute(ThrowableCollector.java:73)
	at org.junit.platform.engine.support.hierarchical.NodeTestTask.executeRecursively(NodeTestTask.java:138)
	at org.junit.platform.engine.support.hierarchical.NodeTestTask.execute(NodeTestTask.java:95)
	at java.base/java.util.ArrayList.forEach(ArrayList.java:1612)
	at org.junit.platform.engine.support.hierarchical.SameThreadHierarchicalTestExecutorService.invokeAll(SameThreadHierarchicalTestExecutorService.java:41)
	at org.junit.platform.engine.support.hierarchical.NodeTestTask.lambda$executeRecursively$6(NodeTestTask.java:155)
	at org.junit.platform.engine.support.hierarchical.ThrowableCollector.execute(ThrowableCollector.java:73)
	at org.junit.platform.engine.support.hierarchical.NodeTestTask.lambda$executeRecursively$8(NodeTestTask.java:141)
	at org.junit.platform.engine.support.hierarchical.Node.around(Node.java:137)
	at org.junit.platform.engine.support.hierarchical.NodeTestTask.lambda$executeRecursively$9(NodeTestTask.java:139)
	at org.junit.platform.engine.support.hierarchical.ThrowableCollector.execute(ThrowableCollector.java:73)
	at org.junit.platform.engine.support.hierarchical.NodeTestTask.executeRecursively(NodeTestTask.java:138)
	at org.junit.platform.engine.support.hierarchical.NodeTestTask.execute(NodeTestTask.java:95)
	at java.base/java.util.ArrayList.forEach(ArrayList.java:1612)
	at org.junit.platform.engine.support.hierarchical.SameThreadHierarchicalTestExecutorService.invokeAll(SameThreadHierarchicalTestExecutorService.java:41)
	at org.junit.platform.engine.support.hierarchical.NodeTestTask.lambda$executeRecursively$6(NodeTestTask.java:155)
	at org.junit.platform.engine.support.hierarchical.ThrowableCollector.execute(ThrowableCollector.java:73)
	at org.junit.platform.engine.support.hierarchical.NodeTestTask.lambda$executeRecursively$8(NodeTestTask.java:141)
	at org.junit.platform.engine.support.hierarchical.Node.around(Node.java:137)
	at org.junit.platform.engine.support.hierarchical.NodeTestTask.lambda$executeRecursively$9(NodeTestTask.java:139)
	at org.junit.platform.engine.support.hierarchical.ThrowableCollector.execute(ThrowableCollector.java:73)
	at org.junit.platform.engine.support.hierarchical.NodeTestTask.executeRecursively(NodeTestTask.java:138)
	at org.junit.platform.engine.support.hierarchical.NodeTestTask.execute(NodeTestTask.java:95)
	at org.junit.platform.engine.support.hierarchical.SameThreadHierarchicalTestExecutorService.submit(SameThreadHierarchicalTestExecutorService.java:35)
	at org.junit.platform.engine.support.hierarchical.HierarchicalTestExecutor.execute(HierarchicalTestExecutor.java:57)
	at org.junit.platform.engine.support.hierarchical.HierarchicalTestEngine.execute(HierarchicalTestEngine.java:54)
	at org.junit.platform.launcher.core.EngineExecutionOrchestrator.execute(EngineExecutionOrchestrator.java:147)
	at org.junit.platform.launcher.core.EngineExecutionOrchestrator.execute(EngineExecutionOrchestrator.java:127)
	at org.junit.platform.launcher.core.EngineExecutionOrchestrator.execute(EngineExecutionOrchestrator.java:90)
	at org.junit.platform.launcher.core.EngineExecutionOrchestrator.lambda$execute$0(EngineExecutionOrchestrator.java:55)
	at org.junit.platform.launcher.core.EngineExecutionOrchestrator.withInterceptedStreams(EngineExecutionOrchestrator.java:102)
	at org.junit.platform.launcher.core.EngineExecutionOrchestrator.execute(EngineExecutionOrchestrator.java:54)
	at org.junit.platform.launcher.core.DefaultLauncher.execute(DefaultLauncher.java:114)
	at org.junit.platform.launcher.core.DefaultLauncher.execute(DefaultLauncher.java:86)
	at org.junit.platform.launcher.core.DefaultLauncherSession$DelegatingLauncher.execute(DefaultLauncherSession.java:86)
	at org.apache.maven.surefire.junitplatform.LazyLauncher.execute(LazyLauncher.java:56)
	at org.apache.maven.surefire.junitplatform.JUnitPlatformProvider.execute(JUnitPlatformProvider.java:184)
	at org.apache.maven.surefire.junitplatform.JUnitPlatformProvider.invokeAllTests(JUnitPlatformProvider.java:148)
	at org.apache.maven.surefire.junitplatform.JUnitPlatformProvider.invoke(JUnitPlatformProvider.java:122)
	at org.apache.maven.surefire.booter.ForkedBooter.runSuitesInProcess(ForkedBooter.java:385)
	at org.apache.maven.surefire.booter.ForkedBooter.execute(ForkedBooter.java:162)
	at org.apache.maven.surefire.booter.ForkedBooter.run(ForkedBooter.java:507)
	at org.apache.maven.surefire.booter.ForkedBooter.main(ForkedBooter.java:495)
	Suppressed: java.lang.UnsupportedOperationException: RT-03c: blocking shutdown not implemented
		at dev.mars.quorus.transfer.SimpleTransferEngine.shutdown(SimpleTransferEngine.java:112)
		at dev.mars.quorus.transfer.SimpleTransferEngineBlockingTest.tearDown(SimpleTransferEngineBlockingTest.java:72)
		at java.base/jdk.internal.reflect.DirectMethodHandleAccessor.invoke(DirectMethodHandleAccessor.java:104)
		at java.base/java.lang.reflect.Method.invoke(Method.java:583)
		at org.junit.platform.commons.util.ReflectionUtils.invokeMethod(ReflectionUtils.java:727)
		at org.junit.jupiter.engine.execution.MethodInvocation.proceed(MethodInvocation.java:60)
		at org.junit.jupiter.engine.execution.InvocationInterceptorChain$ValidatingInvocation.proceed(InvocationInterceptorChain.java:131)
		at org.junit.jupiter.engine.extension.TimeoutExtension.intercept(TimeoutExtension.java:156)
		at org.junit.jupiter.engine.extension.TimeoutExtension.interceptLifecycleMethod(TimeoutExtension.java:128)
		at org.junit.jupiter.engine.extension.TimeoutExtension.interceptAfterEachMethod(TimeoutExtension.java:110)
		at org.junit.jupiter.engine.execution.InterceptingExecutableInvoker$ReflectiveInterceptorCall.lambda$ofVoidMethod$0(InterceptingExecutableInvoker.java:103)
		at org.junit.jupiter.engine.execution.InterceptingExecutableInvoker.lambda$invoke$0(InterceptingExecutableInvoker.java:93)
		at org.junit.jupiter.engine.execution.InvocationInterceptorChain$InterceptedInvocation.proceed(InvocationInterceptorChain.java:106)
		at org.junit.jupiter.engine.execution.InvocationInterceptorChain.proceed(InvocationInterceptorChain.java:64)
		at org.junit.jupiter.engine.execution.InvocationInterceptorChain.chainAndInvoke(InvocationInterceptorChain.java:45)
		at org.junit.jupiter.engine.execution.InvocationInterceptorChain.invoke(InvocationInterceptorChain.java:37)
		at org.junit.jupiter.engine.execution.InterceptingExecutableInvoker.invoke(InterceptingExecutableInvoker.java:92)
		at org.junit.jupiter.engine.execution.InterceptingExecutableInvoker.invoke(InterceptingExecutableInvoker.java:86)
		at org.junit.jupiter.engine.descriptor.ClassBasedTestDescriptor.invokeMethodInExtensionContext(ClassBasedTestDescriptor.java:520)
		at org.junit.jupiter.engine.descriptor.ClassBasedTestDescriptor.lambda$synthesizeAfterEachMethodAdapter$24(ClassBasedTestDescriptor.java:510)
		at org.junit.jupiter.engine.descriptor.TestMethodTestDescriptor.lambda$invokeAfterEachMethods$10(TestMethodTestDescriptor.java:243)
		at org.junit.jupiter.engine.descriptor.TestMethodTestDescriptor.lambda$invokeAllAfterMethodsOrCallbacks$13(TestMethodTestDescriptor.java:276)
		at org.junit.platform.engine.support.hierarchical.ThrowableCollector.execute(ThrowableCollector.java:73)
		at org.junit.jupiter.engine.descriptor.TestMethodTestDescriptor.lambda$invokeAllAfterMethodsOrCallbacks$14(TestMethodTestDescriptor.java:276)
		at java.base/java.util.ArrayList.forEach(ArrayList.java:1612)
		at org.junit.jupiter.engine.descriptor.TestMethodTestDescriptor.invokeAllAfterMethodsOrCallbacks(TestMethodTestDescriptor.java:275)
		at org.junit.jupiter.engine.descriptor.TestMethodTestDescriptor.invokeAfterEachMethods(TestMethodTestDescriptor.java:241)
		at org.junit.jupiter.engine.descriptor.TestMethodTestDescriptor.execute(TestMethodTestDescriptor.java:142)
		... 49 more
Caused by: org.junit.jupiter.api.AssertTimeoutPreemptively$ExecutionTimeoutException: Execution timed out in thread junit-timeout-thread-2
	at java.base/jdk.internal.misc.Unsafe.park(Native Method)
	at java.base/java.util.concurrent.locks.LockSupport.park(LockSupport.java:223)
	at java.base/java.util.concurrent.CompletableFuture$Signaller.block(CompletableFuture.java:1885)
	at java.base/java.util.concurrent.ForkJoinPool.unmanagedBlock(ForkJoinPool.java:4367)
	at java.base/java.util.concurrent.ForkJoinPool.managedBlock(ForkJoinPool.java:4313)
	at java.base/java.util.concurrent.CompletableFuture.waitingGet(CompletableFuture.java:1919)
	at java.base/java.util.concurrent.CompletableFuture.join(CompletableFuture.java:2138)
	at dev.mars.quorus.transfer.SimpleTransferEngineBlockingTest.cancellingARunningTransferEndsItAsCancelled(SimpleTransferEngineBlockingTest.java:150)
	at java.base/jdk.internal.reflect.DirectMethodHandleAccessor.invoke(DirectMethodHandleAccessor.java:104)
	at java.base/java.lang.reflect.Method.invoke(Method.java:583)
	at org.junit.platform.commons.util.ReflectionUtils.invokeMethod(ReflectionUtils.java:727)
	at org.junit.jupiter.engine.execution.MethodInvocation.proceed(MethodInvocation.java:60)
	at org.junit.jupiter.engine.execution.InvocationInterceptorChain$ValidatingInvocation.proceed(InvocationInterceptorChain.java:131)
	at org.junit.jupiter.api.AssertTimeoutPreemptively.lambda$submitTask$3(AssertTimeoutPreemptively.java:95)
	at java.base/java.util.concurrent.FutureTask.run(FutureTask.java:330)
	at java.base/java.util.concurrent.ThreadPoolExecutor.runWorker(ThreadPoolExecutor.java:1090)
	at java.base/java.util.concurrent.ThreadPoolExecutor$Worker.run(ThreadPoolExecutor.java:614)
	at java.base/java.lang.Thread.run(Thread.java:1527)

[ERROR] dev.mars.quorus.transfer.SimpleTransferEngineBlockingTest.failsAfterRetriesAreExhausted -- Time elapsed: 0.008 s <<< ERROR!
java.lang.UnsupportedOperationException: RT-03c: blocking transfer not implemented
	at dev.mars.quorus.transfer.SimpleTransferEngine.transfer(SimpleTransferEngine.java:107)
	at dev.mars.quorus.transfer.SimpleTransferEngineBlockingTest.failsAfterRetriesAreExhausted(SimpleTransferEngineBlockingTest.java:136)
	at java.base/jdk.internal.reflect.DirectMethodHandleAccessor.invoke(DirectMethodHandleAccessor.java:104)
	at java.base/java.lang.reflect.Method.invoke(Method.java:583)
	at org.junit.platform.commons.util.ReflectionUtils.invokeMethod(ReflectionUtils.java:727)
	at org.junit.jupiter.engine.execution.MethodInvocation.proceed(MethodInvocation.java:60)
	at org.junit.jupiter.engine.execution.InvocationInterceptorChain$ValidatingInvocation.proceed(InvocationInterceptorChain.java:131)
	at org.junit.jupiter.api.AssertTimeoutPreemptively.lambda$submitTask$3(AssertTimeoutPreemptively.java:95)
	at java.base/java.util.concurrent.FutureTask.run(FutureTask.java:330)
	at java.base/java.util.concurrent.ThreadPoolExecutor.runWorker(ThreadPoolExecutor.java:1090)
	at java.base/java.util.concurrent.ThreadPoolExecutor$Worker.run(ThreadPoolExecutor.java:614)
	at java.base/java.lang.Thread.run(Thread.java:1527)
	Suppressed: java.lang.UnsupportedOperationException: RT-03c: blocking shutdown not implemented
		at dev.mars.quorus.transfer.SimpleTransferEngine.shutdown(SimpleTransferEngine.java:112)
		at dev.mars.quorus.transfer.SimpleTransferEngineBlockingTest.tearDown(SimpleTransferEngineBlockingTest.java:72)
		at java.base/jdk.internal.reflect.DirectMethodHandleAccessor.invoke(DirectMethodHandleAccessor.java:104)
		at java.base/java.lang.reflect.Method.invoke(Method.java:583)
		at org.junit.platform.commons.util.ReflectionUtils.invokeMethod(ReflectionUtils.java:727)
		at org.junit.jupiter.engine.execution.MethodInvocation.proceed(MethodInvocation.java:60)
		at org.junit.jupiter.engine.execution.InvocationInterceptorChain$ValidatingInvocation.proceed(InvocationInterceptorChain.java:131)
		at org.junit.jupiter.engine.extension.TimeoutExtension.intercept(TimeoutExtension.java:156)
		at org.junit.jupiter.engine.extension.TimeoutExtension.interceptLifecycleMethod(TimeoutExtension.java:128)
		at org.junit.jupiter.engine.extension.TimeoutExtension.interceptAfterEachMethod(TimeoutExtension.java:110)
		at org.junit.jupiter.engine.execution.InterceptingExecutableInvoker$ReflectiveInterceptorCall.lambda$ofVoidMethod$0(InterceptingExecutableInvoker.java:103)
		at org.junit.jupiter.engine.execution.InterceptingExecutableInvoker.lambda$invoke$0(InterceptingExecutableInvoker.java:93)
		at org.junit.jupiter.engine.execution.InvocationInterceptorChain$InterceptedInvocation.proceed(InvocationInterceptorChain.java:106)
		at org.junit.jupiter.engine.execution.InvocationInterceptorChain.proceed(InvocationInterceptorChain.java:64)
		at org.junit.jupiter.engine.execution.InvocationInterceptorChain.chainAndInvoke(InvocationInterceptorChain.java:45)
		at org.junit.jupiter.engine.execution.InvocationInterceptorChain.invoke(InvocationInterceptorChain.java:37)
		at org.junit.jupiter.engine.execution.InterceptingExecutableInvoker.invoke(InterceptingExecutableInvoker.java:92)
		at org.junit.jupiter.engine.execution.InterceptingExecutableInvoker.invoke(InterceptingExecutableInvoker.java:86)
		at org.junit.jupiter.engine.descriptor.ClassBasedTestDescriptor.invokeMethodInExtensionContext(ClassBasedTestDescriptor.java:520)
		at org.junit.jupiter.engine.descriptor.ClassBasedTestDescriptor.lambda$synthesizeAfterEachMethodAdapter$24(ClassBasedTestDescriptor.java:510)
		at org.junit.jupiter.engine.descriptor.TestMethodTestDescriptor.lambda$invokeAfterEachMethods$10(TestMethodTestDescriptor.java:243)
		at org.junit.jupiter.engine.descriptor.TestMethodTestDescriptor.lambda$invokeAllAfterMethodsOrCallbacks$13(TestMethodTestDescriptor.java:276)
		at org.junit.platform.engine.support.hierarchical.ThrowableCollector.execute(ThrowableCollector.java:73)
		at org.junit.jupiter.engine.descriptor.TestMethodTestDescriptor.lambda$invokeAllAfterMethodsOrCallbacks$14(TestMethodTestDescriptor.java:276)
		at java.base/java.util.ArrayList.forEach(ArrayList.java:1612)
		at org.junit.jupiter.engine.descriptor.TestMethodTestDescriptor.invokeAllAfterMethodsOrCallbacks(TestMethodTestDescriptor.java:275)
		at org.junit.jupiter.engine.descriptor.TestMethodTestDescriptor.invokeAfterEachMethods(TestMethodTestDescriptor.java:241)
		at org.junit.jupiter.engine.descriptor.TestMethodTestDescriptor.execute(TestMethodTestDescriptor.java:142)
		at org.junit.jupiter.engine.descriptor.TestMethodTestDescriptor.execute(TestMethodTestDescriptor.java:68)
		at org.junit.platform.engine.support.hierarchical.NodeTestTask.lambda$executeRecursively$6(NodeTestTask.java:151)
		at org.junit.platform.engine.support.hierarchical.ThrowableCollector.execute(ThrowableCollector.java:73)
		at org.junit.platform.engine.support.hierarchical.NodeTestTask.lambda$executeRecursively$8(NodeTestTask.java:141)
		at org.junit.platform.engine.support.hierarchical.Node.around(Node.java:137)
		at org.junit.platform.engine.support.hierarchical.NodeTestTask.lambda$executeRecursively$9(NodeTestTask.java:139)
		at org.junit.platform.engine.support.hierarchical.ThrowableCollector.execute(ThrowableCollector.java:73)
		at org.junit.platform.engine.support.hierarchical.NodeTestTask.executeRecursively(NodeTestTask.java:138)
		at org.junit.platform.engine.support.hierarchical.NodeTestTask.execute(NodeTestTask.java:95)
		at java.base/java.util.ArrayList.forEach(ArrayList.java:1612)
		at org.junit.platform.engine.support.hierarchical.SameThreadHierarchicalTestExecutorService.invokeAll(SameThreadHierarchicalTestExecutorService.java:41)
		at org.junit.platform.engine.support.hierarchical.NodeTestTask.lambda$executeRecursively$6(NodeTestTask.java:155)
		at org.junit.platform.engine.support.hierarchical.ThrowableCollector.execute(ThrowableCollector.java:73)
		at org.junit.platform.engine.support.hierarchical.NodeTestTask.lambda$executeRecursively$8(NodeTestTask.java:141)
		at org.junit.platform.engine.support.hierarchical.Node.around(Node.java:137)
		at org.junit.platform.engine.support.hierarchical.NodeTestTask.lambda$executeRecursively$9(NodeTestTask.java:139)
		at org.junit.platform.engine.support.hierarchical.ThrowableCollector.execute(ThrowableCollector.java:73)
		at org.junit.platform.engine.support.hierarchical.NodeTestTask.executeRecursively(NodeTestTask.java:138)
		at org.junit.platform.engine.support.hierarchical.NodeTestTask.execute(NodeTestTask.java:95)
		at java.base/java.util.ArrayList.forEach(ArrayList.java:1612)
		at org.junit.platform.engine.support.hierarchical.SameThreadHierarchicalTestExecutorService.invokeAll(SameThreadHierarchicalTestExecutorService.java:41)
		at org.junit.platform.engine.support.hierarchical.NodeTestTask.lambda$executeRecursively$6(NodeTestTask.java:155)
		at org.junit.platform.engine.support.hierarchical.ThrowableCollector.execute(ThrowableCollector.java:73)
		at org.junit.platform.engine.support.hierarchical.NodeTestTask.lambda$executeRecursively$8(NodeTestTask.java:141)
		at org.junit.platform.engine.support.hierarchical.Node.around(Node.java:137)
		at org.junit.platform.engine.support.hierarchical.NodeTestTask.lambda$executeRecursively$9(NodeTestTask.java:139)
		at org.junit.platform.engine.support.hierarchical.ThrowableCollector.execute(ThrowableCollector.java:73)
		at org.junit.platform.engine.support.hierarchical.NodeTestTask.executeRecursively(NodeTestTask.java:138)
		at org.junit.platform.engine.support.hierarchical.NodeTestTask.execute(NodeTestTask.java:95)
		at org.junit.platform.engine.support.hierarchical.SameThreadHierarchicalTestExecutorService.submit(SameThreadHierarchicalTestExecutorService.java:35)
		at org.junit.platform.engine.support.hierarchical.HierarchicalTestExecutor.execute(HierarchicalTestExecutor.java:57)
		at org.junit.platform.engine.support.hierarchical.HierarchicalTestEngine.execute(HierarchicalTestEngine.java:54)
		at org.junit.platform.launcher.core.EngineExecutionOrchestrator.execute(EngineExecutionOrchestrator.java:147)
		at org.junit.platform.launcher.core.EngineExecutionOrchestrator.execute(EngineExecutionOrchestrator.java:127)
		at org.junit.platform.launcher.core.EngineExecutionOrchestrator.execute(EngineExecutionOrchestrator.java:90)
		at org.junit.platform.launcher.core.EngineExecutionOrchestrator.lambda$execute$0(EngineExecutionOrchestrator.java:55)
		at org.junit.platform.launcher.core.EngineExecutionOrchestrator.withInterceptedStreams(EngineExecutionOrchestrator.java:102)
		at org.junit.platform.launcher.core.EngineExecutionOrchestrator.execute(EngineExecutionOrchestrator.java:54)
		at org.junit.platform.launcher.core.DefaultLauncher.execute(DefaultLauncher.java:114)
		at org.junit.platform.launcher.core.DefaultLauncher.execute(DefaultLauncher.java:86)
		at org.junit.platform.launcher.core.DefaultLauncherSession$DelegatingLauncher.execute(DefaultLauncherSession.java:86)
		at org.apache.maven.surefire.junitplatform.LazyLauncher.execute(LazyLauncher.java:56)
		at org.apache.maven.surefire.junitplatform.JUnitPlatformProvider.execute(JUnitPlatformProvider.java:184)
		at org.apache.maven.surefire.junitplatform.JUnitPlatformProvider.invokeAllTests(JUnitPlatformProvider.java:148)
		at org.apache.maven.surefire.junitplatform.JUnitPlatformProvider.invoke(JUnitPlatformProvider.java:122)
		at org.apache.maven.surefire.booter.ForkedBooter.runSuitesInProcess(ForkedBooter.java:385)
		at org.apache.maven.surefire.booter.ForkedBooter.execute(ForkedBooter.java:162)
		at org.apache.maven.surefire.booter.ForkedBooter.run(ForkedBooter.java:507)
		at org.apache.maven.surefire.booter.ForkedBooter.main(ForkedBooter.java:495)

[ERROR] dev.mars.quorus.transfer.SimpleTransferEngineBlockingTest.rejectsBeyondTheConcurrencyLimitAndAcceptsOnceASlotFrees -- Time elapsed: 30.01 s <<< ERROR!
java.util.concurrent.TimeoutException: rejectsBeyondTheConcurrencyLimitAndAcceptsOnceASlotFrees() timed out after 30 seconds
	at org.junit.jupiter.engine.extension.TimeoutExceptionFactory.create(TimeoutExceptionFactory.java:29)
	at org.junit.jupiter.engine.extension.SeparateThreadTimeoutInvocation.lambda$proceed$0(SeparateThreadTimeoutInvocation.java:40)
	at org.junit.jupiter.api.AssertTimeoutPreemptively.resolveFutureAndHandleException(AssertTimeoutPreemptively.java:116)
	at org.junit.jupiter.api.AssertTimeoutPreemptively.assertTimeoutPreemptively(AssertTimeoutPreemptively.java:82)
	at org.junit.jupiter.api.Assertions.assertTimeoutPreemptively(Assertions.java:3556)
	at org.junit.jupiter.engine.extension.SeparateThreadTimeoutInvocation.proceed(SeparateThreadTimeoutInvocation.java:38)
	at org.junit.jupiter.engine.extension.TimeoutExtension.intercept(TimeoutExtension.java:156)
	at org.junit.jupiter.engine.extension.TimeoutExtension.interceptTestableMethod(TimeoutExtension.java:147)
	at org.junit.jupiter.engine.extension.TimeoutExtension.interceptTestMethod(TimeoutExtension.java:86)
	at org.junit.jupiter.engine.execution.InterceptingExecutableInvoker$ReflectiveInterceptorCall.lambda$ofVoidMethod$0(InterceptingExecutableInvoker.java:103)
	at org.junit.jupiter.engine.execution.InterceptingExecutableInvoker.lambda$invoke$0(InterceptingExecutableInvoker.java:93)
	at org.junit.jupiter.engine.execution.InvocationInterceptorChain$InterceptedInvocation.proceed(InvocationInterceptorChain.java:106)
	at org.junit.jupiter.engine.execution.InvocationInterceptorChain.proceed(InvocationInterceptorChain.java:64)
	at org.junit.jupiter.engine.execution.InvocationInterceptorChain.chainAndInvoke(InvocationInterceptorChain.java:45)
	at org.junit.jupiter.engine.execution.InvocationInterceptorChain.invoke(InvocationInterceptorChain.java:37)
	at org.junit.jupiter.engine.execution.InterceptingExecutableInvoker.invoke(InterceptingExecutableInvoker.java:92)
	at org.junit.jupiter.engine.execution.InterceptingExecutableInvoker.invoke(InterceptingExecutableInvoker.java:86)
	at org.junit.jupiter.engine.descriptor.TestMethodTestDescriptor.lambda$invokeTestMethod$7(TestMethodTestDescriptor.java:217)
	at org.junit.platform.engine.support.hierarchical.ThrowableCollector.execute(ThrowableCollector.java:73)
	at org.junit.jupiter.engine.descriptor.TestMethodTestDescriptor.invokeTestMethod(TestMethodTestDescriptor.java:213)
	at org.junit.jupiter.engine.descriptor.TestMethodTestDescriptor.execute(TestMethodTestDescriptor.java:138)
	at org.junit.jupiter.engine.descriptor.TestMethodTestDescriptor.execute(TestMethodTestDescriptor.java:68)
	at org.junit.platform.engine.support.hierarchical.NodeTestTask.lambda$executeRecursively$6(NodeTestTask.java:151)
	at org.junit.platform.engine.support.hierarchical.ThrowableCollector.execute(ThrowableCollector.java:73)
	at org.junit.platform.engine.support.hierarchical.NodeTestTask.lambda$executeRecursively$8(NodeTestTask.java:141)
	at org.junit.platform.engine.support.hierarchical.Node.around(Node.java:137)
	at org.junit.platform.engine.support.hierarchical.NodeTestTask.lambda$executeRecursively$9(NodeTestTask.java:139)
	at org.junit.platform.engine.support.hierarchical.ThrowableCollector.execute(ThrowableCollector.java:73)
	at org.junit.platform.engine.support.hierarchical.NodeTestTask.executeRecursively(NodeTestTask.java:138)
	at org.junit.platform.engine.support.hierarchical.NodeTestTask.execute(NodeTestTask.java:95)
	at java.base/java.util.ArrayList.forEach(ArrayList.java:1612)
	at org.junit.platform.engine.support.hierarchical.SameThreadHierarchicalTestExecutorService.invokeAll(SameThreadHierarchicalTestExecutorService.java:41)
	at org.junit.platform.engine.support.hierarchical.NodeTestTask.lambda$executeRecursively$6(NodeTestTask.java:155)
	at org.junit.platform.engine.support.hierarchical.ThrowableCollector.execute(ThrowableCollector.java:73)
	at org.junit.platform.engine.support.hierarchical.NodeTestTask.lambda$executeRecursively$8(NodeTestTask.java:141)
	at org.junit.platform.engine.support.hierarchical.Node.around(Node.java:137)
	at org.junit.platform.engine.support.hierarchical.NodeTestTask.lambda$executeRecursively$9(NodeTestTask.java:139)
	at org.junit.platform.engine.support.hierarchical.ThrowableCollector.execute(ThrowableCollector.java:73)
	at org.junit.platform.engine.support.hierarchical.NodeTestTask.executeRecursively(NodeTestTask.java:138)
	at org.junit.platform.engine.support.hierarchical.NodeTestTask.execute(NodeTestTask.java:95)
	at java.base/java.util.ArrayList.forEach(ArrayList.java:1612)
	at org.junit.platform.engine.support.hierarchical.SameThreadHierarchicalTestExecutorService.invokeAll(SameThreadHierarchicalTestExecutorService.java:41)
	at org.junit.platform.engine.support.hierarchical.NodeTestTask.lambda$executeRecursively$6(NodeTestTask.java:155)
	at org.junit.platform.engine.support.hierarchical.ThrowableCollector.execute(ThrowableCollector.java:73)
	at org.junit.platform.engine.support.hierarchical.NodeTestTask.lambda$executeRecursively$8(NodeTestTask.java:141)
	at org.junit.platform.engine.support.hierarchical.Node.around(Node.java:137)
	at org.junit.platform.engine.support.hierarchical.NodeTestTask.lambda$executeRecursively$9(NodeTestTask.java:139)
	at org.junit.platform.engine.support.hierarchical.ThrowableCollector.execute(ThrowableCollector.java:73)
	at org.junit.platform.engine.support.hierarchical.NodeTestTask.executeRecursively(NodeTestTask.java:138)
	at org.junit.platform.engine.support.hierarchical.NodeTestTask.execute(NodeTestTask.java:95)
	at org.junit.platform.engine.support.hierarchical.SameThreadHierarchicalTestExecutorService.submit(SameThreadHierarchicalTestExecutorService.java:35)
	at org.junit.platform.engine.support.hierarchical.HierarchicalTestExecutor.execute(HierarchicalTestExecutor.java:57)
	at org.junit.platform.engine.support.hierarchical.HierarchicalTestEngine.execute(HierarchicalTestEngine.java:54)
	at org.junit.platform.launcher.core.EngineExecutionOrchestrator.execute(EngineExecutionOrchestrator.java:147)
	at org.junit.platform.launcher.core.EngineExecutionOrchestrator.execute(EngineExecutionOrchestrator.java:127)
	at org.junit.platform.launcher.core.EngineExecutionOrchestrator.execute(EngineExecutionOrchestrator.java:90)
	at org.junit.platform.launcher.core.EngineExecutionOrchestrator.lambda$execute$0(EngineExecutionOrchestrator.java:55)
	at org.junit.platform.launcher.core.EngineExecutionOrchestrator.withInterceptedStreams(EngineExecutionOrchestrator.java:102)
	at org.junit.platform.launcher.core.EngineExecutionOrchestrator.execute(EngineExecutionOrchestrator.java:54)
	at org.junit.platform.launcher.core.DefaultLauncher.execute(DefaultLauncher.java:114)
	at org.junit.platform.launcher.core.DefaultLauncher.execute(DefaultLauncher.java:86)
	at org.junit.platform.launcher.core.DefaultLauncherSession$DelegatingLauncher.execute(DefaultLauncherSession.java:86)
	at org.apache.maven.surefire.junitplatform.LazyLauncher.execute(LazyLauncher.java:56)
	at org.apache.maven.surefire.junitplatform.JUnitPlatformProvider.execute(JUnitPlatformProvider.java:184)
	at org.apache.maven.surefire.junitplatform.JUnitPlatformProvider.invokeAllTests(JUnitPlatformProvider.java:148)
	at org.apache.maven.surefire.junitplatform.JUnitPlatformProvider.invoke(JUnitPlatformProvider.java:122)
	at org.apache.maven.surefire.booter.ForkedBooter.runSuitesInProcess(ForkedBooter.java:385)
	at org.apache.maven.surefire.booter.ForkedBooter.execute(ForkedBooter.java:162)
	at org.apache.maven.surefire.booter.ForkedBooter.run(ForkedBooter.java:507)
	at org.apache.maven.surefire.booter.ForkedBooter.main(ForkedBooter.java:495)
	Suppressed: java.lang.UnsupportedOperationException: RT-03c: blocking shutdown not implemented
		at dev.mars.quorus.transfer.SimpleTransferEngine.shutdown(SimpleTransferEngine.java:112)
		at dev.mars.quorus.transfer.SimpleTransferEngineBlockingTest.tearDown(SimpleTransferEngineBlockingTest.java:72)
		at java.base/jdk.internal.reflect.DirectMethodHandleAccessor.invoke(DirectMethodHandleAccessor.java:104)
		at java.base/java.lang.reflect.Method.invoke(Method.java:583)
		at org.junit.platform.commons.util.ReflectionUtils.invokeMethod(ReflectionUtils.java:727)
		at org.junit.jupiter.engine.execution.MethodInvocation.proceed(MethodInvocation.java:60)
		at org.junit.jupiter.engine.execution.InvocationInterceptorChain$ValidatingInvocation.proceed(InvocationInterceptorChain.java:131)
		at org.junit.jupiter.engine.extension.TimeoutExtension.intercept(TimeoutExtension.java:156)
		at org.junit.jupiter.engine.extension.TimeoutExtension.interceptLifecycleMethod(TimeoutExtension.java:128)
		at org.junit.jupiter.engine.extension.TimeoutExtension.interceptAfterEachMethod(TimeoutExtension.java:110)
		at org.junit.jupiter.engine.execution.InterceptingExecutableInvoker$ReflectiveInterceptorCall.lambda$ofVoidMethod$0(InterceptingExecutableInvoker.java:103)
		at org.junit.jupiter.engine.execution.InterceptingExecutableInvoker.lambda$invoke$0(InterceptingExecutableInvoker.java:93)
		at org.junit.jupiter.engine.execution.InvocationInterceptorChain$InterceptedInvocation.proceed(InvocationInterceptorChain.java:106)
		at org.junit.jupiter.engine.execution.InvocationInterceptorChain.proceed(InvocationInterceptorChain.java:64)
		at org.junit.jupiter.engine.execution.InvocationInterceptorChain.chainAndInvoke(InvocationInterceptorChain.java:45)
		at org.junit.jupiter.engine.execution.InvocationInterceptorChain.invoke(InvocationInterceptorChain.java:37)
		at org.junit.jupiter.engine.execution.InterceptingExecutableInvoker.invoke(InterceptingExecutableInvoker.java:92)
		at org.junit.jupiter.engine.execution.InterceptingExecutableInvoker.invoke(InterceptingExecutableInvoker.java:86)
		at org.junit.jupiter.engine.descriptor.ClassBasedTestDescriptor.invokeMethodInExtensionContext(ClassBasedTestDescriptor.java:520)
		at org.junit.jupiter.engine.descriptor.ClassBasedTestDescriptor.lambda$synthesizeAfterEachMethodAdapter$24(ClassBasedTestDescriptor.java:510)
		at org.junit.jupiter.engine.descriptor.TestMethodTestDescriptor.lambda$invokeAfterEachMethods$10(TestMethodTestDescriptor.java:243)
		at org.junit.jupiter.engine.descriptor.TestMethodTestDescriptor.lambda$invokeAllAfterMethodsOrCallbacks$13(TestMethodTestDescriptor.java:276)
		at org.junit.platform.engine.support.hierarchical.ThrowableCollector.execute(ThrowableCollector.java:73)
		at org.junit.jupiter.engine.descriptor.TestMethodTestDescriptor.lambda$invokeAllAfterMethodsOrCallbacks$14(TestMethodTestDescriptor.java:276)
		at java.base/java.util.ArrayList.forEach(ArrayList.java:1612)
		at org.junit.jupiter.engine.descriptor.TestMethodTestDescriptor.invokeAllAfterMethodsOrCallbacks(TestMethodTestDescriptor.java:275)
		at org.junit.jupiter.engine.descriptor.TestMethodTestDescriptor.invokeAfterEachMethods(TestMethodTestDescriptor.java:241)
		at org.junit.jupiter.engine.descriptor.TestMethodTestDescriptor.execute(TestMethodTestDescriptor.java:142)
		... 49 more
Caused by: org.junit.jupiter.api.AssertTimeoutPreemptively$ExecutionTimeoutException: Execution timed out in thread junit-timeout-thread-4
	at java.base/jdk.internal.misc.Unsafe.park(Native Method)
	at java.base/java.util.concurrent.locks.LockSupport.park(LockSupport.java:223)
	at java.base/java.util.concurrent.CompletableFuture$Signaller.block(CompletableFuture.java:1885)
	at java.base/java.util.concurrent.ForkJoinPool.unmanagedBlock(ForkJoinPool.java:4367)
	at java.base/java.util.concurrent.ForkJoinPool.managedBlock(ForkJoinPool.java:4313)
	at java.base/java.util.concurrent.CompletableFuture.waitingGet(CompletableFuture.java:1919)
	at java.base/java.util.concurrent.CompletableFuture.join(CompletableFuture.java:2138)
	at dev.mars.quorus.transfer.SimpleTransferEngineBlockingTest.rejectsBeyondTheConcurrencyLimitAndAcceptsOnceASlotFrees(SimpleTransferEngineBlockingTest.java:97)
	at java.base/jdk.internal.reflect.DirectMethodHandleAccessor.invoke(DirectMethodHandleAccessor.java:104)
	at java.base/java.lang.reflect.Method.invoke(Method.java:583)
	at org.junit.platform.commons.util.ReflectionUtils.invokeMethod(ReflectionUtils.java:727)
	at org.junit.jupiter.engine.execution.MethodInvocation.proceed(MethodInvocation.java:60)
	at org.junit.jupiter.engine.execution.InvocationInterceptorChain$ValidatingInvocation.proceed(InvocationInterceptorChain.java:131)
	at org.junit.jupiter.api.AssertTimeoutPreemptively.lambda$submitTask$3(AssertTimeoutPreemptively.java:95)
	at java.base/java.util.concurrent.FutureTask.run(FutureTask.java:330)
	at java.base/java.util.concurrent.ThreadPoolExecutor.runWorker(ThreadPoolExecutor.java:1090)
	at java.base/java.util.concurrent.ThreadPoolExecutor$Worker.run(ThreadPoolExecutor.java:614)
	at java.base/java.lang.Thread.run(Thread.java:1527)

[ERROR] dev.mars.quorus.transfer.SimpleTransferEngineBlockingTest.anOutsideInterruptEndsTheTransferAndIsPreserved -- Time elapsed: 30.00 s <<< ERROR!
java.util.concurrent.TimeoutException: anOutsideInterruptEndsTheTransferAndIsPreserved() timed out after 30 seconds
	at org.junit.jupiter.engine.extension.TimeoutExceptionFactory.create(TimeoutExceptionFactory.java:29)
	at org.junit.jupiter.engine.extension.SeparateThreadTimeoutInvocation.lambda$proceed$0(SeparateThreadTimeoutInvocation.java:40)
	at org.junit.jupiter.api.AssertTimeoutPreemptively.resolveFutureAndHandleException(AssertTimeoutPreemptively.java:116)
	at org.junit.jupiter.api.AssertTimeoutPreemptively.assertTimeoutPreemptively(AssertTimeoutPreemptively.java:82)
	at org.junit.jupiter.api.Assertions.assertTimeoutPreemptively(Assertions.java:3556)
	at org.junit.jupiter.engine.extension.SeparateThreadTimeoutInvocation.proceed(SeparateThreadTimeoutInvocation.java:38)
	at org.junit.jupiter.engine.extension.TimeoutExtension.intercept(TimeoutExtension.java:156)
	at org.junit.jupiter.engine.extension.TimeoutExtension.interceptTestableMethod(TimeoutExtension.java:147)
	at org.junit.jupiter.engine.extension.TimeoutExtension.interceptTestMethod(TimeoutExtension.java:86)
	at org.junit.jupiter.engine.execution.InterceptingExecutableInvoker$ReflectiveInterceptorCall.lambda$ofVoidMethod$0(InterceptingExecutableInvoker.java:103)
	at org.junit.jupiter.engine.execution.InterceptingExecutableInvoker.lambda$invoke$0(InterceptingExecutableInvoker.java:93)
	at org.junit.jupiter.engine.execution.InvocationInterceptorChain$InterceptedInvocation.proceed(InvocationInterceptorChain.java:106)
	at org.junit.jupiter.engine.execution.InvocationInterceptorChain.proceed(InvocationInterceptorChain.java:64)
	at org.junit.jupiter.engine.execution.InvocationInterceptorChain.chainAndInvoke(InvocationInterceptorChain.java:45)
	at org.junit.jupiter.engine.execution.InvocationInterceptorChain.invoke(InvocationInterceptorChain.java:37)
	at org.junit.jupiter.engine.execution.InterceptingExecutableInvoker.invoke(InterceptingExecutableInvoker.java:92)
	at org.junit.jupiter.engine.execution.InterceptingExecutableInvoker.invoke(InterceptingExecutableInvoker.java:86)
	at org.junit.jupiter.engine.descriptor.TestMethodTestDescriptor.lambda$invokeTestMethod$7(TestMethodTestDescriptor.java:217)
	at org.junit.platform.engine.support.hierarchical.ThrowableCollector.execute(ThrowableCollector.java:73)
	at org.junit.jupiter.engine.descriptor.TestMethodTestDescriptor.invokeTestMethod(TestMethodTestDescriptor.java:213)
	at org.junit.jupiter.engine.descriptor.TestMethodTestDescriptor.execute(TestMethodTestDescriptor.java:138)
	at org.junit.jupiter.engine.descriptor.TestMethodTestDescriptor.execute(TestMethodTestDescriptor.java:68)
	at org.junit.platform.engine.support.hierarchical.NodeTestTask.lambda$executeRecursively$6(NodeTestTask.java:151)
	at org.junit.platform.engine.support.hierarchical.ThrowableCollector.execute(ThrowableCollector.java:73)
	at org.junit.platform.engine.support.hierarchical.NodeTestTask.lambda$executeRecursively$8(NodeTestTask.java:141)
	at org.junit.platform.engine.support.hierarchical.Node.around(Node.java:137)
	at org.junit.platform.engine.support.hierarchical.NodeTestTask.lambda$executeRecursively$9(NodeTestTask.java:139)
	at org.junit.platform.engine.support.hierarchical.ThrowableCollector.execute(ThrowableCollector.java:73)
	at org.junit.platform.engine.support.hierarchical.NodeTestTask.executeRecursively(NodeTestTask.java:138)
	at org.junit.platform.engine.support.hierarchical.NodeTestTask.execute(NodeTestTask.java:95)
	at java.base/java.util.ArrayList.forEach(ArrayList.java:1612)
	at org.junit.platform.engine.support.hierarchical.SameThreadHierarchicalTestExecutorService.invokeAll(SameThreadHierarchicalTestExecutorService.java:41)
	at org.junit.platform.engine.support.hierarchical.NodeTestTask.lambda$executeRecursively$6(NodeTestTask.java:155)
	at org.junit.platform.engine.support.hierarchical.ThrowableCollector.execute(ThrowableCollector.java:73)
	at org.junit.platform.engine.support.hierarchical.NodeTestTask.lambda$executeRecursively$8(NodeTestTask.java:141)
	at org.junit.platform.engine.support.hierarchical.Node.around(Node.java:137)
	at org.junit.platform.engine.support.hierarchical.NodeTestTask.lambda$executeRecursively$9(NodeTestTask.java:139)
	at org.junit.platform.engine.support.hierarchical.ThrowableCollector.execute(ThrowableCollector.java:73)
	at org.junit.platform.engine.support.hierarchical.NodeTestTask.executeRecursively(NodeTestTask.java:138)
	at org.junit.platform.engine.support.hierarchical.NodeTestTask.execute(NodeTestTask.java:95)
	at java.base/java.util.ArrayList.forEach(ArrayList.java:1612)
	at org.junit.platform.engine.support.hierarchical.SameThreadHierarchicalTestExecutorService.invokeAll(SameThreadHierarchicalTestExecutorService.java:41)
	at org.junit.platform.engine.support.hierarchical.NodeTestTask.lambda$executeRecursively$6(NodeTestTask.java:155)
	at org.junit.platform.engine.support.hierarchical.ThrowableCollector.execute(ThrowableCollector.java:73)
	at org.junit.platform.engine.support.hierarchical.NodeTestTask.lambda$executeRecursively$8(NodeTestTask.java:141)
	at org.junit.platform.engine.support.hierarchical.Node.around(Node.java:137)
	at org.junit.platform.engine.support.hierarchical.NodeTestTask.lambda$executeRecursively$9(NodeTestTask.java:139)
	at org.junit.platform.engine.support.hierarchical.ThrowableCollector.execute(ThrowableCollector.java:73)
	at org.junit.platform.engine.support.hierarchical.NodeTestTask.executeRecursively(NodeTestTask.java:138)
	at org.junit.platform.engine.support.hierarchical.NodeTestTask.execute(NodeTestTask.java:95)
	at org.junit.platform.engine.support.hierarchical.SameThreadHierarchicalTestExecutorService.submit(SameThreadHierarchicalTestExecutorService.java:35)
	at org.junit.platform.engine.support.hierarchical.HierarchicalTestExecutor.execute(HierarchicalTestExecutor.java:57)
	at org.junit.platform.engine.support.hierarchical.HierarchicalTestEngine.execute(HierarchicalTestEngine.java:54)
	at org.junit.platform.launcher.core.EngineExecutionOrchestrator.execute(EngineExecutionOrchestrator.java:147)
	at org.junit.platform.launcher.core.EngineExecutionOrchestrator.execute(EngineExecutionOrchestrator.java:127)
	at org.junit.platform.launcher.core.EngineExecutionOrchestrator.execute(EngineExecutionOrchestrator.java:90)
	at org.junit.platform.launcher.core.EngineExecutionOrchestrator.lambda$execute$0(EngineExecutionOrchestrator.java:55)
	at org.junit.platform.launcher.core.EngineExecutionOrchestrator.withInterceptedStreams(EngineExecutionOrchestrator.java:102)
	at org.junit.platform.launcher.core.EngineExecutionOrchestrator.execute(EngineExecutionOrchestrator.java:54)
	at org.junit.platform.launcher.core.DefaultLauncher.execute(DefaultLauncher.java:114)
	at org.junit.platform.launcher.core.DefaultLauncher.execute(DefaultLauncher.java:86)
	at org.junit.platform.launcher.core.DefaultLauncherSession$DelegatingLauncher.execute(DefaultLauncherSession.java:86)
	at org.apache.maven.surefire.junitplatform.LazyLauncher.execute(LazyLauncher.java:56)
	at org.apache.maven.surefire.junitplatform.JUnitPlatformProvider.execute(JUnitPlatformProvider.java:184)
	at org.apache.maven.surefire.junitplatform.JUnitPlatformProvider.invokeAllTests(JUnitPlatformProvider.java:148)
	at org.apache.maven.surefire.junitplatform.JUnitPlatformProvider.invoke(JUnitPlatformProvider.java:122)
	at org.apache.maven.surefire.booter.ForkedBooter.runSuitesInProcess(ForkedBooter.java:385)
	at org.apache.maven.surefire.booter.ForkedBooter.execute(ForkedBooter.java:162)
	at org.apache.maven.surefire.booter.ForkedBooter.run(ForkedBooter.java:507)
	at org.apache.maven.surefire.booter.ForkedBooter.main(ForkedBooter.java:495)
	Suppressed: java.lang.UnsupportedOperationException: RT-03c: blocking shutdown not implemented
		at dev.mars.quorus.transfer.SimpleTransferEngine.shutdown(SimpleTransferEngine.java:112)
		at dev.mars.quorus.transfer.SimpleTransferEngineBlockingTest.tearDown(SimpleTransferEngineBlockingTest.java:72)
		at java.base/jdk.internal.reflect.DirectMethodHandleAccessor.invoke(DirectMethodHandleAccessor.java:104)
		at java.base/java.lang.reflect.Method.invoke(Method.java:583)
		at org.junit.platform.commons.util.ReflectionUtils.invokeMethod(ReflectionUtils.java:727)
		at org.junit.jupiter.engine.execution.MethodInvocation.proceed(MethodInvocation.java:60)
		at org.junit.jupiter.engine.execution.InvocationInterceptorChain$ValidatingInvocation.proceed(InvocationInterceptorChain.java:131)
		at org.junit.jupiter.engine.extension.TimeoutExtension.intercept(TimeoutExtension.java:156)
		at org.junit.jupiter.engine.extension.TimeoutExtension.interceptLifecycleMethod(TimeoutExtension.java:128)
		at org.junit.jupiter.engine.extension.TimeoutExtension.interceptAfterEachMethod(TimeoutExtension.java:110)
		at org.junit.jupiter.engine.execution.InterceptingExecutableInvoker$ReflectiveInterceptorCall.lambda$ofVoidMethod$0(InterceptingExecutableInvoker.java:103)
		at org.junit.jupiter.engine.execution.InterceptingExecutableInvoker.lambda$invoke$0(InterceptingExecutableInvoker.java:93)
		at org.junit.jupiter.engine.execution.InvocationInterceptorChain$InterceptedInvocation.proceed(InvocationInterceptorChain.java:106)
		at org.junit.jupiter.engine.execution.InvocationInterceptorChain.proceed(InvocationInterceptorChain.java:64)
		at org.junit.jupiter.engine.execution.InvocationInterceptorChain.chainAndInvoke(InvocationInterceptorChain.java:45)
		at org.junit.jupiter.engine.execution.InvocationInterceptorChain.invoke(InvocationInterceptorChain.java:37)
		at org.junit.jupiter.engine.execution.InterceptingExecutableInvoker.invoke(InterceptingExecutableInvoker.java:92)
		at org.junit.jupiter.engine.execution.InterceptingExecutableInvoker.invoke(InterceptingExecutableInvoker.java:86)
		at org.junit.jupiter.engine.descriptor.ClassBasedTestDescriptor.invokeMethodInExtensionContext(ClassBasedTestDescriptor.java:520)
		at org.junit.jupiter.engine.descriptor.ClassBasedTestDescriptor.lambda$synthesizeAfterEachMethodAdapter$24(ClassBasedTestDescriptor.java:510)
		at org.junit.jupiter.engine.descriptor.TestMethodTestDescriptor.lambda$invokeAfterEachMethods$10(TestMethodTestDescriptor.java:243)
		at org.junit.jupiter.engine.descriptor.TestMethodTestDescriptor.lambda$invokeAllAfterMethodsOrCallbacks$13(TestMethodTestDescriptor.java:276)
		at org.junit.platform.engine.support.hierarchical.ThrowableCollector.execute(ThrowableCollector.java:73)
		at org.junit.jupiter.engine.descriptor.TestMethodTestDescriptor.lambda$invokeAllAfterMethodsOrCallbacks$14(TestMethodTestDescriptor.java:276)
		at java.base/java.util.ArrayList.forEach(ArrayList.java:1612)
		at org.junit.jupiter.engine.descriptor.TestMethodTestDescriptor.invokeAllAfterMethodsOrCallbacks(TestMethodTestDescriptor.java:275)
		at org.junit.jupiter.engine.descriptor.TestMethodTestDescriptor.invokeAfterEachMethods(TestMethodTestDescriptor.java:241)
		at org.junit.jupiter.engine.descriptor.TestMethodTestDescriptor.execute(TestMethodTestDescriptor.java:142)
		... 49 more
Caused by: org.junit.jupiter.api.AssertTimeoutPreemptively$ExecutionTimeoutException: Execution timed out in thread junit-timeout-thread-5
	at java.base/jdk.internal.misc.Unsafe.park(Native Method)
	at java.base/java.util.concurrent.locks.LockSupport.park(LockSupport.java:223)
	at java.base/java.util.concurrent.CompletableFuture$Signaller.block(CompletableFuture.java:1885)
	at java.base/java.util.concurrent.ForkJoinPool.unmanagedBlock(ForkJoinPool.java:4367)
	at java.base/java.util.concurrent.ForkJoinPool.managedBlock(ForkJoinPool.java:4313)
	at java.base/java.util.concurrent.CompletableFuture.waitingGet(CompletableFuture.java:1919)
	at java.base/java.util.concurrent.CompletableFuture.join(CompletableFuture.java:2138)
	at dev.mars.quorus.transfer.SimpleTransferEngineBlockingTest.anOutsideInterruptEndsTheTransferAndIsPreserved(SimpleTransferEngineBlockingTest.java:205)
	at java.base/jdk.internal.reflect.DirectMethodHandleAccessor.invoke(DirectMethodHandleAccessor.java:104)
	at java.base/java.lang.reflect.Method.invoke(Method.java:583)
	at org.junit.platform.commons.util.ReflectionUtils.invokeMethod(ReflectionUtils.java:727)
	at org.junit.jupiter.engine.execution.MethodInvocation.proceed(MethodInvocation.java:60)
	at org.junit.jupiter.engine.execution.InvocationInterceptorChain$ValidatingInvocation.proceed(InvocationInterceptorChain.java:131)
	at org.junit.jupiter.api.AssertTimeoutPreemptively.lambda$submitTask$3(AssertTimeoutPreemptively.java:95)
	at java.base/java.util.concurrent.FutureTask.run(FutureTask.java:330)
	at java.base/java.util.concurrent.ThreadPoolExecutor.runWorker(ThreadPoolExecutor.java:1090)
	at java.base/java.util.concurrent.ThreadPoolExecutor$Worker.run(ThreadPoolExecutor.java:614)
	at java.base/java.lang.Thread.run(Thread.java:1527)

[ERROR] dev.mars.quorus.transfer.SimpleTransferEngineBlockingTest.transfersOnTheCallingThreadWithoutVertx -- Time elapsed: 0.008 s <<< ERROR!
java.lang.UnsupportedOperationException: RT-03c: blocking transfer not implemented
	at dev.mars.quorus.transfer.SimpleTransferEngine.transfer(SimpleTransferEngine.java:107)
	at dev.mars.quorus.transfer.SimpleTransferEngineBlockingTest.transfersOnTheCallingThreadWithoutVertx(SimpleTransferEngineBlockingTest.java:83)
	at java.base/jdk.internal.reflect.DirectMethodHandleAccessor.invoke(DirectMethodHandleAccessor.java:104)
	at java.base/java.lang.reflect.Method.invoke(Method.java:583)
	at org.junit.platform.commons.util.ReflectionUtils.invokeMethod(ReflectionUtils.java:727)
	at org.junit.jupiter.engine.execution.MethodInvocation.proceed(MethodInvocation.java:60)
	at org.junit.jupiter.engine.execution.InvocationInterceptorChain$ValidatingInvocation.proceed(InvocationInterceptorChain.java:131)
	at org.junit.jupiter.api.AssertTimeoutPreemptively.lambda$submitTask$3(AssertTimeoutPreemptively.java:95)
	at java.base/java.util.concurrent.FutureTask.run(FutureTask.java:330)
	at java.base/java.util.concurrent.ThreadPoolExecutor.runWorker(ThreadPoolExecutor.java:1090)
	at java.base/java.util.concurrent.ThreadPoolExecutor$Worker.run(ThreadPoolExecutor.java:614)
	at java.base/java.lang.Thread.run(Thread.java:1527)
	Suppressed: java.lang.UnsupportedOperationException: RT-03c: blocking shutdown not implemented
		at dev.mars.quorus.transfer.SimpleTransferEngine.shutdown(SimpleTransferEngine.java:112)
		at dev.mars.quorus.transfer.SimpleTransferEngineBlockingTest.tearDown(SimpleTransferEngineBlockingTest.java:72)
		at java.base/jdk.internal.reflect.DirectMethodHandleAccessor.invoke(DirectMethodHandleAccessor.java:104)
		at java.base/java.lang.reflect.Method.invoke(Method.java:583)
		at org.junit.platform.commons.util.ReflectionUtils.invokeMethod(ReflectionUtils.java:727)
		at org.junit.jupiter.engine.execution.MethodInvocation.proceed(MethodInvocation.java:60)
		at org.junit.jupiter.engine.execution.InvocationInterceptorChain$ValidatingInvocation.proceed(InvocationInterceptorChain.java:131)
		at org.junit.jupiter.engine.extension.TimeoutExtension.intercept(TimeoutExtension.java:156)
		at org.junit.jupiter.engine.extension.TimeoutExtension.interceptLifecycleMethod(TimeoutExtension.java:128)
		at org.junit.jupiter.engine.extension.TimeoutExtension.interceptAfterEachMethod(TimeoutExtension.java:110)
		at org.junit.jupiter.engine.execution.InterceptingExecutableInvoker$ReflectiveInterceptorCall.lambda$ofVoidMethod$0(InterceptingExecutableInvoker.java:103)
		at org.junit.jupiter.engine.execution.InterceptingExecutableInvoker.lambda$invoke$0(InterceptingExecutableInvoker.java:93)
		at org.junit.jupiter.engine.execution.InvocationInterceptorChain$InterceptedInvocation.proceed(InvocationInterceptorChain.java:106)
		at org.junit.jupiter.engine.execution.InvocationInterceptorChain.proceed(InvocationInterceptorChain.java:64)
		at org.junit.jupiter.engine.execution.InvocationInterceptorChain.chainAndInvoke(InvocationInterceptorChain.java:45)
		at org.junit.jupiter.engine.execution.InvocationInterceptorChain.invoke(InvocationInterceptorChain.java:37)
		at org.junit.jupiter.engine.execution.InterceptingExecutableInvoker.invoke(InterceptingExecutableInvoker.java:92)
		at org.junit.jupiter.engine.execution.InterceptingExecutableInvoker.invoke(InterceptingExecutableInvoker.java:86)
		at org.junit.jupiter.engine.descriptor.ClassBasedTestDescriptor.invokeMethodInExtensionContext(ClassBasedTestDescriptor.java:520)
		at org.junit.jupiter.engine.descriptor.ClassBasedTestDescriptor.lambda$synthesizeAfterEachMethodAdapter$24(ClassBasedTestDescriptor.java:510)
		at org.junit.jupiter.engine.descriptor.TestMethodTestDescriptor.lambda$invokeAfterEachMethods$10(TestMethodTestDescriptor.java:243)
		at org.junit.jupiter.engine.descriptor.TestMethodTestDescriptor.lambda$invokeAllAfterMethodsOrCallbacks$13(TestMethodTestDescriptor.java:276)
		at org.junit.platform.engine.support.hierarchical.ThrowableCollector.execute(ThrowableCollector.java:73)
		at org.junit.jupiter.engine.descriptor.TestMethodTestDescriptor.lambda$invokeAllAfterMethodsOrCallbacks$14(TestMethodTestDescriptor.java:276)
		at java.base/java.util.ArrayList.forEach(ArrayList.java:1612)
		at org.junit.jupiter.engine.descriptor.TestMethodTestDescriptor.invokeAllAfterMethodsOrCallbacks(TestMethodTestDescriptor.java:275)
		at org.junit.jupiter.engine.descriptor.TestMethodTestDescriptor.invokeAfterEachMethods(TestMethodTestDescriptor.java:241)
		at org.junit.jupiter.engine.descriptor.TestMethodTestDescriptor.execute(TestMethodTestDescriptor.java:142)
		at org.junit.jupiter.engine.descriptor.TestMethodTestDescriptor.execute(TestMethodTestDescriptor.java:68)
		at org.junit.platform.engine.support.hierarchical.NodeTestTask.lambda$executeRecursively$6(NodeTestTask.java:151)
		at org.junit.platform.engine.support.hierarchical.ThrowableCollector.execute(ThrowableCollector.java:73)
		at org.junit.platform.engine.support.hierarchical.NodeTestTask.lambda$executeRecursively$8(NodeTestTask.java:141)
		at org.junit.platform.engine.support.hierarchical.Node.around(Node.java:137)
		at org.junit.platform.engine.support.hierarchical.NodeTestTask.lambda$executeRecursively$9(NodeTestTask.java:139)
		at org.junit.platform.engine.support.hierarchical.ThrowableCollector.execute(ThrowableCollector.java:73)
		at org.junit.platform.engine.support.hierarchical.NodeTestTask.executeRecursively(NodeTestTask.java:138)
		at org.junit.platform.engine.support.hierarchical.NodeTestTask.execute(NodeTestTask.java:95)
		at java.base/java.util.ArrayList.forEach(ArrayList.java:1612)
		at org.junit.platform.engine.support.hierarchical.SameThreadHierarchicalTestExecutorService.invokeAll(SameThreadHierarchicalTestExecutorService.java:41)
		at org.junit.platform.engine.support.hierarchical.NodeTestTask.lambda$executeRecursively$6(NodeTestTask.java:155)
		at org.junit.platform.engine.support.hierarchical.ThrowableCollector.execute(ThrowableCollector.java:73)
		at org.junit.platform.engine.support.hierarchical.NodeTestTask.lambda$executeRecursively$8(NodeTestTask.java:141)
		at org.junit.platform.engine.support.hierarchical.Node.around(Node.java:137)
		at org.junit.platform.engine.support.hierarchical.NodeTestTask.lambda$executeRecursively$9(NodeTestTask.java:139)
		at org.junit.platform.engine.support.hierarchical.ThrowableCollector.execute(ThrowableCollector.java:73)
		at org.junit.platform.engine.support.hierarchical.NodeTestTask.executeRecursively(NodeTestTask.java:138)
		at org.junit.platform.engine.support.hierarchical.NodeTestTask.execute(NodeTestTask.java:95)
		at java.base/java.util.ArrayList.forEach(ArrayList.java:1612)
		at org.junit.platform.engine.support.hierarchical.SameThreadHierarchicalTestExecutorService.invokeAll(SameThreadHierarchicalTestExecutorService.java:41)
		at org.junit.platform.engine.support.hierarchical.NodeTestTask.lambda$executeRecursively$6(NodeTestTask.java:155)
		at org.junit.platform.engine.support.hierarchical.ThrowableCollector.execute(ThrowableCollector.java:73)
		at org.junit.platform.engine.support.hierarchical.NodeTestTask.lambda$executeRecursively$8(NodeTestTask.java:141)
		at org.junit.platform.engine.support.hierarchical.Node.around(Node.java:137)
		at org.junit.platform.engine.support.hierarchical.NodeTestTask.lambda$executeRecursively$9(NodeTestTask.java:139)
		at org.junit.platform.engine.support.hierarchical.ThrowableCollector.execute(ThrowableCollector.java:73)
		at org.junit.platform.engine.support.hierarchical.NodeTestTask.executeRecursively(NodeTestTask.java:138)
		at org.junit.platform.engine.support.hierarchical.NodeTestTask.execute(NodeTestTask.java:95)
		at org.junit.platform.engine.support.hierarchical.SameThreadHierarchicalTestExecutorService.submit(SameThreadHierarchicalTestExecutorService.java:35)
		at org.junit.platform.engine.support.hierarchical.HierarchicalTestExecutor.execute(HierarchicalTestExecutor.java:57)
		at org.junit.platform.engine.support.hierarchical.HierarchicalTestEngine.execute(HierarchicalTestEngine.java:54)
		at org.junit.platform.launcher.core.EngineExecutionOrchestrator.execute(EngineExecutionOrchestrator.java:147)
		at org.junit.platform.launcher.core.EngineExecutionOrchestrator.execute(EngineExecutionOrchestrator.java:127)
		at org.junit.platform.launcher.core.EngineExecutionOrchestrator.execute(EngineExecutionOrchestrator.java:90)
		at org.junit.platform.launcher.core.EngineExecutionOrchestrator.lambda$execute$0(EngineExecutionOrchestrator.java:55)
		at org.junit.platform.launcher.core.EngineExecutionOrchestrator.withInterceptedStreams(EngineExecutionOrchestrator.java:102)
		at org.junit.platform.launcher.core.EngineExecutionOrchestrator.execute(EngineExecutionOrchestrator.java:54)
		at org.junit.platform.launcher.core.DefaultLauncher.execute(DefaultLauncher.java:114)
		at org.junit.platform.launcher.core.DefaultLauncher.execute(DefaultLauncher.java:86)
		at org.junit.platform.launcher.core.DefaultLauncherSession$DelegatingLauncher.execute(DefaultLauncherSession.java:86)
		at org.apache.maven.surefire.junitplatform.LazyLauncher.execute(LazyLauncher.java:56)
		at org.apache.maven.surefire.junitplatform.JUnitPlatformProvider.execute(JUnitPlatformProvider.java:184)
		at org.apache.maven.surefire.junitplatform.JUnitPlatformProvider.invokeAllTests(JUnitPlatformProvider.java:148)
		at org.apache.maven.surefire.junitplatform.JUnitPlatformProvider.invoke(JUnitPlatformProvider.java:122)
		at org.apache.maven.surefire.booter.ForkedBooter.runSuitesInProcess(ForkedBooter.java:385)
		at org.apache.maven.surefire.booter.ForkedBooter.execute(ForkedBooter.java:162)
		at org.apache.maven.surefire.booter.ForkedBooter.run(ForkedBooter.java:507)
		at org.apache.maven.surefire.booter.ForkedBooter.main(ForkedBooter.java:495)

[ERROR] dev.mars.quorus.transfer.SimpleTransferEngineBlockingTest.shutdownCancelsAndWaitsForRunningTransfers -- Time elapsed: 30.00 s <<< ERROR!
java.util.concurrent.TimeoutException: shutdownCancelsAndWaitsForRunningTransfers() timed out after 30 seconds
	at org.junit.jupiter.engine.extension.TimeoutExceptionFactory.create(TimeoutExceptionFactory.java:29)
	at org.junit.jupiter.engine.extension.SeparateThreadTimeoutInvocation.lambda$proceed$0(SeparateThreadTimeoutInvocation.java:40)
	at org.junit.jupiter.api.AssertTimeoutPreemptively.resolveFutureAndHandleException(AssertTimeoutPreemptively.java:116)
	at org.junit.jupiter.api.AssertTimeoutPreemptively.assertTimeoutPreemptively(AssertTimeoutPreemptively.java:82)
	at org.junit.jupiter.api.Assertions.assertTimeoutPreemptively(Assertions.java:3556)
	at org.junit.jupiter.engine.extension.SeparateThreadTimeoutInvocation.proceed(SeparateThreadTimeoutInvocation.java:38)
	at org.junit.jupiter.engine.extension.TimeoutExtension.intercept(TimeoutExtension.java:156)
	at org.junit.jupiter.engine.extension.TimeoutExtension.interceptTestableMethod(TimeoutExtension.java:147)
	at org.junit.jupiter.engine.extension.TimeoutExtension.interceptTestMethod(TimeoutExtension.java:86)
	at org.junit.jupiter.engine.execution.InterceptingExecutableInvoker$ReflectiveInterceptorCall.lambda$ofVoidMethod$0(InterceptingExecutableInvoker.java:103)
	at org.junit.jupiter.engine.execution.InterceptingExecutableInvoker.lambda$invoke$0(InterceptingExecutableInvoker.java:93)
	at org.junit.jupiter.engine.execution.InvocationInterceptorChain$InterceptedInvocation.proceed(InvocationInterceptorChain.java:106)
	at org.junit.jupiter.engine.execution.InvocationInterceptorChain.proceed(InvocationInterceptorChain.java:64)
	at org.junit.jupiter.engine.execution.InvocationInterceptorChain.chainAndInvoke(InvocationInterceptorChain.java:45)
	at org.junit.jupiter.engine.execution.InvocationInterceptorChain.invoke(InvocationInterceptorChain.java:37)
	at org.junit.jupiter.engine.execution.InterceptingExecutableInvoker.invoke(InterceptingExecutableInvoker.java:92)
	at org.junit.jupiter.engine.execution.InterceptingExecutableInvoker.invoke(InterceptingExecutableInvoker.java:86)
	at org.junit.jupiter.engine.descriptor.TestMethodTestDescriptor.lambda$invokeTestMethod$7(TestMethodTestDescriptor.java:217)
	at org.junit.platform.engine.support.hierarchical.ThrowableCollector.execute(ThrowableCollector.java:73)
	at org.junit.jupiter.engine.descriptor.TestMethodTestDescriptor.invokeTestMethod(TestMethodTestDescriptor.java:213)
	at org.junit.jupiter.engine.descriptor.TestMethodTestDescriptor.execute(TestMethodTestDescriptor.java:138)
	at org.junit.jupiter.engine.descriptor.TestMethodTestDescriptor.execute(TestMethodTestDescriptor.java:68)
	at org.junit.platform.engine.support.hierarchical.NodeTestTask.lambda$executeRecursively$6(NodeTestTask.java:151)
	at org.junit.platform.engine.support.hierarchical.ThrowableCollector.execute(ThrowableCollector.java:73)
	at org.junit.platform.engine.support.hierarchical.NodeTestTask.lambda$executeRecursively$8(NodeTestTask.java:141)
	at org.junit.platform.engine.support.hierarchical.Node.around(Node.java:137)
	at org.junit.platform.engine.support.hierarchical.NodeTestTask.lambda$executeRecursively$9(NodeTestTask.java:139)
	at org.junit.platform.engine.support.hierarchical.ThrowableCollector.execute(ThrowableCollector.java:73)
	at org.junit.platform.engine.support.hierarchical.NodeTestTask.executeRecursively(NodeTestTask.java:138)
	at org.junit.platform.engine.support.hierarchical.NodeTestTask.execute(NodeTestTask.java:95)
	at java.base/java.util.ArrayList.forEach(ArrayList.java:1612)
	at org.junit.platform.engine.support.hierarchical.SameThreadHierarchicalTestExecutorService.invokeAll(SameThreadHierarchicalTestExecutorService.java:41)
	at org.junit.platform.engine.support.hierarchical.NodeTestTask.lambda$executeRecursively$6(NodeTestTask.java:155)
	at org.junit.platform.engine.support.hierarchical.ThrowableCollector.execute(ThrowableCollector.java:73)
	at org.junit.platform.engine.support.hierarchical.NodeTestTask.lambda$executeRecursively$8(NodeTestTask.java:141)
	at org.junit.platform.engine.support.hierarchical.Node.around(Node.java:137)
	at org.junit.platform.engine.support.hierarchical.NodeTestTask.lambda$executeRecursively$9(NodeTestTask.java:139)
	at org.junit.platform.engine.support.hierarchical.ThrowableCollector.execute(ThrowableCollector.java:73)
	at org.junit.platform.engine.support.hierarchical.NodeTestTask.executeRecursively(NodeTestTask.java:138)
	at org.junit.platform.engine.support.hierarchical.NodeTestTask.execute(NodeTestTask.java:95)
	at java.base/java.util.ArrayList.forEach(ArrayList.java:1612)
	at org.junit.platform.engine.support.hierarchical.SameThreadHierarchicalTestExecutorService.invokeAll(SameThreadHierarchicalTestExecutorService.java:41)
	at org.junit.platform.engine.support.hierarchical.NodeTestTask.lambda$executeRecursively$6(NodeTestTask.java:155)
	at org.junit.platform.engine.support.hierarchical.ThrowableCollector.execute(ThrowableCollector.java:73)
	at org.junit.platform.engine.support.hierarchical.NodeTestTask.lambda$executeRecursively$8(NodeTestTask.java:141)
	at org.junit.platform.engine.support.hierarchical.Node.around(Node.java:137)
	at org.junit.platform.engine.support.hierarchical.NodeTestTask.lambda$executeRecursively$9(NodeTestTask.java:139)
	at org.junit.platform.engine.support.hierarchical.ThrowableCollector.execute(ThrowableCollector.java:73)
	at org.junit.platform.engine.support.hierarchical.NodeTestTask.executeRecursively(NodeTestTask.java:138)
	at org.junit.platform.engine.support.hierarchical.NodeTestTask.execute(NodeTestTask.java:95)
	at org.junit.platform.engine.support.hierarchical.SameThreadHierarchicalTestExecutorService.submit(SameThreadHierarchicalTestExecutorService.java:35)
	at org.junit.platform.engine.support.hierarchical.HierarchicalTestExecutor.execute(HierarchicalTestExecutor.java:57)
	at org.junit.platform.engine.support.hierarchical.HierarchicalTestEngine.execute(HierarchicalTestEngine.java:54)
	at org.junit.platform.launcher.core.EngineExecutionOrchestrator.execute(EngineExecutionOrchestrator.java:147)
	at org.junit.platform.launcher.core.EngineExecutionOrchestrator.execute(EngineExecutionOrchestrator.java:127)
	at org.junit.platform.launcher.core.EngineExecutionOrchestrator.execute(EngineExecutionOrchestrator.java:90)
	at org.junit.platform.launcher.core.EngineExecutionOrchestrator.lambda$execute$0(EngineExecutionOrchestrator.java:55)
	at org.junit.platform.launcher.core.EngineExecutionOrchestrator.withInterceptedStreams(EngineExecutionOrchestrator.java:102)
	at org.junit.platform.launcher.core.EngineExecutionOrchestrator.execute(EngineExecutionOrchestrator.java:54)
	at org.junit.platform.launcher.core.DefaultLauncher.execute(DefaultLauncher.java:114)
	at org.junit.platform.launcher.core.DefaultLauncher.execute(DefaultLauncher.java:86)
	at org.junit.platform.launcher.core.DefaultLauncherSession$DelegatingLauncher.execute(DefaultLauncherSession.java:86)
	at org.apache.maven.surefire.junitplatform.LazyLauncher.execute(LazyLauncher.java:56)
	at org.apache.maven.surefire.junitplatform.JUnitPlatformProvider.execute(JUnitPlatformProvider.java:184)
	at org.apache.maven.surefire.junitplatform.JUnitPlatformProvider.invokeAllTests(JUnitPlatformProvider.java:148)
	at org.apache.maven.surefire.junitplatform.JUnitPlatformProvider.invoke(JUnitPlatformProvider.java:122)
	at org.apache.maven.surefire.booter.ForkedBooter.runSuitesInProcess(ForkedBooter.java:385)
	at org.apache.maven.surefire.booter.ForkedBooter.execute(ForkedBooter.java:162)
	at org.apache.maven.surefire.booter.ForkedBooter.run(ForkedBooter.java:507)
	at org.apache.maven.surefire.booter.ForkedBooter.main(ForkedBooter.java:495)
	Suppressed: java.lang.UnsupportedOperationException: RT-03c: blocking shutdown not implemented
		at dev.mars.quorus.transfer.SimpleTransferEngine.shutdown(SimpleTransferEngine.java:112)
		at dev.mars.quorus.transfer.SimpleTransferEngineBlockingTest.tearDown(SimpleTransferEngineBlockingTest.java:72)
		at java.base/jdk.internal.reflect.DirectMethodHandleAccessor.invoke(DirectMethodHandleAccessor.java:104)
		at java.base/java.lang.reflect.Method.invoke(Method.java:583)
		at org.junit.platform.commons.util.ReflectionUtils.invokeMethod(ReflectionUtils.java:727)
		at org.junit.jupiter.engine.execution.MethodInvocation.proceed(MethodInvocation.java:60)
		at org.junit.jupiter.engine.execution.InvocationInterceptorChain$ValidatingInvocation.proceed(InvocationInterceptorChain.java:131)
		at org.junit.jupiter.engine.extension.TimeoutExtension.intercept(TimeoutExtension.java:156)
		at org.junit.jupiter.engine.extension.TimeoutExtension.interceptLifecycleMethod(TimeoutExtension.java:128)
		at org.junit.jupiter.engine.extension.TimeoutExtension.interceptAfterEachMethod(TimeoutExtension.java:110)
		at org.junit.jupiter.engine.execution.InterceptingExecutableInvoker$ReflectiveInterceptorCall.lambda$ofVoidMethod$0(InterceptingExecutableInvoker.java:103)
		at org.junit.jupiter.engine.execution.InterceptingExecutableInvoker.lambda$invoke$0(InterceptingExecutableInvoker.java:93)
		at org.junit.jupiter.engine.execution.InvocationInterceptorChain$InterceptedInvocation.proceed(InvocationInterceptorChain.java:106)
		at org.junit.jupiter.engine.execution.InvocationInterceptorChain.proceed(InvocationInterceptorChain.java:64)
		at org.junit.jupiter.engine.execution.InvocationInterceptorChain.chainAndInvoke(InvocationInterceptorChain.java:45)
		at org.junit.jupiter.engine.execution.InvocationInterceptorChain.invoke(InvocationInterceptorChain.java:37)
		at org.junit.jupiter.engine.execution.InterceptingExecutableInvoker.invoke(InterceptingExecutableInvoker.java:92)
		at org.junit.jupiter.engine.execution.InterceptingExecutableInvoker.invoke(InterceptingExecutableInvoker.java:86)
		at org.junit.jupiter.engine.descriptor.ClassBasedTestDescriptor.invokeMethodInExtensionContext(ClassBasedTestDescriptor.java:520)
		at org.junit.jupiter.engine.descriptor.ClassBasedTestDescriptor.lambda$synthesizeAfterEachMethodAdapter$24(ClassBasedTestDescriptor.java:510)
		at org.junit.jupiter.engine.descriptor.TestMethodTestDescriptor.lambda$invokeAfterEachMethods$10(TestMethodTestDescriptor.java:243)
		at org.junit.jupiter.engine.descriptor.TestMethodTestDescriptor.lambda$invokeAllAfterMethodsOrCallbacks$13(TestMethodTestDescriptor.java:276)
		at org.junit.platform.engine.support.hierarchical.ThrowableCollector.execute(ThrowableCollector.java:73)
		at org.junit.jupiter.engine.descriptor.TestMethodTestDescriptor.lambda$invokeAllAfterMethodsOrCallbacks$14(TestMethodTestDescriptor.java:276)
		at java.base/java.util.ArrayList.forEach(ArrayList.java:1612)
		at org.junit.jupiter.engine.descriptor.TestMethodTestDescriptor.invokeAllAfterMethodsOrCallbacks(TestMethodTestDescriptor.java:275)
		at org.junit.jupiter.engine.descriptor.TestMethodTestDescriptor.invokeAfterEachMethods(TestMethodTestDescriptor.java:241)
		at org.junit.jupiter.engine.descriptor.TestMethodTestDescriptor.execute(TestMethodTestDescriptor.java:142)
		... 49 more
Caused by: org.junit.jupiter.api.AssertTimeoutPreemptively$ExecutionTimeoutException: Execution timed out in thread junit-timeout-thread-7
	at java.base/jdk.internal.misc.Unsafe.park(Native Method)
	at java.base/java.util.concurrent.locks.LockSupport.park(LockSupport.java:223)
	at java.base/java.util.concurrent.CompletableFuture$Signaller.block(CompletableFuture.java:1885)
	at java.base/java.util.concurrent.ForkJoinPool.unmanagedBlock(ForkJoinPool.java:4367)
	at java.base/java.util.concurrent.ForkJoinPool.managedBlock(ForkJoinPool.java:4313)
	at java.base/java.util.concurrent.CompletableFuture.waitingGet(CompletableFuture.java:1919)
	at java.base/java.util.concurrent.CompletableFuture.join(CompletableFuture.java:2138)
	at dev.mars.quorus.transfer.SimpleTransferEngineBlockingTest.shutdownCancelsAndWaitsForRunningTransfers(SimpleTransferEngineBlockingTest.java:189)
	at java.base/jdk.internal.reflect.DirectMethodHandleAccessor.invoke(DirectMethodHandleAccessor.java:104)
	at java.base/java.lang.reflect.Method.invoke(Method.java:583)
	at org.junit.platform.commons.util.ReflectionUtils.invokeMethod(ReflectionUtils.java:727)
	at org.junit.jupiter.engine.execution.MethodInvocation.proceed(MethodInvocation.java:60)
	at org.junit.jupiter.engine.execution.InvocationInterceptorChain$ValidatingInvocation.proceed(InvocationInterceptorChain.java:131)
	at org.junit.jupiter.api.AssertTimeoutPreemptively.lambda$submitTask$3(AssertTimeoutPreemptively.java:95)
	at java.base/java.util.concurrent.FutureTask.run(FutureTask.java:330)
	at java.base/java.util.concurrent.ThreadPoolExecutor.runWorker(ThreadPoolExecutor.java:1090)
	at java.base/java.util.concurrent.ThreadPoolExecutor$Worker.run(ThreadPoolExecutor.java:614)
	at java.base/java.lang.Thread.run(Thread.java:1527)

[ERROR] dev.mars.quorus.transfer.SimpleTransferEngineBlockingTest.cancellingOneTransferLeavesAnotherRunning -- Time elapsed: 30.00 s <<< ERROR!
java.util.concurrent.TimeoutException: cancellingOneTransferLeavesAnotherRunning() timed out after 30 seconds
	at org.junit.jupiter.engine.extension.TimeoutExceptionFactory.create(TimeoutExceptionFactory.java:29)
	at org.junit.jupiter.engine.extension.SeparateThreadTimeoutInvocation.lambda$proceed$0(SeparateThreadTimeoutInvocation.java:40)
	at org.junit.jupiter.api.AssertTimeoutPreemptively.resolveFutureAndHandleException(AssertTimeoutPreemptively.java:116)
	at org.junit.jupiter.api.AssertTimeoutPreemptively.assertTimeoutPreemptively(AssertTimeoutPreemptively.java:82)
	at org.junit.jupiter.api.Assertions.assertTimeoutPreemptively(Assertions.java:3556)
	at org.junit.jupiter.engine.extension.SeparateThreadTimeoutInvocation.proceed(SeparateThreadTimeoutInvocation.java:38)
	at org.junit.jupiter.engine.extension.TimeoutExtension.intercept(TimeoutExtension.java:156)
	at org.junit.jupiter.engine.extension.TimeoutExtension.interceptTestableMethod(TimeoutExtension.java:147)
	at org.junit.jupiter.engine.extension.TimeoutExtension.interceptTestMethod(TimeoutExtension.java:86)
	at org.junit.jupiter.engine.execution.InterceptingExecutableInvoker$ReflectiveInterceptorCall.lambda$ofVoidMethod$0(InterceptingExecutableInvoker.java:103)
	at org.junit.jupiter.engine.execution.InterceptingExecutableInvoker.lambda$invoke$0(InterceptingExecutableInvoker.java:93)
	at org.junit.jupiter.engine.execution.InvocationInterceptorChain$InterceptedInvocation.proceed(InvocationInterceptorChain.java:106)
	at org.junit.jupiter.engine.execution.InvocationInterceptorChain.proceed(InvocationInterceptorChain.java:64)
	at org.junit.jupiter.engine.execution.InvocationInterceptorChain.chainAndInvoke(InvocationInterceptorChain.java:45)
	at org.junit.jupiter.engine.execution.InvocationInterceptorChain.invoke(InvocationInterceptorChain.java:37)
	at org.junit.jupiter.engine.execution.InterceptingExecutableInvoker.invoke(InterceptingExecutableInvoker.java:92)
	at org.junit.jupiter.engine.execution.InterceptingExecutableInvoker.invoke(InterceptingExecutableInvoker.java:86)
	at org.junit.jupiter.engine.descriptor.TestMethodTestDescriptor.lambda$invokeTestMethod$7(TestMethodTestDescriptor.java:217)
	at org.junit.platform.engine.support.hierarchical.ThrowableCollector.execute(ThrowableCollector.java:73)
	at org.junit.jupiter.engine.descriptor.TestMethodTestDescriptor.invokeTestMethod(TestMethodTestDescriptor.java:213)
	at org.junit.jupiter.engine.descriptor.TestMethodTestDescriptor.execute(TestMethodTestDescriptor.java:138)
	at org.junit.jupiter.engine.descriptor.TestMethodTestDescriptor.execute(TestMethodTestDescriptor.java:68)
	at org.junit.platform.engine.support.hierarchical.NodeTestTask.lambda$executeRecursively$6(NodeTestTask.java:151)
	at org.junit.platform.engine.support.hierarchical.ThrowableCollector.execute(ThrowableCollector.java:73)
	at org.junit.platform.engine.support.hierarchical.NodeTestTask.lambda$executeRecursively$8(NodeTestTask.java:141)
	at org.junit.platform.engine.support.hierarchical.Node.around(Node.java:137)
	at org.junit.platform.engine.support.hierarchical.NodeTestTask.lambda$executeRecursively$9(NodeTestTask.java:139)
	at org.junit.platform.engine.support.hierarchical.ThrowableCollector.execute(ThrowableCollector.java:73)
	at org.junit.platform.engine.support.hierarchical.NodeTestTask.executeRecursively(NodeTestTask.java:138)
	at org.junit.platform.engine.support.hierarchical.NodeTestTask.execute(NodeTestTask.java:95)
	at java.base/java.util.ArrayList.forEach(ArrayList.java:1612)
	at org.junit.platform.engine.support.hierarchical.SameThreadHierarchicalTestExecutorService.invokeAll(SameThreadHierarchicalTestExecutorService.java:41)
	at org.junit.platform.engine.support.hierarchical.NodeTestTask.lambda$executeRecursively$6(NodeTestTask.java:155)
	at org.junit.platform.engine.support.hierarchical.ThrowableCollector.execute(ThrowableCollector.java:73)
	at org.junit.platform.engine.support.hierarchical.NodeTestTask.lambda$executeRecursively$8(NodeTestTask.java:141)
	at org.junit.platform.engine.support.hierarchical.Node.around(Node.java:137)
	at org.junit.platform.engine.support.hierarchical.NodeTestTask.lambda$executeRecursively$9(NodeTestTask.java:139)
	at org.junit.platform.engine.support.hierarchical.ThrowableCollector.execute(ThrowableCollector.java:73)
	at org.junit.platform.engine.support.hierarchical.NodeTestTask.executeRecursively(NodeTestTask.java:138)
	at org.junit.platform.engine.support.hierarchical.NodeTestTask.execute(NodeTestTask.java:95)
	at java.base/java.util.ArrayList.forEach(ArrayList.java:1612)
	at org.junit.platform.engine.support.hierarchical.SameThreadHierarchicalTestExecutorService.invokeAll(SameThreadHierarchicalTestExecutorService.java:41)
	at org.junit.platform.engine.support.hierarchical.NodeTestTask.lambda$executeRecursively$6(NodeTestTask.java:155)
	at org.junit.platform.engine.support.hierarchical.ThrowableCollector.execute(ThrowableCollector.java:73)
	at org.junit.platform.engine.support.hierarchical.NodeTestTask.lambda$executeRecursively$8(NodeTestTask.java:141)
	at org.junit.platform.engine.support.hierarchical.Node.around(Node.java:137)
	at org.junit.platform.engine.support.hierarchical.NodeTestTask.lambda$executeRecursively$9(NodeTestTask.java:139)
	at org.junit.platform.engine.support.hierarchical.ThrowableCollector.execute(ThrowableCollector.java:73)
	at org.junit.platform.engine.support.hierarchical.NodeTestTask.executeRecursively(NodeTestTask.java:138)
	at org.junit.platform.engine.support.hierarchical.NodeTestTask.execute(NodeTestTask.java:95)
	at org.junit.platform.engine.support.hierarchical.SameThreadHierarchicalTestExecutorService.submit(SameThreadHierarchicalTestExecutorService.java:35)
	at org.junit.platform.engine.support.hierarchical.HierarchicalTestExecutor.execute(HierarchicalTestExecutor.java:57)
	at org.junit.platform.engine.support.hierarchical.HierarchicalTestEngine.execute(HierarchicalTestEngine.java:54)
	at org.junit.platform.launcher.core.EngineExecutionOrchestrator.execute(EngineExecutionOrchestrator.java:147)
	at org.junit.platform.launcher.core.EngineExecutionOrchestrator.execute(EngineExecutionOrchestrator.java:127)
	at org.junit.platform.launcher.core.EngineExecutionOrchestrator.execute(EngineExecutionOrchestrator.java:90)
	at org.junit.platform.launcher.core.EngineExecutionOrchestrator.lambda$execute$0(EngineExecutionOrchestrator.java:55)
	at org.junit.platform.launcher.core.EngineExecutionOrchestrator.withInterceptedStreams(EngineExecutionOrchestrator.java:102)
	at org.junit.platform.launcher.core.EngineExecutionOrchestrator.execute(EngineExecutionOrchestrator.java:54)
	at org.junit.platform.launcher.core.DefaultLauncher.execute(DefaultLauncher.java:114)
	at org.junit.platform.launcher.core.DefaultLauncher.execute(DefaultLauncher.java:86)
	at org.junit.platform.launcher.core.DefaultLauncherSession$DelegatingLauncher.execute(DefaultLauncherSession.java:86)
	at org.apache.maven.surefire.junitplatform.LazyLauncher.execute(LazyLauncher.java:56)
	at org.apache.maven.surefire.junitplatform.JUnitPlatformProvider.execute(JUnitPlatformProvider.java:184)
	at org.apache.maven.surefire.junitplatform.JUnitPlatformProvider.invokeAllTests(JUnitPlatformProvider.java:148)
	at org.apache.maven.surefire.junitplatform.JUnitPlatformProvider.invoke(JUnitPlatformProvider.java:122)
	at org.apache.maven.surefire.booter.ForkedBooter.runSuitesInProcess(ForkedBooter.java:385)
	at org.apache.maven.surefire.booter.ForkedBooter.execute(ForkedBooter.java:162)
	at org.apache.maven.surefire.booter.ForkedBooter.run(ForkedBooter.java:507)
	at org.apache.maven.surefire.booter.ForkedBooter.main(ForkedBooter.java:495)
	Suppressed: java.lang.UnsupportedOperationException: RT-03c: blocking shutdown not implemented
		at dev.mars.quorus.transfer.SimpleTransferEngine.shutdown(SimpleTransferEngine.java:112)
		at dev.mars.quorus.transfer.SimpleTransferEngineBlockingTest.tearDown(SimpleTransferEngineBlockingTest.java:72)
		at java.base/jdk.internal.reflect.DirectMethodHandleAccessor.invoke(DirectMethodHandleAccessor.java:104)
		at java.base/java.lang.reflect.Method.invoke(Method.java:583)
		at org.junit.platform.commons.util.ReflectionUtils.invokeMethod(ReflectionUtils.java:727)
		at org.junit.jupiter.engine.execution.MethodInvocation.proceed(MethodInvocation.java:60)
		at org.junit.jupiter.engine.execution.InvocationInterceptorChain$ValidatingInvocation.proceed(InvocationInterceptorChain.java:131)
		at org.junit.jupiter.engine.extension.TimeoutExtension.intercept(TimeoutExtension.java:156)
		at org.junit.jupiter.engine.extension.TimeoutExtension.interceptLifecycleMethod(TimeoutExtension.java:128)
		at org.junit.jupiter.engine.extension.TimeoutExtension.interceptAfterEachMethod(TimeoutExtension.java:110)
		at org.junit.jupiter.engine.execution.InterceptingExecutableInvoker$ReflectiveInterceptorCall.lambda$ofVoidMethod$0(InterceptingExecutableInvoker.java:103)
		at org.junit.jupiter.engine.execution.InterceptingExecutableInvoker.lambda$invoke$0(InterceptingExecutableInvoker.java:93)
		at org.junit.jupiter.engine.execution.InvocationInterceptorChain$InterceptedInvocation.proceed(InvocationInterceptorChain.java:106)
		at org.junit.jupiter.engine.execution.InvocationInterceptorChain.proceed(InvocationInterceptorChain.java:64)
		at org.junit.jupiter.engine.execution.InvocationInterceptorChain.chainAndInvoke(InvocationInterceptorChain.java:45)
		at org.junit.jupiter.engine.execution.InvocationInterceptorChain.invoke(InvocationInterceptorChain.java:37)
		at org.junit.jupiter.engine.execution.InterceptingExecutableInvoker.invoke(InterceptingExecutableInvoker.java:92)
		at org.junit.jupiter.engine.execution.InterceptingExecutableInvoker.invoke(InterceptingExecutableInvoker.java:86)
		at org.junit.jupiter.engine.descriptor.ClassBasedTestDescriptor.invokeMethodInExtensionContext(ClassBasedTestDescriptor.java:520)
		at org.junit.jupiter.engine.descriptor.ClassBasedTestDescriptor.lambda$synthesizeAfterEachMethodAdapter$24(ClassBasedTestDescriptor.java:510)
		at org.junit.jupiter.engine.descriptor.TestMethodTestDescriptor.lambda$invokeAfterEachMethods$10(TestMethodTestDescriptor.java:243)
		at org.junit.jupiter.engine.descriptor.TestMethodTestDescriptor.lambda$invokeAllAfterMethodsOrCallbacks$13(TestMethodTestDescriptor.java:276)
		at org.junit.platform.engine.support.hierarchical.ThrowableCollector.execute(ThrowableCollector.java:73)
		at org.junit.jupiter.engine.descriptor.TestMethodTestDescriptor.lambda$invokeAllAfterMethodsOrCallbacks$14(TestMethodTestDescriptor.java:276)
		at java.base/java.util.ArrayList.forEach(ArrayList.java:1612)
		at org.junit.jupiter.engine.descriptor.TestMethodTestDescriptor.invokeAllAfterMethodsOrCallbacks(TestMethodTestDescriptor.java:275)
		at org.junit.jupiter.engine.descriptor.TestMethodTestDescriptor.invokeAfterEachMethods(TestMethodTestDescriptor.java:241)
		at org.junit.jupiter.engine.descriptor.TestMethodTestDescriptor.execute(TestMethodTestDescriptor.java:142)
		... 49 more
Caused by: org.junit.jupiter.api.AssertTimeoutPreemptively$ExecutionTimeoutException: Execution timed out in thread junit-timeout-thread-8
	at java.base/jdk.internal.misc.Unsafe.park(Native Method)
	at java.base/java.util.concurrent.locks.LockSupport.park(LockSupport.java:223)
	at java.base/java.util.concurrent.CompletableFuture$Signaller.block(CompletableFuture.java:1885)
	at java.base/java.util.concurrent.ForkJoinPool.unmanagedBlock(ForkJoinPool.java:4367)
	at java.base/java.util.concurrent.ForkJoinPool.managedBlock(ForkJoinPool.java:4313)
	at java.base/java.util.concurrent.CompletableFuture.waitingGet(CompletableFuture.java:1919)
	at java.base/java.util.concurrent.CompletableFuture.join(CompletableFuture.java:2138)
	at dev.mars.quorus.transfer.SimpleTransferEngineBlockingTest.cancellingOneTransferLeavesAnotherRunning(SimpleTransferEngineBlockingTest.java:170)
	at java.base/jdk.internal.reflect.DirectMethodHandleAccessor.invoke(DirectMethodHandleAccessor.java:104)
	at java.base/java.lang.reflect.Method.invoke(Method.java:583)
	at org.junit.platform.commons.util.ReflectionUtils.invokeMethod(ReflectionUtils.java:727)
	at org.junit.jupiter.engine.execution.MethodInvocation.proceed(MethodInvocation.java:60)
	at org.junit.jupiter.engine.execution.InvocationInterceptorChain$ValidatingInvocation.proceed(InvocationInterceptorChain.java:131)
	at org.junit.jupiter.api.AssertTimeoutPreemptively.lambda$submitTask$3(AssertTimeoutPreemptively.java:95)
	at java.base/java.util.concurrent.FutureTask.run(FutureTask.java:330)
	at java.base/java.util.concurrent.ThreadPoolExecutor.runWorker(ThreadPoolExecutor.java:1090)
	at java.base/java.util.concurrent.ThreadPoolExecutor$Worker.run(ThreadPoolExecutor.java:614)
	at java.base/java.lang.Thread.run(Thread.java:1527)

[INFO] 
[INFO] Results:
[INFO] 
[ERROR] Errors: 
[ERROR]   SimpleTransferEngineBlockingTest.anOutsideInterruptEndsTheTransferAndIsPreserved » Timeout anOutsideInterruptEndsTheTransferAndIsPreserved() timed out after 30 seconds
[ERROR]   SimpleTransferEngineBlockingTest.cancellingARunningTransferEndsItAsCancelled » Timeout cancellingARunningTransferEndsItAsCancelled() timed out after 30 seconds
[ERROR]   SimpleTransferEngineBlockingTest.cancellingOneTransferLeavesAnotherRunning » Timeout cancellingOneTransferLeavesAnotherRunning() timed out after 30 seconds
[ERROR]   SimpleTransferEngineBlockingTest.failsAfterRetriesAreExhausted:136 » UnsupportedOperation RT-03c: blocking transfer not implemented
[ERROR]   SimpleTransferEngineBlockingTest.rejectsBeyondTheConcurrencyLimitAndAcceptsOnceASlotFrees » Timeout rejectsBeyondTheConcurrencyLimitAndAcceptsOnceASlotFrees() timed out after 30 seconds
[ERROR]   SimpleTransferEngineBlockingTest.retriesAFailedAttemptAndSucceeds:120 » UnsupportedOperation RT-03c: blocking transfer not implemented
[ERROR]   SimpleTransferEngineBlockingTest.shutdownCancelsAndWaitsForRunningTransfers » Timeout shutdownCancelsAndWaitsForRunningTransfers() timed out after 30 seconds
[ERROR]   SimpleTransferEngineBlockingTest.transfersOnTheCallingThreadWithoutVertx:83 » UnsupportedOperation RT-03c: blocking transfer not implemented
[INFO] 
[ERROR] Tests run: 8, Failures: 0, Errors: 8, Skipped: 0
[INFO] 
[INFO] ------------------------------------------------------------------------
[INFO] BUILD FAILURE
[INFO] ------------------------------------------------------------------------
[INFO] Total time:  02:37 min
[INFO] Finished at: 2026-09-27T10:24:51+01:00
[INFO] ------------------------------------------------------------------------
[ERROR] Failed to execute goal org.apache.maven.plugins:maven-surefire-plugin:3.2.2:test (default-test) on project quorus-core: 
[ERROR] 
[ERROR] Please refer to C:\Users\mraysmit\dev\idea-projects\quorus\quorus-core\target\surefire-reports for the individual test results.
[ERROR] Please refer to dump files (if any exist) [date].dump, [date]-jvmRun[N].dump and [date].dumpstream.
[ERROR] -> [Help 1]
[ERROR] 
[ERROR] To see the full stack trace of the errors, re-run Maven with the -e switch.
[ERROR] Re-run Maven using the -X switch to enable full debug logging.
[ERROR] 
[ERROR] For more information about the errors and possible solutions, please read the following articles:
[ERROR] [Help 1] http://cwiki.apache.org/confluence/display/MAVEN/MojoFailureException
